candidate_id,kind,n_estimators,max_depth,learning_rate,subsample,colsample_bytree,reg_lambda,reg_alpha,seed,complexity_score,complexity_order,complexity_label,train_top1_hit_rate,validation_top1_hit_rate,top1_hit_rate_gap,train_mean_regret,validation_mean_regret,mean_regret_gap
xgb_n=50_depth=1_lr=0.03_sub=0.8_col=0.8_l2=1.0_l1=0.0,xgboost,50,1,0.03,0.8,0.8,1.0,0.0,215,50.0,1,50 trees d=1,0.552817,0.504065,0.048752,0.202465,0.247154,0.044689
xgb_n=50_depth=1_lr=0.03_sub=0.8_col=0.8_l2=1.0_l1=0.1,xgboost,50,1,0.03,0.8,0.8,1.0,0.1,215,50.0,2,50 trees d=1,0.558099,0.504065,0.054034,0.202113,0.252033,0.04992
xgb_n=50_depth=1_lr=0.03_sub=0.8_col=0.8_l2=5.0_l1=0.0,xgboost,50,1,0.03,0.8,0.8,5.0,0.0,215,50.0,3,50 trees d=1,0.558099,0.520325,0.037774,0.203521,0.237398,0.033877
xgb_n=50_depth=1_lr=0.03_sub=0.8_col=0.8_l2=5.0_l1=0.1,xgboost,50,1,0.03,0.8,0.8,5.0,0.1,215,50.0,4,50 trees d=1,0.558099,0.520325,0.037774,0.203873,0.235772,0.031899
xgb_n=50_depth=1_lr=0.03_sub=0.8_col=0.8_l2=10.0_l1=0.0,xgboost,50,1,0.03,0.8,0.8,10.0,0.0,215,50.0,5,50 trees d=1,0.558099,0.520325,0.037774,0.201056,0.23252,0.031464
xgb_n=50_depth=1_lr=0.03_sub=0.8_col=0.8_l2=10.0_l1=0.1,xgboost,50,1,0.03,0.8,0.8,10.0,0.1,215,50.0,6,50 trees d=1,0.554577,0.536585,0.017992,0.203169,0.22439,0.021221
xgb_n=50_depth=1_lr=0.03_sub=0.8_col=1.0_l2=1.0_l1=0.0,xgboost,50,1,0.03,0.8,1.0,1.0,0.0,215,50.0,7,50 trees d=1,0.552817,0.520325,0.032492,0.204225,0.239024,0.034799
xgb_n=50_depth=1_lr=0.03_sub=0.8_col=1.0_l2=1.0_l1=0.1,xgboost,50,1,0.03,0.8,1.0,1.0,0.1,215,50.0,8,50 trees d=1,0.552817,0.512195,0.040622,0.20669,0.24065,0.03396
xgb_n=50_depth=1_lr=0.03_sub=0.8_col=1.0_l2=5.0_l1=0.0,xgboost,50,1,0.03,0.8,1.0,5.0,0.0,215,50.0,9,50 trees d=1,0.559859,0.520325,0.039534,0.200352,0.237398,0.037046
xgb_n=50_depth=1_lr=0.03_sub=0.8_col=1.0_l2=5.0_l1=0.1,xgboost,50,1,0.03,0.8,1.0,5.0,0.1,215,50.0,10,50 trees d=1,0.556338,0.536585,0.019753,0.2,0.227642,0.027642
xgb_n=50_depth=1_lr=0.03_sub=0.8_col=1.0_l2=10.0_l1=0.0,xgboost,50,1,0.03,0.8,1.0,10.0,0.0,215,50.0,11,50 trees d=1,0.56338,0.520325,0.043055,0.197183,0.24065,0.043467
xgb_n=50_depth=1_lr=0.03_sub=0.8_col=1.0_l2=10.0_l1=0.1,xgboost,50,1,0.03,0.8,1.0,10.0,0.1,215,50.0,12,50 trees d=1,0.551056,0.512195,0.038861,0.204577,0.247154,0.042577
xgb_n=50_depth=1_lr=0.03_sub=1.0_col=0.8_l2=1.0_l1=0.0,xgboost,50,1,0.03,1.0,0.8,1.0,0.0,215,50.0,13,50 trees d=1,0.556338,0.504065,0.052273,0.200704,0.245528,0.044824
xgb_n=50_depth=1_lr=0.03_sub=1.0_col=0.8_l2=1.0_l1=0.1,xgboost,50,1,0.03,1.0,0.8,1.0,0.1,215,50.0,14,50 trees d=1,0.552817,0.495935,0.056882,0.202465,0.24878,0.046315
xgb_n=50_depth=1_lr=0.03_sub=1.0_col=0.8_l2=5.0_l1=0.0,xgboost,50,1,0.03,1.0,0.8,5.0,0.0,215,50.0,15,50 trees d=1,0.547535,0.504065,0.04347,0.205634,0.245528,0.039894
xgb_n=50_depth=1_lr=0.03_sub=1.0_col=0.8_l2=5.0_l1=0.1,xgboost,50,1,0.03,1.0,0.8,5.0,0.1,215,50.0,16,50 trees d=1,0.551056,0.504065,0.046991,0.203873,0.245528,0.041655
xgb_n=50_depth=1_lr=0.03_sub=1.0_col=0.8_l2=10.0_l1=0.0,xgboost,50,1,0.03,1.0,0.8,10.0,0.0,215,50.0,17,50 trees d=1,0.540493,0.504065,0.036428,0.210563,0.247154,0.036591
xgb_n=50_depth=1_lr=0.03_sub=1.0_col=0.8_l2=10.0_l1=0.1,xgboost,50,1,0.03,1.0,0.8,10.0,0.1,215,50.0,18,50 trees d=1,0.545775,0.504065,0.04171,0.207746,0.247154,0.039408
xgb_n=50_depth=1_lr=0.03_sub=1.0_col=1.0_l2=1.0_l1=0.0,xgboost,50,1,0.03,1.0,1.0,1.0,0.0,215,50.0,19,50 trees d=1,0.551056,0.512195,0.038861,0.203521,0.243902,0.040381
xgb_n=50_depth=1_lr=0.03_sub=1.0_col=1.0_l2=1.0_l1=0.1,xgboost,50,1,0.03,1.0,1.0,1.0,0.1,215,50.0,20,50 trees d=1,0.551056,0.504065,0.046991,0.205634,0.243902,0.038268
xgb_n=50_depth=1_lr=0.03_sub=1.0_col=1.0_l2=5.0_l1=0.0,xgboost,50,1,0.03,1.0,1.0,5.0,0.0,215,50.0,21,50 trees d=1,0.547535,0.504065,0.04347,0.205282,0.245528,0.040246
xgb_n=50_depth=1_lr=0.03_sub=1.0_col=1.0_l2=5.0_l1=0.1,xgboost,50,1,0.03,1.0,1.0,5.0,0.1,215,50.0,22,50 trees d=1,0.545775,0.504065,0.04171,0.207394,0.245528,0.038134
xgb_n=50_depth=1_lr=0.03_sub=1.0_col=1.0_l2=10.0_l1=0.0,xgboost,50,1,0.03,1.0,1.0,10.0,0.0,215,50.0,23,50 trees d=1,0.540493,0.504065,0.036428,0.210563,0.247154,0.036591
xgb_n=50_depth=1_lr=0.03_sub=1.0_col=1.0_l2=10.0_l1=0.1,xgboost,50,1,0.03,1.0,1.0,10.0,0.1,215,50.0,24,50 trees d=1,0.538732,0.512195,0.026537,0.211972,0.242276,0.030304
xgb_n=50_depth=1_lr=0.05_sub=0.8_col=0.8_l2=1.0_l1=0.0,xgboost,50,1,0.05,0.8,0.8,1.0,0.0,215,50.0,25,50 trees d=1,0.56338,0.528455,0.034925,0.189789,0.214634,0.024845
xgb_n=50_depth=1_lr=0.05_sub=0.8_col=0.8_l2=1.0_l1=0.1,xgboost,50,1,0.05,0.8,0.8,1.0,0.1,215,50.0,26,50 trees d=1,0.558099,0.520325,0.037774,0.191549,0.222764,0.031215
xgb_n=50_depth=1_lr=0.05_sub=0.8_col=0.8_l2=5.0_l1=0.0,xgboost,50,1,0.05,0.8,0.8,5.0,0.0,215,50.0,27,50 trees d=1,0.570423,0.520325,0.050098,0.186972,0.217886,0.030914
xgb_n=50_depth=1_lr=0.05_sub=0.8_col=0.8_l2=5.0_l1=0.1,xgboost,50,1,0.05,0.8,0.8,5.0,0.1,215,50.0,28,50 trees d=1,0.575704,0.520325,0.055379,0.183803,0.217886,0.034083
xgb_n=50_depth=1_lr=0.05_sub=0.8_col=0.8_l2=10.0_l1=0.0,xgboost,50,1,0.05,0.8,0.8,10.0,0.0,215,50.0,29,50 trees d=1,0.568662,0.512195,0.056467,0.189437,0.239024,0.049587
xgb_n=50_depth=1_lr=0.05_sub=0.8_col=0.8_l2=10.0_l1=0.1,xgboost,50,1,0.05,0.8,0.8,10.0,0.1,215,50.0,30,50 trees d=1,0.570423,0.504065,0.066358,0.18662,0.24065,0.05403
xgb_n=50_depth=1_lr=0.05_sub=0.8_col=1.0_l2=1.0_l1=0.0,xgboost,50,1,0.05,0.8,1.0,1.0,0.0,215,50.0,31,50 trees d=1,0.579225,0.512195,0.06703,0.18169,0.229268,0.047578
xgb_n=50_depth=1_lr=0.05_sub=0.8_col=1.0_l2=1.0_l1=0.1,xgboost,50,1,0.05,0.8,1.0,1.0,0.1,215,50.0,32,50 trees d=1,0.559859,0.504065,0.055794,0.189437,0.235772,0.046335
xgb_n=50_depth=1_lr=0.05_sub=0.8_col=1.0_l2=5.0_l1=0.0,xgboost,50,1,0.05,0.8,1.0,5.0,0.0,215,50.0,33,50 trees d=1,0.56162,0.520325,0.041295,0.190845,0.22439,0.033545
xgb_n=50_depth=1_lr=0.05_sub=0.8_col=1.0_l2=5.0_l1=0.1,xgboost,50,1,0.05,0.8,1.0,5.0,0.1,215,50.0,34,50 trees d=1,0.566901,0.520325,0.046576,0.190141,0.226016,0.035875
xgb_n=50_depth=1_lr=0.05_sub=0.8_col=1.0_l2=10.0_l1=0.0,xgboost,50,1,0.05,0.8,1.0,10.0,0.0,215,50.0,35,50 trees d=1,0.565141,0.528455,0.036686,0.189085,0.226016,0.036931
xgb_n=50_depth=1_lr=0.05_sub=0.8_col=1.0_l2=10.0_l1=0.1,xgboost,50,1,0.05,0.8,1.0,10.0,0.1,215,50.0,36,50 trees d=1,0.566901,0.528455,0.038446,0.190845,0.227642,0.036797
xgb_n=50_depth=1_lr=0.05_sub=1.0_col=0.8_l2=1.0_l1=0.0,xgboost,50,1,0.05,1.0,0.8,1.0,0.0,215,50.0,37,50 trees d=1,0.573944,0.479675,0.094269,0.187324,0.252033,0.064709
xgb_n=50_depth=1_lr=0.05_sub=1.0_col=0.8_l2=1.0_l1=0.1,xgboost,50,1,0.05,1.0,0.8,1.0,0.1,215,50.0,38,50 trees d=1,0.572183,0.471545,0.100638,0.189085,0.253659,0.064574
xgb_n=50_depth=1_lr=0.05_sub=1.0_col=0.8_l2=5.0_l1=0.0,xgboost,50,1,0.05,1.0,0.8,5.0,0.0,215,50.0,39,50 trees d=1,0.568662,0.487805,0.080857,0.189789,0.250407,0.060618
xgb_n=50_depth=1_lr=0.05_sub=1.0_col=0.8_l2=5.0_l1=0.1,xgboost,50,1,0.05,1.0,0.8,5.0,0.1,215,50.0,40,50 trees d=1,0.566901,0.471545,0.095356,0.19331,0.256911,0.063601
xgb_n=50_depth=1_lr=0.05_sub=1.0_col=0.8_l2=10.0_l1=0.0,xgboost,50,1,0.05,1.0,0.8,10.0,0.0,215,50.0,41,50 trees d=1,0.56338,0.487805,0.075575,0.19507,0.250407,0.055337
xgb_n=50_depth=1_lr=0.05_sub=1.0_col=0.8_l2=10.0_l1=0.1,xgboost,50,1,0.05,1.0,0.8,10.0,0.1,215,50.0,42,50 trees d=1,0.56162,0.471545,0.090075,0.193662,0.256911,0.063249
xgb_n=50_depth=1_lr=0.05_sub=1.0_col=1.0_l2=1.0_l1=0.0,xgboost,50,1,0.05,1.0,1.0,1.0,0.0,215,50.0,43,50 trees d=1,0.570423,0.487805,0.082618,0.188732,0.24878,0.060048
xgb_n=50_depth=1_lr=0.05_sub=1.0_col=1.0_l2=1.0_l1=0.1,xgboost,50,1,0.05,1.0,1.0,1.0,0.1,215,50.0,44,50 trees d=1,0.570423,0.487805,0.082618,0.189085,0.247154,0.058069
xgb_n=50_depth=1_lr=0.05_sub=1.0_col=1.0_l2=5.0_l1=0.0,xgboost,50,1,0.05,1.0,1.0,5.0,0.0,215,50.0,45,50 trees d=1,0.570423,0.479675,0.090748,0.189437,0.252033,0.062596
xgb_n=50_depth=1_lr=0.05_sub=1.0_col=1.0_l2=5.0_l1=0.1,xgboost,50,1,0.05,1.0,1.0,5.0,0.1,215,50.0,46,50 trees d=1,0.572183,0.479675,0.092508,0.188732,0.252033,0.063301
xgb_n=50_depth=1_lr=0.05_sub=1.0_col=1.0_l2=10.0_l1=0.0,xgboost,50,1,0.05,1.0,1.0,10.0,0.0,215,50.0,47,50 trees d=1,0.56338,0.487805,0.075575,0.197535,0.24878,0.051245
xgb_n=50_depth=1_lr=0.05_sub=1.0_col=1.0_l2=10.0_l1=0.1,xgboost,50,1,0.05,1.0,1.0,10.0,0.1,215,50.0,48,50 trees d=1,0.56162,0.487805,0.073815,0.198239,0.255285,0.057046
xgb_n=50_depth=1_lr=0.1_sub=0.8_col=0.8_l2=1.0_l1=0.0,xgboost,50,1,0.1,0.8,0.8,1.0,0.0,215,50.0,49,50 trees d=1,0.602113,0.512195,0.089918,0.162676,0.227642,0.064966
xgb_n=50_depth=1_lr=0.1_sub=0.8_col=0.8_l2=1.0_l1=0.1,xgboost,50,1,0.1,0.8,0.8,1.0,0.1,215,50.0,50,50 trees d=1,0.602113,0.520325,0.081788,0.162324,0.221138,0.058814
xgb_n=50_depth=1_lr=0.1_sub=0.8_col=0.8_l2=5.0_l1=0.0,xgboost,50,1,0.1,0.8,0.8,5.0,0.0,215,50.0,51,50 trees d=1,0.602113,0.512195,0.089918,0.160563,0.222764,0.062201
xgb_n=50_depth=1_lr=0.1_sub=0.8_col=0.8_l2=5.0_l1=0.1,xgboost,50,1,0.1,0.8,0.8,5.0,0.1,215,50.0,52,50 trees d=1,0.619718,0.520325,0.099393,0.154577,0.209756,0.055179
xgb_n=50_depth=1_lr=0.1_sub=0.8_col=0.8_l2=10.0_l1=0.0,xgboost,50,1,0.1,0.8,0.8,10.0,0.0,215,50.0,53,50 trees d=1,0.596831,0.520325,0.076506,0.161972,0.206504,0.044532
xgb_n=50_depth=1_lr=0.1_sub=0.8_col=0.8_l2=10.0_l1=0.1,xgboost,50,1,0.1,0.8,0.8,10.0,0.1,215,50.0,54,50 trees d=1,0.602113,0.520325,0.081788,0.161268,0.217886,0.056618
xgb_n=50_depth=1_lr=0.1_sub=0.8_col=1.0_l2=1.0_l1=0.0,xgboost,50,1,0.1,0.8,1.0,1.0,0.0,215,50.0,55,50 trees d=1,0.625,0.536585,0.088415,0.156338,0.206504,0.050166
xgb_n=50_depth=1_lr=0.1_sub=0.8_col=1.0_l2=1.0_l1=0.1,xgboost,50,1,0.1,0.8,1.0,1.0,0.1,215,50.0,56,50 trees d=1,0.609155,0.536585,0.07257,0.157746,0.20813,0.050384
xgb_n=50_depth=1_lr=0.1_sub=0.8_col=1.0_l2=5.0_l1=0.0,xgboost,50,1,0.1,0.8,1.0,5.0,0.0,215,50.0,57,50 trees d=1,0.609155,0.504065,0.10509,0.160211,0.22439,0.064179
xgb_n=50_depth=1_lr=0.1_sub=0.8_col=1.0_l2=5.0_l1=0.1,xgboost,50,1,0.1,0.8,1.0,5.0,0.1,215,50.0,58,50 trees d=1,0.609155,0.512195,0.09696,0.158451,0.22439,0.065939
xgb_n=50_depth=1_lr=0.1_sub=0.8_col=1.0_l2=10.0_l1=0.0,xgboost,50,1,0.1,0.8,1.0,10.0,0.0,215,50.0,59,50 trees d=1,0.610915,0.544715,0.0662,0.159859,0.198374,0.038515
xgb_n=50_depth=1_lr=0.1_sub=0.8_col=1.0_l2=10.0_l1=0.1,xgboost,50,1,0.1,0.8,1.0,10.0,0.1,215,50.0,60,50 trees d=1,0.607394,0.536585,0.070809,0.158803,0.203252,0.044449
xgb_n=50_depth=1_lr=0.1_sub=1.0_col=0.8_l2=1.0_l1=0.0,xgboost,50,1,0.1,1.0,0.8,1.0,0.0,215,50.0,61,50 trees d=1,0.59331,0.495935,0.097375,0.169014,0.239024,0.07001
xgb_n=50_depth=1_lr=0.1_sub=1.0_col=0.8_l2=1.0_l1=0.1,xgboost,50,1,0.1,1.0,0.8,1.0,0.1,215,50.0,62,50 trees d=1,0.586268,0.471545,0.114723,0.171127,0.24065,0.069523
xgb_n=50_depth=1_lr=0.1_sub=1.0_col=0.8_l2=5.0_l1=0.0,xgboost,50,1,0.1,1.0,0.8,5.0,0.0,215,50.0,63,50 trees d=1,0.586268,0.463415,0.122853,0.169366,0.250407,0.081041
xgb_n=50_depth=1_lr=0.1_sub=1.0_col=0.8_l2=5.0_l1=0.1,xgboost,50,1,0.1,1.0,0.8,5.0,0.1,215,50.0,64,50 trees d=1,0.591549,0.463415,0.128134,0.168662,0.250407,0.081745
xgb_n=50_depth=1_lr=0.1_sub=1.0_col=0.8_l2=10.0_l1=0.0,xgboost,50,1,0.1,1.0,0.8,10.0,0.0,215,50.0,65,50 trees d=1,0.596831,0.447154,0.149677,0.166901,0.261789,0.094888
xgb_n=50_depth=1_lr=0.1_sub=1.0_col=0.8_l2=10.0_l1=0.1,xgboost,50,1,0.1,1.0,0.8,10.0,0.1,215,50.0,66,50 trees d=1,0.586268,0.463415,0.122853,0.172183,0.250407,0.078224
xgb_n=50_depth=1_lr=0.1_sub=1.0_col=1.0_l2=1.0_l1=0.0,xgboost,50,1,0.1,1.0,1.0,1.0,0.0,215,50.0,67,50 trees d=1,0.589789,0.463415,0.126374,0.169014,0.250407,0.081393
xgb_n=50_depth=1_lr=0.1_sub=1.0_col=1.0_l2=1.0_l1=0.1,xgboost,50,1,0.1,1.0,1.0,1.0,0.1,215,50.0,68,50 trees d=1,0.59507,0.463415,0.131655,0.16831,0.245528,0.077218
xgb_n=50_depth=1_lr=0.1_sub=1.0_col=1.0_l2=5.0_l1=0.0,xgboost,50,1,0.1,1.0,1.0,5.0,0.0,215,50.0,69,50 trees d=1,0.589789,0.471545,0.118244,0.169366,0.242276,0.07291
xgb_n=50_depth=1_lr=0.1_sub=1.0_col=1.0_l2=5.0_l1=0.1,xgboost,50,1,0.1,1.0,1.0,5.0,0.1,215,50.0,70,50 trees d=1,0.59507,0.447154,0.147916,0.168662,0.263415,0.094753
xgb_n=50_depth=1_lr=0.1_sub=1.0_col=1.0_l2=10.0_l1=0.0,xgboost,50,1,0.1,1.0,1.0,10.0,0.0,215,50.0,71,50 trees d=1,0.596831,0.463415,0.133416,0.167254,0.245528,0.078274
xgb_n=50_depth=1_lr=0.1_sub=1.0_col=1.0_l2=10.0_l1=0.1,xgboost,50,1,0.1,1.0,1.0,10.0,0.1,215,50.0,72,50 trees d=1,0.59507,0.463415,0.131655,0.168662,0.250407,0.081745
xgb_n=50_depth=2_lr=0.03_sub=0.8_col=0.8_l2=1.0_l1=0.0,xgboost,50,2,0.03,0.8,0.8,1.0,0.0,215,100.0,73,50 trees d=2,0.637324,0.495935,0.141389,0.146831,0.242276,0.095445
xgb_n=50_depth=2_lr=0.03_sub=0.8_col=0.8_l2=1.0_l1=0.1,xgboost,50,2,0.03,0.8,0.8,1.0,0.1,215,100.0,74,50 trees d=2,0.633803,0.495935,0.137868,0.145775,0.239024,0.093249
xgb_n=50_depth=2_lr=0.03_sub=0.8_col=0.8_l2=5.0_l1=0.0,xgboost,50,2,0.03,0.8,0.8,5.0,0.0,215,100.0,75,50 trees d=2,0.630282,0.512195,0.118087,0.144366,0.23252,0.088154
xgb_n=50_depth=2_lr=0.03_sub=0.8_col=0.8_l2=5.0_l1=0.1,xgboost,50,2,0.03,0.8,0.8,5.0,0.1,215,100.0,76,50 trees d=2,0.626761,0.504065,0.122696,0.149296,0.234146,0.08485
xgb_n=50_depth=2_lr=0.03_sub=0.8_col=0.8_l2=10.0_l1=0.0,xgboost,50,2,0.03,0.8,0.8,10.0,0.0,215,100.0,77,50 trees d=2,0.632042,0.495935,0.136107,0.144718,0.24065,0.095932
xgb_n=50_depth=2_lr=0.03_sub=0.8_col=0.8_l2=10.0_l1=0.1,xgboost,50,2,0.03,0.8,0.8,10.0,0.1,215,100.0,78,50 trees d=2,0.625,0.487805,0.137195,0.147183,0.242276,0.095093
xgb_n=50_depth=2_lr=0.03_sub=0.8_col=1.0_l2=1.0_l1=0.0,xgboost,50,2,0.03,0.8,1.0,1.0,0.0,215,100.0,79,50 trees d=2,0.642606,0.479675,0.162931,0.144366,0.247154,0.102788
xgb_n=50_depth=2_lr=0.03_sub=0.8_col=1.0_l2=1.0_l1=0.1,xgboost,50,2,0.03,0.8,1.0,1.0,0.1,215,100.0,80,50 trees d=2,0.642606,0.495935,0.146671,0.144718,0.239024,0.094306
xgb_n=50_depth=2_lr=0.03_sub=0.8_col=1.0_l2=5.0_l1=0.0,xgboost,50,2,0.03,0.8,1.0,5.0,0.0,215,100.0,81,50 trees d=2,0.642606,0.495935,0.146671,0.142254,0.235772,0.093518
xgb_n=50_depth=2_lr=0.03_sub=0.8_col=1.0_l2=5.0_l1=0.1,xgboost,50,2,0.03,0.8,1.0,5.0,0.1,215,100.0,82,50 trees d=2,0.635563,0.487805,0.147758,0.144014,0.234146,0.090132
xgb_n=50_depth=2_lr=0.03_sub=0.8_col=1.0_l2=10.0_l1=0.0,xgboost,50,2,0.03,0.8,1.0,10.0,0.0,215,100.0,83,50 trees d=2,0.625,0.487805,0.137195,0.147183,0.235772,0.088589
xgb_n=50_depth=2_lr=0.03_sub=0.8_col=1.0_l2=10.0_l1=0.1,xgboost,50,2,0.03,0.8,1.0,10.0,0.1,215,100.0,84,50 trees d=2,0.628521,0.479675,0.148846,0.146479,0.237398,0.090919
xgb_n=50_depth=2_lr=0.03_sub=1.0_col=0.8_l2=1.0_l1=0.0,xgboost,50,2,0.03,1.0,0.8,1.0,0.0,215,100.0,85,50 trees d=2,0.628521,0.439024,0.189497,0.152465,0.260163,0.107698
xgb_n=50_depth=2_lr=0.03_sub=1.0_col=0.8_l2=1.0_l1=0.1,xgboost,50,2,0.03,1.0,0.8,1.0,0.1,215,100.0,86,50 trees d=2,0.623239,0.430894,0.192345,0.155282,0.266667,0.111385
xgb_n=50_depth=2_lr=0.03_sub=1.0_col=0.8_l2=5.0_l1=0.0,xgboost,50,2,0.03,1.0,0.8,5.0,0.0,215,100.0,87,50 trees d=2,0.612676,0.439024,0.173652,0.15669,0.268293,0.111603
xgb_n=50_depth=2_lr=0.03_sub=1.0_col=0.8_l2=5.0_l1=0.1,xgboost,50,2,0.03,1.0,0.8,5.0,0.1,215,100.0,88,50 trees d=2,0.607394,0.439024,0.16837,0.160211,0.269919,0.109708
xgb_n=50_depth=2_lr=0.03_sub=1.0_col=0.8_l2=10.0_l1=0.0,xgboost,50,2,0.03,1.0,0.8,10.0,0.0,215,100.0,89,50 trees d=2,0.623239,0.439024,0.184215,0.152817,0.274797,0.12198
xgb_n=50_depth=2_lr=0.03_sub=1.0_col=0.8_l2=10.0_l1=0.1,xgboost,50,2,0.03,1.0,0.8,10.0,0.1,215,100.0,90,50 trees d=2,0.607394,0.447154,0.16024,0.158451,0.268293,0.109842
xgb_n=50_depth=2_lr=0.03_sub=1.0_col=1.0_l2=1.0_l1=0.0,xgboost,50,2,0.03,1.0,1.0,1.0,0.0,215,100.0,91,50 trees d=2,0.623239,0.422764,0.200475,0.154225,0.269919,0.115694
xgb_n=50_depth=2_lr=0.03_sub=1.0_col=1.0_l2=1.0_l1=0.1,xgboost,50,2,0.03,1.0,1.0,1.0,0.1,215,100.0,92,50 trees d=2,0.621479,0.447154,0.174325,0.152817,0.256911,0.104094
xgb_n=50_depth=2_lr=0.03_sub=1.0_col=1.0_l2=5.0_l1=0.0,xgboost,50,2,0.03,1.0,1.0,5.0,0.0,215,100.0,93,50 trees d=2,0.614437,0.439024,0.175413,0.158451,0.263415,0.104964
xgb_n=50_depth=2_lr=0.03_sub=1.0_col=1.0_l2=5.0_l1=0.1,xgboost,50,2,0.03,1.0,1.0,5.0,0.1,215,100.0,94,50 trees d=2,0.617958,0.455285,0.162673,0.155986,0.258537,0.102551
xgb_n=50_depth=2_lr=0.03_sub=1.0_col=1.0_l2=10.0_l1=0.0,xgboost,50,2,0.03,1.0,1.0,10.0,0.0,215,100.0,95,50 trees d=2,0.612676,0.447154,0.165522,0.157746,0.265041,0.107295
xgb_n=50_depth=2_lr=0.03_sub=1.0_col=1.0_l2=10.0_l1=0.1,xgboost,50,2,0.03,1.0,1.0,10.0,0.1,215,100.0,96,50 trees d=2,0.619718,0.439024,0.180694,0.15493,0.266667,0.111737
xgb_n=50_depth=2_lr=0.05_sub=0.8_col=0.8_l2=1.0_l1=0.0,xgboost,50,2,0.05,0.8,0.8,1.0,0.0,215,100.0,97,50 trees d=2,0.667254,0.479675,0.187579,0.125,0.242276,0.117276
xgb_n=50_depth=2_lr=0.05_sub=0.8_col=0.8_l2=1.0_l1=0.1,xgboost,50,2,0.05,0.8,0.8,1.0,0.1,215,100.0,98,50 trees d=2,0.649648,0.479675,0.169973,0.132042,0.242276,0.110234
xgb_n=50_depth=2_lr=0.05_sub=0.8_col=0.8_l2=5.0_l1=0.0,xgboost,50,2,0.05,0.8,0.8,5.0,0.0,215,100.0,99,50 trees d=2,0.661972,0.504065,0.157907,0.125704,0.23252,0.106816
xgb_n=50_depth=2_lr=0.05_sub=0.8_col=0.8_l2=5.0_l1=0.1,xgboost,50,2,0.05,0.8,0.8,5.0,0.1,215,100.0,100,50 trees d=2,0.660211,0.504065,0.156146,0.131338,0.235772,0.104434
xgb_n=50_depth=2_lr=0.05_sub=0.8_col=0.8_l2=10.0_l1=0.0,xgboost,50,2,0.05,0.8,0.8,10.0,0.0,215,100.0,101,50 trees d=2,0.651408,0.495935,0.155473,0.135211,0.237398,0.102187
xgb_n=50_depth=2_lr=0.05_sub=0.8_col=0.8_l2=10.0_l1=0.1,xgboost,50,2,0.05,0.8,0.8,10.0,0.1,215,100.0,102,50 trees d=2,0.649648,0.487805,0.161843,0.13662,0.235772,0.099152
xgb_n=50_depth=2_lr=0.05_sub=0.8_col=1.0_l2=1.0_l1=0.0,xgboost,50,2,0.05,0.8,1.0,1.0,0.0,215,100.0,103,50 trees d=2,0.663732,0.471545,0.192187,0.12993,0.23252,0.10259
xgb_n=50_depth=2_lr=0.05_sub=0.8_col=1.0_l2=1.0_l1=0.1,xgboost,50,2,0.05,0.8,1.0,1.0,0.1,215,100.0,104,50 trees d=2,0.653169,0.471545,0.181624,0.13169,0.239024,0.107334
xgb_n=50_depth=2_lr=0.05_sub=0.8_col=1.0_l2=5.0_l1=0.0,xgboost,50,2,0.05,0.8,1.0,5.0,0.0,215,100.0,105,50 trees d=2,0.663732,0.479675,0.184057,0.132042,0.239024,0.106982
xgb_n=50_depth=2_lr=0.05_sub=0.8_col=1.0_l2=5.0_l1=0.1,xgboost,50,2,0.05,0.8,1.0,5.0,0.1,215,100.0,106,50 trees d=2,0.649648,0.504065,0.145583,0.135563,0.234146,0.098583
xgb_n=50_depth=2_lr=0.05_sub=0.8_col=1.0_l2=10.0_l1=0.0,xgboost,50,2,0.05,0.8,1.0,10.0,0.0,215,100.0,107,50 trees d=2,0.649648,0.479675,0.169973,0.134859,0.23252,0.097661
xgb_n=50_depth=2_lr=0.05_sub=0.8_col=1.0_l2=10.0_l1=0.1,xgboost,50,2,0.05,0.8,1.0,10.0,0.1,215,100.0,108,50 trees d=2,0.644366,0.487805,0.156561,0.139085,0.22439,0.085305
xgb_n=50_depth=2_lr=0.05_sub=1.0_col=0.8_l2=1.0_l1=0.0,xgboost,50,2,0.05,1.0,0.8,1.0,0.0,215,100.0,109,50 trees d=2,0.635563,0.487805,0.147758,0.139789,0.242276,0.102487
xgb_n=50_depth=2_lr=0.05_sub=1.0_col=0.8_l2=1.0_l1=0.1,xgboost,50,2,0.05,1.0,0.8,1.0,0.1,215,100.0,110,50 trees d=2,0.658451,0.479675,0.178776,0.133099,0.243902,0.110803
xgb_n=50_depth=2_lr=0.05_sub=1.0_col=0.8_l2=5.0_l1=0.0,xgboost,50,2,0.05,1.0,0.8,5.0,0.0,215,100.0,111,50 trees d=2,0.653169,0.463415,0.189754,0.134507,0.261789,0.127282
xgb_n=50_depth=2_lr=0.05_sub=1.0_col=0.8_l2=5.0_l1=0.1,xgboost,50,2,0.05,1.0,0.8,5.0,0.1,215,100.0,112,50 trees d=2,0.65493,0.495935,0.158995,0.13662,0.237398,0.100778
xgb_n=50_depth=2_lr=0.05_sub=1.0_col=0.8_l2=10.0_l1=0.0,xgboost,50,2,0.05,1.0,0.8,10.0,0.0,215,100.0,113,50 trees d=2,0.65669,0.487805,0.168885,0.134155,0.24065,0.106495
xgb_n=50_depth=2_lr=0.05_sub=1.0_col=0.8_l2=10.0_l1=0.1,xgboost,50,2,0.05,1.0,0.8,10.0,0.1,215,100.0,114,50 trees d=2,0.651408,0.479675,0.171733,0.134859,0.252033,0.117174
xgb_n=50_depth=2_lr=0.05_sub=1.0_col=1.0_l2=1.0_l1=0.0,xgboost,50,2,0.05,1.0,1.0,1.0,0.0,215,100.0,115,50 trees d=2,0.665493,0.487805,0.177688,0.130986,0.245528,0.114542
xgb_n=50_depth=2_lr=0.05_sub=1.0_col=1.0_l2=1.0_l1=0.1,xgboost,50,2,0.05,1.0,1.0,1.0,0.1,215,100.0,116,50 trees d=2,0.647887,0.487805,0.160082,0.137676,0.24065,0.102974
xgb_n=50_depth=2_lr=0.05_sub=1.0_col=1.0_l2=5.0_l1=0.0,xgboost,50,2,0.05,1.0,1.0,5.0,0.0,215,100.0,117,50 trees d=2,0.65493,0.479675,0.175255,0.132746,0.24878,0.116034
xgb_n=50_depth=2_lr=0.05_sub=1.0_col=1.0_l2=5.0_l1=0.1,xgboost,50,2,0.05,1.0,1.0,5.0,0.1,215,100.0,118,50 trees d=2,0.644366,0.479675,0.164691,0.140493,0.24878,0.108287
xgb_n=50_depth=2_lr=0.05_sub=1.0_col=1.0_l2=10.0_l1=0.0,xgboost,50,2,0.05,1.0,1.0,10.0,0.0,215,100.0,119,50 trees d=2,0.658451,0.487805,0.170646,0.133803,0.250407,0.116604
xgb_n=50_depth=2_lr=0.05_sub=1.0_col=1.0_l2=10.0_l1=0.1,xgboost,50,2,0.05,1.0,1.0,10.0,0.1,215,100.0,120,50 trees d=2,0.660211,0.495935,0.164276,0.135211,0.242276,0.107065
xgb_n=50_depth=2_lr=0.1_sub=0.8_col=0.8_l2=1.0_l1=0.0,xgboost,50,2,0.1,0.8,0.8,1.0,0.0,215,100.0,121,50 trees d=2,0.72007,0.471545,0.248525,0.094014,0.247154,0.15314
xgb_n=50_depth=2_lr=0.1_sub=0.8_col=0.8_l2=1.0_l1=0.1,xgboost,50,2,0.1,0.8,0.8,1.0,0.1,215,100.0,122,50 trees d=2,0.732394,0.528455,0.203939,0.09331,0.226016,0.132706
xgb_n=50_depth=2_lr=0.1_sub=0.8_col=0.8_l2=5.0_l1=0.0,xgboost,50,2,0.1,0.8,0.8,5.0,0.0,215,100.0,123,50 trees d=2,0.700704,0.520325,0.180379,0.104225,0.221138,0.116913
xgb_n=50_depth=2_lr=0.1_sub=0.8_col=0.8_l2=5.0_l1=0.1,xgboost,50,2,0.1,0.8,0.8,5.0,0.1,215,100.0,124,50 trees d=2,0.730634,0.544715,0.185919,0.094718,0.211382,0.116664
xgb_n=50_depth=2_lr=0.1_sub=0.8_col=0.8_l2=10.0_l1=0.0,xgboost,50,2,0.1,0.8,0.8,10.0,0.0,215,100.0,125,50 trees d=2,0.693662,0.520325,0.173337,0.108451,0.235772,0.127321
xgb_n=50_depth=2_lr=0.1_sub=0.8_col=0.8_l2=10.0_l1=0.1,xgboost,50,2,0.1,0.8,0.8,10.0,0.1,215,100.0,126,50 trees d=2,0.709507,0.544715,0.164792,0.104577,0.219512,0.114935
xgb_n=50_depth=2_lr=0.1_sub=0.8_col=1.0_l2=1.0_l1=0.0,xgboost,50,2,0.1,0.8,1.0,1.0,0.0,215,100.0,127,50 trees d=2,0.704225,0.520325,0.1839,0.107746,0.219512,0.111766
xgb_n=50_depth=2_lr=0.1_sub=0.8_col=1.0_l2=1.0_l1=0.1,xgboost,50,2,0.1,0.8,1.0,1.0,0.1,215,100.0,128,50 trees d=2,0.71831,0.504065,0.214245,0.098944,0.230894,0.13195
xgb_n=50_depth=2_lr=0.1_sub=0.8_col=1.0_l2=5.0_l1=0.0,xgboost,50,2,0.1,0.8,1.0,5.0,0.0,215,100.0,129,50 trees d=2,0.72007,0.536585,0.183485,0.104225,0.23252,0.128295
xgb_n=50_depth=2_lr=0.1_sub=0.8_col=1.0_l2=5.0_l1=0.1,xgboost,50,2,0.1,0.8,1.0,5.0,0.1,215,100.0,130,50 trees d=2,0.709507,0.552846,0.156661,0.105634,0.195122,0.089488
xgb_n=50_depth=2_lr=0.1_sub=0.8_col=1.0_l2=10.0_l1=0.0,xgboost,50,2,0.1,0.8,1.0,10.0,0.0,215,100.0,131,50 trees d=2,0.707746,0.512195,0.195551,0.105282,0.227642,0.12236
xgb_n=50_depth=2_lr=0.1_sub=0.8_col=1.0_l2=10.0_l1=0.1,xgboost,50,2,0.1,0.8,1.0,10.0,0.1,215,100.0,132,50 trees d=2,0.714789,0.544715,0.170074,0.104577,0.214634,0.110057
xgb_n=50_depth=2_lr=0.1_sub=1.0_col=0.8_l2=1.0_l1=0.0,xgboost,50,2,0.1,1.0,0.8,1.0,0.0,215,100.0,133,50 trees d=2,0.716549,0.520325,0.196224,0.097183,0.214634,0.117451
xgb_n=50_depth=2_lr=0.1_sub=1.0_col=0.8_l2=1.0_l1=0.1,xgboost,50,2,0.1,1.0,0.8,1.0,0.1,215,100.0,134,50 trees d=2,0.71831,0.512195,0.206115,0.094718,0.24065,0.145932
xgb_n=50_depth=2_lr=0.1_sub=1.0_col=0.8_l2=5.0_l1=0.0,xgboost,50,2,0.1,1.0,0.8,5.0,0.0,215,100.0,135,50 trees d=2,0.713028,0.512195,0.200833,0.097183,0.23252,0.135337
xgb_n=50_depth=2_lr=0.1_sub=1.0_col=0.8_l2=5.0_l1=0.1,xgboost,50,2,0.1,1.0,0.8,5.0,0.1,215,100.0,136,50 trees d=2,0.704225,0.512195,0.19203,0.098944,0.230894,0.13195
xgb_n=50_depth=2_lr=0.1_sub=1.0_col=0.8_l2=10.0_l1=0.0,xgboost,50,2,0.1,1.0,0.8,10.0,0.0,215,100.0,137,50 trees d=2,0.704225,0.487805,0.21642,0.105634,0.24065,0.135016
xgb_n=50_depth=2_lr=0.1_sub=1.0_col=0.8_l2=10.0_l1=0.1,xgboost,50,2,0.1,1.0,0.8,10.0,0.1,215,100.0,138,50 trees d=2,0.698944,0.536585,0.162359,0.104225,0.22439,0.120165
xgb_n=50_depth=2_lr=0.1_sub=1.0_col=1.0_l2=1.0_l1=0.0,xgboost,50,2,0.1,1.0,1.0,1.0,0.0,215,100.0,139,50 trees d=2,0.732394,0.520325,0.212069,0.089437,0.227642,0.138205
xgb_n=50_depth=2_lr=0.1_sub=1.0_col=1.0_l2=1.0_l1=0.1,xgboost,50,2,0.1,1.0,1.0,1.0,0.1,215,100.0,140,50 trees d=2,0.721831,0.504065,0.217766,0.093662,0.230894,0.137232
xgb_n=50_depth=2_lr=0.1_sub=1.0_col=1.0_l2=5.0_l1=0.0,xgboost,50,2,0.1,1.0,1.0,5.0,0.0,215,100.0,141,50 trees d=2,0.714789,0.520325,0.194464,0.101408,0.237398,0.13599
xgb_n=50_depth=2_lr=0.1_sub=1.0_col=1.0_l2=5.0_l1=0.1,xgboost,50,2,0.1,1.0,1.0,5.0,0.1,215,100.0,142,50 trees d=2,0.713028,0.520325,0.192703,0.102817,0.237398,0.134581
xgb_n=50_depth=2_lr=0.1_sub=1.0_col=1.0_l2=10.0_l1=0.0,xgboost,50,2,0.1,1.0,1.0,10.0,0.0,215,100.0,143,50 trees d=2,0.709507,0.520325,0.189182,0.102817,0.23252,0.129703
xgb_n=50_depth=2_lr=0.1_sub=1.0_col=1.0_l2=10.0_l1=0.1,xgboost,50,2,0.1,1.0,1.0,10.0,0.1,215,100.0,144,50 trees d=2,0.72007,0.487805,0.232265,0.099648,0.252033,0.152385
xgb_n=50_depth=3_lr=0.03_sub=0.8_col=0.8_l2=1.0_l1=0.0,xgboost,50,3,0.03,0.8,0.8,1.0,0.0,215,150.0,145,50 trees d=3,0.732394,0.512195,0.220199,0.088732,0.219512,0.13078
xgb_n=50_depth=3_lr=0.03_sub=0.8_col=0.8_l2=1.0_l1=0.1,xgboost,50,3,0.03,0.8,0.8,1.0,0.1,215,150.0,146,50 trees d=3,0.737676,0.495935,0.241741,0.089085,0.229268,0.140183
xgb_n=50_depth=3_lr=0.03_sub=0.8_col=0.8_l2=5.0_l1=0.0,xgboost,50,3,0.03,0.8,0.8,5.0,0.0,215,150.0,147,50 trees d=3,0.716549,0.504065,0.212484,0.096479,0.227642,0.131163
xgb_n=50_depth=3_lr=0.03_sub=0.8_col=0.8_l2=5.0_l1=0.1,xgboost,50,3,0.03,0.8,0.8,5.0,0.1,215,150.0,148,50 trees d=3,0.71831,0.487805,0.230505,0.098239,0.221138,0.122899
xgb_n=50_depth=3_lr=0.03_sub=0.8_col=0.8_l2=10.0_l1=0.0,xgboost,50,3,0.03,0.8,0.8,10.0,0.0,215,150.0,149,50 trees d=3,0.71831,0.520325,0.197985,0.098592,0.221138,0.122546
xgb_n=50_depth=3_lr=0.03_sub=0.8_col=0.8_l2=10.0_l1=0.1,xgboost,50,3,0.03,0.8,0.8,10.0,0.1,215,150.0,150,50 trees d=3,0.707746,0.520325,0.187421,0.101408,0.219512,0.118104
xgb_n=50_depth=3_lr=0.03_sub=0.8_col=1.0_l2=1.0_l1=0.0,xgboost,50,3,0.03,0.8,1.0,1.0,0.0,215,150.0,151,50 trees d=3,0.725352,0.479675,0.245677,0.096127,0.24065,0.144523
xgb_n=50_depth=3_lr=0.03_sub=0.8_col=1.0_l2=1.0_l1=0.1,xgboost,50,3,0.03,0.8,1.0,1.0,0.1,215,150.0,152,50 trees d=3,0.721831,0.487805,0.234026,0.097535,0.243902,0.146367
xgb_n=50_depth=3_lr=0.03_sub=0.8_col=1.0_l2=5.0_l1=0.0,xgboost,50,3,0.03,0.8,1.0,5.0,0.0,215,150.0,153,50 trees d=3,0.72007,0.495935,0.224135,0.096479,0.235772,0.139293
xgb_n=50_depth=3_lr=0.03_sub=0.8_col=1.0_l2=5.0_l1=0.1,xgboost,50,3,0.03,0.8,1.0,5.0,0.1,215,150.0,154,50 trees d=3,0.71831,0.495935,0.222375,0.101056,0.230894,0.129838
xgb_n=50_depth=3_lr=0.03_sub=0.8_col=1.0_l2=10.0_l1=0.0,xgboost,50,3,0.03,0.8,1.0,10.0,0.0,215,150.0,155,50 trees d=3,0.716549,0.495935,0.220614,0.102113,0.234146,0.132033
xgb_n=50_depth=3_lr=0.03_sub=0.8_col=1.0_l2=10.0_l1=0.1,xgboost,50,3,0.03,0.8,1.0,10.0,0.1,215,150.0,156,50 trees d=3,0.707746,0.487805,0.219941,0.101761,0.239024,0.137263
xgb_n=50_depth=3_lr=0.03_sub=1.0_col=0.8_l2=1.0_l1=0.0,xgboost,50,3,0.03,1.0,0.8,1.0,0.0,215,150.0,157,50 trees d=3,0.72007,0.544715,0.175355,0.102817,0.230894,0.128077
xgb_n=50_depth=3_lr=0.03_sub=1.0_col=0.8_l2=1.0_l1=0.1,xgboost,50,3,0.03,1.0,0.8,1.0,0.1,215,150.0,158,50 trees d=3,0.723592,0.536585,0.187007,0.099296,0.237398,0.138102
xgb_n=50_depth=3_lr=0.03_sub=1.0_col=0.8_l2=5.0_l1=0.0,xgboost,50,3,0.03,1.0,0.8,5.0,0.0,215,150.0,159,50 trees d=3,0.702465,0.512195,0.19027,0.108099,0.243902,0.135803
xgb_n=50_depth=3_lr=0.03_sub=1.0_col=0.8_l2=5.0_l1=0.1,xgboost,50,3,0.03,1.0,0.8,5.0,0.1,215,150.0,160,50 trees d=3,0.713028,0.528455,0.184573,0.107042,0.243902,0.13686
xgb_n=50_depth=3_lr=0.03_sub=1.0_col=0.8_l2=10.0_l1=0.0,xgboost,50,3,0.03,1.0,0.8,10.0,0.0,215,150.0,161,50 trees d=3,0.697183,0.504065,0.193118,0.112324,0.245528,0.133204
xgb_n=50_depth=3_lr=0.03_sub=1.0_col=0.8_l2=10.0_l1=0.1,xgboost,50,3,0.03,1.0,0.8,10.0,0.1,215,150.0,162,50 trees d=3,0.695423,0.495935,0.199488,0.112676,0.253659,0.140983
xgb_n=50_depth=3_lr=0.03_sub=1.0_col=1.0_l2=1.0_l1=0.0,xgboost,50,3,0.03,1.0,1.0,1.0,0.0,215,150.0,163,50 trees d=3,0.72007,0.560976,0.159094,0.099648,0.222764,0.123116
xgb_n=50_depth=3_lr=0.03_sub=1.0_col=1.0_l2=1.0_l1=0.1,xgboost,50,3,0.03,1.0,1.0,1.0,0.1,215,150.0,164,50 trees d=3,0.727113,0.536585,0.190528,0.097183,0.242276,0.145093
xgb_n=50_depth=3_lr=0.03_sub=1.0_col=1.0_l2=5.0_l1=0.0,xgboost,50,3,0.03,1.0,1.0,5.0,0.0,215,150.0,165,50 trees d=3,0.721831,0.520325,0.201506,0.103873,0.239024,0.135151
xgb_n=50_depth=3_lr=0.03_sub=1.0_col=1.0_l2=5.0_l1=0.1,xgboost,50,3,0.03,1.0,1.0,5.0,0.1,215,150.0,166,50 trees d=3,0.72007,0.536585,0.183485,0.103169,0.235772,0.132603
xgb_n=50_depth=3_lr=0.03_sub=1.0_col=1.0_l2=10.0_l1=0.0,xgboost,50,3,0.03,1.0,1.0,10.0,0.0,215,150.0,167,50 trees d=3,0.709507,0.528455,0.181052,0.107042,0.23252,0.125478
xgb_n=50_depth=3_lr=0.03_sub=1.0_col=1.0_l2=10.0_l1=0.1,xgboost,50,3,0.03,1.0,1.0,10.0,0.1,215,150.0,168,50 trees d=3,0.713028,0.520325,0.192703,0.107042,0.242276,0.135234
xgb_n=50_depth=3_lr=0.05_sub=0.8_col=0.8_l2=1.0_l1=0.0,xgboost,50,3,0.05,0.8,0.8,1.0,0.0,215,150.0,169,50 trees d=3,0.746479,0.479675,0.266804,0.080282,0.243902,0.16362
xgb_n=50_depth=3_lr=0.05_sub=0.8_col=0.8_l2=1.0_l1=0.1,xgboost,50,3,0.05,0.8,0.8,1.0,0.1,215,150.0,170,50 trees d=3,0.764085,0.504065,0.26002,0.075704,0.230894,0.15519
xgb_n=50_depth=3_lr=0.05_sub=0.8_col=0.8_l2=5.0_l1=0.0,xgboost,50,3,0.05,0.8,0.8,5.0,0.0,215,150.0,171,50 trees d=3,0.760563,0.520325,0.240238,0.078873,0.21626,0.137387
xgb_n=50_depth=3_lr=0.05_sub=0.8_col=0.8_l2=5.0_l1=0.1,xgboost,50,3,0.05,0.8,0.8,5.0,0.1,215,150.0,172,50 trees d=3,0.762324,0.528455,0.233869,0.076761,0.213008,0.136247
xgb_n=50_depth=3_lr=0.05_sub=0.8_col=0.8_l2=10.0_l1=0.0,xgboost,50,3,0.05,0.8,0.8,10.0,0.0,215,150.0,173,50 trees d=3,0.744718,0.520325,0.224393,0.082042,0.222764,0.140722
xgb_n=50_depth=3_lr=0.05_sub=0.8_col=0.8_l2=10.0_l1=0.1,xgboost,50,3,0.05,0.8,0.8,10.0,0.1,215,150.0,174,50 trees d=3,0.734155,0.536585,0.19757,0.08838,0.219512,0.131132
xgb_n=50_depth=3_lr=0.05_sub=0.8_col=1.0_l2=1.0_l1=0.0,xgboost,50,3,0.05,0.8,1.0,1.0,0.0,215,150.0,175,50 trees d=3,0.783451,0.471545,0.311906,0.067254,0.255285,0.188031
xgb_n=50_depth=3_lr=0.05_sub=0.8_col=1.0_l2=1.0_l1=0.1,xgboost,50,3,0.05,0.8,1.0,1.0,0.1,215,150.0,176,50 trees d=3,0.764085,0.479675,0.28441,0.074648,0.23252,0.157872
xgb_n=50_depth=3_lr=0.05_sub=0.8_col=1.0_l2=5.0_l1=0.0,xgboost,50,3,0.05,0.8,1.0,5.0,0.0,215,150.0,177,50 trees d=3,0.753521,0.504065,0.249456,0.078521,0.226016,0.147495
xgb_n=50_depth=3_lr=0.05_sub=0.8_col=1.0_l2=5.0_l1=0.1,xgboost,50,3,0.05,0.8,1.0,5.0,0.1,215,150.0,178,50 trees d=3,0.758803,0.479675,0.279128,0.075352,0.235772,0.16042
xgb_n=50_depth=3_lr=0.05_sub=0.8_col=1.0_l2=10.0_l1=0.0,xgboost,50,3,0.05,0.8,1.0,10.0,0.0,215,150.0,179,50 trees d=3,0.742958,0.504065,0.238893,0.084507,0.22439,0.139883
xgb_n=50_depth=3_lr=0.05_sub=0.8_col=1.0_l2=10.0_l1=0.1,xgboost,50,3,0.05,0.8,1.0,10.0,0.1,215,150.0,180,50 trees d=3,0.744718,0.495935,0.248783,0.085563,0.222764,0.137201
xgb_n=50_depth=3_lr=0.05_sub=1.0_col=0.8_l2=1.0_l1=0.0,xgboost,50,3,0.05,1.0,0.8,1.0,0.0,215,150.0,181,50 trees d=3,0.776408,0.528455,0.247953,0.074648,0.234146,0.159498
xgb_n=50_depth=3_lr=0.05_sub=1.0_col=0.8_l2=1.0_l1=0.1,xgboost,50,3,0.05,1.0,0.8,1.0,0.1,215,150.0,182,50 trees d=3,0.767606,0.560976,0.20663,0.072887,0.211382,0.138495
xgb_n=50_depth=3_lr=0.05_sub=1.0_col=0.8_l2=5.0_l1=0.0,xgboost,50,3,0.05,1.0,0.8,5.0,0.0,215,150.0,183,50 trees d=3,0.764085,0.487805,0.27628,0.077113,0.243902,0.166789
xgb_n=50_depth=3_lr=0.05_sub=1.0_col=0.8_l2=5.0_l1=0.1,xgboost,50,3,0.05,1.0,0.8,5.0,0.1,215,150.0,184,50 trees d=3,0.755282,0.487805,0.267477,0.082394,0.265041,0.182647
xgb_n=50_depth=3_lr=0.05_sub=1.0_col=0.8_l2=10.0_l1=0.0,xgboost,50,3,0.05,1.0,0.8,10.0,0.0,215,150.0,185,50 trees d=3,0.767606,0.512195,0.255411,0.078873,0.243902,0.165029
xgb_n=50_depth=3_lr=0.05_sub=1.0_col=0.8_l2=10.0_l1=0.1,xgboost,50,3,0.05,1.0,0.8,10.0,0.1,215,150.0,186,50 trees d=3,0.75,0.512195,0.237805,0.081338,0.245528,0.16419
xgb_n=50_depth=3_lr=0.05_sub=1.0_col=1.0_l2=1.0_l1=0.0,xgboost,50,3,0.05,1.0,1.0,1.0,0.0,215,150.0,187,50 trees d=3,0.783451,0.512195,0.271256,0.071127,0.24065,0.169523
xgb_n=50_depth=3_lr=0.05_sub=1.0_col=1.0_l2=1.0_l1=0.1,xgboost,50,3,0.05,1.0,1.0,1.0,0.1,215,150.0,188,50 trees d=3,0.774648,0.520325,0.254323,0.072183,0.237398,0.165215
xgb_n=50_depth=3_lr=0.05_sub=1.0_col=1.0_l2=5.0_l1=0.0,xgboost,50,3,0.05,1.0,1.0,5.0,0.0,215,150.0,189,50 trees d=3,0.755282,0.520325,0.234957,0.080634,0.23252,0.151886
xgb_n=50_depth=3_lr=0.05_sub=1.0_col=1.0_l2=5.0_l1=0.1,xgboost,50,3,0.05,1.0,1.0,5.0,0.1,215,150.0,190,50 trees d=3,0.771127,0.495935,0.275192,0.072887,0.24878,0.175893
xgb_n=50_depth=3_lr=0.05_sub=1.0_col=1.0_l2=10.0_l1=0.0,xgboost,50,3,0.05,1.0,1.0,10.0,0.0,215,150.0,191,50 trees d=3,0.755282,0.504065,0.251217,0.083803,0.245528,0.161725
xgb_n=50_depth=3_lr=0.05_sub=1.0_col=1.0_l2=10.0_l1=0.1,xgboost,50,3,0.05,1.0,1.0,10.0,0.1,215,150.0,192,50 trees d=3,0.767606,0.520325,0.247281,0.078169,0.239024,0.160855
xgb_n=50_depth=3_lr=0.1_sub=0.8_col=0.8_l2=1.0_l1=0.0,xgboost,50,3,0.1,0.8,0.8,1.0,0.0,215,150.0,193,50 trees d=3,0.848592,0.544715,0.303877,0.041549,0.213008,0.171459
xgb_n=50_depth=3_lr=0.1_sub=0.8_col=0.8_l2=1.0_l1=0.1,xgboost,50,3,0.1,0.8,0.8,1.0,0.1,215,150.0,194,50 trees d=3,0.818662,0.520325,0.298337,0.053169,0.234146,0.180977
xgb_n=50_depth=3_lr=0.1_sub=0.8_col=0.8_l2=5.0_l1=0.0,xgboost,50,3,0.1,0.8,0.8,5.0,0.0,215,150.0,195,50 trees d=3,0.827465,0.471545,0.35592,0.050704,0.23252,0.181816
xgb_n=50_depth=3_lr=0.1_sub=0.8_col=0.8_l2=5.0_l1=0.1,xgboost,50,3,0.1,0.8,0.8,5.0,0.1,215,150.0,196,50 trees d=3,0.827465,0.504065,0.3234,0.051408,0.24065,0.189242
xgb_n=50_depth=3_lr=0.1_sub=0.8_col=0.8_l2=10.0_l1=0.0,xgboost,50,3,0.1,0.8,0.8,10.0,0.0,215,150.0,197,50 trees d=3,0.806338,0.512195,0.294143,0.060915,0.242276,0.181361
xgb_n=50_depth=3_lr=0.1_sub=0.8_col=0.8_l2=10.0_l1=0.1,xgboost,50,3,0.1,0.8,0.8,10.0,0.1,215,150.0,198,50 trees d=3,0.822183,0.577236,0.244947,0.054225,0.201626,0.147401
xgb_n=50_depth=3_lr=0.1_sub=0.8_col=1.0_l2=1.0_l1=0.0,xgboost,50,3,0.1,0.8,1.0,1.0,0.0,215,150.0,199,50 trees d=3,0.836268,0.495935,0.340333,0.047535,0.234146,0.186611
xgb_n=50_depth=3_lr=0.1_sub=0.8_col=1.0_l2=1.0_l1=0.1,xgboost,50,3,0.1,0.8,1.0,1.0,0.1,215,150.0,200,50 trees d=3,0.850352,0.544715,0.305637,0.043662,0.209756,0.166094
xgb_n=50_depth=3_lr=0.1_sub=0.8_col=1.0_l2=5.0_l1=0.0,xgboost,50,3,0.1,0.8,1.0,5.0,0.0,215,150.0,201,50 trees d=3,0.823944,0.447154,0.37679,0.049648,0.245528,0.19588
xgb_n=50_depth=3_lr=0.1_sub=0.8_col=1.0_l2=5.0_l1=0.1,xgboost,50,3,0.1,0.8,1.0,5.0,0.1,215,150.0,202,50 trees d=3,0.84331,0.487805,0.355505,0.045423,0.24065,0.195227
xgb_n=50_depth=3_lr=0.1_sub=0.8_col=1.0_l2=10.0_l1=0.0,xgboost,50,3,0.1,0.8,1.0,10.0,0.0,215,150.0,203,50 trees d=3,0.832746,0.577236,0.25551,0.049296,0.195122,0.145826
xgb_n=50_depth=3_lr=0.1_sub=0.8_col=1.0_l2=10.0_l1=0.1,xgboost,50,3,0.1,0.8,1.0,10.0,0.1,215,150.0,204,50 trees d=3,0.827465,0.504065,0.3234,0.05,0.235772,0.185772
xgb_n=50_depth=3_lr=0.1_sub=1.0_col=0.8_l2=1.0_l1=0.0,xgboost,50,3,0.1,1.0,0.8,1.0,0.0,215,150.0,205,50 trees d=3,0.846831,0.495935,0.350896,0.041549,0.230894,0.189345
xgb_n=50_depth=3_lr=0.1_sub=1.0_col=0.8_l2=1.0_l1=0.1,xgboost,50,3,0.1,1.0,0.8,1.0,0.1,215,150.0,206,50 trees d=3,0.827465,0.495935,0.33153,0.046479,0.247154,0.200675
xgb_n=50_depth=3_lr=0.1_sub=1.0_col=0.8_l2=5.0_l1=0.0,xgboost,50,3,0.1,1.0,0.8,5.0,0.0,215,150.0,207,50 trees d=3,0.799296,0.495935,0.303361,0.054577,0.245528,0.190951
xgb_n=50_depth=3_lr=0.1_sub=1.0_col=0.8_l2=5.0_l1=0.1,xgboost,50,3,0.1,1.0,0.8,5.0,0.1,215,150.0,208,50 trees d=3,0.825704,0.487805,0.337899,0.05,0.237398,0.187398
xgb_n=50_depth=3_lr=0.1_sub=1.0_col=0.8_l2=10.0_l1=0.0,xgboost,50,3,0.1,1.0,0.8,10.0,0.0,215,150.0,209,50 trees d=3,0.822183,0.487805,0.334378,0.051408,0.256911,0.205503
xgb_n=50_depth=3_lr=0.1_sub=1.0_col=0.8_l2=10.0_l1=0.1,xgboost,50,3,0.1,1.0,0.8,10.0,0.1,215,150.0,210,50 trees d=3,0.820423,0.463415,0.357008,0.051056,0.266667,0.215611
xgb_n=50_depth=3_lr=0.1_sub=1.0_col=1.0_l2=1.0_l1=0.0,xgboost,50,3,0.1,1.0,1.0,1.0,0.0,215,150.0,211,50 trees d=3,0.834507,0.512195,0.322312,0.047183,0.230894,0.183711
xgb_n=50_depth=3_lr=0.1_sub=1.0_col=1.0_l2=1.0_l1=0.1,xgboost,50,3,0.1,1.0,1.0,1.0,0.1,215,150.0,212,50 trees d=3,0.832746,0.520325,0.312421,0.046127,0.22439,0.178263
xgb_n=50_depth=3_lr=0.1_sub=1.0_col=1.0_l2=5.0_l1=0.0,xgboost,50,3,0.1,1.0,1.0,5.0,0.0,215,150.0,213,50 trees d=3,0.823944,0.495935,0.328009,0.048239,0.235772,0.187533
xgb_n=50_depth=3_lr=0.1_sub=1.0_col=1.0_l2=5.0_l1=0.1,xgboost,50,3,0.1,1.0,1.0,5.0,0.1,215,150.0,214,50 trees d=3,0.820423,0.512195,0.308228,0.050704,0.21626,0.165556
xgb_n=50_depth=3_lr=0.1_sub=1.0_col=1.0_l2=10.0_l1=0.0,xgboost,50,3,0.1,1.0,1.0,10.0,0.0,215,150.0,215,50 trees d=3,0.816901,0.512195,0.304706,0.051761,0.234146,0.182385
xgb_n=50_depth=3_lr=0.1_sub=1.0_col=1.0_l2=10.0_l1=0.1,xgboost,50,3,0.1,1.0,1.0,10.0,0.1,215,150.0,216,50 trees d=3,0.822183,0.528455,0.293728,0.052817,0.217886,0.165069
xgb_n=100_depth=1_lr=0.03_sub=0.8_col=0.8_l2=1.0_l1=0.0,xgboost,100,1,0.03,0.8,0.8,1.0,0.0,215,100.0,217,100 trees d=1,0.589789,0.512195,0.077594,0.172535,0.23252,0.059985
xgb_n=100_depth=1_lr=0.03_sub=0.8_col=0.8_l2=1.0_l1=0.1,xgboost,100,1,0.03,0.8,0.8,1.0,0.1,215,100.0,218,100 trees d=1,0.588028,0.495935,0.092093,0.173944,0.24065,0.066706
xgb_n=100_depth=1_lr=0.03_sub=0.8_col=0.8_l2=5.0_l1=0.0,xgboost,100,1,0.03,0.8,0.8,5.0,0.0,215,100.0,219,100 trees d=1,0.584507,0.504065,0.080442,0.175352,0.229268,0.053916
xgb_n=100_depth=1_lr=0.03_sub=0.8_col=0.8_l2=5.0_l1=0.1,xgboost,100,1,0.03,0.8,0.8,5.0,0.1,215,100.0,220,100 trees d=1,0.579225,0.512195,0.06703,0.178873,0.226016,0.047143
xgb_n=100_depth=1_lr=0.03_sub=0.8_col=0.8_l2=10.0_l1=0.0,xgboost,100,1,0.03,0.8,0.8,10.0,0.0,215,100.0,221,100 trees d=1,0.577465,0.504065,0.0734,0.178873,0.221138,0.042265
xgb_n=100_depth=1_lr=0.03_sub=0.8_col=0.8_l2=10.0_l1=0.1,xgboost,100,1,0.03,0.8,0.8,10.0,0.1,215,100.0,222,100 trees d=1,0.582746,0.487805,0.094941,0.173944,0.23252,0.058576
xgb_n=100_depth=1_lr=0.03_sub=0.8_col=1.0_l2=1.0_l1=0.0,xgboost,100,1,0.03,0.8,1.0,1.0,0.0,215,100.0,223,100 trees d=1,0.584507,0.487805,0.096702,0.175,0.243902,0.068902
xgb_n=100_depth=1_lr=0.03_sub=0.8_col=1.0_l2=1.0_l1=0.1,xgboost,100,1,0.03,0.8,1.0,1.0,0.1,215,100.0,224,100 trees d=1,0.580986,0.495935,0.085051,0.175352,0.24065,0.065298
xgb_n=100_depth=1_lr=0.03_sub=0.8_col=1.0_l2=5.0_l1=0.0,xgboost,100,1,0.03,0.8,1.0,5.0,0.0,215,100.0,225,100 trees d=1,0.586268,0.487805,0.098463,0.175704,0.243902,0.068198
xgb_n=100_depth=1_lr=0.03_sub=0.8_col=1.0_l2=5.0_l1=0.1,xgboost,100,1,0.03,0.8,1.0,5.0,0.1,215,100.0,226,100 trees d=1,0.582746,0.479675,0.103071,0.177113,0.245528,0.068415
xgb_n=100_depth=1_lr=0.03_sub=0.8_col=1.0_l2=10.0_l1=0.0,xgboost,100,1,0.03,0.8,1.0,10.0,0.0,215,100.0,227,100 trees d=1,0.588028,0.463415,0.124613,0.175,0.255285,0.080285
xgb_n=100_depth=1_lr=0.03_sub=0.8_col=1.0_l2=10.0_l1=0.1,xgboost,100,1,0.03,0.8,1.0,10.0,0.1,215,100.0,228,100 trees d=1,0.586268,0.471545,0.114723,0.175704,0.247154,0.07145
xgb_n=100_depth=1_lr=0.03_sub=1.0_col=0.8_l2=1.0_l1=0.0,xgboost,100,1,0.03,1.0,0.8,1.0,0.0,215,100.0,229,100 trees d=1,0.566901,0.479675,0.087226,0.187676,0.252033,0.064357
xgb_n=100_depth=1_lr=0.03_sub=1.0_col=0.8_l2=1.0_l1=0.1,xgboost,100,1,0.03,1.0,0.8,1.0,0.1,215,100.0,230,100 trees d=1,0.566901,0.471545,0.095356,0.188028,0.253659,0.065631
xgb_n=100_depth=1_lr=0.03_sub=1.0_col=0.8_l2=5.0_l1=0.0,xgboost,100,1,0.03,1.0,0.8,5.0,0.0,215,100.0,231,100 trees d=1,0.573944,0.463415,0.110529,0.186972,0.256911,0.069939
xgb_n=100_depth=1_lr=0.03_sub=1.0_col=0.8_l2=5.0_l1=0.1,xgboost,100,1,0.03,1.0,0.8,5.0,0.1,215,100.0,232,100 trees d=1,0.570423,0.471545,0.098878,0.187324,0.253659,0.066335
xgb_n=100_depth=1_lr=0.03_sub=1.0_col=0.8_l2=10.0_l1=0.0,xgboost,100,1,0.03,1.0,0.8,10.0,0.0,215,100.0,233,100 trees d=1,0.570423,0.479675,0.090748,0.190845,0.252033,0.061188
xgb_n=100_depth=1_lr=0.03_sub=1.0_col=0.8_l2=10.0_l1=0.1,xgboost,100,1,0.03,1.0,0.8,10.0,0.1,215,100.0,234,100 trees d=1,0.568662,0.471545,0.097117,0.191901,0.256911,0.06501
xgb_n=100_depth=1_lr=0.03_sub=1.0_col=1.0_l2=1.0_l1=0.0,xgboost,100,1,0.03,1.0,1.0,1.0,0.0,215,100.0,235,100 trees d=1,0.566901,0.471545,0.095356,0.187676,0.253659,0.065983
xgb_n=100_depth=1_lr=0.03_sub=1.0_col=1.0_l2=1.0_l1=0.1,xgboost,100,1,0.03,1.0,1.0,1.0,0.1,215,100.0,236,100 trees d=1,0.572183,0.471545,0.100638,0.184859,0.253659,0.0688
xgb_n=100_depth=1_lr=0.03_sub=1.0_col=1.0_l2=5.0_l1=0.0,xgboost,100,1,0.03,1.0,1.0,5.0,0.0,215,100.0,237,100 trees d=1,0.566901,0.463415,0.103486,0.189437,0.256911,0.067474
xgb_n=100_depth=1_lr=0.03_sub=1.0_col=1.0_l2=5.0_l1=0.1,xgboost,100,1,0.03,1.0,1.0,5.0,0.1,215,100.0,238,100 trees d=1,0.570423,0.463415,0.107008,0.186972,0.256911,0.069939
xgb_n=100_depth=1_lr=0.03_sub=1.0_col=1.0_l2=10.0_l1=0.0,xgboost,100,1,0.03,1.0,1.0,10.0,0.0,215,100.0,239,100 trees d=1,0.572183,0.463415,0.108768,0.189437,0.258537,0.0691
xgb_n=100_depth=1_lr=0.03_sub=1.0_col=1.0_l2=10.0_l1=0.1,xgboost,100,1,0.03,1.0,1.0,10.0,0.1,215,100.0,240,100 trees d=1,0.570423,0.463415,0.107008,0.18838,0.256911,0.068531
xgb_n=100_depth=1_lr=0.05_sub=0.8_col=0.8_l2=1.0_l1=0.0,xgboost,100,1,0.05,0.8,0.8,1.0,0.0,215,100.0,241,100 trees d=1,0.59507,0.512195,0.082875,0.166549,0.227642,0.061093
xgb_n=100_depth=1_lr=0.05_sub=0.8_col=0.8_l2=1.0_l1=0.1,xgboost,100,1,0.05,0.8,0.8,1.0,0.1,215,100.0,242,100 trees d=1,0.598592,0.495935,0.102657,0.166197,0.23252,0.066323
xgb_n=100_depth=1_lr=0.05_sub=0.8_col=0.8_l2=5.0_l1=0.0,xgboost,100,1,0.05,0.8,0.8,5.0,0.0,215,100.0,243,100 trees d=1,0.602113,0.528455,0.073658,0.164085,0.213008,0.048923
xgb_n=100_depth=1_lr=0.05_sub=0.8_col=0.8_l2=5.0_l1=0.1,xgboost,100,1,0.05,0.8,0.8,5.0,0.1,215,100.0,244,100 trees d=1,0.598592,0.512195,0.086397,0.165845,0.229268,0.063423
xgb_n=100_depth=1_lr=0.05_sub=0.8_col=0.8_l2=10.0_l1=0.0,xgboost,100,1,0.05,0.8,0.8,10.0,0.0,215,100.0,245,100 trees d=1,0.602113,0.487805,0.114308,0.169014,0.24065,0.071636
xgb_n=100_depth=1_lr=0.05_sub=0.8_col=0.8_l2=10.0_l1=0.1,xgboost,100,1,0.05,0.8,0.8,10.0,0.1,215,100.0,246,100 trees d=1,0.589789,0.520325,0.069464,0.176056,0.22439,0.048334
xgb_n=100_depth=1_lr=0.05_sub=0.8_col=1.0_l2=1.0_l1=0.0,xgboost,100,1,0.05,0.8,1.0,1.0,0.0,215,100.0,247,100 trees d=1,0.598592,0.495935,0.102657,0.164085,0.239024,0.074939
xgb_n=100_depth=1_lr=0.05_sub=0.8_col=1.0_l2=1.0_l1=0.1,xgboost,100,1,0.05,0.8,1.0,1.0,0.1,215,100.0,248,100 trees d=1,0.596831,0.504065,0.092766,0.165141,0.237398,0.072257
xgb_n=100_depth=1_lr=0.05_sub=0.8_col=1.0_l2=5.0_l1=0.0,xgboost,100,1,0.05,0.8,1.0,5.0,0.0,215,100.0,249,100 trees d=1,0.59507,0.520325,0.074745,0.165493,0.226016,0.060523
xgb_n=100_depth=1_lr=0.05_sub=0.8_col=1.0_l2=5.0_l1=0.1,xgboost,100,1,0.05,0.8,1.0,5.0,0.1,215,100.0,250,100 trees d=1,0.600352,0.504065,0.096287,0.162676,0.227642,0.064966
xgb_n=100_depth=1_lr=0.05_sub=0.8_col=1.0_l2=10.0_l1=0.0,xgboost,100,1,0.05,0.8,1.0,10.0,0.0,215,100.0,251,100 trees d=1,0.596831,0.520325,0.076506,0.165141,0.222764,0.057623
xgb_n=100_depth=1_lr=0.05_sub=0.8_col=1.0_l2=10.0_l1=0.1,xgboost,100,1,0.05,0.8,1.0,10.0,0.1,215,100.0,252,100 trees d=1,0.596831,0.512195,0.084636,0.166901,0.226016,0.059115
xgb_n=100_depth=1_lr=0.05_sub=1.0_col=0.8_l2=1.0_l1=0.0,xgboost,100,1,0.05,1.0,0.8,1.0,0.0,215,100.0,253,100 trees d=1,0.59331,0.463415,0.129895,0.167606,0.250407,0.082801
xgb_n=100_depth=1_lr=0.05_sub=1.0_col=0.8_l2=1.0_l1=0.1,xgboost,100,1,0.05,1.0,0.8,1.0,0.1,215,100.0,254,100 trees d=1,0.59507,0.463415,0.131655,0.167606,0.252033,0.084427
xgb_n=100_depth=1_lr=0.05_sub=1.0_col=0.8_l2=5.0_l1=0.0,xgboost,100,1,0.05,1.0,0.8,5.0,0.0,215,100.0,255,100 trees d=1,0.584507,0.471545,0.112962,0.17007,0.24065,0.07058
xgb_n=100_depth=1_lr=0.05_sub=1.0_col=0.8_l2=5.0_l1=0.1,xgboost,100,1,0.05,1.0,0.8,5.0,0.1,215,100.0,256,100 trees d=1,0.591549,0.455285,0.136264,0.16831,0.250407,0.082097
xgb_n=100_depth=1_lr=0.05_sub=1.0_col=0.8_l2=10.0_l1=0.0,xgboost,100,1,0.05,1.0,0.8,10.0,0.0,215,100.0,257,100 trees d=1,0.59507,0.455285,0.139785,0.16831,0.252033,0.083723
xgb_n=100_depth=1_lr=0.05_sub=1.0_col=0.8_l2=10.0_l1=0.1,xgboost,100,1,0.05,1.0,0.8,10.0,0.1,215,100.0,258,100 trees d=1,0.59331,0.455285,0.138025,0.169718,0.255285,0.085567
xgb_n=100_depth=1_lr=0.05_sub=1.0_col=1.0_l2=1.0_l1=0.0,xgboost,100,1,0.05,1.0,1.0,1.0,0.0,215,100.0,259,100 trees d=1,0.59507,0.463415,0.131655,0.167254,0.252033,0.084779
xgb_n=100_depth=1_lr=0.05_sub=1.0_col=1.0_l2=1.0_l1=0.1,xgboost,100,1,0.05,1.0,1.0,1.0,0.1,215,100.0,260,100 trees d=1,0.596831,0.463415,0.133416,0.165141,0.252033,0.086892
xgb_n=100_depth=1_lr=0.05_sub=1.0_col=1.0_l2=5.0_l1=0.0,xgboost,100,1,0.05,1.0,1.0,5.0,0.0,215,100.0,261,100 trees d=1,0.59331,0.471545,0.121765,0.166549,0.24065,0.074101
xgb_n=100_depth=1_lr=0.05_sub=1.0_col=1.0_l2=5.0_l1=0.1,xgboost,100,1,0.05,1.0,1.0,5.0,0.1,215,100.0,262,100 trees d=1,0.591549,0.471545,0.120004,0.166549,0.24878,0.082231
xgb_n=100_depth=1_lr=0.05_sub=1.0_col=1.0_l2=10.0_l1=0.0,xgboost,100,1,0.05,1.0,1.0,10.0,0.0,215,100.0,263,100 trees d=1,0.598592,0.455285,0.143307,0.166197,0.250407,0.08421
xgb_n=100_depth=1_lr=0.05_sub=1.0_col=1.0_l2=10.0_l1=0.1,xgboost,100,1,0.05,1.0,1.0,10.0,0.1,215,100.0,264,100 trees d=1,0.59331,0.455285,0.138025,0.17007,0.252033,0.081963
xgb_n=100_depth=1_lr=0.1_sub=0.8_col=0.8_l2=1.0_l1=0.0,xgboost,100,1,0.1,0.8,0.8,1.0,0.0,215,100.0,265,100 trees d=1,0.649648,0.495935,0.153713,0.13838,0.229268,0.090888
xgb_n=100_depth=1_lr=0.1_sub=0.8_col=0.8_l2=1.0_l1=0.1,xgboost,100,1,0.1,0.8,0.8,1.0,0.1,215,100.0,266,100 trees d=1,0.640845,0.495935,0.14491,0.139437,0.235772,0.096335
xgb_n=100_depth=1_lr=0.1_sub=0.8_col=0.8_l2=5.0_l1=0.0,xgboost,100,1,0.1,0.8,0.8,5.0,0.0,215,100.0,267,100 trees d=1,0.617958,0.528455,0.089503,0.149648,0.226016,0.076368
xgb_n=100_depth=1_lr=0.1_sub=0.8_col=0.8_l2=5.0_l1=0.1,xgboost,100,1,0.1,0.8,0.8,5.0,0.1,215,100.0,268,100 trees d=1,0.623239,0.487805,0.135434,0.14507,0.24065,0.09558
xgb_n=100_depth=1_lr=0.1_sub=0.8_col=0.8_l2=10.0_l1=0.0,xgboost,100,1,0.1,0.8,0.8,10.0,0.0,215,100.0,269,100 trees d=1,0.628521,0.528455,0.100066,0.147535,0.227642,0.080107
xgb_n=100_depth=1_lr=0.1_sub=0.8_col=0.8_l2=10.0_l1=0.1,xgboost,100,1,0.1,0.8,0.8,10.0,0.1,215,100.0,270,100 trees d=1,0.625,0.528455,0.096545,0.147887,0.217886,0.069999
xgb_n=100_depth=1_lr=0.1_sub=0.8_col=1.0_l2=1.0_l1=0.0,xgboost,100,1,0.1,0.8,1.0,1.0,0.0,215,100.0,271,100 trees d=1,0.644366,0.544715,0.099651,0.138028,0.221138,0.08311
xgb_n=100_depth=1_lr=0.1_sub=0.8_col=1.0_l2=1.0_l1=0.1,xgboost,100,1,0.1,0.8,1.0,1.0,0.1,215,100.0,272,100 trees d=1,0.653169,0.528455,0.124714,0.134859,0.227642,0.092783
xgb_n=100_depth=1_lr=0.1_sub=0.8_col=1.0_l2=5.0_l1=0.0,xgboost,100,1,0.1,0.8,1.0,5.0,0.0,215,100.0,273,100 trees d=1,0.633803,0.569106,0.064697,0.14331,0.203252,0.059942
xgb_n=100_depth=1_lr=0.1_sub=0.8_col=1.0_l2=5.0_l1=0.1,xgboost,100,1,0.1,0.8,1.0,5.0,0.1,215,100.0,274,100 trees d=1,0.637324,0.528455,0.108869,0.140141,0.23252,0.092379
xgb_n=100_depth=1_lr=0.1_sub=0.8_col=1.0_l2=10.0_l1=0.0,xgboost,100,1,0.1,0.8,1.0,10.0,0.0,215,100.0,275,100 trees d=1,0.632042,0.536585,0.095457,0.146479,0.227642,0.081163
xgb_n=100_depth=1_lr=0.1_sub=0.8_col=1.0_l2=10.0_l1=0.1,xgboost,100,1,0.1,0.8,1.0,10.0,0.1,215,100.0,276,100 trees d=1,0.621479,0.585366,0.036113,0.147535,0.196748,0.049213
xgb_n=100_depth=1_lr=0.1_sub=1.0_col=0.8_l2=1.0_l1=0.0,xgboost,100,1,0.1,1.0,0.8,1.0,0.0,215,100.0,277,100 trees d=1,0.628521,0.520325,0.108196,0.141549,0.226016,0.084467
xgb_n=100_depth=1_lr=0.1_sub=1.0_col=0.8_l2=1.0_l1=0.1,xgboost,100,1,0.1,1.0,0.8,1.0,0.1,215,100.0,278,100 trees d=1,0.630282,0.528455,0.101827,0.145423,0.22439,0.078967
xgb_n=100_depth=1_lr=0.1_sub=1.0_col=0.8_l2=5.0_l1=0.0,xgboost,100,1,0.1,1.0,0.8,5.0,0.0,215,100.0,279,100 trees d=1,0.623239,0.487805,0.135434,0.151408,0.242276,0.090868
xgb_n=100_depth=1_lr=0.1_sub=1.0_col=0.8_l2=5.0_l1=0.1,xgboost,100,1,0.1,1.0,0.8,5.0,0.1,215,100.0,280,100 trees d=1,0.621479,0.495935,0.125544,0.150704,0.239024,0.08832
xgb_n=100_depth=1_lr=0.1_sub=1.0_col=0.8_l2=10.0_l1=0.0,xgboost,100,1,0.1,1.0,0.8,10.0,0.0,215,100.0,281,100 trees d=1,0.612676,0.495935,0.116741,0.152465,0.234146,0.081681
xgb_n=100_depth=1_lr=0.1_sub=1.0_col=0.8_l2=10.0_l1=0.1,xgboost,100,1,0.1,1.0,0.8,10.0,0.1,215,100.0,282,100 trees d=1,0.614437,0.495935,0.118502,0.152817,0.23252,0.079703
xgb_n=100_depth=1_lr=0.1_sub=1.0_col=1.0_l2=1.0_l1=0.0,xgboost,100,1,0.1,1.0,1.0,1.0,0.0,215,100.0,283,100 trees d=1,0.632042,0.528455,0.103587,0.141197,0.22439,0.083193
xgb_n=100_depth=1_lr=0.1_sub=1.0_col=1.0_l2=1.0_l1=0.1,xgboost,100,1,0.1,1.0,1.0,1.0,0.1,215,100.0,284,100 trees d=1,0.626761,0.512195,0.114566,0.146831,0.230894,0.084063
xgb_n=100_depth=1_lr=0.1_sub=1.0_col=1.0_l2=5.0_l1=0.0,xgboost,100,1,0.1,1.0,1.0,5.0,0.0,215,100.0,285,100 trees d=1,0.626761,0.504065,0.122696,0.147535,0.234146,0.086611
xgb_n=100_depth=1_lr=0.1_sub=1.0_col=1.0_l2=5.0_l1=0.1,xgboost,100,1,0.1,1.0,1.0,5.0,0.1,215,100.0,286,100 trees d=1,0.619718,0.487805,0.131913,0.151408,0.243902,0.092494
xgb_n=100_depth=1_lr=0.1_sub=1.0_col=1.0_l2=10.0_l1=0.0,xgboost,100,1,0.1,1.0,1.0,10.0,0.0,215,100.0,287,100 trees d=1,0.614437,0.495935,0.118502,0.152113,0.234146,0.082033
xgb_n=100_depth=1_lr=0.1_sub=1.0_col=1.0_l2=10.0_l1=0.1,xgboost,100,1,0.1,1.0,1.0,10.0,0.1,215,100.0,288,100 trees d=1,0.612676,0.504065,0.108611,0.155986,0.230894,0.074908
xgb_n=100_depth=2_lr=0.03_sub=0.8_col=0.8_l2=1.0_l1=0.0,xgboost,100,2,0.03,0.8,0.8,1.0,0.0,215,200.0,289,100 trees d=2,0.691901,0.528455,0.163446,0.113028,0.226016,0.112988
xgb_n=100_depth=2_lr=0.03_sub=0.8_col=0.8_l2=1.0_l1=0.1,xgboost,100,2,0.03,0.8,0.8,1.0,0.1,215,200.0,290,100 trees d=2,0.691901,0.528455,0.163446,0.113028,0.214634,0.101606
xgb_n=100_depth=2_lr=0.03_sub=0.8_col=0.8_l2=5.0_l1=0.0,xgboost,100,2,0.03,0.8,0.8,5.0,0.0,215,200.0,291,100 trees d=2,0.697183,0.504065,0.193118,0.114085,0.239024,0.124939
xgb_n=100_depth=2_lr=0.03_sub=0.8_col=0.8_l2=5.0_l1=0.1,xgboost,100,2,0.03,0.8,0.8,5.0,0.1,215,200.0,292,100 trees d=2,0.691901,0.520325,0.171576,0.113732,0.22439,0.110658
xgb_n=100_depth=2_lr=0.03_sub=0.8_col=0.8_l2=10.0_l1=0.0,xgboost,100,2,0.03,0.8,0.8,10.0,0.0,215,200.0,293,100 trees d=2,0.684859,0.487805,0.197054,0.116901,0.226016,0.109115
xgb_n=100_depth=2_lr=0.03_sub=0.8_col=0.8_l2=10.0_l1=0.1,xgboost,100,2,0.03,0.8,0.8,10.0,0.1,215,200.0,294,100 trees d=2,0.679577,0.504065,0.175512,0.119366,0.226016,0.10665
xgb_n=100_depth=2_lr=0.03_sub=0.8_col=1.0_l2=1.0_l1=0.0,xgboost,100,2,0.03,0.8,1.0,1.0,0.0,215,200.0,295,100 trees d=2,0.68662,0.504065,0.182555,0.117606,0.23252,0.114914
xgb_n=100_depth=2_lr=0.03_sub=0.8_col=1.0_l2=1.0_l1=0.1,xgboost,100,2,0.03,0.8,1.0,1.0,0.1,215,200.0,296,100 trees d=2,0.681338,0.504065,0.177273,0.120775,0.234146,0.113371
xgb_n=100_depth=2_lr=0.03_sub=0.8_col=1.0_l2=5.0_l1=0.0,xgboost,100,2,0.03,0.8,1.0,5.0,0.0,215,200.0,297,100 trees d=2,0.660211,0.487805,0.172406,0.132042,0.243902,0.11186
xgb_n=100_depth=2_lr=0.03_sub=0.8_col=1.0_l2=5.0_l1=0.1,xgboost,100,2,0.03,0.8,1.0,5.0,0.1,215,200.0,298,100 trees d=2,0.669014,0.504065,0.164949,0.127817,0.239024,0.111207
xgb_n=100_depth=2_lr=0.03_sub=0.8_col=1.0_l2=10.0_l1=0.0,xgboost,100,2,0.03,0.8,1.0,10.0,0.0,215,200.0,299,100 trees d=2,0.670775,0.504065,0.16671,0.129225,0.235772,0.106547
xgb_n=100_depth=2_lr=0.03_sub=0.8_col=1.0_l2=10.0_l1=0.1,xgboost,100,2,0.03,0.8,1.0,10.0,0.1,215,200.0,300,100 trees d=2,0.681338,0.495935,0.185403,0.124648,0.237398,0.11275
xgb_n=100_depth=2_lr=0.03_sub=1.0_col=0.8_l2=1.0_l1=0.0,xgboost,100,2,0.03,1.0,0.8,1.0,0.0,215,200.0,301,100 trees d=2,0.670775,0.495935,0.17484,0.125352,0.24878,0.123428
xgb_n=100_depth=2_lr=0.03_sub=1.0_col=0.8_l2=1.0_l1=0.1,xgboost,100,2,0.03,1.0,0.8,1.0,0.1,215,200.0,302,100 trees d=2,0.665493,0.504065,0.161428,0.126408,0.23252,0.106112
xgb_n=100_depth=2_lr=0.03_sub=1.0_col=0.8_l2=5.0_l1=0.0,xgboost,100,2,0.03,1.0,0.8,5.0,0.0,215,200.0,303,100 trees d=2,0.683099,0.512195,0.170904,0.123944,0.239024,0.11508
xgb_n=100_depth=2_lr=0.03_sub=1.0_col=0.8_l2=5.0_l1=0.1,xgboost,100,2,0.03,1.0,0.8,5.0,0.1,215,200.0,304,100 trees d=2,0.665493,0.495935,0.169558,0.126761,0.24878,0.122019
xgb_n=100_depth=2_lr=0.03_sub=1.0_col=0.8_l2=10.0_l1=0.0,xgboost,100,2,0.03,1.0,0.8,10.0,0.0,215,200.0,305,100 trees d=2,0.661972,0.495935,0.166037,0.128873,0.250407,0.121534
xgb_n=100_depth=2_lr=0.03_sub=1.0_col=0.8_l2=10.0_l1=0.1,xgboost,100,2,0.03,1.0,0.8,10.0,0.1,215,200.0,306,100 trees d=2,0.660211,0.471545,0.188666,0.128873,0.260163,0.13129
xgb_n=100_depth=2_lr=0.03_sub=1.0_col=1.0_l2=1.0_l1=0.0,xgboost,100,2,0.03,1.0,1.0,1.0,0.0,215,200.0,307,100 trees d=2,0.661972,0.512195,0.149777,0.128521,0.226016,0.097495
xgb_n=100_depth=2_lr=0.03_sub=1.0_col=1.0_l2=1.0_l1=0.1,xgboost,100,2,0.03,1.0,1.0,1.0,0.1,215,200.0,308,100 trees d=2,0.65669,0.495935,0.160755,0.127465,0.23252,0.105055
xgb_n=100_depth=2_lr=0.03_sub=1.0_col=1.0_l2=5.0_l1=0.0,xgboost,100,2,0.03,1.0,1.0,5.0,0.0,215,200.0,309,100 trees d=2,0.663732,0.479675,0.184057,0.130634,0.250407,0.119773
xgb_n=100_depth=2_lr=0.03_sub=1.0_col=1.0_l2=5.0_l1=0.1,xgboost,100,2,0.03,1.0,1.0,5.0,0.1,215,200.0,310,100 trees d=2,0.665493,0.512195,0.153298,0.128521,0.229268,0.100747
xgb_n=100_depth=2_lr=0.03_sub=1.0_col=1.0_l2=10.0_l1=0.0,xgboost,100,2,0.03,1.0,1.0,10.0,0.0,215,200.0,311,100 trees d=2,0.676056,0.487805,0.188251,0.125704,0.253659,0.127955
xgb_n=100_depth=2_lr=0.03_sub=1.0_col=1.0_l2=10.0_l1=0.1,xgboost,100,2,0.03,1.0,1.0,10.0,0.1,215,200.0,312,100 trees d=2,0.674296,0.495935,0.178361,0.127465,0.24065,0.113185
xgb_n=100_depth=2_lr=0.05_sub=0.8_col=0.8_l2=1.0_l1=0.0,xgboost,100,2,0.05,0.8,0.8,1.0,0.0,215,200.0,313,100 trees d=2,0.732394,0.504065,0.228329,0.089437,0.234146,0.144709
xgb_n=100_depth=2_lr=0.05_sub=0.8_col=0.8_l2=1.0_l1=0.1,xgboost,100,2,0.05,0.8,0.8,1.0,0.1,215,200.0,314,100 trees d=2,0.739437,0.528455,0.210982,0.085211,0.227642,0.142431
xgb_n=100_depth=2_lr=0.05_sub=0.8_col=0.8_l2=5.0_l1=0.0,xgboost,100,2,0.05,0.8,0.8,5.0,0.0,215,200.0,315,100 trees d=2,0.71831,0.495935,0.222375,0.096127,0.229268,0.133141
xgb_n=100_depth=2_lr=0.05_sub=0.8_col=0.8_l2=5.0_l1=0.1,xgboost,100,2,0.05,0.8,0.8,5.0,0.1,215,200.0,316,100 trees d=2,0.71831,0.512195,0.206115,0.09507,0.235772,0.140702
xgb_n=100_depth=2_lr=0.05_sub=0.8_col=0.8_l2=10.0_l1=0.0,xgboost,100,2,0.05,0.8,0.8,10.0,0.0,215,200.0,317,100 trees d=2,0.72007,0.520325,0.199745,0.097887,0.23252,0.134633
xgb_n=100_depth=2_lr=0.05_sub=0.8_col=0.8_l2=10.0_l1=0.1,xgboost,100,2,0.05,0.8,0.8,10.0,0.1,215,200.0,318,100 trees d=2,0.723592,0.495935,0.227657,0.097183,0.235772,0.138589
xgb_n=100_depth=2_lr=0.05_sub=0.8_col=1.0_l2=1.0_l1=0.0,xgboost,100,2,0.05,0.8,1.0,1.0,0.0,215,200.0,319,100 trees d=2,0.739437,0.463415,0.276022,0.090493,0.252033,0.16154
xgb_n=100_depth=2_lr=0.05_sub=0.8_col=1.0_l2=1.0_l1=0.1,xgboost,100,2,0.05,0.8,1.0,1.0,0.1,215,200.0,320,100 trees d=2,0.734155,0.520325,0.21383,0.087676,0.219512,0.131836
xgb_n=100_depth=2_lr=0.05_sub=0.8_col=1.0_l2=5.0_l1=0.0,xgboost,100,2,0.05,0.8,1.0,5.0,0.0,215,200.0,321,100 trees d=2,0.723592,0.536585,0.187007,0.099296,0.219512,0.120216
xgb_n=100_depth=2_lr=0.05_sub=0.8_col=1.0_l2=5.0_l1=0.1,xgboost,100,2,0.05,0.8,1.0,5.0,0.1,215,200.0,322,100 trees d=2,0.727113,0.536585,0.190528,0.098239,0.217886,0.119647
xgb_n=100_depth=2_lr=0.05_sub=0.8_col=1.0_l2=10.0_l1=0.0,xgboost,100,2,0.05,0.8,1.0,10.0,0.0,215,200.0,323,100 trees d=2,0.716549,0.577236,0.139313,0.103169,0.190244,0.087075
xgb_n=100_depth=2_lr=0.05_sub=0.8_col=1.0_l2=10.0_l1=0.1,xgboost,100,2,0.05,0.8,1.0,10.0,0.1,215,200.0,324,100 trees d=2,0.707746,0.544715,0.163031,0.103873,0.201626,0.097753
xgb_n=100_depth=2_lr=0.05_sub=1.0_col=0.8_l2=1.0_l1=0.0,xgboost,100,2,0.05,1.0,0.8,1.0,0.0,215,200.0,325,100 trees d=2,0.707746,0.504065,0.203681,0.098592,0.239024,0.140432
xgb_n=100_depth=2_lr=0.05_sub=1.0_col=0.8_l2=1.0_l1=0.1,xgboost,100,2,0.05,1.0,0.8,1.0,0.1,215,200.0,326,100 trees d=2,0.723592,0.504065,0.219527,0.090845,0.247154,0.156309
xgb_n=100_depth=2_lr=0.05_sub=1.0_col=0.8_l2=5.0_l1=0.0,xgboost,100,2,0.05,1.0,0.8,5.0,0.0,215,200.0,327,100 trees d=2,0.707746,0.520325,0.187421,0.100704,0.234146,0.133442
xgb_n=100_depth=2_lr=0.05_sub=1.0_col=0.8_l2=5.0_l1=0.1,xgboost,100,2,0.05,1.0,0.8,5.0,0.1,215,200.0,328,100 trees d=2,0.711268,0.504065,0.207203,0.098239,0.242276,0.144037
xgb_n=100_depth=2_lr=0.05_sub=1.0_col=0.8_l2=10.0_l1=0.0,xgboost,100,2,0.05,1.0,0.8,10.0,0.0,215,200.0,329,100 trees d=2,0.698944,0.495935,0.203009,0.105986,0.242276,0.13629
xgb_n=100_depth=2_lr=0.05_sub=1.0_col=0.8_l2=10.0_l1=0.1,xgboost,100,2,0.05,1.0,0.8,10.0,0.1,215,200.0,330,100 trees d=2,0.709507,0.544715,0.164792,0.103521,0.219512,0.115991
xgb_n=100_depth=2_lr=0.05_sub=1.0_col=1.0_l2=1.0_l1=0.0,xgboost,100,2,0.05,1.0,1.0,1.0,0.0,215,200.0,331,100 trees d=2,0.734155,0.504065,0.23009,0.08662,0.24065,0.15403
xgb_n=100_depth=2_lr=0.05_sub=1.0_col=1.0_l2=1.0_l1=0.1,xgboost,100,2,0.05,1.0,1.0,1.0,0.1,215,200.0,332,100 trees d=2,0.728873,0.504065,0.224808,0.092254,0.24065,0.148396
xgb_n=100_depth=2_lr=0.05_sub=1.0_col=1.0_l2=5.0_l1=0.0,xgboost,100,2,0.05,1.0,1.0,5.0,0.0,215,200.0,333,100 trees d=2,0.72007,0.504065,0.216005,0.097183,0.237398,0.140215
xgb_n=100_depth=2_lr=0.05_sub=1.0_col=1.0_l2=5.0_l1=0.1,xgboost,100,2,0.05,1.0,1.0,5.0,0.1,215,200.0,334,100 trees d=2,0.721831,0.495935,0.225896,0.095423,0.243902,0.148479
xgb_n=100_depth=2_lr=0.05_sub=1.0_col=1.0_l2=10.0_l1=0.0,xgboost,100,2,0.05,1.0,1.0,10.0,0.0,215,200.0,335,100 trees d=2,0.711268,0.520325,0.190943,0.101408,0.235772,0.134364
xgb_n=100_depth=2_lr=0.05_sub=1.0_col=1.0_l2=10.0_l1=0.1,xgboost,100,2,0.05,1.0,1.0,10.0,0.1,215,200.0,336,100 trees d=2,0.71831,0.520325,0.197985,0.098239,0.229268,0.131029
xgb_n=100_depth=2_lr=0.1_sub=0.8_col=0.8_l2=1.0_l1=0.0,xgboost,100,2,0.1,0.8,0.8,1.0,0.0,215,200.0,337,100 trees d=2,0.795775,0.471545,0.32423,0.064437,0.263415,0.198978
xgb_n=100_depth=2_lr=0.1_sub=0.8_col=0.8_l2=1.0_l1=0.1,xgboost,100,2,0.1,0.8,0.8,1.0,0.1,215,200.0,338,100 trees d=2,0.81338,0.487805,0.325575,0.057746,0.261789,0.204043
xgb_n=100_depth=2_lr=0.1_sub=0.8_col=0.8_l2=5.0_l1=0.0,xgboost,100,2,0.1,0.8,0.8,5.0,0.0,215,200.0,339,100 trees d=2,0.786972,0.552846,0.234126,0.066549,0.20813,0.141581
xgb_n=100_depth=2_lr=0.1_sub=0.8_col=0.8_l2=5.0_l1=0.1,xgboost,100,2,0.1,0.8,0.8,5.0,0.1,215,200.0,340,100 trees d=2,0.792254,0.560976,0.231278,0.064437,0.209756,0.145319
xgb_n=100_depth=2_lr=0.1_sub=0.8_col=0.8_l2=10.0_l1=0.0,xgboost,100,2,0.1,0.8,0.8,10.0,0.0,215,200.0,341,100 trees d=2,0.788732,0.520325,0.268407,0.069014,0.229268,0.160254
xgb_n=100_depth=2_lr=0.1_sub=0.8_col=0.8_l2=10.0_l1=0.1,xgboost,100,2,0.1,0.8,0.8,10.0,0.1,215,200.0,342,100 trees d=2,0.783451,0.536585,0.246866,0.068662,0.230894,0.162232
xgb_n=100_depth=2_lr=0.1_sub=0.8_col=1.0_l2=1.0_l1=0.0,xgboost,100,2,0.1,0.8,1.0,1.0,0.0,215,200.0,343,100 trees d=2,0.801056,0.479675,0.321381,0.058803,0.250407,0.191604
xgb_n=100_depth=2_lr=0.1_sub=0.8_col=1.0_l2=1.0_l1=0.1,xgboost,100,2,0.1,0.8,1.0,1.0,0.1,215,200.0,344,100 trees d=2,0.794014,0.536585,0.257429,0.063732,0.222764,0.159032
xgb_n=100_depth=2_lr=0.1_sub=0.8_col=1.0_l2=5.0_l1=0.0,xgboost,100,2,0.1,0.8,1.0,5.0,0.0,215,200.0,345,100 trees d=2,0.786972,0.536585,0.250387,0.06831,0.214634,0.146324
xgb_n=100_depth=2_lr=0.1_sub=0.8_col=1.0_l2=5.0_l1=0.1,xgboost,100,2,0.1,0.8,1.0,5.0,0.1,215,200.0,346,100 trees d=2,0.795775,0.552846,0.242929,0.063732,0.206504,0.142772
xgb_n=100_depth=2_lr=0.1_sub=0.8_col=1.0_l2=10.0_l1=0.0,xgboost,100,2,0.1,0.8,1.0,10.0,0.0,215,200.0,347,100 trees d=2,0.806338,0.487805,0.318533,0.063028,0.242276,0.179248
xgb_n=100_depth=2_lr=0.1_sub=0.8_col=1.0_l2=10.0_l1=0.1,xgboost,100,2,0.1,0.8,1.0,10.0,0.1,215,200.0,348,100 trees d=2,0.802817,0.520325,0.282492,0.063732,0.24065,0.176918
xgb_n=100_depth=2_lr=0.1_sub=1.0_col=0.8_l2=1.0_l1=0.0,xgboost,100,2,0.1,1.0,0.8,1.0,0.0,215,200.0,349,100 trees d=2,0.799296,0.487805,0.311491,0.059155,0.229268,0.170113
xgb_n=100_depth=2_lr=0.1_sub=1.0_col=0.8_l2=1.0_l1=0.1,xgboost,100,2,0.1,1.0,0.8,1.0,0.1,215,200.0,350,100 trees d=2,0.794014,0.544715,0.249299,0.059859,0.219512,0.159653
xgb_n=100_depth=2_lr=0.1_sub=1.0_col=0.8_l2=5.0_l1=0.0,xgboost,100,2,0.1,1.0,0.8,5.0,0.0,215,200.0,351,100 trees d=2,0.778169,0.520325,0.257844,0.066901,0.226016,0.159115
xgb_n=100_depth=2_lr=0.1_sub=1.0_col=0.8_l2=5.0_l1=0.1,xgboost,100,2,0.1,1.0,0.8,5.0,0.1,215,200.0,352,100 trees d=2,0.778169,0.479675,0.298494,0.066549,0.237398,0.170849
xgb_n=100_depth=2_lr=0.1_sub=1.0_col=0.8_l2=10.0_l1=0.0,xgboost,100,2,0.1,1.0,0.8,10.0,0.0,215,200.0,353,100 trees d=2,0.78169,0.504065,0.277625,0.064437,0.235772,0.171335
xgb_n=100_depth=2_lr=0.1_sub=1.0_col=0.8_l2=10.0_l1=0.1,xgboost,100,2,0.1,1.0,0.8,10.0,0.1,215,200.0,354,100 trees d=2,0.78169,0.512195,0.269495,0.066197,0.226016,0.159819
xgb_n=100_depth=2_lr=0.1_sub=1.0_col=1.0_l2=1.0_l1=0.0,xgboost,100,2,0.1,1.0,1.0,1.0,0.0,215,200.0,355,100 trees d=2,0.794014,0.504065,0.289949,0.062676,0.227642,0.164966
xgb_n=100_depth=2_lr=0.1_sub=1.0_col=1.0_l2=1.0_l1=0.1,xgboost,100,2,0.1,1.0,1.0,1.0,0.1,215,200.0,356,100 trees d=2,0.804577,0.512195,0.292382,0.05669,0.217886,0.161196
xgb_n=100_depth=2_lr=0.1_sub=1.0_col=1.0_l2=5.0_l1=0.0,xgboost,100,2,0.1,1.0,1.0,5.0,0.0,215,200.0,357,100 trees d=2,0.783451,0.528455,0.254996,0.07007,0.222764,0.152694
xgb_n=100_depth=2_lr=0.1_sub=1.0_col=1.0_l2=5.0_l1=0.1,xgboost,100,2,0.1,1.0,1.0,5.0,0.1,215,200.0,358,100 trees d=2,0.794014,0.504065,0.289949,0.062324,0.227642,0.165318
xgb_n=100_depth=2_lr=0.1_sub=1.0_col=1.0_l2=10.0_l1=0.0,xgboost,100,2,0.1,1.0,1.0,10.0,0.0,215,200.0,359,100 trees d=2,0.778169,0.495935,0.282234,0.066549,0.23252,0.165971
xgb_n=100_depth=2_lr=0.1_sub=1.0_col=1.0_l2=10.0_l1=0.1,xgboost,100,2,0.1,1.0,1.0,10.0,0.1,215,200.0,360,100 trees d=2,0.769366,0.504065,0.265301,0.069718,0.227642,0.157924
xgb_n=100_depth=3_lr=0.03_sub=0.8_col=0.8_l2=1.0_l1=0.0,xgboost,100,3,0.03,0.8,0.8,1.0,0.0,215,300.0,361,100 trees d=3,0.790493,0.528455,0.262038,0.066549,0.211382,0.144833
xgb_n=100_depth=3_lr=0.03_sub=0.8_col=0.8_l2=1.0_l1=0.1,xgboost,100,3,0.03,0.8,0.8,1.0,0.1,215,300.0,362,100 trees d=3,0.806338,0.544715,0.261623,0.060211,0.213008,0.152797
xgb_n=100_depth=3_lr=0.03_sub=0.8_col=0.8_l2=5.0_l1=0.0,xgboost,100,3,0.03,0.8,0.8,5.0,0.0,215,300.0,363,100 trees d=3,0.774648,0.536585,0.238063,0.070775,0.221138,0.150363
xgb_n=100_depth=3_lr=0.03_sub=0.8_col=0.8_l2=5.0_l1=0.1,xgboost,100,3,0.03,0.8,0.8,5.0,0.1,215,300.0,364,100 trees d=3,0.77993,0.560976,0.218954,0.067958,0.198374,0.130416
xgb_n=100_depth=3_lr=0.03_sub=0.8_col=0.8_l2=10.0_l1=0.0,xgboost,100,3,0.03,0.8,0.8,10.0,0.0,215,300.0,365,100 trees d=3,0.764085,0.552846,0.211239,0.075,0.214634,0.139634
xgb_n=100_depth=3_lr=0.03_sub=0.8_col=0.8_l2=10.0_l1=0.1,xgboost,100,3,0.03,0.8,0.8,10.0,0.1,215,300.0,366,100 trees d=3,0.772887,0.552846,0.220041,0.072535,0.20813,0.135595
xgb_n=100_depth=3_lr=0.03_sub=0.8_col=1.0_l2=1.0_l1=0.0,xgboost,100,3,0.03,0.8,1.0,1.0,0.0,215,300.0,367,100 trees d=3,0.778169,0.495935,0.282234,0.067254,0.234146,0.166892
xgb_n=100_depth=3_lr=0.03_sub=0.8_col=1.0_l2=1.0_l1=0.1,xgboost,100,3,0.03,0.8,1.0,1.0,0.1,215,300.0,368,100 trees d=3,0.797535,0.536585,0.26095,0.063732,0.221138,0.157406
xgb_n=100_depth=3_lr=0.03_sub=0.8_col=1.0_l2=5.0_l1=0.0,xgboost,100,3,0.03,0.8,1.0,5.0,0.0,215,300.0,369,100 trees d=3,0.790493,0.528455,0.262038,0.066197,0.22439,0.158193
xgb_n=100_depth=3_lr=0.03_sub=0.8_col=1.0_l2=5.0_l1=0.1,xgboost,100,3,0.03,0.8,1.0,5.0,0.1,215,300.0,370,100 trees d=3,0.785211,0.512195,0.273016,0.066549,0.227642,0.161093
xgb_n=100_depth=3_lr=0.03_sub=0.8_col=1.0_l2=10.0_l1=0.0,xgboost,100,3,0.03,0.8,1.0,10.0,0.0,215,300.0,371,100 trees d=3,0.785211,0.495935,0.289276,0.067254,0.237398,0.170144
xgb_n=100_depth=3_lr=0.03_sub=0.8_col=1.0_l2=10.0_l1=0.1,xgboost,100,3,0.03,0.8,1.0,10.0,0.1,215,300.0,372,100 trees d=3,0.788732,0.520325,0.268407,0.066197,0.222764,0.156567
xgb_n=100_depth=3_lr=0.03_sub=1.0_col=0.8_l2=1.0_l1=0.0,xgboost,100,3,0.03,1.0,0.8,1.0,0.0,215,300.0,373,100 trees d=3,0.788732,0.536585,0.252147,0.065141,0.226016,0.160875
xgb_n=100_depth=3_lr=0.03_sub=1.0_col=0.8_l2=1.0_l1=0.1,xgboost,100,3,0.03,1.0,0.8,1.0,0.1,215,300.0,374,100 trees d=3,0.788732,0.528455,0.260277,0.063028,0.237398,0.17437
xgb_n=100_depth=3_lr=0.03_sub=1.0_col=0.8_l2=5.0_l1=0.0,xgboost,100,3,0.03,1.0,0.8,5.0,0.0,215,300.0,375,100 trees d=3,0.786972,0.544715,0.242257,0.064085,0.217886,0.153801
xgb_n=100_depth=3_lr=0.03_sub=1.0_col=0.8_l2=5.0_l1=0.1,xgboost,100,3,0.03,1.0,0.8,5.0,0.1,215,300.0,376,100 trees d=3,0.788732,0.528455,0.260277,0.064437,0.23252,0.168083
xgb_n=100_depth=3_lr=0.03_sub=1.0_col=0.8_l2=10.0_l1=0.0,xgboost,100,3,0.03,1.0,0.8,10.0,0.0,215,300.0,377,100 trees d=3,0.771127,0.504065,0.267062,0.070775,0.245528,0.174753
xgb_n=100_depth=3_lr=0.03_sub=1.0_col=0.8_l2=10.0_l1=0.1,xgboost,100,3,0.03,1.0,0.8,10.0,0.1,215,300.0,378,100 trees d=3,0.776408,0.544715,0.231693,0.068662,0.227642,0.15898
xgb_n=100_depth=3_lr=0.03_sub=1.0_col=1.0_l2=1.0_l1=0.0,xgboost,100,3,0.03,1.0,1.0,1.0,0.0,215,300.0,379,100 trees d=3,0.795775,0.544715,0.25106,0.061268,0.214634,0.153366
xgb_n=100_depth=3_lr=0.03_sub=1.0_col=1.0_l2=1.0_l1=0.1,xgboost,100,3,0.03,1.0,1.0,1.0,0.1,215,300.0,380,100 trees d=3,0.792254,0.528455,0.263799,0.061972,0.22439,0.162418
xgb_n=100_depth=3_lr=0.03_sub=1.0_col=1.0_l2=5.0_l1=0.0,xgboost,100,3,0.03,1.0,1.0,5.0,0.0,215,300.0,381,100 trees d=3,0.786972,0.528455,0.258517,0.062676,0.227642,0.164966
xgb_n=100_depth=3_lr=0.03_sub=1.0_col=1.0_l2=5.0_l1=0.1,xgboost,100,3,0.03,1.0,1.0,5.0,0.1,215,300.0,382,100 trees d=3,0.786972,0.528455,0.258517,0.062676,0.227642,0.164966
xgb_n=100_depth=3_lr=0.03_sub=1.0_col=1.0_l2=10.0_l1=0.0,xgboost,100,3,0.03,1.0,1.0,10.0,0.0,215,300.0,383,100 trees d=3,0.78169,0.512195,0.269495,0.07007,0.239024,0.168954
xgb_n=100_depth=3_lr=0.03_sub=1.0_col=1.0_l2=10.0_l1=0.1,xgboost,100,3,0.03,1.0,1.0,10.0,0.1,215,300.0,384,100 trees d=3,0.785211,0.520325,0.264886,0.066901,0.234146,0.167245
xgb_n=100_depth=3_lr=0.05_sub=0.8_col=0.8_l2=1.0_l1=0.0,xgboost,100,3,0.05,0.8,0.8,1.0,0.0,215,300.0,385,100 trees d=3,0.84507,0.560976,0.284094,0.041901,0.201626,0.159725
xgb_n=100_depth=3_lr=0.05_sub=0.8_col=0.8_l2=1.0_l1=0.1,xgboost,100,3,0.05,0.8,0.8,1.0,0.1,215,300.0,386,100 trees d=3,0.848592,0.520325,0.328267,0.040845,0.234146,0.193301
xgb_n=100_depth=3_lr=0.05_sub=0.8_col=0.8_l2=5.0_l1=0.0,xgboost,100,3,0.05,0.8,0.8,5.0,0.0,215,300.0,387,100 trees d=3,0.839789,0.544715,0.295074,0.04507,0.21626,0.17119
xgb_n=100_depth=3_lr=0.05_sub=0.8_col=0.8_l2=5.0_l1=0.1,xgboost,100,3,0.05,0.8,0.8,5.0,0.1,215,300.0,388,100 trees d=3,0.836268,0.536585,0.299683,0.047535,0.227642,0.180107
xgb_n=100_depth=3_lr=0.05_sub=0.8_col=0.8_l2=10.0_l1=0.0,xgboost,100,3,0.05,0.8,0.8,10.0,0.0,215,300.0,389,100 trees d=3,0.822183,0.552846,0.269337,0.052113,0.204878,0.152765
xgb_n=100_depth=3_lr=0.05_sub=0.8_col=0.8_l2=10.0_l1=0.1,xgboost,100,3,0.05,0.8,0.8,10.0,0.1,215,300.0,390,100 trees d=3,0.829225,0.544715,0.28451,0.051408,0.21626,0.164852
xgb_n=100_depth=3_lr=0.05_sub=0.8_col=1.0_l2=1.0_l1=0.0,xgboost,100,3,0.05,0.8,1.0,1.0,0.0,215,300.0,391,100 trees d=3,0.850352,0.504065,0.346287,0.041197,0.23252,0.191323
xgb_n=100_depth=3_lr=0.05_sub=0.8_col=1.0_l2=1.0_l1=0.1,xgboost,100,3,0.05,0.8,1.0,1.0,0.1,215,300.0,392,100 trees d=3,0.852113,0.487805,0.364308,0.039085,0.227642,0.188557
xgb_n=100_depth=3_lr=0.05_sub=0.8_col=1.0_l2=5.0_l1=0.0,xgboost,100,3,0.05,0.8,1.0,5.0,0.0,215,300.0,393,100 trees d=3,0.839789,0.520325,0.319464,0.044014,0.222764,0.17875
xgb_n=100_depth=3_lr=0.05_sub=0.8_col=1.0_l2=5.0_l1=0.1,xgboost,100,3,0.05,0.8,1.0,5.0,0.1,215,300.0,394,100 trees d=3,0.838028,0.520325,0.317703,0.044014,0.217886,0.173872
xgb_n=100_depth=3_lr=0.05_sub=0.8_col=1.0_l2=10.0_l1=0.0,xgboost,100,3,0.05,0.8,1.0,10.0,0.0,215,300.0,395,100 trees d=3,0.838028,0.544715,0.293313,0.045423,0.209756,0.164333
xgb_n=100_depth=3_lr=0.05_sub=0.8_col=1.0_l2=10.0_l1=0.1,xgboost,100,3,0.05,0.8,1.0,10.0,0.1,215,300.0,396,100 trees d=3,0.818662,0.528455,0.290207,0.050704,0.226016,0.175312
xgb_n=100_depth=3_lr=0.05_sub=1.0_col=0.8_l2=1.0_l1=0.0,xgboost,100,3,0.05,1.0,0.8,1.0,0.0,215,300.0,397,100 trees d=3,0.853873,0.512195,0.341678,0.039437,0.229268,0.189831
xgb_n=100_depth=3_lr=0.05_sub=1.0_col=0.8_l2=1.0_l1=0.1,xgboost,100,3,0.05,1.0,0.8,1.0,0.1,215,300.0,398,100 trees d=3,0.84507,0.504065,0.341005,0.04331,0.229268,0.185958
xgb_n=100_depth=3_lr=0.05_sub=1.0_col=0.8_l2=5.0_l1=0.0,xgboost,100,3,0.05,1.0,0.8,5.0,0.0,215,300.0,399,100 trees d=3,0.827465,0.495935,0.33153,0.047183,0.252033,0.20485
xgb_n=100_depth=3_lr=0.05_sub=1.0_col=0.8_l2=5.0_l1=0.1,xgboost,100,3,0.05,1.0,0.8,5.0,0.1,215,300.0,400,100 trees d=3,0.829225,0.487805,0.34142,0.047887,0.24878,0.200893
xgb_n=100_depth=3_lr=0.05_sub=1.0_col=0.8_l2=10.0_l1=0.0,xgboost,100,3,0.05,1.0,0.8,10.0,0.0,215,300.0,401,100 trees d=3,0.823944,0.520325,0.303619,0.048592,0.230894,0.182302
xgb_n=100_depth=3_lr=0.05_sub=1.0_col=0.8_l2=10.0_l1=0.1,xgboost,100,3,0.05,1.0,0.8,10.0,0.1,215,300.0,402,100 trees d=3,0.823944,0.495935,0.328009,0.050352,0.242276,0.191924
xgb_n=100_depth=3_lr=0.05_sub=1.0_col=1.0_l2=1.0_l1=0.0,xgboost,100,3,0.05,1.0,1.0,1.0,0.0,215,300.0,403,100 trees d=3,0.838028,0.552846,0.285182,0.044718,0.198374,0.153656
xgb_n=100_depth=3_lr=0.05_sub=1.0_col=1.0_l2=1.0_l1=0.1,xgboost,100,3,0.05,1.0,1.0,1.0,0.1,215,300.0,404,100 trees d=3,0.850352,0.552846,0.297506,0.040141,0.213008,0.172867
xgb_n=100_depth=3_lr=0.05_sub=1.0_col=1.0_l2=5.0_l1=0.0,xgboost,100,3,0.05,1.0,1.0,5.0,0.0,215,300.0,405,100 trees d=3,0.829225,0.520325,0.3089,0.045775,0.230894,0.185119
xgb_n=100_depth=3_lr=0.05_sub=1.0_col=1.0_l2=5.0_l1=0.1,xgboost,100,3,0.05,1.0,1.0,5.0,0.1,215,300.0,406,100 trees d=3,0.815141,0.536585,0.278556,0.051056,0.219512,0.168456
xgb_n=100_depth=3_lr=0.05_sub=1.0_col=1.0_l2=10.0_l1=0.0,xgboost,100,3,0.05,1.0,1.0,10.0,0.0,215,300.0,407,100 trees d=3,0.816901,0.504065,0.312836,0.051408,0.24878,0.197372
xgb_n=100_depth=3_lr=0.05_sub=1.0_col=1.0_l2=10.0_l1=0.1,xgboost,100,3,0.05,1.0,1.0,10.0,0.1,215,300.0,408,100 trees d=3,0.829225,0.512195,0.31703,0.047887,0.237398,0.189511
xgb_n=100_depth=3_lr=0.1_sub=0.8_col=0.8_l2=1.0_l1=0.0,xgboost,100,3,0.1,0.8,0.8,1.0,0.0,215,300.0,409,100 trees d=3,0.910211,0.487805,0.422406,0.022183,0.242276,0.220093
xgb_n=100_depth=3_lr=0.1_sub=0.8_col=0.8_l2=1.0_l1=0.1,xgboost,100,3,0.1,0.8,0.8,1.0,0.1,215,300.0,410,100 trees d=3,0.901408,0.528455,0.372953,0.023592,0.239024,0.215432
xgb_n=100_depth=3_lr=0.1_sub=0.8_col=0.8_l2=5.0_l1=0.0,xgboost,100,3,0.1,0.8,0.8,5.0,0.0,215,300.0,411,100 trees d=3,0.90493,0.512195,0.392735,0.023239,0.21626,0.193021
xgb_n=100_depth=3_lr=0.1_sub=0.8_col=0.8_l2=5.0_l1=0.1,xgboost,100,3,0.1,0.8,0.8,5.0,0.1,215,300.0,412,100 trees d=3,0.908451,0.504065,0.404386,0.022535,0.24065,0.218115
xgb_n=100_depth=3_lr=0.1_sub=0.8_col=0.8_l2=10.0_l1=0.0,xgboost,100,3,0.1,0.8,0.8,10.0,0.0,215,300.0,413,100 trees d=3,0.908451,0.536585,0.371866,0.021127,0.230894,0.209767
xgb_n=100_depth=3_lr=0.1_sub=0.8_col=0.8_l2=10.0_l1=0.1,xgboost,100,3,0.1,0.8,0.8,10.0,0.1,215,300.0,414,100 trees d=3,0.910211,0.552846,0.357365,0.021831,0.20813,0.186299
xgb_n=100_depth=3_lr=0.1_sub=0.8_col=1.0_l2=1.0_l1=0.0,xgboost,100,3,0.1,0.8,1.0,1.0,0.0,215,300.0,415,100 trees d=3,0.913732,0.536585,0.377147,0.020423,0.214634,0.194211
xgb_n=100_depth=3_lr=0.1_sub=0.8_col=1.0_l2=1.0_l1=0.1,xgboost,100,3,0.1,0.8,1.0,1.0,0.1,215,300.0,416,100 trees d=3,0.922535,0.520325,0.40221,0.01831,0.222764,0.204454
xgb_n=100_depth=3_lr=0.1_sub=0.8_col=1.0_l2=5.0_l1=0.0,xgboost,100,3,0.1,0.8,1.0,5.0,0.0,215,300.0,417,100 trees d=3,0.915493,0.471545,0.443948,0.019014,0.23252,0.213506
xgb_n=100_depth=3_lr=0.1_sub=0.8_col=1.0_l2=5.0_l1=0.1,xgboost,100,3,0.1,0.8,1.0,5.0,0.1,215,300.0,418,100 trees d=3,0.908451,0.495935,0.412516,0.022183,0.237398,0.215215
xgb_n=100_depth=3_lr=0.1_sub=0.8_col=1.0_l2=10.0_l1=0.0,xgboost,100,3,0.1,0.8,1.0,10.0,0.0,215,300.0,419,100 trees d=3,0.913732,0.536585,0.377147,0.020423,0.230894,0.210471
xgb_n=100_depth=3_lr=0.1_sub=0.8_col=1.0_l2=10.0_l1=0.1,xgboost,100,3,0.1,0.8,1.0,10.0,0.1,215,300.0,420,100 trees d=3,0.897887,0.544715,0.353172,0.025352,0.204878,0.179526
xgb_n=100_depth=3_lr=0.1_sub=1.0_col=0.8_l2=1.0_l1=0.0,xgboost,100,3,0.1,1.0,0.8,1.0,0.0,215,300.0,421,100 trees d=3,0.911972,0.512195,0.399777,0.02007,0.229268,0.209198
xgb_n=100_depth=3_lr=0.1_sub=1.0_col=0.8_l2=1.0_l1=0.1,xgboost,100,3,0.1,1.0,0.8,1.0,0.1,215,300.0,422,100 trees d=3,0.910211,0.536585,0.373626,0.021831,0.229268,0.207437
xgb_n=100_depth=3_lr=0.1_sub=1.0_col=0.8_l2=5.0_l1=0.0,xgboost,100,3,0.1,1.0,0.8,5.0,0.0,215,300.0,423,100 trees d=3,0.899648,0.487805,0.411843,0.024648,0.242276,0.217628
xgb_n=100_depth=3_lr=0.1_sub=1.0_col=0.8_l2=5.0_l1=0.1,xgboost,100,3,0.1,1.0,0.8,5.0,0.1,215,300.0,424,100 trees d=3,0.903169,0.487805,0.415364,0.022183,0.261789,0.239606
xgb_n=100_depth=3_lr=0.1_sub=1.0_col=0.8_l2=10.0_l1=0.0,xgboost,100,3,0.1,1.0,0.8,10.0,0.0,215,300.0,425,100 trees d=3,0.883803,0.487805,0.395998,0.029577,0.24065,0.211073
xgb_n=100_depth=3_lr=0.1_sub=1.0_col=0.8_l2=10.0_l1=0.1,xgboost,100,3,0.1,1.0,0.8,10.0,0.1,215,300.0,426,100 trees d=3,0.90669,0.463415,0.443275,0.022535,0.260163,0.237628
xgb_n=100_depth=3_lr=0.1_sub=1.0_col=1.0_l2=1.0_l1=0.0,xgboost,100,3,0.1,1.0,1.0,1.0,0.0,215,300.0,427,100 trees d=3,0.908451,0.520325,0.388126,0.021831,0.22439,0.202559
xgb_n=100_depth=3_lr=0.1_sub=1.0_col=1.0_l2=1.0_l1=0.1,xgboost,100,3,0.1,1.0,1.0,1.0,0.1,215,300.0,428,100 trees d=3,0.908451,0.552846,0.355605,0.022535,0.206504,0.183969
xgb_n=100_depth=3_lr=0.1_sub=1.0_col=1.0_l2=5.0_l1=0.0,xgboost,100,3,0.1,1.0,1.0,5.0,0.0,215,300.0,429,100 trees d=3,0.890845,0.495935,0.39491,0.026408,0.23252,0.206112
xgb_n=100_depth=3_lr=0.1_sub=1.0_col=1.0_l2=5.0_l1=0.1,xgboost,100,3,0.1,1.0,1.0,5.0,0.1,215,300.0,430,100 trees d=3,0.90669,0.495935,0.410755,0.021831,0.226016,0.204185
xgb_n=100_depth=3_lr=0.1_sub=1.0_col=1.0_l2=10.0_l1=0.0,xgboost,100,3,0.1,1.0,1.0,10.0,0.0,215,300.0,431,100 trees d=3,0.890845,0.528455,0.36239,0.025,0.227642,0.202642
xgb_n=100_depth=3_lr=0.1_sub=1.0_col=1.0_l2=10.0_l1=0.1,xgboost,100,3,0.1,1.0,1.0,10.0,0.1,215,300.0,432,100 trees d=3,0.882042,0.520325,0.361717,0.027817,0.226016,0.198199
xgb_n=200_depth=1_lr=0.03_sub=0.8_col=0.8_l2=1.0_l1=0.0,xgboost,200,1,0.03,0.8,0.8,1.0,0.0,215,200.0,433,200 trees d=1,0.626761,0.520325,0.106436,0.150704,0.227642,0.076938
xgb_n=200_depth=1_lr=0.03_sub=0.8_col=0.8_l2=1.0_l1=0.1,xgboost,200,1,0.03,0.8,0.8,1.0,0.1,215,200.0,434,200 trees d=1,0.630282,0.504065,0.126217,0.148239,0.23252,0.084281
xgb_n=200_depth=1_lr=0.03_sub=0.8_col=0.8_l2=5.0_l1=0.0,xgboost,200,1,0.03,0.8,0.8,5.0,0.0,215,200.0,435,200 trees d=1,0.633803,0.487805,0.145998,0.146831,0.24065,0.093819
xgb_n=200_depth=1_lr=0.03_sub=0.8_col=0.8_l2=5.0_l1=0.1,xgboost,200,1,0.03,0.8,0.8,5.0,0.1,215,200.0,436,200 trees d=1,0.628521,0.504065,0.124456,0.148592,0.230894,0.082302
xgb_n=200_depth=1_lr=0.03_sub=0.8_col=0.8_l2=10.0_l1=0.0,xgboost,200,1,0.03,0.8,0.8,10.0,0.0,215,200.0,437,200 trees d=1,0.617958,0.512195,0.105763,0.152817,0.229268,0.076451
xgb_n=200_depth=1_lr=0.03_sub=0.8_col=0.8_l2=10.0_l1=0.1,xgboost,200,1,0.03,0.8,0.8,10.0,0.1,215,200.0,438,200 trees d=1,0.621479,0.512195,0.109284,0.153169,0.227642,0.074473
xgb_n=200_depth=1_lr=0.03_sub=0.8_col=1.0_l2=1.0_l1=0.0,xgboost,200,1,0.03,0.8,1.0,1.0,0.0,215,200.0,439,200 trees d=1,0.619718,0.520325,0.099393,0.152113,0.227642,0.075529
xgb_n=200_depth=1_lr=0.03_sub=0.8_col=1.0_l2=1.0_l1=0.1,xgboost,200,1,0.03,0.8,1.0,1.0,0.1,215,200.0,440,200 trees d=1,0.623239,0.512195,0.111044,0.151761,0.229268,0.077507
xgb_n=200_depth=1_lr=0.03_sub=0.8_col=1.0_l2=5.0_l1=0.0,xgboost,200,1,0.03,0.8,1.0,5.0,0.0,215,200.0,441,200 trees d=1,0.617958,0.520325,0.097633,0.151761,0.219512,0.067751
xgb_n=200_depth=1_lr=0.03_sub=0.8_col=1.0_l2=5.0_l1=0.1,xgboost,200,1,0.03,0.8,1.0,5.0,0.1,215,200.0,442,200 trees d=1,0.621479,0.520325,0.101154,0.150352,0.22439,0.074038
xgb_n=200_depth=1_lr=0.03_sub=0.8_col=1.0_l2=10.0_l1=0.0,xgboost,200,1,0.03,0.8,1.0,10.0,0.0,215,200.0,443,200 trees d=1,0.614437,0.520325,0.094112,0.155634,0.217886,0.062252
xgb_n=200_depth=1_lr=0.03_sub=0.8_col=1.0_l2=10.0_l1=0.1,xgboost,200,1,0.03,0.8,1.0,10.0,0.1,215,200.0,444,200 trees d=1,0.609155,0.504065,0.10509,0.158099,0.234146,0.076047
xgb_n=200_depth=1_lr=0.03_sub=1.0_col=0.8_l2=1.0_l1=0.0,xgboost,200,1,0.03,1.0,0.8,1.0,0.0,215,200.0,445,200 trees d=1,0.607394,0.463415,0.143979,0.159507,0.252033,0.092526
xgb_n=200_depth=1_lr=0.03_sub=1.0_col=0.8_l2=1.0_l1=0.1,xgboost,200,1,0.03,1.0,0.8,1.0,0.1,215,200.0,446,200 trees d=1,0.602113,0.463415,0.138698,0.161972,0.252033,0.090061
xgb_n=200_depth=1_lr=0.03_sub=1.0_col=0.8_l2=5.0_l1=0.0,xgboost,200,1,0.03,1.0,0.8,5.0,0.0,215,200.0,447,200 trees d=1,0.59507,0.471545,0.123525,0.165141,0.24065,0.075509
xgb_n=200_depth=1_lr=0.03_sub=1.0_col=0.8_l2=5.0_l1=0.1,xgboost,200,1,0.03,1.0,0.8,5.0,0.1,215,200.0,448,200 trees d=1,0.603873,0.471545,0.132328,0.162324,0.24065,0.078326
xgb_n=200_depth=1_lr=0.03_sub=1.0_col=0.8_l2=10.0_l1=0.0,xgboost,200,1,0.03,1.0,0.8,10.0,0.0,215,200.0,449,200 trees d=1,0.600352,0.463415,0.136937,0.165493,0.24878,0.083287
xgb_n=200_depth=1_lr=0.03_sub=1.0_col=0.8_l2=10.0_l1=0.1,xgboost,200,1,0.03,1.0,0.8,10.0,0.1,215,200.0,450,200 trees d=1,0.602113,0.463415,0.138698,0.165493,0.250407,0.084914
xgb_n=200_depth=1_lr=0.03_sub=1.0_col=1.0_l2=1.0_l1=0.0,xgboost,200,1,0.03,1.0,1.0,1.0,0.0,215,200.0,451,200 trees d=1,0.602113,0.463415,0.138698,0.16162,0.252033,0.090413
xgb_n=200_depth=1_lr=0.03_sub=1.0_col=1.0_l2=1.0_l1=0.1,xgboost,200,1,0.03,1.0,1.0,1.0,0.1,215,200.0,452,200 trees d=1,0.600352,0.463415,0.136937,0.162324,0.250407,0.088083
xgb_n=200_depth=1_lr=0.03_sub=1.0_col=1.0_l2=5.0_l1=0.0,xgboost,200,1,0.03,1.0,1.0,5.0,0.0,215,200.0,453,200 trees d=1,0.600352,0.463415,0.136937,0.164085,0.247154,0.083069
xgb_n=200_depth=1_lr=0.03_sub=1.0_col=1.0_l2=5.0_l1=0.1,xgboost,200,1,0.03,1.0,1.0,5.0,0.1,215,200.0,454,200 trees d=1,0.605634,0.479675,0.125959,0.160915,0.24065,0.079735
xgb_n=200_depth=1_lr=0.03_sub=1.0_col=1.0_l2=10.0_l1=0.0,xgboost,200,1,0.03,1.0,1.0,10.0,0.0,215,200.0,455,200 trees d=1,0.600352,0.463415,0.136937,0.165493,0.24878,0.083287
xgb_n=200_depth=1_lr=0.03_sub=1.0_col=1.0_l2=10.0_l1=0.1,xgboost,200,1,0.03,1.0,1.0,10.0,0.1,215,200.0,456,200 trees d=1,0.598592,0.463415,0.135177,0.165845,0.24878,0.082935
xgb_n=200_depth=1_lr=0.05_sub=0.8_col=0.8_l2=1.0_l1=0.0,xgboost,200,1,0.05,0.8,0.8,1.0,0.0,215,200.0,457,200 trees d=1,0.649648,0.512195,0.137453,0.135563,0.23252,0.096957
xgb_n=200_depth=1_lr=0.05_sub=0.8_col=0.8_l2=1.0_l1=0.1,xgboost,200,1,0.05,0.8,0.8,1.0,0.1,215,200.0,458,200 trees d=1,0.647887,0.504065,0.143822,0.137324,0.235772,0.098448
xgb_n=200_depth=1_lr=0.05_sub=0.8_col=0.8_l2=5.0_l1=0.0,xgboost,200,1,0.05,0.8,0.8,5.0,0.0,215,200.0,459,200 trees d=1,0.647887,0.536585,0.111302,0.135915,0.213008,0.077093
xgb_n=200_depth=1_lr=0.05_sub=0.8_col=0.8_l2=5.0_l1=0.1,xgboost,200,1,0.05,0.8,0.8,5.0,0.1,215,200.0,460,200 trees d=1,0.649648,0.528455,0.121193,0.134155,0.219512,0.085357
xgb_n=200_depth=1_lr=0.05_sub=0.8_col=0.8_l2=10.0_l1=0.0,xgboost,200,1,0.05,0.8,0.8,10.0,0.0,215,200.0,461,200 trees d=1,0.639085,0.504065,0.13502,0.140141,0.227642,0.087501
xgb_n=200_depth=1_lr=0.05_sub=0.8_col=0.8_l2=10.0_l1=0.1,xgboost,200,1,0.05,0.8,0.8,10.0,0.1,215,200.0,462,200 trees d=1,0.633803,0.495935,0.137868,0.140493,0.235772,0.095279
xgb_n=200_depth=1_lr=0.05_sub=0.8_col=1.0_l2=1.0_l1=0.0,xgboost,200,1,0.05,0.8,1.0,1.0,0.0,215,200.0,463,200 trees d=1,0.665493,0.528455,0.137038,0.129577,0.219512,0.089935
xgb_n=200_depth=1_lr=0.05_sub=0.8_col=1.0_l2=1.0_l1=0.1,xgboost,200,1,0.05,0.8,1.0,1.0,0.1,215,200.0,464,200 trees d=1,0.65669,0.528455,0.128235,0.130634,0.221138,0.090504
xgb_n=200_depth=1_lr=0.05_sub=0.8_col=1.0_l2=5.0_l1=0.0,xgboost,200,1,0.05,0.8,1.0,5.0,0.0,215,200.0,465,200 trees d=1,0.640845,0.552846,0.087999,0.137324,0.203252,0.065928
xgb_n=200_depth=1_lr=0.05_sub=0.8_col=1.0_l2=5.0_l1=0.1,xgboost,200,1,0.05,0.8,1.0,5.0,0.1,215,200.0,466,200 trees d=1,0.651408,0.536585,0.114823,0.135563,0.21626,0.080697
xgb_n=200_depth=1_lr=0.05_sub=0.8_col=1.0_l2=10.0_l1=0.0,xgboost,200,1,0.05,0.8,1.0,10.0,0.0,215,200.0,467,200 trees d=1,0.642606,0.544715,0.097891,0.139085,0.206504,0.067419
xgb_n=200_depth=1_lr=0.05_sub=0.8_col=1.0_l2=10.0_l1=0.1,xgboost,200,1,0.05,0.8,1.0,10.0,0.1,215,200.0,468,200 trees d=1,0.637324,0.536585,0.100739,0.141197,0.209756,0.068559
xgb_n=200_depth=1_lr=0.05_sub=1.0_col=0.8_l2=1.0_l1=0.0,xgboost,200,1,0.05,1.0,0.8,1.0,0.0,215,200.0,469,200 trees d=1,0.630282,0.512195,0.118087,0.14331,0.23252,0.08921
xgb_n=200_depth=1_lr=0.05_sub=1.0_col=0.8_l2=1.0_l1=0.1,xgboost,200,1,0.05,1.0,0.8,1.0,0.1,215,200.0,470,200 trees d=1,0.626761,0.512195,0.114566,0.145423,0.230894,0.085471
xgb_n=200_depth=1_lr=0.05_sub=1.0_col=0.8_l2=5.0_l1=0.0,xgboost,200,1,0.05,1.0,0.8,5.0,0.0,215,200.0,471,200 trees d=1,0.628521,0.504065,0.124456,0.146831,0.234146,0.087315
xgb_n=200_depth=1_lr=0.05_sub=1.0_col=0.8_l2=5.0_l1=0.1,xgboost,200,1,0.05,1.0,0.8,5.0,0.1,215,200.0,472,200 trees d=1,0.626761,0.504065,0.122696,0.147887,0.234146,0.086259
xgb_n=200_depth=1_lr=0.05_sub=1.0_col=0.8_l2=10.0_l1=0.0,xgboost,200,1,0.05,1.0,0.8,10.0,0.0,215,200.0,473,200 trees d=1,0.617958,0.504065,0.113893,0.152817,0.23252,0.079703
xgb_n=200_depth=1_lr=0.05_sub=1.0_col=0.8_l2=10.0_l1=0.1,xgboost,200,1,0.05,1.0,0.8,10.0,0.1,215,200.0,474,200 trees d=1,0.616197,0.495935,0.120262,0.153873,0.235772,0.081899
xgb_n=200_depth=1_lr=0.05_sub=1.0_col=1.0_l2=1.0_l1=0.0,xgboost,200,1,0.05,1.0,1.0,1.0,0.0,215,200.0,475,200 trees d=1,0.628521,0.520325,0.108196,0.144366,0.227642,0.083276
xgb_n=200_depth=1_lr=0.05_sub=1.0_col=1.0_l2=1.0_l1=0.1,xgboost,200,1,0.05,1.0,1.0,1.0,0.1,215,200.0,476,200 trees d=1,0.626761,0.520325,0.106436,0.14507,0.226016,0.080946
xgb_n=200_depth=1_lr=0.05_sub=1.0_col=1.0_l2=5.0_l1=0.0,xgboost,200,1,0.05,1.0,1.0,5.0,0.0,215,200.0,477,200 trees d=1,0.628521,0.504065,0.124456,0.146479,0.234146,0.087667
xgb_n=200_depth=1_lr=0.05_sub=1.0_col=1.0_l2=5.0_l1=0.1,xgboost,200,1,0.05,1.0,1.0,5.0,0.1,215,200.0,478,200 trees d=1,0.619718,0.504065,0.115653,0.149648,0.234146,0.084498
xgb_n=200_depth=1_lr=0.05_sub=1.0_col=1.0_l2=10.0_l1=0.0,xgboost,200,1,0.05,1.0,1.0,10.0,0.0,215,200.0,479,200 trees d=1,0.616197,0.504065,0.112132,0.153521,0.23252,0.078999
xgb_n=200_depth=1_lr=0.05_sub=1.0_col=1.0_l2=10.0_l1=0.1,xgboost,200,1,0.05,1.0,1.0,10.0,0.1,215,200.0,480,200 trees d=1,0.621479,0.495935,0.125544,0.150704,0.235772,0.085068
xgb_n=200_depth=1_lr=0.1_sub=0.8_col=0.8_l2=1.0_l1=0.0,xgboost,200,1,0.1,0.8,0.8,1.0,0.0,215,200.0,481,200 trees d=1,0.681338,0.536585,0.144753,0.113028,0.221138,0.10811
xgb_n=200_depth=1_lr=0.1_sub=0.8_col=0.8_l2=1.0_l1=0.1,xgboost,200,1,0.1,0.8,0.8,1.0,0.1,215,200.0,482,200 trees d=1,0.684859,0.520325,0.164534,0.11162,0.217886,0.106266
xgb_n=200_depth=1_lr=0.1_sub=0.8_col=0.8_l2=5.0_l1=0.0,xgboost,200,1,0.1,0.8,0.8,5.0,0.0,215,200.0,483,200 trees d=1,0.677817,0.536585,0.141232,0.116901,0.222764,0.105863
xgb_n=200_depth=1_lr=0.1_sub=0.8_col=0.8_l2=5.0_l1=0.1,xgboost,200,1,0.1,0.8,0.8,5.0,0.1,215,200.0,484,200 trees d=1,0.667254,0.544715,0.122539,0.122535,0.221138,0.098603
xgb_n=200_depth=1_lr=0.1_sub=0.8_col=0.8_l2=10.0_l1=0.0,xgboost,200,1,0.1,0.8,0.8,10.0,0.0,215,200.0,485,200 trees d=1,0.681338,0.528455,0.152883,0.113732,0.22439,0.110658
xgb_n=200_depth=1_lr=0.1_sub=0.8_col=0.8_l2=10.0_l1=0.1,xgboost,200,1,0.1,0.8,0.8,10.0,0.1,215,200.0,486,200 trees d=1,0.658451,0.520325,0.138126,0.125704,0.229268,0.103564
xgb_n=200_depth=1_lr=0.1_sub=0.8_col=1.0_l2=1.0_l1=0.0,xgboost,200,1,0.1,0.8,1.0,1.0,0.0,215,200.0,487,200 trees d=1,0.704225,0.528455,0.17577,0.101761,0.237398,0.135637
xgb_n=200_depth=1_lr=0.1_sub=0.8_col=1.0_l2=1.0_l1=0.1,xgboost,200,1,0.1,0.8,1.0,1.0,0.1,215,200.0,488,200 trees d=1,0.705986,0.544715,0.161271,0.105986,0.21626,0.110274
xgb_n=200_depth=1_lr=0.1_sub=0.8_col=1.0_l2=5.0_l1=0.0,xgboost,200,1,0.1,0.8,1.0,5.0,0.0,215,200.0,489,200 trees d=1,0.681338,0.560976,0.120362,0.115493,0.204878,0.089385
xgb_n=200_depth=1_lr=0.1_sub=0.8_col=1.0_l2=5.0_l1=0.1,xgboost,200,1,0.1,0.8,1.0,5.0,0.1,215,200.0,490,200 trees d=1,0.679577,0.528455,0.151122,0.117606,0.22439,0.106784
xgb_n=200_depth=1_lr=0.1_sub=0.8_col=1.0_l2=10.0_l1=0.0,xgboost,200,1,0.1,0.8,1.0,10.0,0.0,215,200.0,491,200 trees d=1,0.684859,0.544715,0.140144,0.112324,0.214634,0.10231
xgb_n=200_depth=1_lr=0.1_sub=0.8_col=1.0_l2=10.0_l1=0.1,xgboost,200,1,0.1,0.8,1.0,10.0,0.1,215,200.0,492,200 trees d=1,0.677817,0.544715,0.133102,0.115493,0.219512,0.104019
xgb_n=200_depth=1_lr=0.1_sub=1.0_col=0.8_l2=1.0_l1=0.0,xgboost,200,1,0.1,1.0,0.8,1.0,0.0,215,200.0,493,200 trees d=1,0.661972,0.528455,0.133517,0.121479,0.219512,0.098033
xgb_n=200_depth=1_lr=0.1_sub=1.0_col=0.8_l2=1.0_l1=0.1,xgboost,200,1,0.1,1.0,0.8,1.0,0.1,215,200.0,494,200 trees d=1,0.665493,0.536585,0.128908,0.121831,0.214634,0.092803
xgb_n=200_depth=1_lr=0.1_sub=1.0_col=0.8_l2=5.0_l1=0.0,xgboost,200,1,0.1,1.0,0.8,5.0,0.0,215,200.0,495,200 trees d=1,0.663732,0.528455,0.135277,0.126056,0.214634,0.088578
xgb_n=200_depth=1_lr=0.1_sub=1.0_col=0.8_l2=5.0_l1=0.1,xgboost,200,1,0.1,1.0,0.8,5.0,0.1,215,200.0,496,200 trees d=1,0.663732,0.536585,0.127147,0.126761,0.209756,0.082995
xgb_n=200_depth=1_lr=0.1_sub=1.0_col=0.8_l2=10.0_l1=0.0,xgboost,200,1,0.1,1.0,0.8,10.0,0.0,215,200.0,497,200 trees d=1,0.660211,0.528455,0.131756,0.127817,0.214634,0.086817
xgb_n=200_depth=1_lr=0.1_sub=1.0_col=0.8_l2=10.0_l1=0.1,xgboost,200,1,0.1,1.0,0.8,10.0,0.1,215,200.0,498,200 trees d=1,0.653169,0.520325,0.132844,0.129225,0.21626,0.087035
xgb_n=200_depth=1_lr=0.1_sub=1.0_col=1.0_l2=1.0_l1=0.0,xgboost,200,1,0.1,1.0,1.0,1.0,0.0,215,200.0,499,200 trees d=1,0.663732,0.504065,0.159667,0.121479,0.226016,0.104537
xgb_n=200_depth=1_lr=0.1_sub=1.0_col=1.0_l2=1.0_l1=0.1,xgboost,200,1,0.1,1.0,1.0,1.0,0.1,215,200.0,500,200 trees d=1,0.669014,0.528455,0.140559,0.121127,0.217886,0.096759
xgb_n=200_depth=1_lr=0.1_sub=1.0_col=1.0_l2=5.0_l1=0.0,xgboost,200,1,0.1,1.0,1.0,5.0,0.0,215,200.0,501,200 trees d=1,0.672535,0.536585,0.13595,0.121831,0.213008,0.091177
xgb_n=200_depth=1_lr=0.1_sub=1.0_col=1.0_l2=5.0_l1=0.1,xgboost,200,1,0.1,1.0,1.0,5.0,0.1,215,200.0,502,200 trees d=1,0.665493,0.520325,0.145168,0.125704,0.217886,0.092182
xgb_n=200_depth=1_lr=0.1_sub=1.0_col=1.0_l2=10.0_l1=0.0,xgboost,200,1,0.1,1.0,1.0,10.0,0.0,215,200.0,503,200 trees d=1,0.660211,0.528455,0.131756,0.128521,0.214634,0.086113
xgb_n=200_depth=1_lr=0.1_sub=1.0_col=1.0_l2=10.0_l1=0.1,xgboost,200,1,0.1,1.0,1.0,10.0,0.1,215,200.0,504,200 trees d=1,0.65493,0.520325,0.134605,0.12993,0.21626,0.08633
xgb_n=200_depth=2_lr=0.03_sub=0.8_col=0.8_l2=1.0_l1=0.0,xgboost,200,2,0.03,0.8,0.8,1.0,0.0,215,400.0,505,200 trees d=2,0.746479,0.544715,0.201764,0.081338,0.222764,0.141426
xgb_n=200_depth=2_lr=0.03_sub=0.8_col=0.8_l2=1.0_l1=0.1,xgboost,200,2,0.03,0.8,0.8,1.0,0.1,215,400.0,506,200 trees d=2,0.744718,0.536585,0.208133,0.083099,0.221138,0.138039
xgb_n=200_depth=2_lr=0.03_sub=0.8_col=0.8_l2=5.0_l1=0.0,xgboost,200,2,0.03,0.8,0.8,5.0,0.0,215,400.0,507,200 trees d=2,0.751761,0.528455,0.223306,0.082746,0.227642,0.144896
xgb_n=200_depth=2_lr=0.03_sub=0.8_col=0.8_l2=5.0_l1=0.1,xgboost,200,2,0.03,0.8,0.8,5.0,0.1,215,400.0,508,200 trees d=2,0.741197,0.512195,0.229002,0.085915,0.229268,0.143353
xgb_n=200_depth=2_lr=0.03_sub=0.8_col=0.8_l2=10.0_l1=0.0,xgboost,200,2,0.03,0.8,0.8,10.0,0.0,215,400.0,509,200 trees d=2,0.748239,0.520325,0.227914,0.08662,0.219512,0.132892
xgb_n=200_depth=2_lr=0.03_sub=0.8_col=0.8_l2=10.0_l1=0.1,xgboost,200,2,0.03,0.8,0.8,10.0,0.1,215,400.0,510,200 trees d=2,0.727113,0.520325,0.206788,0.094014,0.222764,0.12875
xgb_n=200_depth=2_lr=0.03_sub=0.8_col=1.0_l2=1.0_l1=0.0,xgboost,200,2,0.03,0.8,1.0,1.0,0.0,215,400.0,511,200 trees d=2,0.753521,0.520325,0.233196,0.081338,0.227642,0.146304
xgb_n=200_depth=2_lr=0.03_sub=0.8_col=1.0_l2=1.0_l1=0.1,xgboost,200,2,0.03,0.8,1.0,1.0,0.1,215,400.0,512,200 trees d=2,0.748239,0.528455,0.219784,0.083803,0.221138,0.137335
xgb_n=200_depth=2_lr=0.03_sub=0.8_col=1.0_l2=5.0_l1=0.0,xgboost,200,2,0.03,0.8,1.0,5.0,0.0,215,400.0,513,200 trees d=2,0.75,0.536585,0.213415,0.084155,0.221138,0.136983
xgb_n=200_depth=2_lr=0.03_sub=0.8_col=1.0_l2=5.0_l1=0.1,xgboost,200,2,0.03,0.8,1.0,5.0,0.1,215,400.0,514,200 trees d=2,0.748239,0.536585,0.211654,0.083803,0.213008,0.129205
xgb_n=200_depth=2_lr=0.03_sub=0.8_col=1.0_l2=10.0_l1=0.0,xgboost,200,2,0.03,0.8,1.0,10.0,0.0,215,400.0,515,200 trees d=2,0.732394,0.528455,0.203939,0.09507,0.222764,0.127694
xgb_n=200_depth=2_lr=0.03_sub=0.8_col=1.0_l2=10.0_l1=0.1,xgboost,200,2,0.03,0.8,1.0,10.0,0.1,215,400.0,516,200 trees d=2,0.728873,0.536585,0.192288,0.094014,0.219512,0.125498
xgb_n=200_depth=2_lr=0.03_sub=1.0_col=0.8_l2=1.0_l1=0.0,xgboost,200,2,0.03,1.0,0.8,1.0,0.0,215,400.0,517,200 trees d=2,0.734155,0.528455,0.2057,0.084859,0.22439,0.139531
xgb_n=200_depth=2_lr=0.03_sub=1.0_col=0.8_l2=1.0_l1=0.1,xgboost,200,2,0.03,1.0,0.8,1.0,0.1,215,400.0,518,200 trees d=2,0.75,0.520325,0.229675,0.079577,0.235772,0.156195
xgb_n=200_depth=2_lr=0.03_sub=1.0_col=0.8_l2=5.0_l1=0.0,xgboost,200,2,0.03,1.0,0.8,5.0,0.0,215,400.0,519,200 trees d=2,0.730634,0.536585,0.194049,0.090141,0.227642,0.137501
xgb_n=200_depth=2_lr=0.03_sub=1.0_col=0.8_l2=5.0_l1=0.1,xgboost,200,2,0.03,1.0,0.8,5.0,0.1,215,400.0,520,200 trees d=2,0.742958,0.528455,0.214503,0.083803,0.234146,0.150343
xgb_n=200_depth=2_lr=0.03_sub=1.0_col=0.8_l2=10.0_l1=0.0,xgboost,200,2,0.03,1.0,0.8,10.0,0.0,215,400.0,521,200 trees d=2,0.730634,0.504065,0.226569,0.091549,0.234146,0.142597
xgb_n=200_depth=2_lr=0.03_sub=1.0_col=0.8_l2=10.0_l1=0.1,xgboost,200,2,0.03,1.0,0.8,10.0,0.1,215,400.0,522,200 trees d=2,0.727113,0.520325,0.206788,0.094366,0.243902,0.149536
xgb_n=200_depth=2_lr=0.03_sub=1.0_col=1.0_l2=1.0_l1=0.0,xgboost,200,2,0.03,1.0,1.0,1.0,0.0,215,400.0,523,200 trees d=2,0.75,0.512195,0.237805,0.079577,0.234146,0.154569
xgb_n=200_depth=2_lr=0.03_sub=1.0_col=1.0_l2=1.0_l1=0.1,xgboost,200,2,0.03,1.0,1.0,1.0,0.1,215,400.0,524,200 trees d=2,0.746479,0.495935,0.250544,0.080634,0.243902,0.163268
xgb_n=200_depth=2_lr=0.03_sub=1.0_col=1.0_l2=5.0_l1=0.0,xgboost,200,2,0.03,1.0,1.0,5.0,0.0,215,400.0,525,200 trees d=2,0.741197,0.487805,0.253392,0.084155,0.234146,0.149991
xgb_n=200_depth=2_lr=0.03_sub=1.0_col=1.0_l2=5.0_l1=0.1,xgboost,200,2,0.03,1.0,1.0,5.0,0.1,215,400.0,526,200 trees d=2,0.741197,0.512195,0.229002,0.085915,0.237398,0.151483
xgb_n=200_depth=2_lr=0.03_sub=1.0_col=1.0_l2=10.0_l1=0.0,xgboost,200,2,0.03,1.0,1.0,10.0,0.0,215,400.0,527,200 trees d=2,0.735915,0.512195,0.22372,0.087324,0.239024,0.1517
xgb_n=200_depth=2_lr=0.03_sub=1.0_col=1.0_l2=10.0_l1=0.1,xgboost,200,2,0.03,1.0,1.0,10.0,0.1,215,400.0,528,200 trees d=2,0.730634,0.487805,0.242829,0.090141,0.245528,0.155387
xgb_n=200_depth=2_lr=0.05_sub=0.8_col=0.8_l2=1.0_l1=0.0,xgboost,200,2,0.05,0.8,0.8,1.0,0.0,215,400.0,529,200 trees d=2,0.809859,0.536585,0.273274,0.05669,0.222764,0.166074
xgb_n=200_depth=2_lr=0.05_sub=0.8_col=0.8_l2=1.0_l1=0.1,xgboost,200,2,0.05,0.8,0.8,1.0,0.1,215,400.0,530,200 trees d=2,0.801056,0.577236,0.22382,0.060563,0.20813,0.147567
xgb_n=200_depth=2_lr=0.05_sub=0.8_col=0.8_l2=5.0_l1=0.0,xgboost,200,2,0.05,0.8,0.8,5.0,0.0,215,400.0,531,200 trees d=2,0.799296,0.504065,0.295231,0.06338,0.23252,0.16914
xgb_n=200_depth=2_lr=0.05_sub=0.8_col=0.8_l2=5.0_l1=0.1,xgboost,200,2,0.05,0.8,0.8,5.0,0.1,215,400.0,532,200 trees d=2,0.794014,0.528455,0.265559,0.065493,0.226016,0.160523
xgb_n=200_depth=2_lr=0.05_sub=0.8_col=0.8_l2=10.0_l1=0.0,xgboost,200,2,0.05,0.8,0.8,10.0,0.0,215,400.0,533,200 trees d=2,0.794014,0.560976,0.233038,0.063732,0.211382,0.14765
xgb_n=200_depth=2_lr=0.05_sub=0.8_col=0.8_l2=10.0_l1=0.1,xgboost,200,2,0.05,0.8,0.8,10.0,0.1,215,400.0,534,200 trees d=2,0.786972,0.552846,0.234126,0.066549,0.211382,0.144833
xgb_n=200_depth=2_lr=0.05_sub=0.8_col=1.0_l2=1.0_l1=0.0,xgboost,200,2,0.05,0.8,1.0,1.0,0.0,215,400.0,535,200 trees d=2,0.81338,0.512195,0.301185,0.055634,0.23252,0.176886
xgb_n=200_depth=2_lr=0.05_sub=0.8_col=1.0_l2=1.0_l1=0.1,xgboost,200,2,0.05,0.8,1.0,1.0,0.1,215,400.0,536,200 trees d=2,0.820423,0.560976,0.259447,0.053169,0.204878,0.151709
xgb_n=200_depth=2_lr=0.05_sub=0.8_col=1.0_l2=5.0_l1=0.0,xgboost,200,2,0.05,0.8,1.0,5.0,0.0,215,400.0,537,200 trees d=2,0.792254,0.577236,0.215018,0.065493,0.201626,0.136133
xgb_n=200_depth=2_lr=0.05_sub=0.8_col=1.0_l2=5.0_l1=0.1,xgboost,200,2,0.05,0.8,1.0,5.0,0.1,215,400.0,538,200 trees d=2,0.790493,0.536585,0.253908,0.066549,0.22439,0.157841
xgb_n=200_depth=2_lr=0.05_sub=0.8_col=1.0_l2=10.0_l1=0.0,xgboost,200,2,0.05,0.8,1.0,10.0,0.0,215,400.0,539,200 trees d=2,0.799296,0.552846,0.24645,0.065845,0.206504,0.140659
xgb_n=200_depth=2_lr=0.05_sub=0.8_col=1.0_l2=10.0_l1=0.1,xgboost,200,2,0.05,0.8,1.0,10.0,0.1,215,400.0,540,200 trees d=2,0.785211,0.504065,0.281146,0.068662,0.226016,0.157354
xgb_n=200_depth=2_lr=0.05_sub=1.0_col=0.8_l2=1.0_l1=0.0,xgboost,200,2,0.05,1.0,0.8,1.0,0.0,215,400.0,541,200 trees d=2,0.786972,0.512195,0.274777,0.065141,0.227642,0.162501
xgb_n=200_depth=2_lr=0.05_sub=1.0_col=0.8_l2=1.0_l1=0.1,xgboost,200,2,0.05,1.0,0.8,1.0,0.1,215,400.0,542,200 trees d=2,0.801056,0.528455,0.272601,0.058099,0.213008,0.154909
xgb_n=200_depth=2_lr=0.05_sub=1.0_col=0.8_l2=5.0_l1=0.0,xgboost,200,2,0.05,1.0,0.8,5.0,0.0,215,400.0,543,200 trees d=2,0.77993,0.512195,0.267735,0.065141,0.226016,0.160875
xgb_n=200_depth=2_lr=0.05_sub=1.0_col=0.8_l2=5.0_l1=0.1,xgboost,200,2,0.05,1.0,0.8,5.0,0.1,215,400.0,544,200 trees d=2,0.786972,0.536585,0.250387,0.063732,0.214634,0.150902
xgb_n=200_depth=2_lr=0.05_sub=1.0_col=0.8_l2=10.0_l1=0.0,xgboost,200,2,0.05,1.0,0.8,10.0,0.0,215,400.0,545,200 trees d=2,0.771127,0.487805,0.283322,0.069718,0.234146,0.164428
xgb_n=200_depth=2_lr=0.05_sub=1.0_col=0.8_l2=10.0_l1=0.1,xgboost,200,2,0.05,1.0,0.8,10.0,0.1,215,400.0,546,200 trees d=2,0.783451,0.512195,0.271256,0.064085,0.227642,0.163557
xgb_n=200_depth=2_lr=0.05_sub=1.0_col=1.0_l2=1.0_l1=0.0,xgboost,200,2,0.05,1.0,1.0,1.0,0.0,215,400.0,547,200 trees d=2,0.797535,0.544715,0.25282,0.058099,0.201626,0.143527
xgb_n=200_depth=2_lr=0.05_sub=1.0_col=1.0_l2=1.0_l1=0.1,xgboost,200,2,0.05,1.0,1.0,1.0,0.1,215,400.0,548,200 trees d=2,0.78169,0.528455,0.253235,0.064789,0.20813,0.143341
xgb_n=200_depth=2_lr=0.05_sub=1.0_col=1.0_l2=5.0_l1=0.0,xgboost,200,2,0.05,1.0,1.0,5.0,0.0,215,400.0,549,200 trees d=2,0.783451,0.512195,0.271256,0.064437,0.221138,0.156701
xgb_n=200_depth=2_lr=0.05_sub=1.0_col=1.0_l2=5.0_l1=0.1,xgboost,200,2,0.05,1.0,1.0,5.0,0.1,215,400.0,550,200 trees d=2,0.77993,0.536585,0.243345,0.065493,0.20813,0.142637
xgb_n=200_depth=2_lr=0.05_sub=1.0_col=1.0_l2=10.0_l1=0.0,xgboost,200,2,0.05,1.0,1.0,10.0,0.0,215,400.0,551,200 trees d=2,0.774648,0.504065,0.270583,0.068662,0.227642,0.15898
xgb_n=200_depth=2_lr=0.05_sub=1.0_col=1.0_l2=10.0_l1=0.1,xgboost,200,2,0.05,1.0,1.0,10.0,0.1,215,400.0,552,200 trees d=2,0.77993,0.504065,0.275865,0.066901,0.217886,0.150985
xgb_n=200_depth=2_lr=0.1_sub=0.8_col=0.8_l2=1.0_l1=0.0,xgboost,200,2,0.1,0.8,0.8,1.0,0.0,215,400.0,553,200 trees d=2,0.903169,0.447154,0.456015,0.024296,0.256911,0.232615
xgb_n=200_depth=2_lr=0.1_sub=0.8_col=0.8_l2=1.0_l1=0.1,xgboost,200,2,0.1,0.8,0.8,1.0,0.1,215,400.0,554,200 trees d=2,0.890845,0.520325,0.37052,0.029577,0.24065,0.211073
xgb_n=200_depth=2_lr=0.1_sub=0.8_col=0.8_l2=5.0_l1=0.0,xgboost,200,2,0.1,0.8,0.8,5.0,0.0,215,400.0,555,200 trees d=2,0.876761,0.552846,0.323915,0.032042,0.221138,0.189096
xgb_n=200_depth=2_lr=0.1_sub=0.8_col=0.8_l2=5.0_l1=0.1,xgboost,200,2,0.1,0.8,0.8,5.0,0.1,215,400.0,556,200 trees d=2,0.873239,0.528455,0.344784,0.035211,0.23252,0.197309
xgb_n=200_depth=2_lr=0.1_sub=0.8_col=0.8_l2=10.0_l1=0.0,xgboost,200,2,0.1,0.8,0.8,10.0,0.0,215,400.0,557,200 trees d=2,0.859155,0.536585,0.32257,0.03662,0.227642,0.191022
xgb_n=200_depth=2_lr=0.1_sub=0.8_col=0.8_l2=10.0_l1=0.1,xgboost,200,2,0.1,0.8,0.8,10.0,0.1,215,400.0,558,200 trees d=2,0.866197,0.560976,0.305221,0.037324,0.214634,0.17731
xgb_n=200_depth=2_lr=0.1_sub=0.8_col=1.0_l2=1.0_l1=0.0,xgboost,200,2,0.1,0.8,1.0,1.0,0.0,215,400.0,559,200 trees d=2,0.894366,0.479675,0.414691,0.027465,0.237398,0.209933
xgb_n=200_depth=2_lr=0.1_sub=0.8_col=1.0_l2=1.0_l1=0.1,xgboost,200,2,0.1,0.8,1.0,1.0,0.1,215,400.0,560,200 trees d=2,0.883803,0.512195,0.371608,0.029577,0.234146,0.204569
xgb_n=200_depth=2_lr=0.1_sub=0.8_col=1.0_l2=5.0_l1=0.0,xgboost,200,2,0.1,0.8,1.0,5.0,0.0,215,400.0,561,200 trees d=2,0.878521,0.520325,0.358196,0.032042,0.222764,0.190722
xgb_n=200_depth=2_lr=0.1_sub=0.8_col=1.0_l2=5.0_l1=0.1,xgboost,200,2,0.1,0.8,1.0,5.0,0.1,215,400.0,562,200 trees d=2,0.892606,0.520325,0.372281,0.028169,0.226016,0.197847
xgb_n=200_depth=2_lr=0.1_sub=0.8_col=1.0_l2=10.0_l1=0.0,xgboost,200,2,0.1,0.8,1.0,10.0,0.0,215,400.0,563,200 trees d=2,0.885563,0.520325,0.365238,0.030282,0.222764,0.192482
xgb_n=200_depth=2_lr=0.1_sub=0.8_col=1.0_l2=10.0_l1=0.1,xgboost,200,2,0.1,0.8,1.0,10.0,0.1,215,400.0,564,200 trees d=2,0.873239,0.520325,0.352914,0.033099,0.24065,0.207551
xgb_n=200_depth=2_lr=0.1_sub=1.0_col=0.8_l2=1.0_l1=0.0,xgboost,200,2,0.1,1.0,0.8,1.0,0.0,215,400.0,565,200 trees d=2,0.887324,0.504065,0.383259,0.028873,0.222764,0.193891
xgb_n=200_depth=2_lr=0.1_sub=1.0_col=0.8_l2=1.0_l1=0.1,xgboost,200,2,0.1,1.0,0.8,1.0,0.1,215,400.0,566,200 trees d=2,0.869718,0.512195,0.357523,0.033451,0.221138,0.187687
xgb_n=200_depth=2_lr=0.1_sub=1.0_col=0.8_l2=5.0_l1=0.0,xgboost,200,2,0.1,1.0,0.8,5.0,0.0,215,400.0,567,200 trees d=2,0.859155,0.471545,0.38761,0.036268,0.239024,0.202756
xgb_n=200_depth=2_lr=0.1_sub=1.0_col=0.8_l2=5.0_l1=0.1,xgboost,200,2,0.1,1.0,0.8,5.0,0.1,215,400.0,568,200 trees d=2,0.867958,0.471545,0.396413,0.034507,0.237398,0.202891
xgb_n=200_depth=2_lr=0.1_sub=1.0_col=0.8_l2=10.0_l1=0.0,xgboost,200,2,0.1,1.0,0.8,10.0,0.0,215,400.0,569,200 trees d=2,0.853873,0.487805,0.366068,0.040845,0.243902,0.203057
xgb_n=200_depth=2_lr=0.1_sub=1.0_col=0.8_l2=10.0_l1=0.1,xgboost,200,2,0.1,1.0,0.8,10.0,0.1,215,400.0,570,200 trees d=2,0.862676,0.495935,0.366741,0.036972,0.235772,0.1988
xgb_n=200_depth=2_lr=0.1_sub=1.0_col=1.0_l2=1.0_l1=0.0,xgboost,200,2,0.1,1.0,1.0,1.0,0.0,215,400.0,571,200 trees d=2,0.876761,0.479675,0.397086,0.030634,0.230894,0.20026
xgb_n=200_depth=2_lr=0.1_sub=1.0_col=1.0_l2=1.0_l1=0.1,xgboost,200,2,0.1,1.0,1.0,1.0,0.1,215,400.0,572,200 trees d=2,0.866197,0.495935,0.370262,0.033803,0.222764,0.188961
xgb_n=200_depth=2_lr=0.1_sub=1.0_col=1.0_l2=5.0_l1=0.0,xgboost,200,2,0.1,1.0,1.0,5.0,0.0,215,400.0,573,200 trees d=2,0.862676,0.504065,0.358611,0.035915,0.230894,0.194979
xgb_n=200_depth=2_lr=0.1_sub=1.0_col=1.0_l2=5.0_l1=0.1,xgboost,200,2,0.1,1.0,1.0,5.0,0.1,215,400.0,574,200 trees d=2,0.862676,0.487805,0.374871,0.036972,0.24065,0.203678
xgb_n=200_depth=2_lr=0.1_sub=1.0_col=1.0_l2=10.0_l1=0.0,xgboost,200,2,0.1,1.0,1.0,10.0,0.0,215,400.0,575,200 trees d=2,0.84507,0.479675,0.365395,0.039789,0.242276,0.202487
xgb_n=200_depth=2_lr=0.1_sub=1.0_col=1.0_l2=10.0_l1=0.1,xgboost,200,2,0.1,1.0,1.0,10.0,0.1,215,400.0,576,200 trees d=2,0.846831,0.479675,0.367156,0.042254,0.235772,0.193518
xgb_n=200_depth=3_lr=0.03_sub=0.8_col=0.8_l2=1.0_l1=0.0,xgboost,200,3,0.03,0.8,0.8,1.0,0.0,215,600.0,577,200 trees d=3,0.880282,0.520325,0.359957,0.030986,0.22439,0.193404
xgb_n=200_depth=3_lr=0.03_sub=0.8_col=0.8_l2=1.0_l1=0.1,xgboost,200,3,0.03,0.8,0.8,1.0,0.1,215,600.0,578,200 trees d=3,0.876761,0.560976,0.315785,0.033803,0.214634,0.180831
xgb_n=200_depth=3_lr=0.03_sub=0.8_col=0.8_l2=5.0_l1=0.0,xgboost,200,3,0.03,0.8,0.8,5.0,0.0,215,600.0,579,200 trees d=3,0.855634,0.544715,0.310919,0.039085,0.204878,0.165793
xgb_n=200_depth=3_lr=0.03_sub=0.8_col=0.8_l2=5.0_l1=0.1,xgboost,200,3,0.03,0.8,0.8,5.0,0.1,215,600.0,580,200 trees d=3,0.860915,0.552846,0.308069,0.038028,0.209756,0.171728
xgb_n=200_depth=3_lr=0.03_sub=0.8_col=0.8_l2=10.0_l1=0.0,xgboost,200,3,0.03,0.8,0.8,10.0,0.0,215,600.0,581,200 trees d=3,0.846831,0.552846,0.293985,0.041901,0.219512,0.177611
xgb_n=200_depth=3_lr=0.03_sub=0.8_col=0.8_l2=10.0_l1=0.1,xgboost,200,3,0.03,0.8,0.8,10.0,0.1,215,600.0,582,200 trees d=3,0.852113,0.560976,0.291137,0.041197,0.206504,0.165307
xgb_n=200_depth=3_lr=0.03_sub=0.8_col=1.0_l2=1.0_l1=0.0,xgboost,200,3,0.03,0.8,1.0,1.0,0.0,215,600.0,583,200 trees d=3,0.882042,0.512195,0.369847,0.030634,0.23252,0.201886
xgb_n=200_depth=3_lr=0.03_sub=0.8_col=1.0_l2=1.0_l1=0.1,xgboost,200,3,0.03,0.8,1.0,1.0,0.1,215,600.0,584,200 trees d=3,0.878521,0.528455,0.350066,0.033451,0.226016,0.192565
xgb_n=200_depth=3_lr=0.03_sub=0.8_col=1.0_l2=5.0_l1=0.0,xgboost,200,3,0.03,0.8,1.0,5.0,0.0,215,600.0,585,200 trees d=3,0.860915,0.528455,0.33246,0.037324,0.229268,0.191944
xgb_n=200_depth=3_lr=0.03_sub=0.8_col=1.0_l2=5.0_l1=0.1,xgboost,200,3,0.03,0.8,1.0,5.0,0.1,215,600.0,586,200 trees d=3,0.852113,0.552846,0.299267,0.040845,0.219512,0.178667
xgb_n=200_depth=3_lr=0.03_sub=0.8_col=1.0_l2=10.0_l1=0.0,xgboost,200,3,0.03,0.8,1.0,10.0,0.0,215,600.0,587,200 trees d=3,0.852113,0.536585,0.315528,0.040845,0.221138,0.180293
xgb_n=200_depth=3_lr=0.03_sub=0.8_col=1.0_l2=10.0_l1=0.1,xgboost,200,3,0.03,0.8,1.0,10.0,0.1,215,600.0,588,200 trees d=3,0.839789,0.536585,0.303204,0.044366,0.221138,0.176772
xgb_n=200_depth=3_lr=0.03_sub=1.0_col=0.8_l2=1.0_l1=0.0,xgboost,200,3,0.03,1.0,0.8,1.0,0.0,215,600.0,589,200 trees d=3,0.852113,0.577236,0.274877,0.039437,0.19187,0.152433
xgb_n=200_depth=3_lr=0.03_sub=1.0_col=0.8_l2=1.0_l1=0.1,xgboost,200,3,0.03,1.0,0.8,1.0,0.1,215,600.0,590,200 trees d=3,0.855634,0.552846,0.302788,0.039085,0.222764,0.183679
xgb_n=200_depth=3_lr=0.03_sub=1.0_col=0.8_l2=5.0_l1=0.0,xgboost,200,3,0.03,1.0,0.8,5.0,0.0,215,600.0,591,200 trees d=3,0.853873,0.520325,0.333548,0.039437,0.221138,0.181701
xgb_n=200_depth=3_lr=0.03_sub=1.0_col=0.8_l2=5.0_l1=0.1,xgboost,200,3,0.03,1.0,0.8,5.0,0.1,215,600.0,592,200 trees d=3,0.853873,0.504065,0.349808,0.039437,0.234146,0.194709
xgb_n=200_depth=3_lr=0.03_sub=1.0_col=0.8_l2=10.0_l1=0.0,xgboost,200,3,0.03,1.0,0.8,10.0,0.0,215,600.0,593,200 trees d=3,0.846831,0.479675,0.367156,0.039789,0.252033,0.212244
xgb_n=200_depth=3_lr=0.03_sub=1.0_col=0.8_l2=10.0_l1=0.1,xgboost,200,3,0.03,1.0,0.8,10.0,0.1,215,600.0,594,200 trees d=3,0.841549,0.504065,0.337484,0.04507,0.230894,0.185824
xgb_n=200_depth=3_lr=0.03_sub=1.0_col=1.0_l2=1.0_l1=0.0,xgboost,200,3,0.03,1.0,1.0,1.0,0.0,215,600.0,595,200 trees d=3,0.862676,0.536585,0.326091,0.036268,0.21626,0.179992
xgb_n=200_depth=3_lr=0.03_sub=1.0_col=1.0_l2=1.0_l1=0.1,xgboost,200,3,0.03,1.0,1.0,1.0,0.1,215,600.0,596,200 trees d=3,0.857394,0.536585,0.320809,0.038028,0.201626,0.163598
xgb_n=200_depth=3_lr=0.03_sub=1.0_col=1.0_l2=5.0_l1=0.0,xgboost,200,3,0.03,1.0,1.0,5.0,0.0,215,600.0,597,200 trees d=3,0.857394,0.528455,0.328939,0.038028,0.227642,0.189614
xgb_n=200_depth=3_lr=0.03_sub=1.0_col=1.0_l2=5.0_l1=0.1,xgboost,200,3,0.03,1.0,1.0,5.0,0.1,215,600.0,598,200 trees d=3,0.852113,0.520325,0.331788,0.038732,0.234146,0.195414
xgb_n=200_depth=3_lr=0.03_sub=1.0_col=1.0_l2=10.0_l1=0.0,xgboost,200,3,0.03,1.0,1.0,10.0,0.0,215,600.0,599,200 trees d=3,0.846831,0.528455,0.318376,0.040141,0.219512,0.179371
xgb_n=200_depth=3_lr=0.03_sub=1.0_col=1.0_l2=10.0_l1=0.1,xgboost,200,3,0.03,1.0,1.0,10.0,0.1,215,600.0,600,200 trees d=3,0.84507,0.512195,0.332875,0.041549,0.230894,0.189345
xgb_n=200_depth=3_lr=0.05_sub=0.8_col=0.8_l2=1.0_l1=0.0,xgboost,200,3,0.05,0.8,0.8,1.0,0.0,215,600.0,601,200 trees d=3,0.922535,0.528455,0.39408,0.017254,0.226016,0.208762
xgb_n=200_depth=3_lr=0.05_sub=0.8_col=0.8_l2=1.0_l1=0.1,xgboost,200,3,0.05,0.8,0.8,1.0,0.1,215,600.0,602,200 trees d=3,0.922535,0.552846,0.369689,0.017958,0.217886,0.199928
xgb_n=200_depth=3_lr=0.05_sub=0.8_col=0.8_l2=5.0_l1=0.0,xgboost,200,3,0.05,0.8,0.8,5.0,0.0,215,600.0,603,200 trees d=3,0.915493,0.512195,0.403298,0.019718,0.235772,0.216054
xgb_n=200_depth=3_lr=0.05_sub=0.8_col=0.8_l2=5.0_l1=0.1,xgboost,200,3,0.05,0.8,0.8,5.0,0.1,215,600.0,604,200 trees d=3,0.910211,0.528455,0.381756,0.021479,0.227642,0.206163
xgb_n=200_depth=3_lr=0.05_sub=0.8_col=0.8_l2=10.0_l1=0.0,xgboost,200,3,0.05,0.8,0.8,10.0,0.0,215,600.0,605,200 trees d=3,0.90669,0.528455,0.378235,0.022887,0.219512,0.196625
xgb_n=200_depth=3_lr=0.05_sub=0.8_col=0.8_l2=10.0_l1=0.1,xgboost,200,3,0.05,0.8,0.8,10.0,0.1,215,600.0,606,200 trees d=3,0.911972,0.552846,0.359126,0.021479,0.211382,0.189903
xgb_n=200_depth=3_lr=0.05_sub=0.8_col=1.0_l2=1.0_l1=0.0,xgboost,200,3,0.05,0.8,1.0,1.0,0.0,215,600.0,607,200 trees d=3,0.931338,0.479675,0.451663,0.015493,0.242276,0.226783
xgb_n=200_depth=3_lr=0.05_sub=0.8_col=1.0_l2=1.0_l1=0.1,xgboost,200,3,0.05,0.8,1.0,1.0,0.1,215,600.0,608,200 trees d=3,0.93662,0.495935,0.440685,0.014085,0.221138,0.207053
xgb_n=200_depth=3_lr=0.05_sub=0.8_col=1.0_l2=5.0_l1=0.0,xgboost,200,3,0.05,0.8,1.0,5.0,0.0,215,600.0,609,200 trees d=3,0.929577,0.512195,0.417382,0.016197,0.230894,0.214697
xgb_n=200_depth=3_lr=0.05_sub=0.8_col=1.0_l2=5.0_l1=0.1,xgboost,200,3,0.05,0.8,1.0,5.0,0.1,215,600.0,610,200 trees d=3,0.911972,0.552846,0.359126,0.021479,0.211382,0.189903
xgb_n=200_depth=3_lr=0.05_sub=0.8_col=1.0_l2=10.0_l1=0.0,xgboost,200,3,0.05,0.8,1.0,10.0,0.0,215,600.0,611,200 trees d=3,0.915493,0.504065,0.411428,0.019718,0.229268,0.20955
xgb_n=200_depth=3_lr=0.05_sub=0.8_col=1.0_l2=10.0_l1=0.1,xgboost,200,3,0.05,0.8,1.0,10.0,0.1,215,600.0,612,200 trees d=3,0.915493,0.544715,0.370778,0.02007,0.209756,0.189686
xgb_n=200_depth=3_lr=0.05_sub=1.0_col=0.8_l2=1.0_l1=0.0,xgboost,200,3,0.05,1.0,0.8,1.0,0.0,215,600.0,613,200 trees d=3,0.913732,0.528455,0.385277,0.020775,0.219512,0.198737
xgb_n=200_depth=3_lr=0.05_sub=1.0_col=0.8_l2=1.0_l1=0.1,xgboost,200,3,0.05,1.0,0.8,1.0,0.1,215,600.0,614,200 trees d=3,0.908451,0.504065,0.404386,0.022887,0.235772,0.212885
xgb_n=200_depth=3_lr=0.05_sub=1.0_col=0.8_l2=5.0_l1=0.0,xgboost,200,3,0.05,1.0,0.8,5.0,0.0,215,600.0,615,200 trees d=3,0.896127,0.455285,0.440842,0.024648,0.261789,0.237141
xgb_n=200_depth=3_lr=0.05_sub=1.0_col=0.8_l2=5.0_l1=0.1,xgboost,200,3,0.05,1.0,0.8,5.0,0.1,215,600.0,616,200 trees d=3,0.90493,0.495935,0.408995,0.022887,0.235772,0.212885
xgb_n=200_depth=3_lr=0.05_sub=1.0_col=0.8_l2=10.0_l1=0.0,xgboost,200,3,0.05,1.0,0.8,10.0,0.0,215,600.0,617,200 trees d=3,0.892606,0.512195,0.380411,0.027465,0.242276,0.214811
xgb_n=200_depth=3_lr=0.05_sub=1.0_col=0.8_l2=10.0_l1=0.1,xgboost,200,3,0.05,1.0,0.8,10.0,0.1,215,600.0,618,200 trees d=3,0.885563,0.495935,0.389628,0.028521,0.239024,0.210503
xgb_n=200_depth=3_lr=0.05_sub=1.0_col=1.0_l2=1.0_l1=0.0,xgboost,200,3,0.05,1.0,1.0,1.0,0.0,215,600.0,619,200 trees d=3,0.911972,0.487805,0.424167,0.021831,0.243902,0.222071
xgb_n=200_depth=3_lr=0.05_sub=1.0_col=1.0_l2=1.0_l1=0.1,xgboost,200,3,0.05,1.0,1.0,1.0,0.1,215,600.0,620,200 trees d=3,0.90493,0.512195,0.392735,0.022887,0.22439,0.201503
xgb_n=200_depth=3_lr=0.05_sub=1.0_col=1.0_l2=5.0_l1=0.0,xgboost,200,3,0.05,1.0,1.0,5.0,0.0,215,600.0,621,200 trees d=3,0.903169,0.512195,0.390974,0.022535,0.230894,0.208359
xgb_n=200_depth=3_lr=0.05_sub=1.0_col=1.0_l2=5.0_l1=0.1,xgboost,200,3,0.05,1.0,1.0,5.0,0.1,215,600.0,622,200 trees d=3,0.897887,0.504065,0.393822,0.024296,0.239024,0.214728
xgb_n=200_depth=3_lr=0.05_sub=1.0_col=1.0_l2=10.0_l1=0.0,xgboost,200,3,0.05,1.0,1.0,10.0,0.0,215,600.0,623,200 trees d=3,0.894366,0.520325,0.374041,0.026408,0.213008,0.1866
xgb_n=200_depth=3_lr=0.05_sub=1.0_col=1.0_l2=10.0_l1=0.1,xgboost,200,3,0.05,1.0,1.0,10.0,0.1,215,600.0,624,200 trees d=3,0.903169,0.520325,0.382844,0.023944,0.226016,0.202072
xgb_n=200_depth=3_lr=0.1_sub=0.8_col=0.8_l2=1.0_l1=0.0,xgboost,200,3,0.1,0.8,0.8,1.0,0.0,215,600.0,625,200 trees d=3,0.966549,0.479675,0.486874,0.007042,0.24065,0.233608
xgb_n=200_depth=3_lr=0.1_sub=0.8_col=0.8_l2=1.0_l1=0.1,xgboost,200,3,0.1,0.8,0.8,1.0,0.1,215,600.0,626,200 trees d=3,0.971831,0.536585,0.435246,0.005986,0.226016,0.22003
xgb_n=200_depth=3_lr=0.1_sub=0.8_col=0.8_l2=5.0_l1=0.0,xgboost,200,3,0.1,0.8,0.8,5.0,0.0,215,600.0,627,200 trees d=3,0.957746,0.504065,0.453681,0.009507,0.227642,0.218135
xgb_n=200_depth=3_lr=0.1_sub=0.8_col=0.8_l2=5.0_l1=0.1,xgboost,200,3,0.1,0.8,0.8,5.0,0.1,215,600.0,628,200 trees d=3,0.966549,0.504065,0.462484,0.007042,0.22439,0.217348
xgb_n=200_depth=3_lr=0.1_sub=0.8_col=0.8_l2=10.0_l1=0.0,xgboost,200,3,0.1,0.8,0.8,10.0,0.0,215,600.0,629,200 trees d=3,0.959507,0.512195,0.447312,0.009507,0.227642,0.218135
xgb_n=200_depth=3_lr=0.1_sub=0.8_col=0.8_l2=10.0_l1=0.1,xgboost,200,3,0.1,0.8,0.8,10.0,0.1,215,600.0,630,200 trees d=3,0.959507,0.544715,0.414792,0.009155,0.201626,0.192471
xgb_n=200_depth=3_lr=0.1_sub=0.8_col=1.0_l2=1.0_l1=0.0,xgboost,200,3,0.1,0.8,1.0,1.0,0.0,215,600.0,631,200 trees d=3,0.973592,0.520325,0.453267,0.005634,0.23252,0.226886
xgb_n=200_depth=3_lr=0.1_sub=0.8_col=1.0_l2=1.0_l1=0.1,xgboost,200,3,0.1,0.8,1.0,1.0,0.1,215,600.0,632,200 trees d=3,0.971831,0.528455,0.443376,0.005986,0.226016,0.22003
xgb_n=200_depth=3_lr=0.1_sub=0.8_col=1.0_l2=5.0_l1=0.0,xgboost,200,3,0.1,0.8,1.0,5.0,0.0,215,600.0,633,200 trees d=3,0.973592,0.495935,0.477657,0.005282,0.226016,0.220734
xgb_n=200_depth=3_lr=0.1_sub=0.8_col=1.0_l2=5.0_l1=0.1,xgboost,200,3,0.1,0.8,1.0,5.0,0.1,215,600.0,634,200 trees d=3,0.964789,0.463415,0.501374,0.007746,0.261789,0.254043
xgb_n=200_depth=3_lr=0.1_sub=0.8_col=1.0_l2=10.0_l1=0.0,xgboost,200,3,0.1,0.8,1.0,10.0,0.0,215,600.0,635,200 trees d=3,0.954225,0.528455,0.42577,0.010563,0.230894,0.220331
xgb_n=200_depth=3_lr=0.1_sub=0.8_col=1.0_l2=10.0_l1=0.1,xgboost,200,3,0.1,0.8,1.0,10.0,0.1,215,600.0,636,200 trees d=3,0.96831,0.552846,0.415464,0.007042,0.204878,0.197836
xgb_n=200_depth=3_lr=0.1_sub=1.0_col=0.8_l2=1.0_l1=0.0,xgboost,200,3,0.1,1.0,0.8,1.0,0.0,215,600.0,637,200 trees d=3,0.971831,0.520325,0.451506,0.005986,0.222764,0.216778
xgb_n=200_depth=3_lr=0.1_sub=1.0_col=0.8_l2=1.0_l1=0.1,xgboost,200,3,0.1,1.0,0.8,1.0,0.1,215,600.0,638,200 trees d=3,0.97007,0.528455,0.441615,0.006338,0.221138,0.2148
xgb_n=200_depth=3_lr=0.1_sub=1.0_col=0.8_l2=5.0_l1=0.0,xgboost,200,3,0.1,1.0,0.8,5.0,0.0,215,600.0,639,200 trees d=3,0.957746,0.487805,0.469941,0.009155,0.242276,0.233121
xgb_n=200_depth=3_lr=0.1_sub=1.0_col=0.8_l2=5.0_l1=0.1,xgboost,200,3,0.1,1.0,0.8,5.0,0.1,215,600.0,640,200 trees d=3,0.961268,0.495935,0.465333,0.008451,0.243902,0.235451
xgb_n=200_depth=3_lr=0.1_sub=1.0_col=0.8_l2=10.0_l1=0.0,xgboost,200,3,0.1,1.0,0.8,10.0,0.0,215,600.0,641,200 trees d=3,0.948944,0.487805,0.461139,0.010915,0.234146,0.223231
xgb_n=200_depth=3_lr=0.1_sub=1.0_col=0.8_l2=10.0_l1=0.1,xgboost,200,3,0.1,1.0,0.8,10.0,0.1,215,600.0,642,200 trees d=3,0.950704,0.487805,0.462899,0.010915,0.243902,0.232987
xgb_n=200_depth=3_lr=0.1_sub=1.0_col=1.0_l2=1.0_l1=0.0,xgboost,200,3,0.1,1.0,1.0,1.0,0.0,215,600.0,643,200 trees d=3,0.971831,0.504065,0.467766,0.005986,0.239024,0.233038
xgb_n=200_depth=3_lr=0.1_sub=1.0_col=1.0_l2=1.0_l1=0.1,xgboost,200,3,0.1,1.0,1.0,1.0,0.1,215,600.0,644,200 trees d=3,0.966549,0.520325,0.446224,0.007042,0.222764,0.215722
xgb_n=200_depth=3_lr=0.1_sub=1.0_col=1.0_l2=5.0_l1=0.0,xgboost,200,3,0.1,1.0,1.0,5.0,0.0,215,600.0,645,200 trees d=3,0.957746,0.520325,0.437421,0.009155,0.229268,0.220113
xgb_n=200_depth=3_lr=0.1_sub=1.0_col=1.0_l2=5.0_l1=0.1,xgboost,200,3,0.1,1.0,1.0,5.0,0.1,215,600.0,646,200 trees d=3,0.959507,0.479675,0.479832,0.008451,0.23252,0.224069
xgb_n=200_depth=3_lr=0.1_sub=1.0_col=1.0_l2=10.0_l1=0.0,xgboost,200,3,0.1,1.0,1.0,10.0,0.0,215,600.0,647,200 trees d=3,0.957746,0.504065,0.453681,0.009507,0.237398,0.227891
xgb_n=200_depth=3_lr=0.1_sub=1.0_col=1.0_l2=10.0_l1=0.1,xgboost,200,3,0.1,1.0,1.0,10.0,0.1,215,600.0,648,200 trees d=3,0.963028,0.471545,0.491483,0.008099,0.245528,0.237429
