candidate_id,kind,n_estimators,max_depth,learning_rate,subsample,colsample_bytree,reg_lambda,reg_alpha,seed,complexity_score,complexity_order,complexity_label,train_top1_hit_rate,validation_top1_hit_rate,top1_hit_rate_gap,train_mean_regret,validation_mean_regret,mean_regret_gap
xgb_n=50_depth=1_lr=0.03_sub=0.8_col=0.8_l2=1.0_l1=0.0,xgboost,50,1,0.03,0.8,0.8,1.0,0.0,215,50.0,1,50 trees d=1,0.535211,0.463415,0.071796,0.210211,0.253659,0.043448
xgb_n=50_depth=1_lr=0.03_sub=0.8_col=0.8_l2=1.0_l1=0.1,xgboost,50,1,0.03,0.8,0.8,1.0,0.1,215,50.0,2,50 trees d=1,0.540493,0.504065,0.036428,0.205986,0.239024,0.033038
xgb_n=50_depth=1_lr=0.03_sub=0.8_col=0.8_l2=5.0_l1=0.0,xgboost,50,1,0.03,0.8,0.8,5.0,0.0,215,50.0,3,50 trees d=1,0.53169,0.479675,0.052015,0.212324,0.243902,0.031578
xgb_n=50_depth=1_lr=0.03_sub=0.8_col=0.8_l2=5.0_l1=0.1,xgboost,50,1,0.03,0.8,0.8,5.0,0.1,215,50.0,4,50 trees d=1,0.533451,0.479675,0.053776,0.21338,0.243902,0.030522
xgb_n=50_depth=1_lr=0.03_sub=0.8_col=0.8_l2=10.0_l1=0.0,xgboost,50,1,0.03,0.8,0.8,10.0,0.0,215,50.0,5,50 trees d=1,0.535211,0.487805,0.047406,0.212676,0.243902,0.031226
xgb_n=50_depth=1_lr=0.03_sub=0.8_col=0.8_l2=10.0_l1=0.1,xgboost,50,1,0.03,0.8,0.8,10.0,0.1,215,50.0,6,50 trees d=1,0.536972,0.479675,0.057297,0.210915,0.245528,0.034613
xgb_n=50_depth=1_lr=0.03_sub=0.8_col=1.0_l2=1.0_l1=0.0,xgboost,50,1,0.03,0.8,1.0,1.0,0.0,215,50.0,7,50 trees d=1,0.52993,0.471545,0.058385,0.213028,0.253659,0.040631
xgb_n=50_depth=1_lr=0.03_sub=0.8_col=1.0_l2=1.0_l1=0.1,xgboost,50,1,0.03,0.8,1.0,1.0,0.1,215,50.0,8,50 trees d=1,0.52993,0.471545,0.058385,0.213028,0.253659,0.040631
xgb_n=50_depth=1_lr=0.03_sub=0.8_col=1.0_l2=5.0_l1=0.0,xgboost,50,1,0.03,0.8,1.0,5.0,0.0,215,50.0,9,50 trees d=1,0.536972,0.471545,0.065427,0.210563,0.256911,0.046348
xgb_n=50_depth=1_lr=0.03_sub=0.8_col=1.0_l2=5.0_l1=0.1,xgboost,50,1,0.03,0.8,1.0,5.0,0.1,215,50.0,10,50 trees d=1,0.538732,0.471545,0.067187,0.209859,0.256911,0.047052
xgb_n=50_depth=1_lr=0.03_sub=0.8_col=1.0_l2=10.0_l1=0.0,xgboost,50,1,0.03,0.8,1.0,10.0,0.0,215,50.0,11,50 trees d=1,0.535211,0.479675,0.055536,0.213028,0.253659,0.040631
xgb_n=50_depth=1_lr=0.03_sub=0.8_col=1.0_l2=10.0_l1=0.1,xgboost,50,1,0.03,0.8,1.0,10.0,0.1,215,50.0,12,50 trees d=1,0.535211,0.479675,0.055536,0.213028,0.253659,0.040631
xgb_n=50_depth=1_lr=0.03_sub=1.0_col=0.8_l2=1.0_l1=0.0,xgboost,50,1,0.03,1.0,0.8,1.0,0.0,215,50.0,13,50 trees d=1,0.524648,0.495935,0.028713,0.217958,0.250407,0.032449
xgb_n=50_depth=1_lr=0.03_sub=1.0_col=0.8_l2=1.0_l1=0.1,xgboost,50,1,0.03,1.0,0.8,1.0,0.1,215,50.0,14,50 trees d=1,0.524648,0.495935,0.028713,0.217958,0.250407,0.032449
xgb_n=50_depth=1_lr=0.03_sub=1.0_col=0.8_l2=5.0_l1=0.0,xgboost,50,1,0.03,1.0,0.8,5.0,0.0,215,50.0,15,50 trees d=1,0.517606,0.504065,0.013541,0.222535,0.247154,0.024619
xgb_n=50_depth=1_lr=0.03_sub=1.0_col=0.8_l2=5.0_l1=0.1,xgboost,50,1,0.03,1.0,0.8,5.0,0.1,215,50.0,16,50 trees d=1,0.519366,0.495935,0.023431,0.221479,0.24878,0.027301
xgb_n=50_depth=1_lr=0.03_sub=1.0_col=0.8_l2=10.0_l1=0.0,xgboost,50,1,0.03,1.0,0.8,10.0,0.0,215,50.0,17,50 trees d=1,0.514085,0.495935,0.01815,0.224296,0.247154,0.022858
xgb_n=50_depth=1_lr=0.03_sub=1.0_col=0.8_l2=10.0_l1=0.1,xgboost,50,1,0.03,1.0,0.8,10.0,0.1,215,50.0,18,50 trees d=1,0.514085,0.495935,0.01815,0.224296,0.247154,0.022858
xgb_n=50_depth=1_lr=0.03_sub=1.0_col=1.0_l2=1.0_l1=0.0,xgboost,50,1,0.03,1.0,1.0,1.0,0.0,215,50.0,19,50 trees d=1,0.528169,0.487805,0.040364,0.219366,0.250407,0.031041
xgb_n=50_depth=1_lr=0.03_sub=1.0_col=1.0_l2=1.0_l1=0.1,xgboost,50,1,0.03,1.0,1.0,1.0,0.1,215,50.0,20,50 trees d=1,0.515845,0.471545,0.0443,0.22007,0.256911,0.036841
xgb_n=50_depth=1_lr=0.03_sub=1.0_col=1.0_l2=5.0_l1=0.0,xgboost,50,1,0.03,1.0,1.0,5.0,0.0,215,50.0,21,50 trees d=1,0.522887,0.487805,0.035082,0.222535,0.24878,0.026245
xgb_n=50_depth=1_lr=0.03_sub=1.0_col=1.0_l2=5.0_l1=0.1,xgboost,50,1,0.03,1.0,1.0,5.0,0.1,215,50.0,22,50 trees d=1,0.522887,0.487805,0.035082,0.223592,0.24878,0.025188
xgb_n=50_depth=1_lr=0.03_sub=1.0_col=1.0_l2=10.0_l1=0.0,xgboost,50,1,0.03,1.0,1.0,10.0,0.0,215,50.0,23,50 trees d=1,0.522887,0.487805,0.035082,0.222887,0.247154,0.024267
xgb_n=50_depth=1_lr=0.03_sub=1.0_col=1.0_l2=10.0_l1=0.1,xgboost,50,1,0.03,1.0,1.0,10.0,0.1,215,50.0,24,50 trees d=1,0.526408,0.487805,0.038603,0.220423,0.247154,0.026731
xgb_n=50_depth=1_lr=0.05_sub=0.8_col=0.8_l2=1.0_l1=0.0,xgboost,50,1,0.05,0.8,0.8,1.0,0.0,215,50.0,25,50 trees d=1,0.538732,0.520325,0.018407,0.2,0.235772,0.035772
xgb_n=50_depth=1_lr=0.05_sub=0.8_col=0.8_l2=1.0_l1=0.1,xgboost,50,1,0.05,0.8,0.8,1.0,0.1,215,50.0,26,50 trees d=1,0.544014,0.528455,0.015559,0.198592,0.227642,0.02905
xgb_n=50_depth=1_lr=0.05_sub=0.8_col=0.8_l2=5.0_l1=0.0,xgboost,50,1,0.05,0.8,0.8,5.0,0.0,215,50.0,27,50 trees d=1,0.536972,0.520325,0.016647,0.204577,0.22439,0.019813
xgb_n=50_depth=1_lr=0.05_sub=0.8_col=0.8_l2=5.0_l1=0.1,xgboost,50,1,0.05,0.8,0.8,5.0,0.1,215,50.0,28,50 trees d=1,0.536972,0.536585,0.000387,0.203873,0.219512,0.015639
xgb_n=50_depth=1_lr=0.05_sub=0.8_col=0.8_l2=10.0_l1=0.0,xgboost,50,1,0.05,0.8,0.8,10.0,0.0,215,50.0,29,50 trees d=1,0.53169,0.528455,0.003235,0.208451,0.226016,0.017565
xgb_n=50_depth=1_lr=0.05_sub=0.8_col=0.8_l2=10.0_l1=0.1,xgboost,50,1,0.05,0.8,0.8,10.0,0.1,215,50.0,30,50 trees d=1,0.533451,0.536585,-0.003134,0.210563,0.217886,0.007323
xgb_n=50_depth=1_lr=0.05_sub=0.8_col=1.0_l2=1.0_l1=0.0,xgboost,50,1,0.05,0.8,1.0,1.0,0.0,215,50.0,31,50 trees d=1,0.538732,0.544715,-0.005983,0.205282,0.221138,0.015856
xgb_n=50_depth=1_lr=0.05_sub=0.8_col=1.0_l2=1.0_l1=0.1,xgboost,50,1,0.05,0.8,1.0,1.0,0.1,215,50.0,32,50 trees d=1,0.544014,0.528455,0.015559,0.199648,0.23252,0.032872
xgb_n=50_depth=1_lr=0.05_sub=0.8_col=1.0_l2=5.0_l1=0.0,xgboost,50,1,0.05,0.8,1.0,5.0,0.0,215,50.0,33,50 trees d=1,0.544014,0.520325,0.023689,0.200704,0.234146,0.033442
xgb_n=50_depth=1_lr=0.05_sub=0.8_col=1.0_l2=5.0_l1=0.1,xgboost,50,1,0.05,0.8,1.0,5.0,0.1,215,50.0,34,50 trees d=1,0.544014,0.520325,0.023689,0.202817,0.23252,0.029703
xgb_n=50_depth=1_lr=0.05_sub=0.8_col=1.0_l2=10.0_l1=0.0,xgboost,50,1,0.05,0.8,1.0,10.0,0.0,215,50.0,35,50 trees d=1,0.540493,0.512195,0.028298,0.206338,0.237398,0.03106
xgb_n=50_depth=1_lr=0.05_sub=0.8_col=1.0_l2=10.0_l1=0.1,xgboost,50,1,0.05,0.8,1.0,10.0,0.1,215,50.0,36,50 trees d=1,0.535211,0.520325,0.014886,0.207746,0.234146,0.0264
xgb_n=50_depth=1_lr=0.05_sub=1.0_col=0.8_l2=1.0_l1=0.0,xgboost,50,1,0.05,1.0,0.8,1.0,0.0,215,50.0,37,50 trees d=1,0.53169,0.512195,0.019495,0.21162,0.23252,0.0209
xgb_n=50_depth=1_lr=0.05_sub=1.0_col=0.8_l2=1.0_l1=0.1,xgboost,50,1,0.05,1.0,0.8,1.0,0.1,215,50.0,38,50 trees d=1,0.52993,0.504065,0.025865,0.210915,0.234146,0.023231
xgb_n=50_depth=1_lr=0.05_sub=1.0_col=0.8_l2=5.0_l1=0.0,xgboost,50,1,0.05,1.0,0.8,5.0,0.0,215,50.0,39,50 trees d=1,0.52993,0.504065,0.025865,0.211268,0.234146,0.022878
xgb_n=50_depth=1_lr=0.05_sub=1.0_col=0.8_l2=5.0_l1=0.1,xgboost,50,1,0.05,1.0,0.8,5.0,0.1,215,50.0,40,50 trees d=1,0.524648,0.504065,0.020583,0.215845,0.234146,0.018301
xgb_n=50_depth=1_lr=0.05_sub=1.0_col=0.8_l2=10.0_l1=0.0,xgboost,50,1,0.05,1.0,0.8,10.0,0.0,215,50.0,41,50 trees d=1,0.524648,0.504065,0.020583,0.216197,0.237398,0.021201
xgb_n=50_depth=1_lr=0.05_sub=1.0_col=0.8_l2=10.0_l1=0.1,xgboost,50,1,0.05,1.0,0.8,10.0,0.1,215,50.0,42,50 trees d=1,0.522887,0.495935,0.026952,0.217606,0.242276,0.02467
xgb_n=50_depth=1_lr=0.05_sub=1.0_col=1.0_l2=1.0_l1=0.0,xgboost,50,1,0.05,1.0,1.0,1.0,0.0,215,50.0,43,50 trees d=1,0.52993,0.512195,0.017735,0.212676,0.23252,0.019844
xgb_n=50_depth=1_lr=0.05_sub=1.0_col=1.0_l2=1.0_l1=0.1,xgboost,50,1,0.05,1.0,1.0,1.0,0.1,215,50.0,44,50 trees d=1,0.528169,0.504065,0.024104,0.211972,0.234146,0.022174
xgb_n=50_depth=1_lr=0.05_sub=1.0_col=1.0_l2=5.0_l1=0.0,xgboost,50,1,0.05,1.0,1.0,5.0,0.0,215,50.0,45,50 trees d=1,0.52993,0.504065,0.025865,0.211268,0.234146,0.022878
xgb_n=50_depth=1_lr=0.05_sub=1.0_col=1.0_l2=5.0_l1=0.1,xgboost,50,1,0.05,1.0,1.0,5.0,0.1,215,50.0,46,50 trees d=1,0.528169,0.495935,0.032234,0.214437,0.242276,0.027839
xgb_n=50_depth=1_lr=0.05_sub=1.0_col=1.0_l2=10.0_l1=0.0,xgboost,50,1,0.05,1.0,1.0,10.0,0.0,215,50.0,47,50 trees d=1,0.524648,0.504065,0.020583,0.216197,0.237398,0.021201
xgb_n=50_depth=1_lr=0.05_sub=1.0_col=1.0_l2=10.0_l1=0.1,xgboost,50,1,0.05,1.0,1.0,10.0,0.1,215,50.0,48,50 trees d=1,0.521127,0.495935,0.025192,0.217606,0.242276,0.02467
xgb_n=50_depth=1_lr=0.1_sub=0.8_col=0.8_l2=1.0_l1=0.0,xgboost,50,1,0.1,0.8,0.8,1.0,0.0,215,50.0,49,50 trees d=1,0.558099,0.569106,-0.011007,0.18838,0.214634,0.026254
xgb_n=50_depth=1_lr=0.1_sub=0.8_col=0.8_l2=1.0_l1=0.1,xgboost,50,1,0.1,0.8,0.8,1.0,0.1,215,50.0,50,50 trees d=1,0.549296,0.560976,-0.01168,0.190141,0.222764,0.032623
xgb_n=50_depth=1_lr=0.1_sub=0.8_col=0.8_l2=5.0_l1=0.0,xgboost,50,1,0.1,0.8,0.8,5.0,0.0,215,50.0,51,50 trees d=1,0.56162,0.552846,0.008774,0.187676,0.21626,0.028584
xgb_n=50_depth=1_lr=0.1_sub=0.8_col=0.8_l2=5.0_l1=0.1,xgboost,50,1,0.1,0.8,0.8,5.0,0.1,215,50.0,52,50 trees d=1,0.566901,0.536585,0.030316,0.184155,0.230894,0.046739
xgb_n=50_depth=1_lr=0.1_sub=0.8_col=0.8_l2=10.0_l1=0.0,xgboost,50,1,0.1,0.8,0.8,10.0,0.0,215,50.0,53,50 trees d=1,0.565141,0.544715,0.020426,0.187324,0.22439,0.037066
xgb_n=50_depth=1_lr=0.1_sub=0.8_col=0.8_l2=10.0_l1=0.1,xgboost,50,1,0.1,0.8,0.8,10.0,0.1,215,50.0,54,50 trees d=1,0.568662,0.536585,0.032077,0.186972,0.226016,0.039044
xgb_n=50_depth=1_lr=0.1_sub=0.8_col=1.0_l2=1.0_l1=0.0,xgboost,50,1,0.1,0.8,1.0,1.0,0.0,215,50.0,55,50 trees d=1,0.56338,0.528455,0.034925,0.183803,0.230894,0.047091
xgb_n=50_depth=1_lr=0.1_sub=0.8_col=1.0_l2=1.0_l1=0.1,xgboost,50,1,0.1,0.8,1.0,1.0,0.1,215,50.0,56,50 trees d=1,0.56162,0.536585,0.025035,0.184859,0.230894,0.046035
xgb_n=50_depth=1_lr=0.1_sub=0.8_col=1.0_l2=5.0_l1=0.0,xgboost,50,1,0.1,0.8,1.0,5.0,0.0,215,50.0,57,50 trees d=1,0.551056,0.544715,0.006341,0.192254,0.229268,0.037014
xgb_n=50_depth=1_lr=0.1_sub=0.8_col=1.0_l2=5.0_l1=0.1,xgboost,50,1,0.1,0.8,1.0,5.0,0.1,215,50.0,58,50 trees d=1,0.56338,0.552846,0.010534,0.183099,0.227642,0.044543
xgb_n=50_depth=1_lr=0.1_sub=0.8_col=1.0_l2=10.0_l1=0.0,xgboost,50,1,0.1,0.8,1.0,10.0,0.0,215,50.0,59,50 trees d=1,0.558099,0.520325,0.037774,0.18662,0.235772,0.049152
xgb_n=50_depth=1_lr=0.1_sub=0.8_col=1.0_l2=10.0_l1=0.1,xgboost,50,1,0.1,0.8,1.0,10.0,0.1,215,50.0,60,50 trees d=1,0.552817,0.536585,0.016232,0.190493,0.227642,0.037149
xgb_n=50_depth=1_lr=0.1_sub=1.0_col=0.8_l2=1.0_l1=0.0,xgboost,50,1,0.1,1.0,0.8,1.0,0.0,215,50.0,61,50 trees d=1,0.559859,0.569106,-0.009247,0.190141,0.214634,0.024493
xgb_n=50_depth=1_lr=0.1_sub=1.0_col=0.8_l2=1.0_l1=0.1,xgboost,50,1,0.1,1.0,0.8,1.0,0.1,215,50.0,62,50 trees d=1,0.559859,0.552846,0.007013,0.18838,0.219512,0.031132
xgb_n=50_depth=1_lr=0.1_sub=1.0_col=0.8_l2=5.0_l1=0.0,xgboost,50,1,0.1,1.0,0.8,5.0,0.0,215,50.0,63,50 trees d=1,0.558099,0.552846,0.005253,0.190141,0.217886,0.027745
xgb_n=50_depth=1_lr=0.1_sub=1.0_col=0.8_l2=5.0_l1=0.1,xgboost,50,1,0.1,1.0,0.8,5.0,0.1,215,50.0,64,50 trees d=1,0.558099,0.552846,0.005253,0.190845,0.219512,0.028667
xgb_n=50_depth=1_lr=0.1_sub=1.0_col=0.8_l2=10.0_l1=0.0,xgboost,50,1,0.1,1.0,0.8,10.0,0.0,215,50.0,65,50 trees d=1,0.551056,0.552846,-0.00179,0.195423,0.217886,0.022463
xgb_n=50_depth=1_lr=0.1_sub=1.0_col=0.8_l2=10.0_l1=0.1,xgboost,50,1,0.1,1.0,0.8,10.0,0.1,215,50.0,66,50 trees d=1,0.556338,0.528455,0.027883,0.192958,0.23252,0.039562
xgb_n=50_depth=1_lr=0.1_sub=1.0_col=1.0_l2=1.0_l1=0.0,xgboost,50,1,0.1,1.0,1.0,1.0,0.0,215,50.0,67,50 trees d=1,0.56338,0.560976,0.002404,0.189085,0.221138,0.032053
xgb_n=50_depth=1_lr=0.1_sub=1.0_col=1.0_l2=1.0_l1=0.1,xgboost,50,1,0.1,1.0,1.0,1.0,0.1,215,50.0,68,50 trees d=1,0.559859,0.552846,0.007013,0.18838,0.219512,0.031132
xgb_n=50_depth=1_lr=0.1_sub=1.0_col=1.0_l2=5.0_l1=0.0,xgboost,50,1,0.1,1.0,1.0,5.0,0.0,215,50.0,69,50 trees d=1,0.556338,0.552846,0.003492,0.191197,0.219512,0.028315
xgb_n=50_depth=1_lr=0.1_sub=1.0_col=1.0_l2=5.0_l1=0.1,xgboost,50,1,0.1,1.0,1.0,5.0,0.1,215,50.0,70,50 trees d=1,0.559859,0.552846,0.007013,0.189789,0.219512,0.029723
xgb_n=50_depth=1_lr=0.1_sub=1.0_col=1.0_l2=10.0_l1=0.0,xgboost,50,1,0.1,1.0,1.0,10.0,0.0,215,50.0,71,50 trees d=1,0.56162,0.528455,0.033165,0.191197,0.230894,0.039697
xgb_n=50_depth=1_lr=0.1_sub=1.0_col=1.0_l2=10.0_l1=0.1,xgboost,50,1,0.1,1.0,1.0,10.0,0.1,215,50.0,72,50 trees d=1,0.558099,0.528455,0.029644,0.19331,0.230894,0.037584
xgb_n=50_depth=2_lr=0.03_sub=0.8_col=0.8_l2=1.0_l1=0.0,xgboost,50,2,0.03,0.8,0.8,1.0,0.0,215,100.0,73,50 trees d=2,0.573944,0.495935,0.078009,0.182042,0.243902,0.06186
xgb_n=50_depth=2_lr=0.03_sub=0.8_col=0.8_l2=1.0_l1=0.1,xgboost,50,2,0.03,0.8,0.8,1.0,0.1,215,100.0,74,50 trees d=2,0.570423,0.495935,0.074488,0.180634,0.243902,0.063268
xgb_n=50_depth=2_lr=0.03_sub=0.8_col=0.8_l2=5.0_l1=0.0,xgboost,50,2,0.03,0.8,0.8,5.0,0.0,215,100.0,75,50 trees d=2,0.572183,0.504065,0.068118,0.182042,0.239024,0.056982
xgb_n=50_depth=2_lr=0.03_sub=0.8_col=0.8_l2=5.0_l1=0.1,xgboost,50,2,0.03,0.8,0.8,5.0,0.1,215,100.0,76,50 trees d=2,0.570423,0.495935,0.074488,0.184155,0.245528,0.061373
xgb_n=50_depth=2_lr=0.03_sub=0.8_col=0.8_l2=10.0_l1=0.0,xgboost,50,2,0.03,0.8,0.8,10.0,0.0,215,100.0,77,50 trees d=2,0.570423,0.504065,0.066358,0.185211,0.242276,0.057065
xgb_n=50_depth=2_lr=0.03_sub=0.8_col=0.8_l2=10.0_l1=0.1,xgboost,50,2,0.03,0.8,0.8,10.0,0.1,215,100.0,78,50 trees d=2,0.558099,0.512195,0.045904,0.191549,0.237398,0.045849
xgb_n=50_depth=2_lr=0.03_sub=0.8_col=1.0_l2=1.0_l1=0.0,xgboost,50,2,0.03,0.8,1.0,1.0,0.0,215,100.0,79,50 trees d=2,0.584507,0.520325,0.064182,0.173944,0.235772,0.061828
xgb_n=50_depth=2_lr=0.03_sub=0.8_col=1.0_l2=1.0_l1=0.1,xgboost,50,2,0.03,0.8,1.0,1.0,0.1,215,100.0,80,50 trees d=2,0.580986,0.495935,0.085051,0.176408,0.256911,0.080503
xgb_n=50_depth=2_lr=0.03_sub=0.8_col=1.0_l2=5.0_l1=0.0,xgboost,50,2,0.03,0.8,1.0,5.0,0.0,215,100.0,81,50 trees d=2,0.568662,0.504065,0.064597,0.180634,0.237398,0.056764
xgb_n=50_depth=2_lr=0.03_sub=0.8_col=1.0_l2=5.0_l1=0.1,xgboost,50,2,0.03,0.8,1.0,5.0,0.1,215,100.0,82,50 trees d=2,0.566901,0.504065,0.062836,0.184859,0.24065,0.055791
xgb_n=50_depth=2_lr=0.03_sub=0.8_col=1.0_l2=10.0_l1=0.0,xgboost,50,2,0.03,0.8,1.0,10.0,0.0,215,100.0,83,50 trees d=2,0.570423,0.487805,0.082618,0.180986,0.250407,0.069421
xgb_n=50_depth=2_lr=0.03_sub=0.8_col=1.0_l2=10.0_l1=0.1,xgboost,50,2,0.03,0.8,1.0,10.0,0.1,215,100.0,84,50 trees d=2,0.573944,0.495935,0.078009,0.179577,0.247154,0.067577
xgb_n=50_depth=2_lr=0.03_sub=1.0_col=0.8_l2=1.0_l1=0.0,xgboost,50,2,0.03,1.0,0.8,1.0,0.0,215,100.0,85,50 trees d=2,0.556338,0.512195,0.044143,0.194366,0.23252,0.038154
xgb_n=50_depth=2_lr=0.03_sub=1.0_col=0.8_l2=1.0_l1=0.1,xgboost,50,2,0.03,1.0,0.8,1.0,0.1,215,100.0,86,50 trees d=2,0.556338,0.520325,0.036013,0.192958,0.229268,0.03631
xgb_n=50_depth=2_lr=0.03_sub=1.0_col=0.8_l2=5.0_l1=0.0,xgboost,50,2,0.03,1.0,0.8,5.0,0.0,215,100.0,87,50 trees d=2,0.56338,0.504065,0.059315,0.189789,0.237398,0.047609
xgb_n=50_depth=2_lr=0.03_sub=1.0_col=0.8_l2=5.0_l1=0.1,xgboost,50,2,0.03,1.0,0.8,5.0,0.1,215,100.0,88,50 trees d=2,0.565141,0.504065,0.061076,0.188732,0.242276,0.053544
xgb_n=50_depth=2_lr=0.03_sub=1.0_col=0.8_l2=10.0_l1=0.0,xgboost,50,2,0.03,1.0,0.8,10.0,0.0,215,100.0,89,50 trees d=2,0.565141,0.512195,0.052946,0.188732,0.237398,0.048666
xgb_n=50_depth=2_lr=0.03_sub=1.0_col=0.8_l2=10.0_l1=0.1,xgboost,50,2,0.03,1.0,0.8,10.0,0.1,215,100.0,90,50 trees d=2,0.554577,0.504065,0.050512,0.193662,0.24065,0.046988
xgb_n=50_depth=2_lr=0.03_sub=1.0_col=1.0_l2=1.0_l1=0.0,xgboost,50,2,0.03,1.0,1.0,1.0,0.0,215,100.0,91,50 trees d=2,0.56162,0.536585,0.025035,0.187324,0.222764,0.03544
xgb_n=50_depth=2_lr=0.03_sub=1.0_col=1.0_l2=1.0_l1=0.1,xgboost,50,2,0.03,1.0,1.0,1.0,0.1,215,100.0,92,50 trees d=2,0.554577,0.536585,0.017992,0.192254,0.222764,0.03051
xgb_n=50_depth=2_lr=0.03_sub=1.0_col=1.0_l2=5.0_l1=0.0,xgboost,50,2,0.03,1.0,1.0,5.0,0.0,215,100.0,93,50 trees d=2,0.552817,0.520325,0.032492,0.19331,0.22439,0.03108
xgb_n=50_depth=2_lr=0.03_sub=1.0_col=1.0_l2=5.0_l1=0.1,xgboost,50,2,0.03,1.0,1.0,5.0,0.1,215,100.0,94,50 trees d=2,0.559859,0.512195,0.047664,0.18838,0.235772,0.047392
xgb_n=50_depth=2_lr=0.03_sub=1.0_col=1.0_l2=10.0_l1=0.0,xgboost,50,2,0.03,1.0,1.0,10.0,0.0,215,100.0,95,50 trees d=2,0.56162,0.512195,0.049425,0.188732,0.237398,0.048666
xgb_n=50_depth=2_lr=0.03_sub=1.0_col=1.0_l2=10.0_l1=0.1,xgboost,50,2,0.03,1.0,1.0,10.0,0.1,215,100.0,96,50 trees d=2,0.56338,0.504065,0.059315,0.188732,0.24065,0.051918
xgb_n=50_depth=2_lr=0.05_sub=0.8_col=0.8_l2=1.0_l1=0.0,xgboost,50,2,0.05,0.8,0.8,1.0,0.0,215,100.0,97,50 trees d=2,0.584507,0.512195,0.072312,0.167958,0.245528,0.07757
xgb_n=50_depth=2_lr=0.05_sub=0.8_col=0.8_l2=1.0_l1=0.1,xgboost,50,2,0.05,0.8,0.8,1.0,0.1,215,100.0,98,50 trees d=2,0.584507,0.512195,0.072312,0.17007,0.243902,0.073832
xgb_n=50_depth=2_lr=0.05_sub=0.8_col=0.8_l2=5.0_l1=0.0,xgboost,50,2,0.05,0.8,0.8,5.0,0.0,215,100.0,99,50 trees d=2,0.589789,0.504065,0.085724,0.169718,0.250407,0.080689
xgb_n=50_depth=2_lr=0.05_sub=0.8_col=0.8_l2=5.0_l1=0.1,xgboost,50,2,0.05,0.8,0.8,5.0,0.1,215,100.0,100,50 trees d=2,0.588028,0.512195,0.075833,0.167958,0.247154,0.079196
xgb_n=50_depth=2_lr=0.05_sub=0.8_col=0.8_l2=10.0_l1=0.0,xgboost,50,2,0.05,0.8,0.8,10.0,0.0,215,100.0,101,50 trees d=2,0.584507,0.495935,0.088572,0.173944,0.247154,0.07321
xgb_n=50_depth=2_lr=0.05_sub=0.8_col=0.8_l2=10.0_l1=0.1,xgboost,50,2,0.05,0.8,0.8,10.0,0.1,215,100.0,102,50 trees d=2,0.584507,0.504065,0.080442,0.172887,0.24065,0.067763
xgb_n=50_depth=2_lr=0.05_sub=0.8_col=1.0_l2=1.0_l1=0.0,xgboost,50,2,0.05,0.8,1.0,1.0,0.0,215,100.0,103,50 trees d=2,0.589789,0.512195,0.077594,0.169366,0.234146,0.06478
xgb_n=50_depth=2_lr=0.05_sub=0.8_col=1.0_l2=1.0_l1=0.1,xgboost,50,2,0.05,0.8,1.0,1.0,0.1,215,100.0,104,50 trees d=2,0.596831,0.512195,0.084636,0.167254,0.22439,0.057136
xgb_n=50_depth=2_lr=0.05_sub=0.8_col=1.0_l2=5.0_l1=0.0,xgboost,50,2,0.05,0.8,1.0,5.0,0.0,215,100.0,105,50 trees d=2,0.59331,0.495935,0.097375,0.166549,0.24878,0.082231
xgb_n=50_depth=2_lr=0.05_sub=0.8_col=1.0_l2=5.0_l1=0.1,xgboost,50,2,0.05,0.8,1.0,5.0,0.1,215,100.0,106,50 trees d=2,0.575704,0.495935,0.079769,0.174648,0.24878,0.074132
xgb_n=50_depth=2_lr=0.05_sub=0.8_col=1.0_l2=10.0_l1=0.0,xgboost,50,2,0.05,0.8,1.0,10.0,0.0,215,100.0,107,50 trees d=2,0.591549,0.512195,0.079354,0.167958,0.237398,0.06944
xgb_n=50_depth=2_lr=0.05_sub=0.8_col=1.0_l2=10.0_l1=0.1,xgboost,50,2,0.05,0.8,1.0,10.0,0.1,215,100.0,108,50 trees d=2,0.588028,0.495935,0.092093,0.16831,0.245528,0.077218
xgb_n=50_depth=2_lr=0.05_sub=1.0_col=0.8_l2=1.0_l1=0.0,xgboost,50,2,0.05,1.0,0.8,1.0,0.0,215,100.0,109,50 trees d=2,0.591549,0.528455,0.063094,0.16831,0.230894,0.062584
xgb_n=50_depth=2_lr=0.05_sub=1.0_col=0.8_l2=1.0_l1=0.1,xgboost,50,2,0.05,1.0,0.8,1.0,0.1,215,100.0,110,50 trees d=2,0.607394,0.520325,0.087069,0.159155,0.226016,0.066861
xgb_n=50_depth=2_lr=0.05_sub=1.0_col=0.8_l2=5.0_l1=0.0,xgboost,50,2,0.05,1.0,0.8,5.0,0.0,215,100.0,111,50 trees d=2,0.588028,0.528455,0.059573,0.171831,0.226016,0.054185
xgb_n=50_depth=2_lr=0.05_sub=1.0_col=0.8_l2=5.0_l1=0.1,xgboost,50,2,0.05,1.0,0.8,5.0,0.1,215,100.0,112,50 trees d=2,0.59331,0.512195,0.081115,0.167606,0.227642,0.060036
xgb_n=50_depth=2_lr=0.05_sub=1.0_col=0.8_l2=10.0_l1=0.0,xgboost,50,2,0.05,1.0,0.8,10.0,0.0,215,100.0,113,50 trees d=2,0.584507,0.495935,0.088572,0.172535,0.24065,0.068115
xgb_n=50_depth=2_lr=0.05_sub=1.0_col=0.8_l2=10.0_l1=0.1,xgboost,50,2,0.05,1.0,0.8,10.0,0.1,215,100.0,114,50 trees d=2,0.589789,0.512195,0.077594,0.16831,0.23252,0.06421
xgb_n=50_depth=2_lr=0.05_sub=1.0_col=1.0_l2=1.0_l1=0.0,xgboost,50,2,0.05,1.0,1.0,1.0,0.0,215,100.0,115,50 trees d=2,0.609155,0.536585,0.07257,0.161268,0.22439,0.063122
xgb_n=50_depth=2_lr=0.05_sub=1.0_col=1.0_l2=1.0_l1=0.1,xgboost,50,2,0.05,1.0,1.0,1.0,0.1,215,100.0,116,50 trees d=2,0.59507,0.528455,0.066615,0.164437,0.226016,0.061579
xgb_n=50_depth=2_lr=0.05_sub=1.0_col=1.0_l2=5.0_l1=0.0,xgboost,50,2,0.05,1.0,1.0,5.0,0.0,215,100.0,117,50 trees d=2,0.589789,0.512195,0.077594,0.171479,0.23252,0.061041
xgb_n=50_depth=2_lr=0.05_sub=1.0_col=1.0_l2=5.0_l1=0.1,xgboost,50,2,0.05,1.0,1.0,5.0,0.1,215,100.0,118,50 trees d=2,0.591549,0.495935,0.095614,0.169366,0.24065,0.071284
xgb_n=50_depth=2_lr=0.05_sub=1.0_col=1.0_l2=10.0_l1=0.0,xgboost,50,2,0.05,1.0,1.0,10.0,0.0,215,100.0,119,50 trees d=2,0.596831,0.512195,0.084636,0.168662,0.226016,0.057354
xgb_n=50_depth=2_lr=0.05_sub=1.0_col=1.0_l2=10.0_l1=0.1,xgboost,50,2,0.05,1.0,1.0,10.0,0.1,215,100.0,120,50 trees d=2,0.59331,0.504065,0.089245,0.16831,0.234146,0.065836
xgb_n=50_depth=2_lr=0.1_sub=0.8_col=0.8_l2=1.0_l1=0.0,xgboost,50,2,0.1,0.8,0.8,1.0,0.0,215,100.0,121,50 trees d=2,0.626761,0.487805,0.138956,0.139789,0.237398,0.097609
xgb_n=50_depth=2_lr=0.1_sub=0.8_col=0.8_l2=1.0_l1=0.1,xgboost,50,2,0.1,0.8,0.8,1.0,0.1,215,100.0,122,50 trees d=2,0.630282,0.520325,0.109957,0.142254,0.230894,0.08864
xgb_n=50_depth=2_lr=0.1_sub=0.8_col=0.8_l2=5.0_l1=0.0,xgboost,50,2,0.1,0.8,0.8,5.0,0.0,215,100.0,123,50 trees d=2,0.635563,0.528455,0.107108,0.138028,0.229268,0.09124
xgb_n=50_depth=2_lr=0.1_sub=0.8_col=0.8_l2=5.0_l1=0.1,xgboost,50,2,0.1,0.8,0.8,5.0,0.1,215,100.0,124,50 trees d=2,0.640845,0.544715,0.09613,0.136268,0.221138,0.08487
xgb_n=50_depth=2_lr=0.1_sub=0.8_col=0.8_l2=10.0_l1=0.0,xgboost,50,2,0.1,0.8,0.8,10.0,0.0,215,100.0,125,50 trees d=2,0.625,0.512195,0.112805,0.146831,0.24878,0.101949
xgb_n=50_depth=2_lr=0.1_sub=0.8_col=0.8_l2=10.0_l1=0.1,xgboost,50,2,0.1,0.8,0.8,10.0,0.1,215,100.0,126,50 trees d=2,0.625,0.528455,0.096545,0.146479,0.235772,0.089293
xgb_n=50_depth=2_lr=0.1_sub=0.8_col=1.0_l2=1.0_l1=0.0,xgboost,50,2,0.1,0.8,1.0,1.0,0.0,215,100.0,127,50 trees d=2,0.653169,0.495935,0.157234,0.133803,0.229268,0.095465
xgb_n=50_depth=2_lr=0.1_sub=0.8_col=1.0_l2=1.0_l1=0.1,xgboost,50,2,0.1,0.8,1.0,1.0,0.1,215,100.0,128,50 trees d=2,0.65493,0.528455,0.126475,0.127465,0.230894,0.103429
xgb_n=50_depth=2_lr=0.1_sub=0.8_col=1.0_l2=5.0_l1=0.0,xgboost,50,2,0.1,0.8,1.0,5.0,0.0,215,100.0,129,50 trees d=2,0.649648,0.504065,0.145583,0.139085,0.247154,0.108069
xgb_n=50_depth=2_lr=0.1_sub=0.8_col=1.0_l2=5.0_l1=0.1,xgboost,50,2,0.1,0.8,1.0,5.0,0.1,215,100.0,130,50 trees d=2,0.628521,0.512195,0.116326,0.146831,0.239024,0.092193
xgb_n=50_depth=2_lr=0.1_sub=0.8_col=1.0_l2=10.0_l1=0.0,xgboost,50,2,0.1,0.8,1.0,10.0,0.0,215,100.0,131,50 trees d=2,0.646127,0.495935,0.150192,0.139085,0.250407,0.111322
xgb_n=50_depth=2_lr=0.1_sub=0.8_col=1.0_l2=10.0_l1=0.1,xgboost,50,2,0.1,0.8,1.0,10.0,0.1,215,100.0,132,50 trees d=2,0.639085,0.520325,0.11876,0.142958,0.24065,0.097692
xgb_n=50_depth=2_lr=0.1_sub=1.0_col=0.8_l2=1.0_l1=0.0,xgboost,50,2,0.1,1.0,0.8,1.0,0.0,215,100.0,133,50 trees d=2,0.647887,0.560976,0.086911,0.132746,0.203252,0.070506
xgb_n=50_depth=2_lr=0.1_sub=1.0_col=0.8_l2=1.0_l1=0.1,xgboost,50,2,0.1,1.0,0.8,1.0,0.1,215,100.0,134,50 trees d=2,0.639085,0.544715,0.09437,0.146127,0.217886,0.071759
xgb_n=50_depth=2_lr=0.1_sub=1.0_col=0.8_l2=5.0_l1=0.0,xgboost,50,2,0.1,1.0,0.8,5.0,0.0,215,100.0,135,50 trees d=2,0.630282,0.544715,0.085567,0.145775,0.213008,0.067233
xgb_n=50_depth=2_lr=0.1_sub=1.0_col=0.8_l2=5.0_l1=0.1,xgboost,50,2,0.1,1.0,0.8,5.0,0.1,215,100.0,136,50 trees d=2,0.630282,0.552846,0.077436,0.146127,0.211382,0.065255
xgb_n=50_depth=2_lr=0.1_sub=1.0_col=0.8_l2=10.0_l1=0.0,xgboost,50,2,0.1,1.0,0.8,10.0,0.0,215,100.0,137,50 trees d=2,0.630282,0.552846,0.077436,0.146831,0.221138,0.074307
xgb_n=50_depth=2_lr=0.1_sub=1.0_col=0.8_l2=10.0_l1=0.1,xgboost,50,2,0.1,1.0,0.8,10.0,0.1,215,100.0,138,50 trees d=2,0.632042,0.512195,0.119847,0.146479,0.252033,0.105554
xgb_n=50_depth=2_lr=0.1_sub=1.0_col=1.0_l2=1.0_l1=0.0,xgboost,50,2,0.1,1.0,1.0,1.0,0.0,215,100.0,139,50 trees d=2,0.640845,0.544715,0.09613,0.139789,0.209756,0.069967
xgb_n=50_depth=2_lr=0.1_sub=1.0_col=1.0_l2=1.0_l1=0.1,xgboost,50,2,0.1,1.0,1.0,1.0,0.1,215,100.0,140,50 trees d=2,0.658451,0.560976,0.097475,0.132394,0.20813,0.075736
xgb_n=50_depth=2_lr=0.1_sub=1.0_col=1.0_l2=5.0_l1=0.0,xgboost,50,2,0.1,1.0,1.0,5.0,0.0,215,100.0,141,50 trees d=2,0.649648,0.528455,0.121193,0.138028,0.221138,0.08311
xgb_n=50_depth=2_lr=0.1_sub=1.0_col=1.0_l2=5.0_l1=0.1,xgboost,50,2,0.1,1.0,1.0,5.0,0.1,215,100.0,142,50 trees d=2,0.646127,0.504065,0.142062,0.138028,0.235772,0.097744
xgb_n=50_depth=2_lr=0.1_sub=1.0_col=1.0_l2=10.0_l1=0.0,xgboost,50,2,0.1,1.0,1.0,10.0,0.0,215,100.0,143,50 trees d=2,0.630282,0.544715,0.085567,0.144366,0.217886,0.07352
xgb_n=50_depth=2_lr=0.1_sub=1.0_col=1.0_l2=10.0_l1=0.1,xgboost,50,2,0.1,1.0,1.0,10.0,0.1,215,100.0,144,50 trees d=2,0.633803,0.528455,0.105348,0.141901,0.23252,0.090619
xgb_n=50_depth=3_lr=0.03_sub=0.8_col=0.8_l2=1.0_l1=0.0,xgboost,50,3,0.03,0.8,0.8,1.0,0.0,215,150.0,145,50 trees d=3,0.651408,0.528455,0.122953,0.133451,0.234146,0.100695
xgb_n=50_depth=3_lr=0.03_sub=0.8_col=0.8_l2=1.0_l1=0.1,xgboost,50,3,0.03,0.8,0.8,1.0,0.1,215,150.0,146,50 trees d=3,0.649648,0.504065,0.145583,0.133451,0.250407,0.116956
xgb_n=50_depth=3_lr=0.03_sub=0.8_col=0.8_l2=5.0_l1=0.0,xgboost,50,3,0.03,0.8,0.8,5.0,0.0,215,150.0,147,50 trees d=3,0.651408,0.487805,0.163603,0.135563,0.263415,0.127852
xgb_n=50_depth=3_lr=0.03_sub=0.8_col=0.8_l2=5.0_l1=0.1,xgboost,50,3,0.03,0.8,0.8,5.0,0.1,215,150.0,148,50 trees d=3,0.653169,0.487805,0.165364,0.134507,0.258537,0.12403
xgb_n=50_depth=3_lr=0.03_sub=0.8_col=0.8_l2=10.0_l1=0.0,xgboost,50,3,0.03,0.8,0.8,10.0,0.0,215,150.0,149,50 trees d=3,0.633803,0.479675,0.154128,0.13662,0.260163,0.123543
xgb_n=50_depth=3_lr=0.03_sub=0.8_col=0.8_l2=10.0_l1=0.1,xgboost,50,3,0.03,0.8,0.8,10.0,0.1,215,150.0,150,50 trees d=3,0.630282,0.471545,0.158737,0.140141,0.261789,0.121648
xgb_n=50_depth=3_lr=0.03_sub=0.8_col=1.0_l2=1.0_l1=0.0,xgboost,50,3,0.03,0.8,1.0,1.0,0.0,215,150.0,151,50 trees d=3,0.65493,0.512195,0.142735,0.130634,0.239024,0.10839
xgb_n=50_depth=3_lr=0.03_sub=0.8_col=1.0_l2=1.0_l1=0.1,xgboost,50,3,0.03,0.8,1.0,1.0,0.1,215,150.0,152,50 trees d=3,0.649648,0.487805,0.161843,0.132042,0.252033,0.119991
xgb_n=50_depth=3_lr=0.03_sub=0.8_col=1.0_l2=5.0_l1=0.0,xgboost,50,3,0.03,0.8,1.0,5.0,0.0,215,150.0,153,50 trees d=3,0.653169,0.471545,0.181624,0.131338,0.265041,0.133703
xgb_n=50_depth=3_lr=0.03_sub=0.8_col=1.0_l2=5.0_l1=0.1,xgboost,50,3,0.03,0.8,1.0,5.0,0.1,215,150.0,154,50 trees d=3,0.639085,0.463415,0.17567,0.138732,0.271545,0.132813
xgb_n=50_depth=3_lr=0.03_sub=0.8_col=1.0_l2=10.0_l1=0.0,xgboost,50,3,0.03,0.8,1.0,10.0,0.0,215,150.0,155,50 trees d=3,0.647887,0.504065,0.143822,0.134155,0.250407,0.116252
xgb_n=50_depth=3_lr=0.03_sub=0.8_col=1.0_l2=10.0_l1=0.1,xgboost,50,3,0.03,0.8,1.0,10.0,0.1,215,150.0,156,50 trees d=3,0.630282,0.487805,0.142477,0.144014,0.255285,0.111271
xgb_n=50_depth=3_lr=0.03_sub=1.0_col=0.8_l2=1.0_l1=0.0,xgboost,50,3,0.03,1.0,0.8,1.0,0.0,215,150.0,157,50 trees d=3,0.640845,0.512195,0.12865,0.140141,0.24065,0.100509
xgb_n=50_depth=3_lr=0.03_sub=1.0_col=0.8_l2=1.0_l1=0.1,xgboost,50,3,0.03,1.0,0.8,1.0,0.1,215,150.0,158,50 trees d=3,0.642606,0.504065,0.138541,0.139437,0.245528,0.106091
xgb_n=50_depth=3_lr=0.03_sub=1.0_col=0.8_l2=5.0_l1=0.0,xgboost,50,3,0.03,1.0,0.8,5.0,0.0,215,150.0,159,50 trees d=3,0.633803,0.495935,0.137868,0.142254,0.250407,0.108153
xgb_n=50_depth=3_lr=0.03_sub=1.0_col=0.8_l2=5.0_l1=0.1,xgboost,50,3,0.03,1.0,0.8,5.0,0.1,215,150.0,160,50 trees d=3,0.630282,0.504065,0.126217,0.145775,0.243902,0.098127
xgb_n=50_depth=3_lr=0.03_sub=1.0_col=0.8_l2=10.0_l1=0.0,xgboost,50,3,0.03,1.0,0.8,10.0,0.0,215,150.0,161,50 trees d=3,0.609155,0.495935,0.11322,0.154225,0.252033,0.097808
xgb_n=50_depth=3_lr=0.03_sub=1.0_col=0.8_l2=10.0_l1=0.1,xgboost,50,3,0.03,1.0,0.8,10.0,0.1,215,150.0,162,50 trees d=3,0.612676,0.479675,0.133001,0.151408,0.263415,0.112007
xgb_n=50_depth=3_lr=0.03_sub=1.0_col=1.0_l2=1.0_l1=0.0,xgboost,50,3,0.03,1.0,1.0,1.0,0.0,215,150.0,163,50 trees d=3,0.640845,0.552846,0.087999,0.140141,0.230894,0.090753
xgb_n=50_depth=3_lr=0.03_sub=1.0_col=1.0_l2=1.0_l1=0.1,xgboost,50,3,0.03,1.0,1.0,1.0,0.1,215,150.0,164,50 trees d=3,0.647887,0.569106,0.078781,0.138732,0.222764,0.084032
xgb_n=50_depth=3_lr=0.03_sub=1.0_col=1.0_l2=5.0_l1=0.0,xgboost,50,3,0.03,1.0,1.0,5.0,0.0,215,150.0,165,50 trees d=3,0.630282,0.536585,0.093697,0.144366,0.229268,0.084902
xgb_n=50_depth=3_lr=0.03_sub=1.0_col=1.0_l2=5.0_l1=0.1,xgboost,50,3,0.03,1.0,1.0,5.0,0.1,215,150.0,166,50 trees d=3,0.637324,0.504065,0.133259,0.140845,0.243902,0.103057
xgb_n=50_depth=3_lr=0.03_sub=1.0_col=1.0_l2=10.0_l1=0.0,xgboost,50,3,0.03,1.0,1.0,10.0,0.0,215,150.0,167,50 trees d=3,0.625,0.504065,0.120935,0.150352,0.255285,0.104933
xgb_n=50_depth=3_lr=0.03_sub=1.0_col=1.0_l2=10.0_l1=0.1,xgboost,50,3,0.03,1.0,1.0,10.0,0.1,215,150.0,168,50 trees d=3,0.626761,0.487805,0.138956,0.147183,0.263415,0.116232
xgb_n=50_depth=3_lr=0.05_sub=0.8_col=0.8_l2=1.0_l1=0.0,xgboost,50,3,0.05,0.8,0.8,1.0,0.0,215,150.0,169,50 trees d=3,0.677817,0.479675,0.198142,0.119366,0.247154,0.127788
xgb_n=50_depth=3_lr=0.05_sub=0.8_col=0.8_l2=1.0_l1=0.1,xgboost,50,3,0.05,0.8,0.8,1.0,0.1,215,150.0,170,50 trees d=3,0.683099,0.512195,0.170904,0.117254,0.24065,0.123396
xgb_n=50_depth=3_lr=0.05_sub=0.8_col=0.8_l2=5.0_l1=0.0,xgboost,50,3,0.05,0.8,0.8,5.0,0.0,215,150.0,171,50 trees d=3,0.681338,0.463415,0.217923,0.117958,0.266667,0.148709
xgb_n=50_depth=3_lr=0.05_sub=0.8_col=0.8_l2=5.0_l1=0.1,xgboost,50,3,0.05,0.8,0.8,5.0,0.1,215,150.0,172,50 trees d=3,0.665493,0.463415,0.202078,0.125,0.268293,0.143293
xgb_n=50_depth=3_lr=0.05_sub=0.8_col=0.8_l2=10.0_l1=0.0,xgboost,50,3,0.05,0.8,0.8,10.0,0.0,215,150.0,173,50 trees d=3,0.658451,0.471545,0.186906,0.128521,0.265041,0.13652
xgb_n=50_depth=3_lr=0.05_sub=0.8_col=0.8_l2=10.0_l1=0.1,xgboost,50,3,0.05,0.8,0.8,10.0,0.1,215,150.0,174,50 trees d=3,0.661972,0.463415,0.198557,0.126761,0.266667,0.139906
xgb_n=50_depth=3_lr=0.05_sub=0.8_col=1.0_l2=1.0_l1=0.0,xgboost,50,3,0.05,0.8,1.0,1.0,0.0,215,150.0,175,50 trees d=3,0.667254,0.495935,0.171319,0.122535,0.235772,0.113237
xgb_n=50_depth=3_lr=0.05_sub=0.8_col=1.0_l2=1.0_l1=0.1,xgboost,50,3,0.05,0.8,1.0,1.0,0.1,215,150.0,176,50 trees d=3,0.676056,0.495935,0.180121,0.117606,0.235772,0.118166
xgb_n=50_depth=3_lr=0.05_sub=0.8_col=1.0_l2=5.0_l1=0.0,xgboost,50,3,0.05,0.8,1.0,5.0,0.0,215,150.0,177,50 trees d=3,0.693662,0.504065,0.189597,0.110915,0.230894,0.119979
xgb_n=50_depth=3_lr=0.05_sub=0.8_col=1.0_l2=5.0_l1=0.1,xgboost,50,3,0.05,0.8,1.0,5.0,0.1,215,150.0,178,50 trees d=3,0.665493,0.487805,0.177688,0.122183,0.255285,0.133102
xgb_n=50_depth=3_lr=0.05_sub=0.8_col=1.0_l2=10.0_l1=0.0,xgboost,50,3,0.05,0.8,1.0,10.0,0.0,215,150.0,179,50 trees d=3,0.672535,0.487805,0.18473,0.120423,0.256911,0.136488
xgb_n=50_depth=3_lr=0.05_sub=0.8_col=1.0_l2=10.0_l1=0.1,xgboost,50,3,0.05,0.8,1.0,10.0,0.1,215,150.0,180,50 trees d=3,0.670775,0.463415,0.20736,0.124648,0.271545,0.146897
xgb_n=50_depth=3_lr=0.05_sub=1.0_col=0.8_l2=1.0_l1=0.0,xgboost,50,3,0.05,1.0,0.8,1.0,0.0,215,150.0,181,50 trees d=3,0.672535,0.520325,0.15221,0.119366,0.230894,0.111528
xgb_n=50_depth=3_lr=0.05_sub=1.0_col=0.8_l2=1.0_l1=0.1,xgboost,50,3,0.05,1.0,0.8,1.0,0.1,215,150.0,182,50 trees d=3,0.684859,0.536585,0.148274,0.11831,0.239024,0.120714
xgb_n=50_depth=3_lr=0.05_sub=1.0_col=0.8_l2=5.0_l1=0.0,xgboost,50,3,0.05,1.0,0.8,5.0,0.0,215,150.0,183,50 trees d=3,0.661972,0.528455,0.133517,0.125,0.235772,0.110772
xgb_n=50_depth=3_lr=0.05_sub=1.0_col=0.8_l2=5.0_l1=0.1,xgboost,50,3,0.05,1.0,0.8,5.0,0.1,215,150.0,184,50 trees d=3,0.653169,0.504065,0.149104,0.127465,0.24878,0.121315
xgb_n=50_depth=3_lr=0.05_sub=1.0_col=0.8_l2=10.0_l1=0.0,xgboost,50,3,0.05,1.0,0.8,10.0,0.0,215,150.0,185,50 trees d=3,0.633803,0.512195,0.121608,0.141901,0.252033,0.110132
xgb_n=50_depth=3_lr=0.05_sub=1.0_col=0.8_l2=10.0_l1=0.1,xgboost,50,3,0.05,1.0,0.8,10.0,0.1,215,150.0,186,50 trees d=3,0.635563,0.487805,0.147758,0.137676,0.258537,0.120861
xgb_n=50_depth=3_lr=0.05_sub=1.0_col=1.0_l2=1.0_l1=0.0,xgboost,50,3,0.05,1.0,1.0,1.0,0.0,215,150.0,187,50 trees d=3,0.672535,0.585366,0.087169,0.12007,0.214634,0.094564
xgb_n=50_depth=3_lr=0.05_sub=1.0_col=1.0_l2=1.0_l1=0.1,xgboost,50,3,0.05,1.0,1.0,1.0,0.1,215,150.0,188,50 trees d=3,0.684859,0.544715,0.140144,0.115141,0.235772,0.120631
xgb_n=50_depth=3_lr=0.05_sub=1.0_col=1.0_l2=5.0_l1=0.0,xgboost,50,3,0.05,1.0,1.0,5.0,0.0,215,150.0,189,50 trees d=3,0.672535,0.544715,0.12782,0.119366,0.229268,0.109902
xgb_n=50_depth=3_lr=0.05_sub=1.0_col=1.0_l2=5.0_l1=0.1,xgboost,50,3,0.05,1.0,1.0,5.0,0.1,215,150.0,190,50 trees d=3,0.653169,0.536585,0.116584,0.129577,0.227642,0.098065
xgb_n=50_depth=3_lr=0.05_sub=1.0_col=1.0_l2=10.0_l1=0.0,xgboost,50,3,0.05,1.0,1.0,10.0,0.0,215,150.0,191,50 trees d=3,0.649648,0.528455,0.121193,0.128521,0.245528,0.117007
xgb_n=50_depth=3_lr=0.05_sub=1.0_col=1.0_l2=10.0_l1=0.1,xgboost,50,3,0.05,1.0,1.0,10.0,0.1,215,150.0,192,50 trees d=3,0.644366,0.495935,0.148431,0.130634,0.252033,0.121399
xgb_n=50_depth=3_lr=0.1_sub=0.8_col=0.8_l2=1.0_l1=0.0,xgboost,50,3,0.1,0.8,0.8,1.0,0.0,215,150.0,193,50 trees d=3,0.753521,0.495935,0.257586,0.077817,0.256911,0.179094
xgb_n=50_depth=3_lr=0.1_sub=0.8_col=0.8_l2=1.0_l1=0.1,xgboost,50,3,0.1,0.8,0.8,1.0,0.1,215,150.0,194,50 trees d=3,0.742958,0.487805,0.255153,0.082394,0.258537,0.176143
xgb_n=50_depth=3_lr=0.1_sub=0.8_col=0.8_l2=5.0_l1=0.0,xgboost,50,3,0.1,0.8,0.8,5.0,0.0,215,150.0,195,50 trees d=3,0.734155,0.544715,0.18944,0.084859,0.230894,0.146035
xgb_n=50_depth=3_lr=0.1_sub=0.8_col=0.8_l2=5.0_l1=0.1,xgboost,50,3,0.1,0.8,0.8,5.0,0.1,215,150.0,196,50 trees d=3,0.728873,0.520325,0.208548,0.083803,0.242276,0.158473
xgb_n=50_depth=3_lr=0.1_sub=0.8_col=0.8_l2=10.0_l1=0.0,xgboost,50,3,0.1,0.8,0.8,10.0,0.0,215,150.0,197,50 trees d=3,0.72007,0.520325,0.199745,0.088732,0.242276,0.153544
xgb_n=50_depth=3_lr=0.1_sub=0.8_col=0.8_l2=10.0_l1=0.1,xgboost,50,3,0.1,0.8,0.8,10.0,0.1,215,150.0,198,50 trees d=3,0.709507,0.520325,0.189182,0.096479,0.23252,0.136041
xgb_n=50_depth=3_lr=0.1_sub=0.8_col=1.0_l2=1.0_l1=0.0,xgboost,50,3,0.1,0.8,1.0,1.0,0.0,215,150.0,199,50 trees d=3,0.751761,0.520325,0.231436,0.078521,0.23252,0.153999
xgb_n=50_depth=3_lr=0.1_sub=0.8_col=1.0_l2=1.0_l1=0.1,xgboost,50,3,0.1,0.8,1.0,1.0,0.1,215,150.0,200,50 trees d=3,0.75,0.471545,0.278455,0.082042,0.24878,0.166738
xgb_n=50_depth=3_lr=0.1_sub=0.8_col=1.0_l2=5.0_l1=0.0,xgboost,50,3,0.1,0.8,1.0,5.0,0.0,215,150.0,201,50 trees d=3,0.742958,0.528455,0.214503,0.082394,0.22439,0.141996
xgb_n=50_depth=3_lr=0.1_sub=0.8_col=1.0_l2=5.0_l1=0.1,xgboost,50,3,0.1,0.8,1.0,5.0,0.1,215,150.0,202,50 trees d=3,0.746479,0.520325,0.226154,0.07993,0.235772,0.155842
xgb_n=50_depth=3_lr=0.1_sub=0.8_col=1.0_l2=10.0_l1=0.0,xgboost,50,3,0.1,0.8,1.0,10.0,0.0,215,150.0,203,50 trees d=3,0.727113,0.520325,0.206788,0.086972,0.24065,0.153678
xgb_n=50_depth=3_lr=0.1_sub=0.8_col=1.0_l2=10.0_l1=0.1,xgboost,50,3,0.1,0.8,1.0,10.0,0.1,215,150.0,204,50 trees d=3,0.728873,0.512195,0.216678,0.085563,0.24065,0.155087
xgb_n=50_depth=3_lr=0.1_sub=1.0_col=0.8_l2=1.0_l1=0.0,xgboost,50,3,0.1,1.0,0.8,1.0,0.0,215,150.0,205,50 trees d=3,0.735915,0.528455,0.20746,0.08838,0.22439,0.13601
xgb_n=50_depth=3_lr=0.1_sub=1.0_col=0.8_l2=1.0_l1=0.1,xgboost,50,3,0.1,1.0,0.8,1.0,0.1,215,150.0,206,50 trees d=3,0.751761,0.520325,0.231436,0.082746,0.222764,0.140018
xgb_n=50_depth=3_lr=0.1_sub=1.0_col=0.8_l2=5.0_l1=0.0,xgboost,50,3,0.1,1.0,0.8,5.0,0.0,215,150.0,207,50 trees d=3,0.721831,0.552846,0.168985,0.094014,0.21626,0.122246
xgb_n=50_depth=3_lr=0.1_sub=1.0_col=0.8_l2=5.0_l1=0.1,xgboost,50,3,0.1,1.0,0.8,5.0,0.1,215,150.0,208,50 trees d=3,0.739437,0.536585,0.202852,0.08662,0.227642,0.141022
xgb_n=50_depth=3_lr=0.1_sub=1.0_col=0.8_l2=10.0_l1=0.0,xgboost,50,3,0.1,1.0,0.8,10.0,0.0,215,150.0,209,50 trees d=3,0.723592,0.528455,0.195137,0.095423,0.234146,0.138723
xgb_n=50_depth=3_lr=0.1_sub=1.0_col=0.8_l2=10.0_l1=0.1,xgboost,50,3,0.1,1.0,0.8,10.0,0.1,215,150.0,210,50 trees d=3,0.709507,0.552846,0.156661,0.097535,0.230894,0.133359
xgb_n=50_depth=3_lr=0.1_sub=1.0_col=1.0_l2=1.0_l1=0.0,xgboost,50,3,0.1,1.0,1.0,1.0,0.0,215,150.0,211,50 trees d=3,0.727113,0.560976,0.166137,0.090141,0.226016,0.135875
xgb_n=50_depth=3_lr=0.1_sub=1.0_col=1.0_l2=1.0_l1=0.1,xgboost,50,3,0.1,1.0,1.0,1.0,0.1,215,150.0,212,50 trees d=3,0.742958,0.544715,0.198243,0.084507,0.217886,0.133379
xgb_n=50_depth=3_lr=0.1_sub=1.0_col=1.0_l2=5.0_l1=0.0,xgboost,50,3,0.1,1.0,1.0,5.0,0.0,215,150.0,213,50 trees d=3,0.734155,0.536585,0.19757,0.090493,0.221138,0.130645
xgb_n=50_depth=3_lr=0.1_sub=1.0_col=1.0_l2=5.0_l1=0.1,xgboost,50,3,0.1,1.0,1.0,5.0,0.1,215,150.0,214,50 trees d=3,0.748239,0.544715,0.203524,0.084859,0.221138,0.136279
xgb_n=50_depth=3_lr=0.1_sub=1.0_col=1.0_l2=10.0_l1=0.0,xgboost,50,3,0.1,1.0,1.0,10.0,0.0,215,150.0,215,50 trees d=3,0.71831,0.577236,0.141074,0.09507,0.20813,0.11306
xgb_n=50_depth=3_lr=0.1_sub=1.0_col=1.0_l2=10.0_l1=0.1,xgboost,50,3,0.1,1.0,1.0,10.0,0.1,215,150.0,216,50 trees d=3,0.732394,0.560976,0.171418,0.090845,0.219512,0.128667
xgb_n=100_depth=1_lr=0.03_sub=0.8_col=0.8_l2=1.0_l1=0.0,xgboost,100,1,0.03,0.8,0.8,1.0,0.0,215,100.0,217,100 trees d=1,0.552817,0.569106,-0.016289,0.19331,0.20813,0.01482
xgb_n=100_depth=1_lr=0.03_sub=0.8_col=0.8_l2=1.0_l1=0.1,xgboost,100,1,0.03,0.8,0.8,1.0,0.1,215,100.0,218,100 trees d=1,0.545775,0.552846,-0.007071,0.198239,0.211382,0.013143
xgb_n=100_depth=1_lr=0.03_sub=0.8_col=0.8_l2=5.0_l1=0.0,xgboost,100,1,0.03,0.8,0.8,5.0,0.0,215,100.0,219,100 trees d=1,0.549296,0.552846,-0.00355,0.198944,0.211382,0.012438
xgb_n=100_depth=1_lr=0.03_sub=0.8_col=0.8_l2=5.0_l1=0.1,xgboost,100,1,0.03,0.8,0.8,5.0,0.1,215,100.0,220,100 trees d=1,0.549296,0.544715,0.004581,0.198239,0.217886,0.019647
xgb_n=100_depth=1_lr=0.03_sub=0.8_col=0.8_l2=10.0_l1=0.0,xgboost,100,1,0.03,0.8,0.8,10.0,0.0,215,100.0,221,100 trees d=1,0.547535,0.544715,0.00282,0.198944,0.217886,0.018942
xgb_n=100_depth=1_lr=0.03_sub=0.8_col=0.8_l2=10.0_l1=0.1,xgboost,100,1,0.03,0.8,0.8,10.0,0.1,215,100.0,222,100 trees d=1,0.549296,0.528455,0.020841,0.198944,0.22439,0.025446
xgb_n=100_depth=1_lr=0.03_sub=0.8_col=1.0_l2=1.0_l1=0.0,xgboost,100,1,0.03,0.8,1.0,1.0,0.0,215,100.0,223,100 trees d=1,0.551056,0.560976,-0.00992,0.195423,0.204878,0.009455
xgb_n=100_depth=1_lr=0.03_sub=0.8_col=1.0_l2=1.0_l1=0.1,xgboost,100,1,0.03,0.8,1.0,1.0,0.1,215,100.0,224,100 trees d=1,0.545775,0.560976,-0.015201,0.198592,0.204878,0.006286
xgb_n=100_depth=1_lr=0.03_sub=0.8_col=1.0_l2=5.0_l1=0.0,xgboost,100,1,0.03,0.8,1.0,5.0,0.0,215,100.0,225,100 trees d=1,0.547535,0.544715,0.00282,0.199296,0.214634,0.015338
xgb_n=100_depth=1_lr=0.03_sub=0.8_col=1.0_l2=5.0_l1=0.1,xgboost,100,1,0.03,0.8,1.0,5.0,0.1,215,100.0,226,100 trees d=1,0.549296,0.544715,0.004581,0.196831,0.214634,0.017803
xgb_n=100_depth=1_lr=0.03_sub=0.8_col=1.0_l2=10.0_l1=0.0,xgboost,100,1,0.03,0.8,1.0,10.0,0.0,215,100.0,227,100 trees d=1,0.545775,0.552846,-0.007071,0.199648,0.213008,0.01336
xgb_n=100_depth=1_lr=0.03_sub=0.8_col=1.0_l2=10.0_l1=0.1,xgboost,100,1,0.03,0.8,1.0,10.0,0.1,215,100.0,228,100 trees d=1,0.542254,0.544715,-0.002461,0.202465,0.219512,0.017047
xgb_n=100_depth=1_lr=0.03_sub=1.0_col=0.8_l2=1.0_l1=0.0,xgboost,100,1,0.03,1.0,0.8,1.0,0.0,215,100.0,229,100 trees d=1,0.545775,0.512195,0.03358,0.200704,0.230894,0.03019
xgb_n=100_depth=1_lr=0.03_sub=1.0_col=0.8_l2=1.0_l1=0.1,xgboost,100,1,0.03,1.0,0.8,1.0,0.1,215,100.0,230,100 trees d=1,0.545775,0.520325,0.02545,0.201408,0.227642,0.026234
xgb_n=100_depth=1_lr=0.03_sub=1.0_col=0.8_l2=5.0_l1=0.0,xgboost,100,1,0.03,1.0,0.8,5.0,0.0,215,100.0,231,100 trees d=1,0.535211,0.512195,0.023016,0.208803,0.230894,0.022091
xgb_n=100_depth=1_lr=0.03_sub=1.0_col=0.8_l2=5.0_l1=0.1,xgboost,100,1,0.03,1.0,0.8,5.0,0.1,215,100.0,232,100 trees d=1,0.535211,0.512195,0.023016,0.208803,0.230894,0.022091
xgb_n=100_depth=1_lr=0.03_sub=1.0_col=0.8_l2=10.0_l1=0.0,xgboost,100,1,0.03,1.0,0.8,10.0,0.0,215,100.0,233,100 trees d=1,0.535211,0.512195,0.023016,0.210211,0.230894,0.020683
xgb_n=100_depth=1_lr=0.03_sub=1.0_col=0.8_l2=10.0_l1=0.1,xgboost,100,1,0.03,1.0,0.8,10.0,0.1,215,100.0,234,100 trees d=1,0.535211,0.504065,0.031146,0.210563,0.237398,0.026835
xgb_n=100_depth=1_lr=0.03_sub=1.0_col=1.0_l2=1.0_l1=0.0,xgboost,100,1,0.03,1.0,1.0,1.0,0.0,215,100.0,235,100 trees d=1,0.542254,0.512195,0.030059,0.203169,0.230894,0.027725
xgb_n=100_depth=1_lr=0.03_sub=1.0_col=1.0_l2=1.0_l1=0.1,xgboost,100,1,0.03,1.0,1.0,1.0,0.1,215,100.0,236,100 trees d=1,0.545775,0.520325,0.02545,0.203169,0.227642,0.024473
xgb_n=100_depth=1_lr=0.03_sub=1.0_col=1.0_l2=5.0_l1=0.0,xgboost,100,1,0.03,1.0,1.0,5.0,0.0,215,100.0,237,100 trees d=1,0.536972,0.520325,0.016647,0.208099,0.227642,0.019543
xgb_n=100_depth=1_lr=0.03_sub=1.0_col=1.0_l2=5.0_l1=0.1,xgboost,100,1,0.03,1.0,1.0,5.0,0.1,215,100.0,238,100 trees d=1,0.533451,0.512195,0.021256,0.210563,0.230894,0.020331
xgb_n=100_depth=1_lr=0.03_sub=1.0_col=1.0_l2=10.0_l1=0.0,xgboost,100,1,0.03,1.0,1.0,10.0,0.0,215,100.0,239,100 trees d=1,0.53169,0.504065,0.027625,0.211972,0.239024,0.027052
xgb_n=100_depth=1_lr=0.03_sub=1.0_col=1.0_l2=10.0_l1=0.1,xgboost,100,1,0.03,1.0,1.0,10.0,0.1,215,100.0,240,100 trees d=1,0.53169,0.504065,0.027625,0.21162,0.239024,0.027404
xgb_n=100_depth=1_lr=0.05_sub=0.8_col=0.8_l2=1.0_l1=0.0,xgboost,100,1,0.05,0.8,0.8,1.0,0.0,215,100.0,241,100 trees d=1,0.565141,0.577236,-0.012095,0.182746,0.20813,0.025384
xgb_n=100_depth=1_lr=0.05_sub=0.8_col=0.8_l2=1.0_l1=0.1,xgboost,100,1,0.05,0.8,0.8,1.0,0.1,215,100.0,242,100 trees d=1,0.56162,0.560976,0.000644,0.186268,0.217886,0.031618
xgb_n=100_depth=1_lr=0.05_sub=0.8_col=0.8_l2=5.0_l1=0.0,xgboost,100,1,0.05,0.8,0.8,5.0,0.0,215,100.0,243,100 trees d=1,0.566901,0.552846,0.014055,0.184507,0.214634,0.030127
xgb_n=100_depth=1_lr=0.05_sub=0.8_col=0.8_l2=5.0_l1=0.1,xgboost,100,1,0.05,0.8,0.8,5.0,0.1,215,100.0,244,100 trees d=1,0.572183,0.544715,0.027468,0.182394,0.221138,0.038744
xgb_n=100_depth=1_lr=0.05_sub=0.8_col=0.8_l2=10.0_l1=0.0,xgboost,100,1,0.05,0.8,0.8,10.0,0.0,215,100.0,245,100 trees d=1,0.566901,0.544715,0.022186,0.186268,0.221138,0.03487
xgb_n=100_depth=1_lr=0.05_sub=0.8_col=0.8_l2=10.0_l1=0.1,xgboost,100,1,0.05,0.8,0.8,10.0,0.1,215,100.0,246,100 trees d=1,0.559859,0.544715,0.015144,0.189437,0.221138,0.031701
xgb_n=100_depth=1_lr=0.05_sub=0.8_col=1.0_l2=1.0_l1=0.0,xgboost,100,1,0.05,0.8,1.0,1.0,0.0,215,100.0,247,100 trees d=1,0.570423,0.577236,-0.006813,0.181338,0.204878,0.02354
xgb_n=100_depth=1_lr=0.05_sub=0.8_col=1.0_l2=1.0_l1=0.1,xgboost,100,1,0.05,0.8,1.0,1.0,0.1,215,100.0,248,100 trees d=1,0.573944,0.544715,0.029229,0.180986,0.219512,0.038526
xgb_n=100_depth=1_lr=0.05_sub=0.8_col=1.0_l2=5.0_l1=0.0,xgboost,100,1,0.05,0.8,1.0,5.0,0.0,215,100.0,249,100 trees d=1,0.56162,0.560976,0.000644,0.188028,0.211382,0.023354
xgb_n=100_depth=1_lr=0.05_sub=0.8_col=1.0_l2=5.0_l1=0.1,xgboost,100,1,0.05,0.8,1.0,5.0,0.1,215,100.0,250,100 trees d=1,0.566901,0.552846,0.014055,0.18662,0.214634,0.028014
xgb_n=100_depth=1_lr=0.05_sub=0.8_col=1.0_l2=10.0_l1=0.0,xgboost,100,1,0.05,0.8,1.0,10.0,0.0,215,100.0,251,100 trees d=1,0.56162,0.552846,0.008774,0.189085,0.214634,0.025549
xgb_n=100_depth=1_lr=0.05_sub=0.8_col=1.0_l2=10.0_l1=0.1,xgboost,100,1,0.05,0.8,1.0,10.0,0.1,215,100.0,252,100 trees d=1,0.558099,0.560976,-0.002877,0.190845,0.211382,0.020537
xgb_n=100_depth=1_lr=0.05_sub=1.0_col=0.8_l2=1.0_l1=0.0,xgboost,100,1,0.05,1.0,0.8,1.0,0.0,215,100.0,253,100 trees d=1,0.558099,0.560976,-0.002877,0.188028,0.222764,0.034736
xgb_n=100_depth=1_lr=0.05_sub=1.0_col=0.8_l2=1.0_l1=0.1,xgboost,100,1,0.05,1.0,0.8,1.0,0.1,215,100.0,254,100 trees d=1,0.559859,0.569106,-0.009247,0.190493,0.21626,0.025767
xgb_n=100_depth=1_lr=0.05_sub=1.0_col=0.8_l2=5.0_l1=0.0,xgboost,100,1,0.05,1.0,0.8,5.0,0.0,215,100.0,255,100 trees d=1,0.554577,0.552846,0.001731,0.191901,0.219512,0.027611
xgb_n=100_depth=1_lr=0.05_sub=1.0_col=0.8_l2=5.0_l1=0.1,xgboost,100,1,0.05,1.0,0.8,5.0,0.1,215,100.0,256,100 trees d=1,0.552817,0.552846,-2.9e-05,0.193662,0.219512,0.02585
xgb_n=100_depth=1_lr=0.05_sub=1.0_col=0.8_l2=10.0_l1=0.0,xgboost,100,1,0.05,1.0,0.8,10.0,0.0,215,100.0,257,100 trees d=1,0.558099,0.552846,0.005253,0.191549,0.219512,0.027963
xgb_n=100_depth=1_lr=0.05_sub=1.0_col=0.8_l2=10.0_l1=0.1,xgboost,100,1,0.05,1.0,0.8,10.0,0.1,215,100.0,258,100 trees d=1,0.558099,0.552846,0.005253,0.191901,0.219512,0.027611
xgb_n=100_depth=1_lr=0.05_sub=1.0_col=1.0_l2=1.0_l1=0.0,xgboost,100,1,0.05,1.0,1.0,1.0,0.0,215,100.0,259,100 trees d=1,0.558099,0.560976,-0.002877,0.189437,0.222764,0.033327
xgb_n=100_depth=1_lr=0.05_sub=1.0_col=1.0_l2=1.0_l1=0.1,xgboost,100,1,0.05,1.0,1.0,1.0,0.1,215,100.0,260,100 trees d=1,0.56338,0.569106,-0.005726,0.187676,0.21626,0.028584
xgb_n=100_depth=1_lr=0.05_sub=1.0_col=1.0_l2=5.0_l1=0.0,xgboost,100,1,0.05,1.0,1.0,5.0,0.0,215,100.0,261,100 trees d=1,0.558099,0.544715,0.013384,0.190493,0.226016,0.035523
xgb_n=100_depth=1_lr=0.05_sub=1.0_col=1.0_l2=5.0_l1=0.1,xgboost,100,1,0.05,1.0,1.0,5.0,0.1,215,100.0,262,100 trees d=1,0.552817,0.552846,-2.9e-05,0.192606,0.219512,0.026906
xgb_n=100_depth=1_lr=0.05_sub=1.0_col=1.0_l2=10.0_l1=0.0,xgboost,100,1,0.05,1.0,1.0,10.0,0.0,215,100.0,263,100 trees d=1,0.558099,0.552846,0.005253,0.192606,0.219512,0.026906
xgb_n=100_depth=1_lr=0.05_sub=1.0_col=1.0_l2=10.0_l1=0.1,xgboost,100,1,0.05,1.0,1.0,10.0,0.1,215,100.0,264,100 trees d=1,0.559859,0.552846,0.007013,0.191549,0.219512,0.027963
xgb_n=100_depth=1_lr=0.1_sub=0.8_col=0.8_l2=1.0_l1=0.0,xgboost,100,1,0.1,0.8,0.8,1.0,0.0,215,100.0,265,100 trees d=1,0.602113,0.560976,0.041137,0.167254,0.213008,0.045754
xgb_n=100_depth=1_lr=0.1_sub=0.8_col=0.8_l2=1.0_l1=0.1,xgboost,100,1,0.1,0.8,0.8,1.0,0.1,215,100.0,266,100 trees d=1,0.607394,0.536585,0.070809,0.164085,0.226016,0.061931
xgb_n=100_depth=1_lr=0.1_sub=0.8_col=0.8_l2=5.0_l1=0.0,xgboost,100,1,0.1,0.8,0.8,5.0,0.0,215,100.0,267,100 trees d=1,0.582746,0.560976,0.02177,0.177465,0.213008,0.035543
xgb_n=100_depth=1_lr=0.1_sub=0.8_col=0.8_l2=5.0_l1=0.1,xgboost,100,1,0.1,0.8,0.8,5.0,0.1,215,100.0,268,100 trees d=1,0.598592,0.552846,0.045746,0.168662,0.21626,0.047598
xgb_n=100_depth=1_lr=0.1_sub=0.8_col=0.8_l2=10.0_l1=0.0,xgboost,100,1,0.1,0.8,0.8,10.0,0.0,215,100.0,269,100 trees d=1,0.589789,0.560976,0.028813,0.174296,0.214634,0.040338
xgb_n=100_depth=1_lr=0.1_sub=0.8_col=0.8_l2=10.0_l1=0.1,xgboost,100,1,0.1,0.8,0.8,10.0,0.1,215,100.0,270,100 trees d=1,0.584507,0.552846,0.031661,0.177465,0.222764,0.045299
xgb_n=100_depth=1_lr=0.1_sub=0.8_col=1.0_l2=1.0_l1=0.0,xgboost,100,1,0.1,0.8,1.0,1.0,0.0,215,100.0,271,100 trees d=1,0.591549,0.552846,0.038703,0.17007,0.217886,0.047816
xgb_n=100_depth=1_lr=0.1_sub=0.8_col=1.0_l2=1.0_l1=0.1,xgboost,100,1,0.1,0.8,1.0,1.0,0.1,215,100.0,272,100 trees d=1,0.607394,0.552846,0.054548,0.159507,0.227642,0.068135
xgb_n=100_depth=1_lr=0.1_sub=0.8_col=1.0_l2=5.0_l1=0.0,xgboost,100,1,0.1,0.8,1.0,5.0,0.0,215,100.0,273,100 trees d=1,0.591549,0.544715,0.046834,0.171831,0.21626,0.044429
xgb_n=100_depth=1_lr=0.1_sub=0.8_col=1.0_l2=5.0_l1=0.1,xgboost,100,1,0.1,0.8,1.0,5.0,0.1,215,100.0,274,100 trees d=1,0.59507,0.528455,0.066615,0.169014,0.235772,0.066758
xgb_n=100_depth=1_lr=0.1_sub=0.8_col=1.0_l2=10.0_l1=0.0,xgboost,100,1,0.1,0.8,1.0,10.0,0.0,215,100.0,275,100 trees d=1,0.586268,0.552846,0.033422,0.176408,0.211382,0.034974
xgb_n=100_depth=1_lr=0.1_sub=0.8_col=1.0_l2=10.0_l1=0.1,xgboost,100,1,0.1,0.8,1.0,10.0,0.1,215,100.0,276,100 trees d=1,0.589789,0.544715,0.045074,0.174648,0.221138,0.04649
xgb_n=100_depth=1_lr=0.1_sub=1.0_col=0.8_l2=1.0_l1=0.0,xgboost,100,1,0.1,1.0,0.8,1.0,0.0,215,100.0,277,100 trees d=1,0.59331,0.569106,0.024204,0.17007,0.20813,0.03806
xgb_n=100_depth=1_lr=0.1_sub=1.0_col=0.8_l2=1.0_l1=0.1,xgboost,100,1,0.1,1.0,0.8,1.0,0.1,215,100.0,278,100 trees d=1,0.59331,0.544715,0.048595,0.169366,0.222764,0.053398
xgb_n=100_depth=1_lr=0.1_sub=1.0_col=0.8_l2=5.0_l1=0.0,xgboost,100,1,0.1,1.0,0.8,5.0,0.0,215,100.0,279,100 trees d=1,0.588028,0.577236,0.010792,0.173944,0.209756,0.035812
xgb_n=100_depth=1_lr=0.1_sub=1.0_col=0.8_l2=5.0_l1=0.1,xgboost,100,1,0.1,1.0,0.8,5.0,0.1,215,100.0,280,100 trees d=1,0.584507,0.560976,0.023531,0.176761,0.213008,0.036247
xgb_n=100_depth=1_lr=0.1_sub=1.0_col=0.8_l2=10.0_l1=0.0,xgboost,100,1,0.1,1.0,0.8,10.0,0.0,215,100.0,281,100 trees d=1,0.588028,0.569106,0.018922,0.175704,0.21626,0.040556
xgb_n=100_depth=1_lr=0.1_sub=1.0_col=0.8_l2=10.0_l1=0.1,xgboost,100,1,0.1,1.0,0.8,10.0,0.1,215,100.0,282,100 trees d=1,0.582746,0.569106,0.01364,0.178521,0.214634,0.036113
xgb_n=100_depth=1_lr=0.1_sub=1.0_col=1.0_l2=1.0_l1=0.0,xgboost,100,1,0.1,1.0,1.0,1.0,0.0,215,100.0,283,100 trees d=1,0.59331,0.552846,0.040464,0.17007,0.219512,0.049442
xgb_n=100_depth=1_lr=0.1_sub=1.0_col=1.0_l2=1.0_l1=0.1,xgboost,100,1,0.1,1.0,1.0,1.0,0.1,215,100.0,284,100 trees d=1,0.59331,0.569106,0.024204,0.168662,0.209756,0.041094
xgb_n=100_depth=1_lr=0.1_sub=1.0_col=1.0_l2=5.0_l1=0.0,xgboost,100,1,0.1,1.0,1.0,5.0,0.0,215,100.0,285,100 trees d=1,0.591549,0.577236,0.014313,0.171831,0.209756,0.037925
xgb_n=100_depth=1_lr=0.1_sub=1.0_col=1.0_l2=5.0_l1=0.1,xgboost,100,1,0.1,1.0,1.0,5.0,0.1,215,100.0,286,100 trees d=1,0.59331,0.577236,0.016074,0.173592,0.20813,0.034538
xgb_n=100_depth=1_lr=0.1_sub=1.0_col=1.0_l2=10.0_l1=0.0,xgboost,100,1,0.1,1.0,1.0,10.0,0.0,215,100.0,287,100 trees d=1,0.589789,0.560976,0.028813,0.176408,0.217886,0.041478
xgb_n=100_depth=1_lr=0.1_sub=1.0_col=1.0_l2=10.0_l1=0.1,xgboost,100,1,0.1,1.0,1.0,10.0,0.1,215,100.0,288,100 trees d=1,0.588028,0.560976,0.027052,0.176056,0.217886,0.04183
xgb_n=100_depth=2_lr=0.03_sub=0.8_col=0.8_l2=1.0_l1=0.0,xgboost,100,2,0.03,0.8,0.8,1.0,0.0,215,200.0,289,100 trees d=2,0.623239,0.504065,0.119174,0.151408,0.235772,0.084364
xgb_n=100_depth=2_lr=0.03_sub=0.8_col=0.8_l2=1.0_l1=0.1,xgboost,100,2,0.03,0.8,0.8,1.0,0.1,215,200.0,290,100 trees d=2,0.616197,0.512195,0.104002,0.154577,0.23252,0.077943
xgb_n=100_depth=2_lr=0.03_sub=0.8_col=0.8_l2=5.0_l1=0.0,xgboost,100,2,0.03,0.8,0.8,5.0,0.0,215,200.0,291,100 trees d=2,0.607394,0.536585,0.070809,0.159155,0.234146,0.074991
xgb_n=100_depth=2_lr=0.03_sub=0.8_col=0.8_l2=5.0_l1=0.1,xgboost,100,2,0.03,0.8,0.8,5.0,0.1,215,200.0,292,100 trees d=2,0.603873,0.520325,0.083548,0.161972,0.237398,0.075426
xgb_n=100_depth=2_lr=0.03_sub=0.8_col=0.8_l2=10.0_l1=0.0,xgboost,100,2,0.03,0.8,0.8,10.0,0.0,215,200.0,293,100 trees d=2,0.616197,0.536585,0.079612,0.158451,0.22439,0.065939
xgb_n=100_depth=2_lr=0.03_sub=0.8_col=0.8_l2=10.0_l1=0.1,xgboost,100,2,0.03,0.8,0.8,10.0,0.1,215,200.0,294,100 trees d=2,0.607394,0.536585,0.070809,0.16162,0.226016,0.064396
xgb_n=100_depth=2_lr=0.03_sub=0.8_col=1.0_l2=1.0_l1=0.0,xgboost,100,2,0.03,0.8,1.0,1.0,0.0,215,200.0,295,100 trees d=2,0.639085,0.512195,0.12689,0.144014,0.229268,0.085254
xgb_n=100_depth=2_lr=0.03_sub=0.8_col=1.0_l2=1.0_l1=0.1,xgboost,100,2,0.03,0.8,1.0,1.0,0.1,215,200.0,296,100 trees d=2,0.625,0.512195,0.112805,0.15,0.24065,0.09065
xgb_n=100_depth=2_lr=0.03_sub=0.8_col=1.0_l2=5.0_l1=0.0,xgboost,100,2,0.03,0.8,1.0,5.0,0.0,215,200.0,297,100 trees d=2,0.617958,0.552846,0.065112,0.15669,0.211382,0.054692
xgb_n=100_depth=2_lr=0.03_sub=0.8_col=1.0_l2=5.0_l1=0.1,xgboost,100,2,0.03,0.8,1.0,5.0,0.1,215,200.0,298,100 trees d=2,0.614437,0.528455,0.085982,0.155986,0.222764,0.066778
xgb_n=100_depth=2_lr=0.03_sub=0.8_col=1.0_l2=10.0_l1=0.0,xgboost,100,2,0.03,0.8,1.0,10.0,0.0,215,200.0,299,100 trees d=2,0.614437,0.520325,0.094112,0.157394,0.227642,0.070248
xgb_n=100_depth=2_lr=0.03_sub=0.8_col=1.0_l2=10.0_l1=0.1,xgboost,100,2,0.03,0.8,1.0,10.0,0.1,215,200.0,300,100 trees d=2,0.612676,0.512195,0.100481,0.157394,0.234146,0.076752
xgb_n=100_depth=2_lr=0.03_sub=1.0_col=0.8_l2=1.0_l1=0.0,xgboost,100,2,0.03,1.0,0.8,1.0,0.0,215,200.0,301,100 trees d=2,0.609155,0.544715,0.06444,0.158803,0.221138,0.062335
xgb_n=100_depth=2_lr=0.03_sub=1.0_col=0.8_l2=1.0_l1=0.1,xgboost,100,2,0.03,1.0,0.8,1.0,0.1,215,200.0,302,100 trees d=2,0.610915,0.528455,0.08246,0.159155,0.227642,0.068487
xgb_n=100_depth=2_lr=0.03_sub=1.0_col=0.8_l2=5.0_l1=0.0,xgboost,100,2,0.03,1.0,0.8,5.0,0.0,215,200.0,303,100 trees d=2,0.602113,0.512195,0.089918,0.164085,0.230894,0.066809
xgb_n=100_depth=2_lr=0.03_sub=1.0_col=0.8_l2=5.0_l1=0.1,xgboost,100,2,0.03,1.0,0.8,5.0,0.1,215,200.0,304,100 trees d=2,0.603873,0.520325,0.083548,0.162676,0.226016,0.06334
xgb_n=100_depth=2_lr=0.03_sub=1.0_col=0.8_l2=10.0_l1=0.0,xgboost,100,2,0.03,1.0,0.8,10.0,0.0,215,200.0,305,100 trees d=2,0.603873,0.495935,0.107938,0.160563,0.239024,0.078461
xgb_n=100_depth=2_lr=0.03_sub=1.0_col=0.8_l2=10.0_l1=0.1,xgboost,100,2,0.03,1.0,0.8,10.0,0.1,215,200.0,306,100 trees d=2,0.59331,0.512195,0.081115,0.166197,0.23252,0.066323
xgb_n=100_depth=2_lr=0.03_sub=1.0_col=1.0_l2=1.0_l1=0.0,xgboost,100,2,0.03,1.0,1.0,1.0,0.0,215,200.0,307,100 trees d=2,0.609155,0.528455,0.0807,0.159507,0.222764,0.063257
xgb_n=100_depth=2_lr=0.03_sub=1.0_col=1.0_l2=1.0_l1=0.1,xgboost,100,2,0.03,1.0,1.0,1.0,0.1,215,200.0,308,100 trees d=2,0.609155,0.528455,0.0807,0.159859,0.219512,0.059653
xgb_n=100_depth=2_lr=0.03_sub=1.0_col=1.0_l2=5.0_l1=0.0,xgboost,100,2,0.03,1.0,1.0,5.0,0.0,215,200.0,309,100 trees d=2,0.603873,0.520325,0.083548,0.161268,0.227642,0.066374
xgb_n=100_depth=2_lr=0.03_sub=1.0_col=1.0_l2=5.0_l1=0.1,xgboost,100,2,0.03,1.0,1.0,5.0,0.1,215,200.0,310,100 trees d=2,0.600352,0.512195,0.088157,0.164789,0.229268,0.064479
xgb_n=100_depth=2_lr=0.03_sub=1.0_col=1.0_l2=10.0_l1=0.0,xgboost,100,2,0.03,1.0,1.0,10.0,0.0,215,200.0,311,100 trees d=2,0.607394,0.487805,0.119589,0.159507,0.247154,0.087647
xgb_n=100_depth=2_lr=0.03_sub=1.0_col=1.0_l2=10.0_l1=0.1,xgboost,100,2,0.03,1.0,1.0,10.0,0.1,215,200.0,312,100 trees d=2,0.600352,0.495935,0.104417,0.16338,0.24065,0.07727
xgb_n=100_depth=2_lr=0.05_sub=0.8_col=0.8_l2=1.0_l1=0.0,xgboost,100,2,0.05,0.8,0.8,1.0,0.0,215,200.0,313,100 trees d=2,0.65493,0.520325,0.134605,0.132746,0.234146,0.1014
xgb_n=100_depth=2_lr=0.05_sub=0.8_col=0.8_l2=1.0_l1=0.1,xgboost,100,2,0.05,0.8,0.8,1.0,0.1,215,200.0,314,100 trees d=2,0.644366,0.528455,0.115911,0.13662,0.230894,0.094274
xgb_n=100_depth=2_lr=0.05_sub=0.8_col=0.8_l2=5.0_l1=0.0,xgboost,100,2,0.05,0.8,0.8,5.0,0.0,215,200.0,315,100 trees d=2,0.635563,0.544715,0.090848,0.140845,0.226016,0.085171
xgb_n=100_depth=2_lr=0.05_sub=0.8_col=0.8_l2=5.0_l1=0.1,xgboost,100,2,0.05,0.8,0.8,5.0,0.1,215,200.0,316,100 trees d=2,0.633803,0.552846,0.080957,0.140493,0.222764,0.082271
xgb_n=100_depth=2_lr=0.05_sub=0.8_col=0.8_l2=10.0_l1=0.0,xgboost,100,2,0.05,0.8,0.8,10.0,0.0,215,200.0,317,100 trees d=2,0.635563,0.504065,0.131498,0.145775,0.256911,0.111136
xgb_n=100_depth=2_lr=0.05_sub=0.8_col=0.8_l2=10.0_l1=0.1,xgboost,100,2,0.05,0.8,0.8,10.0,0.1,215,200.0,318,100 trees d=2,0.637324,0.528455,0.108869,0.14331,0.24065,0.09734
xgb_n=100_depth=2_lr=0.05_sub=0.8_col=1.0_l2=1.0_l1=0.0,xgboost,100,2,0.05,0.8,1.0,1.0,0.0,215,200.0,319,100 trees d=2,0.658451,0.520325,0.138126,0.131338,0.221138,0.0898
xgb_n=100_depth=2_lr=0.05_sub=0.8_col=1.0_l2=1.0_l1=0.1,xgboost,100,2,0.05,0.8,1.0,1.0,0.1,215,200.0,320,100 trees d=2,0.646127,0.520325,0.125802,0.136268,0.222764,0.086496
xgb_n=100_depth=2_lr=0.05_sub=0.8_col=1.0_l2=5.0_l1=0.0,xgboost,100,2,0.05,0.8,1.0,5.0,0.0,215,200.0,321,100 trees d=2,0.644366,0.520325,0.124041,0.137324,0.229268,0.091944
xgb_n=100_depth=2_lr=0.05_sub=0.8_col=1.0_l2=5.0_l1=0.1,xgboost,100,2,0.05,0.8,1.0,5.0,0.1,215,200.0,322,100 trees d=2,0.635563,0.528455,0.107108,0.142958,0.229268,0.08631
xgb_n=100_depth=2_lr=0.05_sub=0.8_col=1.0_l2=10.0_l1=0.0,xgboost,100,2,0.05,0.8,1.0,10.0,0.0,215,200.0,323,100 trees d=2,0.632042,0.495935,0.136107,0.144718,0.247154,0.102436
xgb_n=100_depth=2_lr=0.05_sub=0.8_col=1.0_l2=10.0_l1=0.1,xgboost,100,2,0.05,0.8,1.0,10.0,0.1,215,200.0,324,100 trees d=2,0.640845,0.495935,0.14491,0.140845,0.252033,0.111188
xgb_n=100_depth=2_lr=0.05_sub=1.0_col=0.8_l2=1.0_l1=0.0,xgboost,100,2,0.05,1.0,0.8,1.0,0.0,215,200.0,325,100 trees d=2,0.65669,0.544715,0.111975,0.134155,0.213008,0.078853
xgb_n=100_depth=2_lr=0.05_sub=1.0_col=0.8_l2=1.0_l1=0.1,xgboost,100,2,0.05,1.0,0.8,1.0,0.1,215,200.0,326,100 trees d=2,0.646127,0.552846,0.093281,0.137324,0.211382,0.074058
xgb_n=100_depth=2_lr=0.05_sub=1.0_col=0.8_l2=5.0_l1=0.0,xgboost,100,2,0.05,1.0,0.8,5.0,0.0,215,200.0,327,100 trees d=2,0.651408,0.552846,0.098562,0.135563,0.20813,0.072567
xgb_n=100_depth=2_lr=0.05_sub=1.0_col=0.8_l2=5.0_l1=0.1,xgboost,100,2,0.05,1.0,0.8,5.0,0.1,215,200.0,328,100 trees d=2,0.644366,0.536585,0.107781,0.140845,0.21626,0.075415
xgb_n=100_depth=2_lr=0.05_sub=1.0_col=0.8_l2=10.0_l1=0.0,xgboost,100,2,0.05,1.0,0.8,10.0,0.0,215,200.0,329,100 trees d=2,0.633803,0.528455,0.105348,0.142606,0.227642,0.085036
xgb_n=100_depth=2_lr=0.05_sub=1.0_col=0.8_l2=10.0_l1=0.1,xgboost,100,2,0.05,1.0,0.8,10.0,0.1,215,200.0,330,100 trees d=2,0.633803,0.536585,0.097218,0.142606,0.214634,0.072028
xgb_n=100_depth=2_lr=0.05_sub=1.0_col=1.0_l2=1.0_l1=0.0,xgboost,100,2,0.05,1.0,1.0,1.0,0.0,215,200.0,331,100 trees d=2,0.65669,0.544715,0.111975,0.136972,0.214634,0.077662
xgb_n=100_depth=2_lr=0.05_sub=1.0_col=1.0_l2=1.0_l1=0.1,xgboost,100,2,0.05,1.0,1.0,1.0,0.1,215,200.0,332,100 trees d=2,0.65493,0.528455,0.126475,0.130634,0.227642,0.097008
xgb_n=100_depth=2_lr=0.05_sub=1.0_col=1.0_l2=5.0_l1=0.0,xgboost,100,2,0.05,1.0,1.0,5.0,0.0,215,200.0,333,100 trees d=2,0.637324,0.552846,0.084478,0.143662,0.20813,0.064468
xgb_n=100_depth=2_lr=0.05_sub=1.0_col=1.0_l2=5.0_l1=0.1,xgboost,100,2,0.05,1.0,1.0,5.0,0.1,215,200.0,334,100 trees d=2,0.637324,0.536585,0.100739,0.140493,0.22439,0.083897
xgb_n=100_depth=2_lr=0.05_sub=1.0_col=1.0_l2=10.0_l1=0.0,xgboost,100,2,0.05,1.0,1.0,10.0,0.0,215,200.0,335,100 trees d=2,0.639085,0.544715,0.09437,0.141901,0.22439,0.082489
xgb_n=100_depth=2_lr=0.05_sub=1.0_col=1.0_l2=10.0_l1=0.1,xgboost,100,2,0.05,1.0,1.0,10.0,0.1,215,200.0,336,100 trees d=2,0.630282,0.528455,0.101827,0.14507,0.222764,0.077694
xgb_n=100_depth=2_lr=0.1_sub=0.8_col=0.8_l2=1.0_l1=0.0,xgboost,100,2,0.1,0.8,0.8,1.0,0.0,215,200.0,337,100 trees d=2,0.713028,0.536585,0.176443,0.096127,0.229268,0.133141
xgb_n=100_depth=2_lr=0.1_sub=0.8_col=0.8_l2=1.0_l1=0.1,xgboost,100,2,0.1,0.8,0.8,1.0,0.1,215,200.0,338,100 trees d=2,0.698944,0.520325,0.178619,0.10493,0.242276,0.137346
xgb_n=100_depth=2_lr=0.1_sub=0.8_col=0.8_l2=5.0_l1=0.0,xgboost,100,2,0.1,0.8,0.8,5.0,0.0,215,200.0,339,100 trees d=2,0.693662,0.520325,0.173337,0.101056,0.252033,0.150977
xgb_n=100_depth=2_lr=0.1_sub=0.8_col=0.8_l2=5.0_l1=0.1,xgboost,100,2,0.1,0.8,0.8,5.0,0.1,215,200.0,340,100 trees d=2,0.68662,0.560976,0.125644,0.107042,0.217886,0.110844
xgb_n=100_depth=2_lr=0.1_sub=0.8_col=0.8_l2=10.0_l1=0.0,xgboost,100,2,0.1,0.8,0.8,10.0,0.0,215,200.0,341,100 trees d=2,0.683099,0.520325,0.162774,0.110211,0.237398,0.127187
xgb_n=100_depth=2_lr=0.1_sub=0.8_col=0.8_l2=10.0_l1=0.1,xgboost,100,2,0.1,0.8,0.8,10.0,0.1,215,200.0,342,100 trees d=2,0.660211,0.504065,0.156146,0.120423,0.256911,0.136488
xgb_n=100_depth=2_lr=0.1_sub=0.8_col=1.0_l2=1.0_l1=0.0,xgboost,100,2,0.1,0.8,1.0,1.0,0.0,215,200.0,343,100 trees d=2,0.704225,0.536585,0.16764,0.098592,0.217886,0.119294
xgb_n=100_depth=2_lr=0.1_sub=0.8_col=1.0_l2=1.0_l1=0.1,xgboost,100,2,0.1,0.8,1.0,1.0,0.1,215,200.0,344,100 trees d=2,0.704225,0.528455,0.17577,0.098592,0.221138,0.122546
xgb_n=100_depth=2_lr=0.1_sub=0.8_col=1.0_l2=5.0_l1=0.0,xgboost,100,2,0.1,0.8,1.0,5.0,0.0,215,200.0,345,100 trees d=2,0.695423,0.520325,0.175098,0.103169,0.242276,0.139107
xgb_n=100_depth=2_lr=0.1_sub=0.8_col=1.0_l2=5.0_l1=0.1,xgboost,100,2,0.1,0.8,1.0,5.0,0.1,215,200.0,346,100 trees d=2,0.695423,0.544715,0.150708,0.101056,0.229268,0.128212
xgb_n=100_depth=2_lr=0.1_sub=0.8_col=1.0_l2=10.0_l1=0.0,xgboost,100,2,0.1,0.8,1.0,10.0,0.0,215,200.0,347,100 trees d=2,0.68838,0.504065,0.184315,0.109507,0.247154,0.137647
xgb_n=100_depth=2_lr=0.1_sub=0.8_col=1.0_l2=10.0_l1=0.1,xgboost,100,2,0.1,0.8,1.0,10.0,0.1,215,200.0,348,100 trees d=2,0.677817,0.544715,0.133102,0.110563,0.227642,0.117079
xgb_n=100_depth=2_lr=0.1_sub=1.0_col=0.8_l2=1.0_l1=0.0,xgboost,100,2,0.1,1.0,0.8,1.0,0.0,215,200.0,349,100 trees d=2,0.700704,0.552846,0.147858,0.106338,0.198374,0.092036
xgb_n=100_depth=2_lr=0.1_sub=1.0_col=0.8_l2=1.0_l1=0.1,xgboost,100,2,0.1,1.0,0.8,1.0,0.1,215,200.0,350,100 trees d=2,0.691901,0.544715,0.147186,0.112324,0.2,0.087676
xgb_n=100_depth=2_lr=0.1_sub=1.0_col=0.8_l2=5.0_l1=0.0,xgboost,100,2,0.1,1.0,0.8,5.0,0.0,215,200.0,351,100 trees d=2,0.691901,0.536585,0.155316,0.113732,0.219512,0.10578
xgb_n=100_depth=2_lr=0.1_sub=1.0_col=0.8_l2=5.0_l1=0.1,xgboost,100,2,0.1,1.0,0.8,5.0,0.1,215,200.0,352,100 trees d=2,0.690141,0.552846,0.137295,0.111972,0.204878,0.092906
xgb_n=100_depth=2_lr=0.1_sub=1.0_col=0.8_l2=10.0_l1=0.0,xgboost,100,2,0.1,1.0,0.8,10.0,0.0,215,200.0,353,100 trees d=2,0.697183,0.536585,0.160598,0.106338,0.217886,0.111548
xgb_n=100_depth=2_lr=0.1_sub=1.0_col=0.8_l2=10.0_l1=0.1,xgboost,100,2,0.1,1.0,0.8,10.0,0.1,215,200.0,354,100 trees d=2,0.676056,0.544715,0.131341,0.116549,0.21626,0.099711
xgb_n=100_depth=2_lr=0.1_sub=1.0_col=1.0_l2=1.0_l1=0.0,xgboost,100,2,0.1,1.0,1.0,1.0,0.0,215,200.0,355,100 trees d=2,0.693662,0.552846,0.140816,0.109155,0.203252,0.094097
xgb_n=100_depth=2_lr=0.1_sub=1.0_col=1.0_l2=1.0_l1=0.1,xgboost,100,2,0.1,1.0,1.0,1.0,0.1,215,200.0,356,100 trees d=2,0.695423,0.560976,0.134447,0.107746,0.193496,0.08575
xgb_n=100_depth=2_lr=0.1_sub=1.0_col=1.0_l2=5.0_l1=0.0,xgboost,100,2,0.1,1.0,1.0,5.0,0.0,215,200.0,357,100 trees d=2,0.714789,0.512195,0.202594,0.103873,0.229268,0.125395
xgb_n=100_depth=2_lr=0.1_sub=1.0_col=1.0_l2=5.0_l1=0.1,xgboost,100,2,0.1,1.0,1.0,5.0,0.1,215,200.0,358,100 trees d=2,0.709507,0.552846,0.156661,0.104225,0.213008,0.108783
xgb_n=100_depth=2_lr=0.1_sub=1.0_col=1.0_l2=10.0_l1=0.0,xgboost,100,2,0.1,1.0,1.0,10.0,0.0,215,200.0,359,100 trees d=2,0.677817,0.552846,0.124971,0.114437,0.211382,0.096945
xgb_n=100_depth=2_lr=0.1_sub=1.0_col=1.0_l2=10.0_l1=0.1,xgboost,100,2,0.1,1.0,1.0,10.0,0.1,215,200.0,360,100 trees d=2,0.684859,0.560976,0.123883,0.113732,0.219512,0.10578
xgb_n=100_depth=3_lr=0.03_sub=0.8_col=0.8_l2=1.0_l1=0.0,xgboost,100,3,0.03,0.8,0.8,1.0,0.0,215,300.0,361,100 trees d=3,0.716549,0.520325,0.196224,0.095423,0.235772,0.140349
xgb_n=100_depth=3_lr=0.03_sub=0.8_col=0.8_l2=1.0_l1=0.1,xgboost,100,3,0.03,0.8,0.8,1.0,0.1,215,300.0,362,100 trees d=3,0.727113,0.487805,0.239308,0.087676,0.250407,0.162731
xgb_n=100_depth=3_lr=0.03_sub=0.8_col=0.8_l2=5.0_l1=0.0,xgboost,100,3,0.03,0.8,0.8,5.0,0.0,215,300.0,363,100 trees d=3,0.697183,0.495935,0.201248,0.10493,0.24878,0.14385
xgb_n=100_depth=3_lr=0.03_sub=0.8_col=0.8_l2=5.0_l1=0.1,xgboost,100,3,0.03,0.8,0.8,5.0,0.1,215,300.0,364,100 trees d=3,0.698944,0.463415,0.235529,0.104225,0.260163,0.155938
xgb_n=100_depth=3_lr=0.03_sub=0.8_col=0.8_l2=10.0_l1=0.0,xgboost,100,3,0.03,0.8,0.8,10.0,0.0,215,300.0,365,100 trees d=3,0.681338,0.512195,0.169143,0.11162,0.24878,0.13716
xgb_n=100_depth=3_lr=0.03_sub=0.8_col=0.8_l2=10.0_l1=0.1,xgboost,100,3,0.03,0.8,0.8,10.0,0.1,215,300.0,366,100 trees d=3,0.684859,0.495935,0.188924,0.112324,0.252033,0.139709
xgb_n=100_depth=3_lr=0.03_sub=0.8_col=1.0_l2=1.0_l1=0.0,xgboost,100,3,0.03,0.8,1.0,1.0,0.0,215,300.0,367,100 trees d=3,0.723592,0.504065,0.219527,0.094366,0.239024,0.144658
xgb_n=100_depth=3_lr=0.03_sub=0.8_col=1.0_l2=1.0_l1=0.1,xgboost,100,3,0.03,0.8,1.0,1.0,0.1,215,300.0,368,100 trees d=3,0.709507,0.512195,0.197312,0.099296,0.242276,0.14298
xgb_n=100_depth=3_lr=0.03_sub=0.8_col=1.0_l2=5.0_l1=0.0,xgboost,100,3,0.03,0.8,1.0,5.0,0.0,215,300.0,369,100 trees d=3,0.679577,0.495935,0.183642,0.109155,0.247154,0.137999
xgb_n=100_depth=3_lr=0.03_sub=0.8_col=1.0_l2=5.0_l1=0.1,xgboost,100,3,0.03,0.8,1.0,5.0,0.1,215,300.0,370,100 trees d=3,0.698944,0.512195,0.186749,0.102817,0.24065,0.137833
xgb_n=100_depth=3_lr=0.03_sub=0.8_col=1.0_l2=10.0_l1=0.0,xgboost,100,3,0.03,0.8,1.0,10.0,0.0,215,300.0,371,100 trees d=3,0.68838,0.512195,0.176185,0.110211,0.243902,0.133691
xgb_n=100_depth=3_lr=0.03_sub=0.8_col=1.0_l2=10.0_l1=0.1,xgboost,100,3,0.03,0.8,1.0,10.0,0.1,215,300.0,372,100 trees d=3,0.700704,0.495935,0.204769,0.107042,0.24878,0.141738
xgb_n=100_depth=3_lr=0.03_sub=1.0_col=0.8_l2=1.0_l1=0.0,xgboost,100,3,0.03,1.0,0.8,1.0,0.0,215,300.0,373,100 trees d=3,0.68662,0.504065,0.182555,0.11162,0.24065,0.12903
xgb_n=100_depth=3_lr=0.03_sub=1.0_col=0.8_l2=1.0_l1=0.1,xgboost,100,3,0.03,1.0,0.8,1.0,0.1,215,300.0,374,100 trees d=3,0.693662,0.528455,0.165207,0.111268,0.227642,0.116374
xgb_n=100_depth=3_lr=0.03_sub=1.0_col=0.8_l2=5.0_l1=0.0,xgboost,100,3,0.03,1.0,0.8,5.0,0.0,215,300.0,375,100 trees d=3,0.676056,0.536585,0.139471,0.117958,0.219512,0.101554
xgb_n=100_depth=3_lr=0.03_sub=1.0_col=0.8_l2=5.0_l1=0.1,xgboost,100,3,0.03,1.0,0.8,5.0,0.1,215,300.0,376,100 trees d=3,0.68838,0.536585,0.151795,0.112676,0.23252,0.119844
xgb_n=100_depth=3_lr=0.03_sub=1.0_col=0.8_l2=10.0_l1=0.0,xgboost,100,3,0.03,1.0,0.8,10.0,0.0,215,300.0,377,100 trees d=3,0.658451,0.504065,0.154386,0.125352,0.250407,0.125055
xgb_n=100_depth=3_lr=0.03_sub=1.0_col=0.8_l2=10.0_l1=0.1,xgboost,100,3,0.03,1.0,0.8,10.0,0.1,215,300.0,378,100 trees d=3,0.65669,0.512195,0.144495,0.127817,0.237398,0.109581
xgb_n=100_depth=3_lr=0.03_sub=1.0_col=1.0_l2=1.0_l1=0.0,xgboost,100,3,0.03,1.0,1.0,1.0,0.0,215,300.0,379,100 trees d=3,0.697183,0.536585,0.160598,0.108803,0.239024,0.130221
xgb_n=100_depth=3_lr=0.03_sub=1.0_col=1.0_l2=1.0_l1=0.1,xgboost,100,3,0.03,1.0,1.0,1.0,0.1,215,300.0,380,100 trees d=3,0.700704,0.528455,0.172249,0.108451,0.247154,0.138703
xgb_n=100_depth=3_lr=0.03_sub=1.0_col=1.0_l2=5.0_l1=0.0,xgboost,100,3,0.03,1.0,1.0,5.0,0.0,215,300.0,381,100 trees d=3,0.683099,0.552846,0.130253,0.116901,0.217886,0.100985
xgb_n=100_depth=3_lr=0.03_sub=1.0_col=1.0_l2=5.0_l1=0.1,xgboost,100,3,0.03,1.0,1.0,5.0,0.1,215,300.0,382,100 trees d=3,0.684859,0.536585,0.148274,0.114085,0.226016,0.111931
xgb_n=100_depth=3_lr=0.03_sub=1.0_col=1.0_l2=10.0_l1=0.0,xgboost,100,3,0.03,1.0,1.0,10.0,0.0,215,300.0,383,100 trees d=3,0.665493,0.504065,0.161428,0.122535,0.243902,0.121367
xgb_n=100_depth=3_lr=0.03_sub=1.0_col=1.0_l2=10.0_l1=0.1,xgboost,100,3,0.03,1.0,1.0,10.0,0.1,215,300.0,384,100 trees d=3,0.669014,0.504065,0.164949,0.122535,0.243902,0.121367
xgb_n=100_depth=3_lr=0.05_sub=0.8_col=0.8_l2=1.0_l1=0.0,xgboost,100,3,0.05,0.8,0.8,1.0,0.0,215,300.0,385,100 trees d=3,0.764085,0.512195,0.25189,0.072535,0.237398,0.164863
xgb_n=100_depth=3_lr=0.05_sub=0.8_col=0.8_l2=1.0_l1=0.1,xgboost,100,3,0.05,0.8,0.8,1.0,0.1,215,300.0,386,100 trees d=3,0.758803,0.512195,0.246608,0.078521,0.239024,0.160503
xgb_n=100_depth=3_lr=0.05_sub=0.8_col=0.8_l2=5.0_l1=0.0,xgboost,100,3,0.05,0.8,0.8,5.0,0.0,215,300.0,387,100 trees d=3,0.746479,0.512195,0.234284,0.078873,0.234146,0.155273
xgb_n=100_depth=3_lr=0.05_sub=0.8_col=0.8_l2=5.0_l1=0.1,xgboost,100,3,0.05,0.8,0.8,5.0,0.1,215,300.0,388,100 trees d=3,0.748239,0.520325,0.227914,0.080282,0.250407,0.170125
xgb_n=100_depth=3_lr=0.05_sub=0.8_col=0.8_l2=10.0_l1=0.0,xgboost,100,3,0.05,0.8,0.8,10.0,0.0,215,300.0,389,100 trees d=3,0.728873,0.520325,0.208548,0.08838,0.237398,0.149018
xgb_n=100_depth=3_lr=0.05_sub=0.8_col=0.8_l2=10.0_l1=0.1,xgboost,100,3,0.05,0.8,0.8,10.0,0.1,215,300.0,390,100 trees d=3,0.727113,0.536585,0.190528,0.088028,0.237398,0.14937
xgb_n=100_depth=3_lr=0.05_sub=0.8_col=1.0_l2=1.0_l1=0.0,xgboost,100,3,0.05,0.8,1.0,1.0,0.0,215,300.0,391,100 trees d=3,0.767606,0.504065,0.263541,0.073944,0.226016,0.152072
xgb_n=100_depth=3_lr=0.05_sub=0.8_col=1.0_l2=1.0_l1=0.1,xgboost,100,3,0.05,0.8,1.0,1.0,0.1,215,300.0,392,100 trees d=3,0.764085,0.495935,0.26815,0.074648,0.243902,0.169254
xgb_n=100_depth=3_lr=0.05_sub=0.8_col=1.0_l2=5.0_l1=0.0,xgboost,100,3,0.05,0.8,1.0,5.0,0.0,215,300.0,393,100 trees d=3,0.757042,0.536585,0.220457,0.079577,0.21626,0.136683
xgb_n=100_depth=3_lr=0.05_sub=0.8_col=1.0_l2=5.0_l1=0.1,xgboost,100,3,0.05,0.8,1.0,5.0,0.1,215,300.0,394,100 trees d=3,0.739437,0.536585,0.202852,0.084859,0.227642,0.142783
xgb_n=100_depth=3_lr=0.05_sub=0.8_col=1.0_l2=10.0_l1=0.0,xgboost,100,3,0.05,0.8,1.0,10.0,0.0,215,300.0,395,100 trees d=3,0.734155,0.487805,0.24635,0.086268,0.24878,0.162512
xgb_n=100_depth=3_lr=0.05_sub=0.8_col=1.0_l2=10.0_l1=0.1,xgboost,100,3,0.05,0.8,1.0,10.0,0.1,215,300.0,396,100 trees d=3,0.739437,0.520325,0.219112,0.086268,0.23252,0.146252
xgb_n=100_depth=3_lr=0.05_sub=1.0_col=0.8_l2=1.0_l1=0.0,xgboost,100,3,0.05,1.0,0.8,1.0,0.0,215,300.0,397,100 trees d=3,0.744718,0.552846,0.191872,0.083451,0.21626,0.132809
xgb_n=100_depth=3_lr=0.05_sub=1.0_col=0.8_l2=1.0_l1=0.1,xgboost,100,3,0.05,1.0,0.8,1.0,0.1,215,300.0,398,100 trees d=3,0.739437,0.536585,0.202852,0.088028,0.229268,0.14124
xgb_n=100_depth=3_lr=0.05_sub=1.0_col=0.8_l2=5.0_l1=0.0,xgboost,100,3,0.05,1.0,0.8,5.0,0.0,215,300.0,399,100 trees d=3,0.735915,0.560976,0.174939,0.088028,0.22439,0.136362
xgb_n=100_depth=3_lr=0.05_sub=1.0_col=0.8_l2=5.0_l1=0.1,xgboost,100,3,0.05,1.0,0.8,5.0,0.1,215,300.0,400,100 trees d=3,0.732394,0.544715,0.187679,0.08838,0.226016,0.137636
xgb_n=100_depth=3_lr=0.05_sub=1.0_col=0.8_l2=10.0_l1=0.0,xgboost,100,3,0.05,1.0,0.8,10.0,0.0,215,300.0,401,100 trees d=3,0.716549,0.536585,0.179964,0.097887,0.221138,0.123251
xgb_n=100_depth=3_lr=0.05_sub=1.0_col=0.8_l2=10.0_l1=0.1,xgboost,100,3,0.05,1.0,0.8,10.0,0.1,215,300.0,402,100 trees d=3,0.728873,0.536585,0.192288,0.088732,0.237398,0.148666
xgb_n=100_depth=3_lr=0.05_sub=1.0_col=1.0_l2=1.0_l1=0.0,xgboost,100,3,0.05,1.0,1.0,1.0,0.0,215,300.0,403,100 trees d=3,0.725352,0.560976,0.164376,0.089789,0.21626,0.126471
xgb_n=100_depth=3_lr=0.05_sub=1.0_col=1.0_l2=1.0_l1=0.1,xgboost,100,3,0.05,1.0,1.0,1.0,0.1,215,300.0,404,100 trees d=3,0.751761,0.569106,0.182655,0.08169,0.214634,0.132944
xgb_n=100_depth=3_lr=0.05_sub=1.0_col=1.0_l2=5.0_l1=0.0,xgboost,100,3,0.05,1.0,1.0,5.0,0.0,215,300.0,405,100 trees d=3,0.734155,0.569106,0.165049,0.090141,0.22439,0.134249
xgb_n=100_depth=3_lr=0.05_sub=1.0_col=1.0_l2=5.0_l1=0.1,xgboost,100,3,0.05,1.0,1.0,5.0,0.1,215,300.0,406,100 trees d=3,0.735915,0.552846,0.183069,0.089789,0.222764,0.132975
xgb_n=100_depth=3_lr=0.05_sub=1.0_col=1.0_l2=10.0_l1=0.0,xgboost,100,3,0.05,1.0,1.0,10.0,0.0,215,300.0,407,100 trees d=3,0.727113,0.560976,0.166137,0.091197,0.227642,0.136445
xgb_n=100_depth=3_lr=0.05_sub=1.0_col=1.0_l2=10.0_l1=0.1,xgboost,100,3,0.05,1.0,1.0,10.0,0.1,215,300.0,408,100 trees d=3,0.725352,0.544715,0.180637,0.09331,0.22439,0.13108
xgb_n=100_depth=3_lr=0.1_sub=0.8_col=0.8_l2=1.0_l1=0.0,xgboost,100,3,0.1,0.8,0.8,1.0,0.0,215,300.0,409,100 trees d=3,0.836268,0.487805,0.348463,0.044718,0.250407,0.205689
xgb_n=100_depth=3_lr=0.1_sub=0.8_col=0.8_l2=1.0_l1=0.1,xgboost,100,3,0.1,0.8,0.8,1.0,0.1,215,300.0,410,100 trees d=3,0.815141,0.512195,0.302946,0.052817,0.243902,0.191085
xgb_n=100_depth=3_lr=0.1_sub=0.8_col=0.8_l2=5.0_l1=0.0,xgboost,100,3,0.1,0.8,0.8,5.0,0.0,215,300.0,411,100 trees d=3,0.804577,0.544715,0.259862,0.058099,0.23252,0.174421
xgb_n=100_depth=3_lr=0.1_sub=0.8_col=0.8_l2=5.0_l1=0.1,xgboost,100,3,0.1,0.8,0.8,5.0,0.1,215,300.0,412,100 trees d=3,0.815141,0.520325,0.294816,0.053873,0.237398,0.183525
xgb_n=100_depth=3_lr=0.1_sub=0.8_col=0.8_l2=10.0_l1=0.0,xgboost,100,3,0.1,0.8,0.8,10.0,0.0,215,300.0,413,100 trees d=3,0.790493,0.495935,0.294558,0.058451,0.245528,0.187077
xgb_n=100_depth=3_lr=0.1_sub=0.8_col=0.8_l2=10.0_l1=0.1,xgboost,100,3,0.1,0.8,0.8,10.0,0.1,215,300.0,414,100 trees d=3,0.788732,0.471545,0.317187,0.060915,0.260163,0.199248
xgb_n=100_depth=3_lr=0.1_sub=0.8_col=1.0_l2=1.0_l1=0.0,xgboost,100,3,0.1,0.8,1.0,1.0,0.0,215,300.0,415,100 trees d=3,0.841549,0.463415,0.378134,0.043662,0.247154,0.203492
xgb_n=100_depth=3_lr=0.1_sub=0.8_col=1.0_l2=1.0_l1=0.1,xgboost,100,3,0.1,0.8,1.0,1.0,0.1,215,300.0,416,100 trees d=3,0.832746,0.479675,0.353071,0.045775,0.24878,0.203005
xgb_n=100_depth=3_lr=0.1_sub=0.8_col=1.0_l2=5.0_l1=0.0,xgboost,100,3,0.1,0.8,1.0,5.0,0.0,215,300.0,417,100 trees d=3,0.81338,0.536585,0.276795,0.052817,0.226016,0.173199
xgb_n=100_depth=3_lr=0.1_sub=0.8_col=1.0_l2=5.0_l1=0.1,xgboost,100,3,0.1,0.8,1.0,5.0,0.1,215,300.0,418,100 trees d=3,0.799296,0.512195,0.287101,0.057746,0.245528,0.187782
xgb_n=100_depth=3_lr=0.1_sub=0.8_col=1.0_l2=10.0_l1=0.0,xgboost,100,3,0.1,0.8,1.0,10.0,0.0,215,300.0,419,100 trees d=3,0.806338,0.544715,0.261623,0.054225,0.21626,0.162035
xgb_n=100_depth=3_lr=0.1_sub=0.8_col=1.0_l2=10.0_l1=0.1,xgboost,100,3,0.1,0.8,1.0,10.0,0.1,215,300.0,420,100 trees d=3,0.797535,0.495935,0.3016,0.057746,0.250407,0.192661
xgb_n=100_depth=3_lr=0.1_sub=1.0_col=0.8_l2=1.0_l1=0.0,xgboost,100,3,0.1,1.0,0.8,1.0,0.0,215,300.0,421,100 trees d=3,0.818662,0.495935,0.322727,0.053169,0.24878,0.195611
xgb_n=100_depth=3_lr=0.1_sub=1.0_col=0.8_l2=1.0_l1=0.1,xgboost,100,3,0.1,1.0,0.8,1.0,0.1,215,300.0,422,100 trees d=3,0.832746,0.487805,0.344941,0.047535,0.252033,0.204498
xgb_n=100_depth=3_lr=0.1_sub=1.0_col=0.8_l2=5.0_l1=0.0,xgboost,100,3,0.1,1.0,0.8,5.0,0.0,215,300.0,423,100 trees d=3,0.797535,0.544715,0.25282,0.056338,0.217886,0.161548
xgb_n=100_depth=3_lr=0.1_sub=1.0_col=0.8_l2=5.0_l1=0.1,xgboost,100,3,0.1,1.0,0.8,5.0,0.1,215,300.0,424,100 trees d=3,0.792254,0.528455,0.263799,0.061972,0.229268,0.167296
xgb_n=100_depth=3_lr=0.1_sub=1.0_col=0.8_l2=10.0_l1=0.0,xgboost,100,3,0.1,1.0,0.8,10.0,0.0,215,300.0,425,100 trees d=3,0.792254,0.552846,0.239408,0.06338,0.230894,0.167514
xgb_n=100_depth=3_lr=0.1_sub=1.0_col=0.8_l2=10.0_l1=0.1,xgboost,100,3,0.1,1.0,0.8,10.0,0.1,215,300.0,426,100 trees d=3,0.774648,0.552846,0.221802,0.066901,0.229268,0.162367
xgb_n=100_depth=3_lr=0.1_sub=1.0_col=1.0_l2=1.0_l1=0.0,xgboost,100,3,0.1,1.0,1.0,1.0,0.0,215,300.0,427,100 trees d=3,0.815141,0.512195,0.302946,0.052817,0.24065,0.187833
xgb_n=100_depth=3_lr=0.1_sub=1.0_col=1.0_l2=1.0_l1=0.1,xgboost,100,3,0.1,1.0,1.0,1.0,0.1,215,300.0,428,100 trees d=3,0.836268,0.512195,0.324073,0.046479,0.234146,0.187667
xgb_n=100_depth=3_lr=0.1_sub=1.0_col=1.0_l2=5.0_l1=0.0,xgboost,100,3,0.1,1.0,1.0,5.0,0.0,215,300.0,429,100 trees d=3,0.797535,0.528455,0.26908,0.058803,0.235772,0.176969
xgb_n=100_depth=3_lr=0.1_sub=1.0_col=1.0_l2=5.0_l1=0.1,xgboost,100,3,0.1,1.0,1.0,5.0,0.1,215,300.0,430,100 trees d=3,0.804577,0.544715,0.259862,0.057746,0.230894,0.173148
xgb_n=100_depth=3_lr=0.1_sub=1.0_col=1.0_l2=10.0_l1=0.0,xgboost,100,3,0.1,1.0,1.0,10.0,0.0,215,300.0,431,100 trees d=3,0.794014,0.544715,0.249299,0.064437,0.23252,0.168083
xgb_n=100_depth=3_lr=0.1_sub=1.0_col=1.0_l2=10.0_l1=0.1,xgboost,100,3,0.1,1.0,1.0,10.0,0.1,215,300.0,432,100 trees d=3,0.783451,0.544715,0.238736,0.066197,0.226016,0.159819
xgb_n=200_depth=1_lr=0.03_sub=0.8_col=0.8_l2=1.0_l1=0.0,xgboost,200,1,0.03,0.8,0.8,1.0,0.0,215,200.0,433,200 trees d=1,0.570423,0.560976,0.009447,0.179225,0.222764,0.043539
xgb_n=200_depth=1_lr=0.03_sub=0.8_col=0.8_l2=1.0_l1=0.1,xgboost,200,1,0.03,0.8,0.8,1.0,0.1,215,200.0,434,200 trees d=1,0.575704,0.552846,0.022858,0.178169,0.22439,0.046221
xgb_n=200_depth=1_lr=0.03_sub=0.8_col=0.8_l2=5.0_l1=0.0,xgboost,200,1,0.03,0.8,0.8,5.0,0.0,215,200.0,435,200 trees d=1,0.568662,0.552846,0.015816,0.183099,0.227642,0.044543
xgb_n=200_depth=1_lr=0.03_sub=0.8_col=0.8_l2=5.0_l1=0.1,xgboost,200,1,0.03,0.8,0.8,5.0,0.1,215,200.0,436,200 trees d=1,0.572183,0.544715,0.027468,0.179577,0.23252,0.052943
xgb_n=200_depth=1_lr=0.03_sub=0.8_col=0.8_l2=10.0_l1=0.0,xgboost,200,1,0.03,0.8,0.8,10.0,0.0,215,200.0,437,200 trees d=1,0.570423,0.512195,0.058228,0.182042,0.24065,0.058608
xgb_n=200_depth=1_lr=0.03_sub=0.8_col=0.8_l2=10.0_l1=0.1,xgboost,200,1,0.03,0.8,0.8,10.0,0.1,215,200.0,438,200 trees d=1,0.570423,0.520325,0.050098,0.180282,0.23252,0.052238
xgb_n=200_depth=1_lr=0.03_sub=0.8_col=1.0_l2=1.0_l1=0.0,xgboost,200,1,0.03,0.8,1.0,1.0,0.0,215,200.0,439,200 trees d=1,0.580986,0.536585,0.044401,0.176761,0.230894,0.054133
xgb_n=200_depth=1_lr=0.03_sub=0.8_col=1.0_l2=1.0_l1=0.1,xgboost,200,1,0.03,0.8,1.0,1.0,0.1,215,200.0,440,200 trees d=1,0.570423,0.552846,0.017577,0.17993,0.221138,0.041208
xgb_n=200_depth=1_lr=0.03_sub=0.8_col=1.0_l2=5.0_l1=0.0,xgboost,200,1,0.03,0.8,1.0,5.0,0.0,215,200.0,441,200 trees d=1,0.573944,0.528455,0.045489,0.177113,0.23252,0.055407
xgb_n=200_depth=1_lr=0.03_sub=0.8_col=1.0_l2=5.0_l1=0.1,xgboost,200,1,0.03,0.8,1.0,5.0,0.1,215,200.0,442,200 trees d=1,0.572183,0.512195,0.059988,0.179577,0.24065,0.061073
xgb_n=200_depth=1_lr=0.03_sub=0.8_col=1.0_l2=10.0_l1=0.0,xgboost,200,1,0.03,0.8,1.0,10.0,0.0,215,200.0,443,200 trees d=1,0.566901,0.520325,0.046576,0.183803,0.235772,0.051969
xgb_n=200_depth=1_lr=0.03_sub=0.8_col=1.0_l2=10.0_l1=0.1,xgboost,200,1,0.03,0.8,1.0,10.0,0.1,215,200.0,444,200 trees d=1,0.559859,0.520325,0.039534,0.186268,0.235772,0.049504
xgb_n=200_depth=1_lr=0.03_sub=1.0_col=0.8_l2=1.0_l1=0.0,xgboost,200,1,0.03,1.0,0.8,1.0,0.0,215,200.0,445,200 trees d=1,0.56338,0.569106,-0.005726,0.186268,0.217886,0.031618
xgb_n=200_depth=1_lr=0.03_sub=1.0_col=0.8_l2=1.0_l1=0.1,xgboost,200,1,0.03,1.0,0.8,1.0,0.1,215,200.0,446,200 trees d=1,0.56162,0.569106,-0.007486,0.186972,0.21626,0.029288
xgb_n=200_depth=1_lr=0.03_sub=1.0_col=0.8_l2=5.0_l1=0.0,xgboost,200,1,0.03,1.0,0.8,5.0,0.0,215,200.0,447,200 trees d=1,0.56162,0.560976,0.000644,0.187324,0.21626,0.028936
xgb_n=200_depth=1_lr=0.03_sub=1.0_col=0.8_l2=5.0_l1=0.1,xgboost,200,1,0.03,1.0,0.8,5.0,0.1,215,200.0,448,200 trees d=1,0.559859,0.552846,0.007013,0.188732,0.21626,0.027528
xgb_n=200_depth=1_lr=0.03_sub=1.0_col=0.8_l2=10.0_l1=0.0,xgboost,200,1,0.03,1.0,0.8,10.0,0.0,215,200.0,449,200 trees d=1,0.56162,0.552846,0.008774,0.187676,0.214634,0.026958
xgb_n=200_depth=1_lr=0.03_sub=1.0_col=0.8_l2=10.0_l1=0.1,xgboost,200,1,0.03,1.0,0.8,10.0,0.1,215,200.0,450,200 trees d=1,0.56338,0.560976,0.002404,0.18838,0.211382,0.023002
xgb_n=200_depth=1_lr=0.03_sub=1.0_col=1.0_l2=1.0_l1=0.0,xgboost,200,1,0.03,1.0,1.0,1.0,0.0,215,200.0,451,200 trees d=1,0.56338,0.569106,-0.005726,0.18662,0.217886,0.031266
xgb_n=200_depth=1_lr=0.03_sub=1.0_col=1.0_l2=1.0_l1=0.1,xgboost,200,1,0.03,1.0,1.0,1.0,0.1,215,200.0,452,200 trees d=1,0.56162,0.569106,-0.007486,0.186972,0.21626,0.029288
xgb_n=200_depth=1_lr=0.03_sub=1.0_col=1.0_l2=5.0_l1=0.0,xgboost,200,1,0.03,1.0,1.0,5.0,0.0,215,200.0,453,200 trees d=1,0.559859,0.560976,-0.001117,0.188028,0.21626,0.028232
xgb_n=200_depth=1_lr=0.03_sub=1.0_col=1.0_l2=5.0_l1=0.1,xgboost,200,1,0.03,1.0,1.0,5.0,0.1,215,200.0,454,200 trees d=1,0.56338,0.552846,0.010534,0.185915,0.217886,0.031971
xgb_n=200_depth=1_lr=0.03_sub=1.0_col=1.0_l2=10.0_l1=0.0,xgboost,200,1,0.03,1.0,1.0,10.0,0.0,215,200.0,455,200 trees d=1,0.56338,0.552846,0.010534,0.188028,0.214634,0.026606
xgb_n=200_depth=1_lr=0.03_sub=1.0_col=1.0_l2=10.0_l1=0.1,xgboost,200,1,0.03,1.0,1.0,10.0,0.1,215,200.0,456,200 trees d=1,0.56162,0.560976,0.000644,0.188732,0.211382,0.02265
xgb_n=200_depth=1_lr=0.05_sub=0.8_col=0.8_l2=1.0_l1=0.0,xgboost,200,1,0.05,0.8,0.8,1.0,0.0,215,200.0,457,200 trees d=1,0.59507,0.528455,0.066615,0.16338,0.242276,0.078896
xgb_n=200_depth=1_lr=0.05_sub=0.8_col=0.8_l2=1.0_l1=0.1,xgboost,200,1,0.05,0.8,0.8,1.0,0.1,215,200.0,458,200 trees d=1,0.588028,0.536585,0.051443,0.167958,0.235772,0.067814
xgb_n=200_depth=1_lr=0.05_sub=0.8_col=0.8_l2=5.0_l1=0.0,xgboost,200,1,0.05,0.8,0.8,5.0,0.0,215,200.0,459,200 trees d=1,0.584507,0.536585,0.047922,0.172535,0.230894,0.058359
xgb_n=200_depth=1_lr=0.05_sub=0.8_col=0.8_l2=5.0_l1=0.1,xgboost,200,1,0.05,0.8,0.8,5.0,0.1,215,200.0,460,200 trees d=1,0.591549,0.528455,0.063094,0.17007,0.235772,0.065702
xgb_n=200_depth=1_lr=0.05_sub=0.8_col=0.8_l2=10.0_l1=0.0,xgboost,200,1,0.05,0.8,0.8,10.0,0.0,215,200.0,461,200 trees d=1,0.588028,0.536585,0.051443,0.173239,0.237398,0.064159
xgb_n=200_depth=1_lr=0.05_sub=0.8_col=0.8_l2=10.0_l1=0.1,xgboost,200,1,0.05,0.8,0.8,10.0,0.1,215,200.0,462,200 trees d=1,0.586268,0.528455,0.057813,0.172183,0.24065,0.068467
xgb_n=200_depth=1_lr=0.05_sub=0.8_col=1.0_l2=1.0_l1=0.0,xgboost,200,1,0.05,0.8,1.0,1.0,0.0,215,200.0,463,200 trees d=1,0.580986,0.544715,0.036271,0.167606,0.239024,0.071418
xgb_n=200_depth=1_lr=0.05_sub=0.8_col=1.0_l2=1.0_l1=0.1,xgboost,200,1,0.05,0.8,1.0,1.0,0.1,215,200.0,464,200 trees d=1,0.573944,0.544715,0.029229,0.171127,0.234146,0.063019
xgb_n=200_depth=1_lr=0.05_sub=0.8_col=1.0_l2=5.0_l1=0.0,xgboost,200,1,0.05,0.8,1.0,5.0,0.0,215,200.0,465,200 trees d=1,0.582746,0.544715,0.038031,0.171127,0.230894,0.059767
xgb_n=200_depth=1_lr=0.05_sub=0.8_col=1.0_l2=5.0_l1=0.1,xgboost,200,1,0.05,0.8,1.0,5.0,0.1,215,200.0,466,200 trees d=1,0.580986,0.536585,0.044401,0.171831,0.23252,0.060689
xgb_n=200_depth=1_lr=0.05_sub=0.8_col=1.0_l2=10.0_l1=0.0,xgboost,200,1,0.05,0.8,1.0,10.0,0.0,215,200.0,467,200 trees d=1,0.596831,0.520325,0.076506,0.164085,0.239024,0.074939
xgb_n=200_depth=1_lr=0.05_sub=0.8_col=1.0_l2=10.0_l1=0.1,xgboost,200,1,0.05,0.8,1.0,10.0,0.1,215,200.0,468,200 trees d=1,0.59507,0.512195,0.082875,0.16831,0.24065,0.07234
xgb_n=200_depth=1_lr=0.05_sub=1.0_col=0.8_l2=1.0_l1=0.0,xgboost,200,1,0.05,1.0,0.8,1.0,0.0,215,200.0,469,200 trees d=1,0.589789,0.560976,0.028813,0.169718,0.214634,0.044916
xgb_n=200_depth=1_lr=0.05_sub=1.0_col=0.8_l2=1.0_l1=0.1,xgboost,200,1,0.05,1.0,0.8,1.0,0.1,215,200.0,470,200 trees d=1,0.589789,0.552846,0.036943,0.171479,0.217886,0.046407
xgb_n=200_depth=1_lr=0.05_sub=1.0_col=0.8_l2=5.0_l1=0.0,xgboost,200,1,0.05,1.0,0.8,5.0,0.0,215,200.0,471,200 trees d=1,0.586268,0.569106,0.017162,0.172535,0.214634,0.042099
xgb_n=200_depth=1_lr=0.05_sub=1.0_col=0.8_l2=5.0_l1=0.1,xgboost,200,1,0.05,1.0,0.8,5.0,0.1,215,200.0,472,200 trees d=1,0.588028,0.560976,0.027052,0.175,0.221138,0.046138
xgb_n=200_depth=1_lr=0.05_sub=1.0_col=0.8_l2=10.0_l1=0.0,xgboost,200,1,0.05,1.0,0.8,10.0,0.0,215,200.0,473,200 trees d=1,0.584507,0.569106,0.015401,0.175704,0.21626,0.040556
xgb_n=200_depth=1_lr=0.05_sub=1.0_col=0.8_l2=10.0_l1=0.1,xgboost,200,1,0.05,1.0,0.8,10.0,0.1,215,200.0,474,200 trees d=1,0.582746,0.560976,0.02177,0.178873,0.213008,0.034135
xgb_n=200_depth=1_lr=0.05_sub=1.0_col=1.0_l2=1.0_l1=0.0,xgboost,200,1,0.05,1.0,1.0,1.0,0.0,215,200.0,475,200 trees d=1,0.591549,0.560976,0.030573,0.169366,0.214634,0.045268
xgb_n=200_depth=1_lr=0.05_sub=1.0_col=1.0_l2=1.0_l1=0.1,xgboost,200,1,0.05,1.0,1.0,1.0,0.1,215,200.0,476,200 trees d=1,0.588028,0.569106,0.018922,0.171479,0.209756,0.038277
xgb_n=200_depth=1_lr=0.05_sub=1.0_col=1.0_l2=5.0_l1=0.0,xgboost,200,1,0.05,1.0,1.0,5.0,0.0,215,200.0,477,200 trees d=1,0.586268,0.560976,0.025292,0.173592,0.222764,0.049172
xgb_n=200_depth=1_lr=0.05_sub=1.0_col=1.0_l2=5.0_l1=0.1,xgboost,200,1,0.05,1.0,1.0,5.0,0.1,215,200.0,478,200 trees d=1,0.591549,0.560976,0.030573,0.173592,0.221138,0.047546
xgb_n=200_depth=1_lr=0.05_sub=1.0_col=1.0_l2=10.0_l1=0.0,xgboost,200,1,0.05,1.0,1.0,10.0,0.0,215,200.0,479,200 trees d=1,0.582746,0.560976,0.02177,0.177113,0.217886,0.040773
xgb_n=200_depth=1_lr=0.05_sub=1.0_col=1.0_l2=10.0_l1=0.1,xgboost,200,1,0.05,1.0,1.0,10.0,0.1,215,200.0,480,200 trees d=1,0.584507,0.560976,0.023531,0.177465,0.213008,0.035543
xgb_n=200_depth=1_lr=0.1_sub=0.8_col=0.8_l2=1.0_l1=0.0,xgboost,200,1,0.1,0.8,0.8,1.0,0.0,215,200.0,481,200 trees d=1,0.621479,0.536585,0.084894,0.148592,0.222764,0.074172
xgb_n=200_depth=1_lr=0.1_sub=0.8_col=0.8_l2=1.0_l1=0.1,xgboost,200,1,0.1,0.8,0.8,1.0,0.1,215,200.0,482,200 trees d=1,0.630282,0.536585,0.093697,0.145423,0.222764,0.077341
xgb_n=200_depth=1_lr=0.1_sub=0.8_col=0.8_l2=5.0_l1=0.0,xgboost,200,1,0.1,0.8,0.8,5.0,0.0,215,200.0,483,200 trees d=1,0.619718,0.544715,0.075003,0.152465,0.222764,0.070299
xgb_n=200_depth=1_lr=0.1_sub=0.8_col=0.8_l2=5.0_l1=0.1,xgboost,200,1,0.1,0.8,0.8,5.0,0.1,215,200.0,484,200 trees d=1,0.630282,0.544715,0.085567,0.146831,0.222764,0.075933
xgb_n=200_depth=1_lr=0.1_sub=0.8_col=0.8_l2=10.0_l1=0.0,xgboost,200,1,0.1,0.8,0.8,10.0,0.0,215,200.0,485,200 trees d=1,0.625,0.552846,0.072154,0.148239,0.219512,0.071273
xgb_n=200_depth=1_lr=0.1_sub=0.8_col=0.8_l2=10.0_l1=0.1,xgboost,200,1,0.1,0.8,0.8,10.0,0.1,215,200.0,486,200 trees d=1,0.616197,0.569106,0.047091,0.15493,0.222764,0.067834
xgb_n=200_depth=1_lr=0.1_sub=0.8_col=1.0_l2=1.0_l1=0.0,xgboost,200,1,0.1,0.8,1.0,1.0,0.0,215,200.0,487,200 trees d=1,0.617958,0.536585,0.081373,0.150352,0.211382,0.06103
xgb_n=200_depth=1_lr=0.1_sub=0.8_col=1.0_l2=1.0_l1=0.1,xgboost,200,1,0.1,0.8,1.0,1.0,0.1,215,200.0,488,200 trees d=1,0.621479,0.552846,0.068633,0.147535,0.213008,0.065473
xgb_n=200_depth=1_lr=0.1_sub=0.8_col=1.0_l2=5.0_l1=0.0,xgboost,200,1,0.1,0.8,1.0,5.0,0.0,215,200.0,489,200 trees d=1,0.623239,0.536585,0.086654,0.151408,0.227642,0.076234
xgb_n=200_depth=1_lr=0.1_sub=0.8_col=1.0_l2=5.0_l1=0.1,xgboost,200,1,0.1,0.8,1.0,5.0,0.1,215,200.0,490,200 trees d=1,0.617958,0.536585,0.081373,0.150704,0.230894,0.08019
xgb_n=200_depth=1_lr=0.1_sub=0.8_col=1.0_l2=10.0_l1=0.0,xgboost,200,1,0.1,0.8,1.0,10.0,0.0,215,200.0,491,200 trees d=1,0.617958,0.528455,0.089503,0.151056,0.235772,0.084716
xgb_n=200_depth=1_lr=0.1_sub=0.8_col=1.0_l2=10.0_l1=0.1,xgboost,200,1,0.1,0.8,1.0,10.0,0.1,215,200.0,492,200 trees d=1,0.617958,0.528455,0.089503,0.151408,0.235772,0.084364
xgb_n=200_depth=1_lr=0.1_sub=1.0_col=0.8_l2=1.0_l1=0.0,xgboost,200,1,0.1,1.0,0.8,1.0,0.0,215,200.0,493,200 trees d=1,0.610915,0.528455,0.08246,0.16162,0.222764,0.061144
xgb_n=200_depth=1_lr=0.1_sub=1.0_col=0.8_l2=1.0_l1=0.1,xgboost,200,1,0.1,1.0,0.8,1.0,0.1,215,200.0,494,200 trees d=1,0.607394,0.552846,0.054548,0.164789,0.214634,0.049845
xgb_n=200_depth=1_lr=0.1_sub=1.0_col=0.8_l2=5.0_l1=0.0,xgboost,200,1,0.1,1.0,0.8,5.0,0.0,215,200.0,495,200 trees d=1,0.607394,0.544715,0.062679,0.164085,0.221138,0.057053
xgb_n=200_depth=1_lr=0.1_sub=1.0_col=0.8_l2=5.0_l1=0.1,xgboost,200,1,0.1,1.0,0.8,5.0,0.1,215,200.0,496,200 trees d=1,0.609155,0.560976,0.048179,0.163732,0.206504,0.042772
xgb_n=200_depth=1_lr=0.1_sub=1.0_col=0.8_l2=10.0_l1=0.0,xgboost,200,1,0.1,1.0,0.8,10.0,0.0,215,200.0,497,200 trees d=1,0.610915,0.528455,0.08246,0.163732,0.230894,0.067162
xgb_n=200_depth=1_lr=0.1_sub=1.0_col=0.8_l2=10.0_l1=0.1,xgboost,200,1,0.1,1.0,0.8,10.0,0.1,215,200.0,498,200 trees d=1,0.612676,0.536585,0.076091,0.163732,0.222764,0.059032
xgb_n=200_depth=1_lr=0.1_sub=1.0_col=1.0_l2=1.0_l1=0.0,xgboost,200,1,0.1,1.0,1.0,1.0,0.0,215,200.0,499,200 trees d=1,0.612676,0.536585,0.076091,0.159507,0.217886,0.058379
xgb_n=200_depth=1_lr=0.1_sub=1.0_col=1.0_l2=1.0_l1=0.1,xgboost,200,1,0.1,1.0,1.0,1.0,0.1,215,200.0,500,200 trees d=1,0.607394,0.536585,0.070809,0.16162,0.217886,0.056266
xgb_n=200_depth=1_lr=0.1_sub=1.0_col=1.0_l2=5.0_l1=0.0,xgboost,200,1,0.1,1.0,1.0,5.0,0.0,215,200.0,501,200 trees d=1,0.610915,0.544715,0.0662,0.163732,0.21626,0.052528
xgb_n=200_depth=1_lr=0.1_sub=1.0_col=1.0_l2=5.0_l1=0.1,xgboost,200,1,0.1,1.0,1.0,5.0,0.1,215,200.0,502,200 trees d=1,0.605634,0.560976,0.044658,0.165493,0.206504,0.041011
xgb_n=200_depth=1_lr=0.1_sub=1.0_col=1.0_l2=10.0_l1=0.0,xgboost,200,1,0.1,1.0,1.0,10.0,0.0,215,200.0,503,200 trees d=1,0.616197,0.528455,0.087742,0.16338,0.229268,0.065888
xgb_n=200_depth=1_lr=0.1_sub=1.0_col=1.0_l2=10.0_l1=0.1,xgboost,200,1,0.1,1.0,1.0,10.0,0.1,215,200.0,504,200 trees d=1,0.610915,0.536585,0.07433,0.165845,0.222764,0.056919
xgb_n=200_depth=2_lr=0.03_sub=0.8_col=0.8_l2=1.0_l1=0.0,xgboost,200,2,0.03,0.8,0.8,1.0,0.0,215,400.0,505,200 trees d=2,0.670775,0.504065,0.16671,0.125352,0.242276,0.116924
xgb_n=200_depth=2_lr=0.03_sub=0.8_col=0.8_l2=1.0_l1=0.1,xgboost,200,2,0.03,0.8,0.8,1.0,0.1,215,400.0,506,200 trees d=2,0.665493,0.528455,0.137038,0.126761,0.230894,0.104133
xgb_n=200_depth=2_lr=0.03_sub=0.8_col=0.8_l2=5.0_l1=0.0,xgboost,200,2,0.03,0.8,0.8,5.0,0.0,215,400.0,507,200 trees d=2,0.635563,0.544715,0.090848,0.134507,0.23252,0.098013
xgb_n=200_depth=2_lr=0.03_sub=0.8_col=0.8_l2=5.0_l1=0.1,xgboost,200,2,0.03,0.8,0.8,5.0,0.1,215,400.0,508,200 trees d=2,0.651408,0.536585,0.114823,0.127817,0.239024,0.111207
xgb_n=200_depth=2_lr=0.03_sub=0.8_col=0.8_l2=10.0_l1=0.0,xgboost,200,2,0.03,0.8,0.8,10.0,0.0,215,400.0,509,200 trees d=2,0.653169,0.512195,0.140974,0.131338,0.250407,0.119069
xgb_n=200_depth=2_lr=0.03_sub=0.8_col=0.8_l2=10.0_l1=0.1,xgboost,200,2,0.03,0.8,0.8,10.0,0.1,215,400.0,510,200 trees d=2,0.640845,0.512195,0.12865,0.133451,0.242276,0.108825
xgb_n=200_depth=2_lr=0.03_sub=0.8_col=1.0_l2=1.0_l1=0.0,xgboost,200,2,0.03,0.8,1.0,1.0,0.0,215,400.0,511,200 trees d=2,0.651408,0.536585,0.114823,0.129577,0.22439,0.094813
xgb_n=200_depth=2_lr=0.03_sub=0.8_col=1.0_l2=1.0_l1=0.1,xgboost,200,2,0.03,0.8,1.0,1.0,0.1,215,400.0,512,200 trees d=2,0.669014,0.528455,0.140559,0.119718,0.237398,0.11768
xgb_n=200_depth=2_lr=0.03_sub=0.8_col=1.0_l2=5.0_l1=0.0,xgboost,200,2,0.03,0.8,1.0,5.0,0.0,215,400.0,513,200 trees d=2,0.65493,0.520325,0.134605,0.126408,0.245528,0.11912
xgb_n=200_depth=2_lr=0.03_sub=0.8_col=1.0_l2=5.0_l1=0.1,xgboost,200,2,0.03,0.8,1.0,5.0,0.1,215,400.0,514,200 trees d=2,0.65493,0.520325,0.134605,0.126056,0.242276,0.11622
xgb_n=200_depth=2_lr=0.03_sub=0.8_col=1.0_l2=10.0_l1=0.0,xgboost,200,2,0.03,0.8,1.0,10.0,0.0,215,400.0,515,200 trees d=2,0.653169,0.528455,0.124714,0.12993,0.239024,0.109094
xgb_n=200_depth=2_lr=0.03_sub=0.8_col=1.0_l2=10.0_l1=0.1,xgboost,200,2,0.03,0.8,1.0,10.0,0.1,215,400.0,516,200 trees d=2,0.658451,0.528455,0.129996,0.129225,0.237398,0.108173
xgb_n=200_depth=2_lr=0.03_sub=1.0_col=0.8_l2=1.0_l1=0.0,xgboost,200,2,0.03,1.0,0.8,1.0,0.0,215,400.0,517,200 trees d=2,0.660211,0.528455,0.131756,0.134155,0.222764,0.088609
xgb_n=200_depth=2_lr=0.03_sub=1.0_col=0.8_l2=1.0_l1=0.1,xgboost,200,2,0.03,1.0,0.8,1.0,0.1,215,400.0,518,200 trees d=2,0.663732,0.544715,0.119017,0.129225,0.21626,0.087035
xgb_n=200_depth=2_lr=0.03_sub=1.0_col=0.8_l2=5.0_l1=0.0,xgboost,200,2,0.03,1.0,0.8,5.0,0.0,215,400.0,519,200 trees d=2,0.658451,0.528455,0.129996,0.133099,0.219512,0.086413
xgb_n=200_depth=2_lr=0.03_sub=1.0_col=0.8_l2=5.0_l1=0.1,xgboost,200,2,0.03,1.0,0.8,5.0,0.1,215,400.0,520,200 trees d=2,0.65493,0.520325,0.134605,0.133803,0.234146,0.100343
xgb_n=200_depth=2_lr=0.03_sub=1.0_col=0.8_l2=10.0_l1=0.0,xgboost,200,2,0.03,1.0,0.8,10.0,0.0,215,400.0,521,200 trees d=2,0.649648,0.536585,0.113063,0.134859,0.229268,0.094409
xgb_n=200_depth=2_lr=0.03_sub=1.0_col=0.8_l2=10.0_l1=0.1,xgboost,200,2,0.03,1.0,0.8,10.0,0.1,215,400.0,522,200 trees d=2,0.65493,0.512195,0.142735,0.132394,0.237398,0.105004
xgb_n=200_depth=2_lr=0.03_sub=1.0_col=1.0_l2=1.0_l1=0.0,xgboost,200,2,0.03,1.0,1.0,1.0,0.0,215,400.0,523,200 trees d=2,0.667254,0.528455,0.138799,0.128169,0.221138,0.092969
xgb_n=200_depth=2_lr=0.03_sub=1.0_col=1.0_l2=1.0_l1=0.1,xgboost,200,2,0.03,1.0,1.0,1.0,0.1,215,400.0,524,200 trees d=2,0.667254,0.560976,0.106278,0.130986,0.201626,0.07064
xgb_n=200_depth=2_lr=0.03_sub=1.0_col=1.0_l2=5.0_l1=0.0,xgboost,200,2,0.03,1.0,1.0,5.0,0.0,215,400.0,525,200 trees d=2,0.660211,0.536585,0.123626,0.133099,0.217886,0.084787
xgb_n=200_depth=2_lr=0.03_sub=1.0_col=1.0_l2=5.0_l1=0.1,xgboost,200,2,0.03,1.0,1.0,5.0,0.1,215,400.0,526,200 trees d=2,0.660211,0.520325,0.139886,0.132042,0.227642,0.0956
xgb_n=200_depth=2_lr=0.03_sub=1.0_col=1.0_l2=10.0_l1=0.0,xgboost,200,2,0.03,1.0,1.0,10.0,0.0,215,400.0,527,200 trees d=2,0.653169,0.512195,0.140974,0.13169,0.235772,0.104082
xgb_n=200_depth=2_lr=0.03_sub=1.0_col=1.0_l2=10.0_l1=0.1,xgboost,200,2,0.03,1.0,1.0,10.0,0.1,215,400.0,528,200 trees d=2,0.647887,0.520325,0.127562,0.137324,0.239024,0.1017
xgb_n=200_depth=2_lr=0.05_sub=0.8_col=0.8_l2=1.0_l1=0.0,xgboost,200,2,0.05,0.8,0.8,1.0,0.0,215,400.0,529,200 trees d=2,0.716549,0.479675,0.236874,0.096831,0.242276,0.145445
xgb_n=200_depth=2_lr=0.05_sub=0.8_col=0.8_l2=1.0_l1=0.1,xgboost,200,2,0.05,0.8,0.8,1.0,0.1,215,400.0,530,200 trees d=2,0.713028,0.495935,0.217093,0.098944,0.24065,0.141706
xgb_n=200_depth=2_lr=0.05_sub=0.8_col=0.8_l2=5.0_l1=0.0,xgboost,200,2,0.05,0.8,0.8,5.0,0.0,215,400.0,531,200 trees d=2,0.693662,0.520325,0.173337,0.105282,0.245528,0.140246
xgb_n=200_depth=2_lr=0.05_sub=0.8_col=0.8_l2=5.0_l1=0.1,xgboost,200,2,0.05,0.8,0.8,5.0,0.1,215,400.0,532,200 trees d=2,0.700704,0.528455,0.172249,0.100352,0.243902,0.14355
xgb_n=200_depth=2_lr=0.05_sub=0.8_col=0.8_l2=10.0_l1=0.0,xgboost,200,2,0.05,0.8,0.8,10.0,0.0,215,400.0,533,200 trees d=2,0.684859,0.560976,0.123883,0.110563,0.22439,0.113827
xgb_n=200_depth=2_lr=0.05_sub=0.8_col=0.8_l2=10.0_l1=0.1,xgboost,200,2,0.05,0.8,0.8,10.0,0.1,215,400.0,534,200 trees d=2,0.68838,0.560976,0.127404,0.107746,0.217886,0.11014
xgb_n=200_depth=2_lr=0.05_sub=0.8_col=1.0_l2=1.0_l1=0.0,xgboost,200,2,0.05,0.8,1.0,1.0,0.0,215,400.0,535,200 trees d=2,0.725352,0.504065,0.221287,0.094718,0.247154,0.152436
xgb_n=200_depth=2_lr=0.05_sub=0.8_col=1.0_l2=1.0_l1=0.1,xgboost,200,2,0.05,0.8,1.0,1.0,0.1,215,400.0,536,200 trees d=2,0.734155,0.512195,0.22196,0.089085,0.243902,0.154817
xgb_n=200_depth=2_lr=0.05_sub=0.8_col=1.0_l2=5.0_l1=0.0,xgboost,200,2,0.05,0.8,1.0,5.0,0.0,215,400.0,537,200 trees d=2,0.716549,0.520325,0.196224,0.100352,0.239024,0.138672
xgb_n=200_depth=2_lr=0.05_sub=0.8_col=1.0_l2=5.0_l1=0.1,xgboost,200,2,0.05,0.8,1.0,5.0,0.1,215,400.0,538,200 trees d=2,0.723592,0.544715,0.178877,0.099296,0.222764,0.123468
xgb_n=200_depth=2_lr=0.05_sub=0.8_col=1.0_l2=10.0_l1=0.0,xgboost,200,2,0.05,0.8,1.0,10.0,0.0,215,400.0,539,200 trees d=2,0.702465,0.536585,0.16588,0.105634,0.230894,0.12526
xgb_n=200_depth=2_lr=0.05_sub=0.8_col=1.0_l2=10.0_l1=0.1,xgboost,200,2,0.05,0.8,1.0,10.0,0.1,215,400.0,540,200 trees d=2,0.695423,0.528455,0.166968,0.108451,0.229268,0.120817
xgb_n=200_depth=2_lr=0.05_sub=1.0_col=0.8_l2=1.0_l1=0.0,xgboost,200,2,0.05,1.0,0.8,1.0,0.0,215,400.0,541,200 trees d=2,0.711268,0.544715,0.166553,0.101761,0.20813,0.106369
xgb_n=200_depth=2_lr=0.05_sub=1.0_col=0.8_l2=1.0_l1=0.1,xgboost,200,2,0.05,1.0,0.8,1.0,0.1,215,400.0,542,200 trees d=2,0.709507,0.560976,0.148531,0.10493,0.193496,0.088566
xgb_n=200_depth=2_lr=0.05_sub=1.0_col=0.8_l2=5.0_l1=0.0,xgboost,200,2,0.05,1.0,0.8,5.0,0.0,215,400.0,543,200 trees d=2,0.700704,0.544715,0.155989,0.104577,0.21626,0.111683
xgb_n=200_depth=2_lr=0.05_sub=1.0_col=0.8_l2=5.0_l1=0.1,xgboost,200,2,0.05,1.0,0.8,5.0,0.1,215,400.0,544,200 trees d=2,0.698944,0.560976,0.137968,0.107394,0.203252,0.095858
xgb_n=200_depth=2_lr=0.05_sub=1.0_col=0.8_l2=10.0_l1=0.0,xgboost,200,2,0.05,1.0,0.8,10.0,0.0,215,400.0,545,200 trees d=2,0.691901,0.569106,0.122795,0.109507,0.21626,0.106753
xgb_n=200_depth=2_lr=0.05_sub=1.0_col=0.8_l2=10.0_l1=0.1,xgboost,200,2,0.05,1.0,0.8,10.0,0.1,215,400.0,546,200 trees d=2,0.693662,0.552846,0.140816,0.111972,0.217886,0.105914
xgb_n=200_depth=2_lr=0.05_sub=1.0_col=1.0_l2=1.0_l1=0.0,xgboost,200,2,0.05,1.0,1.0,1.0,0.0,215,400.0,547,200 trees d=2,0.714789,0.569106,0.145683,0.101056,0.186992,0.085936
xgb_n=200_depth=2_lr=0.05_sub=1.0_col=1.0_l2=1.0_l1=0.1,xgboost,200,2,0.05,1.0,1.0,1.0,0.1,215,400.0,548,200 trees d=2,0.702465,0.536585,0.16588,0.105634,0.20813,0.102496
xgb_n=200_depth=2_lr=0.05_sub=1.0_col=1.0_l2=5.0_l1=0.0,xgboost,200,2,0.05,1.0,1.0,5.0,0.0,215,400.0,549,200 trees d=2,0.68662,0.536585,0.150035,0.111268,0.214634,0.103366
xgb_n=200_depth=2_lr=0.05_sub=1.0_col=1.0_l2=5.0_l1=0.1,xgboost,200,2,0.05,1.0,1.0,5.0,0.1,215,400.0,550,200 trees d=2,0.707746,0.544715,0.163031,0.104225,0.214634,0.110409
xgb_n=200_depth=2_lr=0.05_sub=1.0_col=1.0_l2=10.0_l1=0.0,xgboost,200,2,0.05,1.0,1.0,10.0,0.0,215,400.0,551,200 trees d=2,0.68838,0.536585,0.151795,0.110563,0.227642,0.117079
xgb_n=200_depth=2_lr=0.05_sub=1.0_col=1.0_l2=10.0_l1=0.1,xgboost,200,2,0.05,1.0,1.0,10.0,0.1,215,400.0,552,200 trees d=2,0.683099,0.544715,0.138384,0.114437,0.211382,0.096945
xgb_n=200_depth=2_lr=0.1_sub=0.8_col=0.8_l2=1.0_l1=0.0,xgboost,200,2,0.1,0.8,0.8,1.0,0.0,215,400.0,553,200 trees d=2,0.774648,0.471545,0.303103,0.065845,0.261789,0.195944
xgb_n=200_depth=2_lr=0.1_sub=0.8_col=0.8_l2=1.0_l1=0.1,xgboost,200,2,0.1,0.8,0.8,1.0,0.1,215,400.0,554,200 trees d=2,0.78169,0.463415,0.318275,0.066901,0.263415,0.196514
xgb_n=200_depth=2_lr=0.1_sub=0.8_col=0.8_l2=5.0_l1=0.0,xgboost,200,2,0.1,0.8,0.8,5.0,0.0,215,400.0,555,200 trees d=2,0.760563,0.544715,0.215848,0.071479,0.217886,0.146407
xgb_n=200_depth=2_lr=0.1_sub=0.8_col=0.8_l2=5.0_l1=0.1,xgboost,200,2,0.1,0.8,0.8,5.0,0.1,215,400.0,556,200 trees d=2,0.760563,0.504065,0.256498,0.074296,0.242276,0.16798
xgb_n=200_depth=2_lr=0.1_sub=0.8_col=0.8_l2=10.0_l1=0.0,xgboost,200,2,0.1,0.8,0.8,10.0,0.0,215,400.0,557,200 trees d=2,0.741197,0.504065,0.237132,0.081338,0.24065,0.159312
xgb_n=200_depth=2_lr=0.1_sub=0.8_col=0.8_l2=10.0_l1=0.1,xgboost,200,2,0.1,0.8,0.8,10.0,0.1,215,400.0,558,200 trees d=2,0.757042,0.487805,0.269237,0.075352,0.247154,0.171802
xgb_n=200_depth=2_lr=0.1_sub=0.8_col=1.0_l2=1.0_l1=0.0,xgboost,200,2,0.1,0.8,1.0,1.0,0.0,215,400.0,559,200 trees d=2,0.788732,0.447154,0.341578,0.067254,0.263415,0.196161
xgb_n=200_depth=2_lr=0.1_sub=0.8_col=1.0_l2=1.0_l1=0.1,xgboost,200,2,0.1,0.8,1.0,1.0,0.1,215,400.0,560,200 trees d=2,0.77993,0.471545,0.308385,0.068662,0.24065,0.171988
xgb_n=200_depth=2_lr=0.1_sub=0.8_col=1.0_l2=5.0_l1=0.0,xgboost,200,2,0.1,0.8,1.0,5.0,0.0,215,400.0,561,200 trees d=2,0.769366,0.471545,0.297821,0.072183,0.260163,0.18798
xgb_n=200_depth=2_lr=0.1_sub=0.8_col=1.0_l2=5.0_l1=0.1,xgboost,200,2,0.1,0.8,1.0,5.0,0.1,215,400.0,562,200 trees d=2,0.765845,0.495935,0.26991,0.071127,0.24065,0.169523
xgb_n=200_depth=2_lr=0.1_sub=0.8_col=1.0_l2=10.0_l1=0.0,xgboost,200,2,0.1,0.8,1.0,10.0,0.0,215,400.0,563,200 trees d=2,0.771127,0.463415,0.307712,0.070423,0.263415,0.192992
xgb_n=200_depth=2_lr=0.1_sub=0.8_col=1.0_l2=10.0_l1=0.1,xgboost,200,2,0.1,0.8,1.0,10.0,0.1,215,400.0,564,200 trees d=2,0.751761,0.495935,0.255826,0.078169,0.250407,0.172238
xgb_n=200_depth=2_lr=0.1_sub=1.0_col=0.8_l2=1.0_l1=0.0,xgboost,200,2,0.1,1.0,0.8,1.0,0.0,215,400.0,565,200 trees d=2,0.764085,0.504065,0.26002,0.076056,0.213008,0.136952
xgb_n=200_depth=2_lr=0.1_sub=1.0_col=0.8_l2=1.0_l1=0.1,xgboost,200,2,0.1,1.0,0.8,1.0,0.1,215,400.0,566,200 trees d=2,0.78169,0.487805,0.293885,0.068662,0.222764,0.154102
xgb_n=200_depth=2_lr=0.1_sub=1.0_col=0.8_l2=5.0_l1=0.0,xgboost,200,2,0.1,1.0,0.8,5.0,0.0,215,400.0,567,200 trees d=2,0.755282,0.544715,0.210567,0.080282,0.213008,0.132726
xgb_n=200_depth=2_lr=0.1_sub=1.0_col=0.8_l2=5.0_l1=0.1,xgboost,200,2,0.1,1.0,0.8,5.0,0.1,215,400.0,568,200 trees d=2,0.755282,0.528455,0.226827,0.080986,0.203252,0.122266
xgb_n=200_depth=2_lr=0.1_sub=1.0_col=0.8_l2=10.0_l1=0.0,xgboost,200,2,0.1,1.0,0.8,10.0,0.0,215,400.0,569,200 trees d=2,0.75,0.528455,0.221545,0.084507,0.219512,0.135005
xgb_n=200_depth=2_lr=0.1_sub=1.0_col=0.8_l2=10.0_l1=0.1,xgboost,200,2,0.1,1.0,0.8,10.0,0.1,215,400.0,570,200 trees d=2,0.746479,0.520325,0.226154,0.084155,0.22439,0.140235
xgb_n=200_depth=2_lr=0.1_sub=1.0_col=1.0_l2=1.0_l1=0.0,xgboost,200,2,0.1,1.0,1.0,1.0,0.0,215,400.0,571,200 trees d=2,0.769366,0.520325,0.249041,0.074648,0.214634,0.139986
xgb_n=200_depth=2_lr=0.1_sub=1.0_col=1.0_l2=1.0_l1=0.1,xgboost,200,2,0.1,1.0,1.0,1.0,0.1,215,400.0,572,200 trees d=2,0.772887,0.544715,0.228172,0.072535,0.211382,0.138847
xgb_n=200_depth=2_lr=0.1_sub=1.0_col=1.0_l2=5.0_l1=0.0,xgboost,200,2,0.1,1.0,1.0,5.0,0.0,215,400.0,573,200 trees d=2,0.757042,0.560976,0.196066,0.079577,0.2,0.120423
xgb_n=200_depth=2_lr=0.1_sub=1.0_col=1.0_l2=5.0_l1=0.1,xgboost,200,2,0.1,1.0,1.0,5.0,0.1,215,400.0,574,200 trees d=2,0.741197,0.528455,0.212742,0.084859,0.21626,0.131401
xgb_n=200_depth=2_lr=0.1_sub=1.0_col=1.0_l2=10.0_l1=0.0,xgboost,200,2,0.1,1.0,1.0,10.0,0.0,215,400.0,575,200 trees d=2,0.735915,0.528455,0.20746,0.092606,0.219512,0.126906
xgb_n=200_depth=2_lr=0.1_sub=1.0_col=1.0_l2=10.0_l1=0.1,xgboost,200,2,0.1,1.0,1.0,10.0,0.1,215,400.0,576,200 trees d=2,0.730634,0.528455,0.202179,0.091549,0.226016,0.134467
xgb_n=200_depth=3_lr=0.03_sub=0.8_col=0.8_l2=1.0_l1=0.0,xgboost,200,3,0.03,0.8,0.8,1.0,0.0,215,600.0,577,200 trees d=3,0.785211,0.528455,0.256756,0.065141,0.219512,0.154371
xgb_n=200_depth=3_lr=0.03_sub=0.8_col=0.8_l2=1.0_l1=0.1,xgboost,200,3,0.03,0.8,0.8,1.0,0.1,215,600.0,578,200 trees d=3,0.794014,0.504065,0.289949,0.061972,0.242276,0.180304
xgb_n=200_depth=3_lr=0.03_sub=0.8_col=0.8_l2=5.0_l1=0.0,xgboost,200,3,0.03,0.8,0.8,5.0,0.0,215,600.0,579,200 trees d=3,0.767606,0.536585,0.231021,0.070775,0.23252,0.161745
xgb_n=200_depth=3_lr=0.03_sub=0.8_col=0.8_l2=5.0_l1=0.1,xgboost,200,3,0.03,0.8,0.8,5.0,0.1,215,600.0,580,200 trees d=3,0.771127,0.528455,0.242672,0.069366,0.234146,0.16478
xgb_n=200_depth=3_lr=0.03_sub=0.8_col=0.8_l2=10.0_l1=0.0,xgboost,200,3,0.03,0.8,0.8,10.0,0.0,215,600.0,581,200 trees d=3,0.762324,0.536585,0.225739,0.072887,0.226016,0.153129
xgb_n=200_depth=3_lr=0.03_sub=0.8_col=0.8_l2=10.0_l1=0.1,xgboost,200,3,0.03,0.8,0.8,10.0,0.1,215,600.0,582,200 trees d=3,0.755282,0.512195,0.243087,0.075352,0.242276,0.166924
xgb_n=200_depth=3_lr=0.03_sub=0.8_col=1.0_l2=1.0_l1=0.0,xgboost,200,3,0.03,0.8,1.0,1.0,0.0,215,600.0,583,200 trees d=3,0.790493,0.512195,0.278298,0.062676,0.222764,0.160088
xgb_n=200_depth=3_lr=0.03_sub=0.8_col=1.0_l2=1.0_l1=0.1,xgboost,200,3,0.03,0.8,1.0,1.0,0.1,215,600.0,584,200 trees d=3,0.795775,0.544715,0.25106,0.062324,0.221138,0.158814
xgb_n=200_depth=3_lr=0.03_sub=0.8_col=1.0_l2=5.0_l1=0.0,xgboost,200,3,0.03,0.8,1.0,5.0,0.0,215,600.0,585,200 trees d=3,0.776408,0.520325,0.256083,0.071127,0.230894,0.159767
xgb_n=200_depth=3_lr=0.03_sub=0.8_col=1.0_l2=5.0_l1=0.1,xgboost,200,3,0.03,0.8,1.0,5.0,0.1,215,600.0,586,200 trees d=3,0.776408,0.528455,0.247953,0.069366,0.227642,0.158276
xgb_n=200_depth=3_lr=0.03_sub=0.8_col=1.0_l2=10.0_l1=0.0,xgboost,200,3,0.03,0.8,1.0,10.0,0.0,215,600.0,587,200 trees d=3,0.753521,0.552846,0.200675,0.076761,0.209756,0.132995
xgb_n=200_depth=3_lr=0.03_sub=0.8_col=1.0_l2=10.0_l1=0.1,xgboost,200,3,0.03,0.8,1.0,10.0,0.1,215,600.0,588,200 trees d=3,0.751761,0.528455,0.223306,0.077817,0.230894,0.153077
xgb_n=200_depth=3_lr=0.03_sub=1.0_col=0.8_l2=1.0_l1=0.0,xgboost,200,3,0.03,1.0,0.8,1.0,0.0,215,600.0,589,200 trees d=3,0.751761,0.536585,0.215176,0.078169,0.219512,0.141343
xgb_n=200_depth=3_lr=0.03_sub=1.0_col=0.8_l2=1.0_l1=0.1,xgboost,200,3,0.03,1.0,0.8,1.0,0.1,215,600.0,590,200 trees d=3,0.765845,0.544715,0.22113,0.073592,0.227642,0.15405
xgb_n=200_depth=3_lr=0.03_sub=1.0_col=0.8_l2=5.0_l1=0.0,xgboost,200,3,0.03,1.0,0.8,5.0,0.0,215,600.0,591,200 trees d=3,0.746479,0.552846,0.193633,0.083803,0.22439,0.140587
xgb_n=200_depth=3_lr=0.03_sub=1.0_col=0.8_l2=5.0_l1=0.1,xgboost,200,3,0.03,1.0,0.8,5.0,0.1,215,600.0,592,200 trees d=3,0.744718,0.536585,0.208133,0.085211,0.230894,0.145683
xgb_n=200_depth=3_lr=0.03_sub=1.0_col=0.8_l2=10.0_l1=0.0,xgboost,200,3,0.03,1.0,0.8,10.0,0.0,215,600.0,593,200 trees d=3,0.739437,0.528455,0.210982,0.085563,0.229268,0.143705
xgb_n=200_depth=3_lr=0.03_sub=1.0_col=0.8_l2=10.0_l1=0.1,xgboost,200,3,0.03,1.0,0.8,10.0,0.1,215,600.0,594,200 trees d=3,0.744718,0.528455,0.216263,0.084859,0.230894,0.146035
xgb_n=200_depth=3_lr=0.03_sub=1.0_col=1.0_l2=1.0_l1=0.0,xgboost,200,3,0.03,1.0,1.0,1.0,0.0,215,600.0,595,200 trees d=3,0.742958,0.552846,0.190112,0.082394,0.229268,0.146874
xgb_n=200_depth=3_lr=0.03_sub=1.0_col=1.0_l2=1.0_l1=0.1,xgboost,200,3,0.03,1.0,1.0,1.0,0.1,215,600.0,596,200 trees d=3,0.75,0.560976,0.189024,0.080282,0.221138,0.140856
xgb_n=200_depth=3_lr=0.03_sub=1.0_col=1.0_l2=5.0_l1=0.0,xgboost,200,3,0.03,1.0,1.0,5.0,0.0,215,600.0,597,200 trees d=3,0.755282,0.577236,0.178046,0.079225,0.217886,0.138661
xgb_n=200_depth=3_lr=0.03_sub=1.0_col=1.0_l2=5.0_l1=0.1,xgboost,200,3,0.03,1.0,1.0,5.0,0.1,215,600.0,598,200 trees d=3,0.751761,0.569106,0.182655,0.080282,0.221138,0.140856
xgb_n=200_depth=3_lr=0.03_sub=1.0_col=1.0_l2=10.0_l1=0.0,xgboost,200,3,0.03,1.0,1.0,10.0,0.0,215,600.0,599,200 trees d=3,0.742958,0.552846,0.190112,0.082042,0.221138,0.139096
xgb_n=200_depth=3_lr=0.03_sub=1.0_col=1.0_l2=10.0_l1=0.1,xgboost,200,3,0.03,1.0,1.0,10.0,0.1,215,600.0,600,200 trees d=3,0.742958,0.569106,0.173852,0.082394,0.21626,0.133866
xgb_n=200_depth=3_lr=0.05_sub=0.8_col=0.8_l2=1.0_l1=0.0,xgboost,200,3,0.05,0.8,0.8,1.0,0.0,215,600.0,601,200 trees d=3,0.841549,0.455285,0.386264,0.042606,0.252033,0.209427
xgb_n=200_depth=3_lr=0.05_sub=0.8_col=0.8_l2=1.0_l1=0.1,xgboost,200,3,0.05,0.8,0.8,1.0,0.1,215,600.0,602,200 trees d=3,0.846831,0.487805,0.359026,0.04331,0.235772,0.192462
xgb_n=200_depth=3_lr=0.05_sub=0.8_col=0.8_l2=5.0_l1=0.0,xgboost,200,3,0.05,0.8,0.8,5.0,0.0,215,600.0,603,200 trees d=3,0.822183,0.479675,0.342508,0.049648,0.256911,0.207263
xgb_n=200_depth=3_lr=0.05_sub=0.8_col=0.8_l2=5.0_l1=0.1,xgboost,200,3,0.05,0.8,0.8,5.0,0.1,215,600.0,604,200 trees d=3,0.830986,0.479675,0.351311,0.049648,0.260163,0.210515
xgb_n=200_depth=3_lr=0.05_sub=0.8_col=0.8_l2=10.0_l1=0.0,xgboost,200,3,0.05,0.8,0.8,10.0,0.0,215,600.0,605,200 trees d=3,0.809859,0.479675,0.330184,0.055282,0.260163,0.204881
xgb_n=200_depth=3_lr=0.05_sub=0.8_col=0.8_l2=10.0_l1=0.1,xgboost,200,3,0.05,0.8,0.8,10.0,0.1,215,600.0,606,200 trees d=3,0.81162,0.512195,0.299425,0.055986,0.252033,0.196047
xgb_n=200_depth=3_lr=0.05_sub=0.8_col=1.0_l2=1.0_l1=0.0,xgboost,200,3,0.05,0.8,1.0,1.0,0.0,215,600.0,607,200 trees d=3,0.841549,0.520325,0.321224,0.04507,0.230894,0.185824
xgb_n=200_depth=3_lr=0.05_sub=0.8_col=1.0_l2=1.0_l1=0.1,xgboost,200,3,0.05,0.8,1.0,1.0,0.1,215,600.0,608,200 trees d=3,0.838028,0.487805,0.350223,0.046831,0.245528,0.198697
xgb_n=200_depth=3_lr=0.05_sub=0.8_col=1.0_l2=5.0_l1=0.0,xgboost,200,3,0.05,0.8,1.0,5.0,0.0,215,600.0,609,200 trees d=3,0.841549,0.463415,0.378134,0.04507,0.258537,0.213467
xgb_n=200_depth=3_lr=0.05_sub=0.8_col=1.0_l2=5.0_l1=0.1,xgboost,200,3,0.05,0.8,1.0,5.0,0.1,215,600.0,610,200 trees d=3,0.832746,0.520325,0.312421,0.046479,0.23252,0.186041
xgb_n=200_depth=3_lr=0.05_sub=0.8_col=1.0_l2=10.0_l1=0.0,xgboost,200,3,0.05,0.8,1.0,10.0,0.0,215,600.0,611,200 trees d=3,0.808099,0.471545,0.336554,0.057042,0.261789,0.204747
xgb_n=200_depth=3_lr=0.05_sub=0.8_col=1.0_l2=10.0_l1=0.1,xgboost,200,3,0.05,0.8,1.0,10.0,0.1,215,600.0,612,200 trees d=3,0.81162,0.479675,0.331945,0.05493,0.256911,0.201981
xgb_n=200_depth=3_lr=0.05_sub=1.0_col=0.8_l2=1.0_l1=0.0,xgboost,200,3,0.05,1.0,0.8,1.0,0.0,215,600.0,613,200 trees d=3,0.809859,0.512195,0.297664,0.054225,0.239024,0.184799
xgb_n=200_depth=3_lr=0.05_sub=1.0_col=0.8_l2=1.0_l1=0.1,xgboost,200,3,0.05,1.0,0.8,1.0,0.1,215,600.0,614,200 trees d=3,0.809859,0.512195,0.297664,0.05493,0.242276,0.187346
xgb_n=200_depth=3_lr=0.05_sub=1.0_col=0.8_l2=5.0_l1=0.0,xgboost,200,3,0.05,1.0,0.8,5.0,0.0,215,600.0,615,200 trees d=3,0.788732,0.536585,0.252147,0.064085,0.23252,0.168435
xgb_n=200_depth=3_lr=0.05_sub=1.0_col=0.8_l2=5.0_l1=0.1,xgboost,200,3,0.05,1.0,0.8,5.0,0.1,215,600.0,616,200 trees d=3,0.794014,0.528455,0.265559,0.062676,0.235772,0.173096
xgb_n=200_depth=3_lr=0.05_sub=1.0_col=0.8_l2=10.0_l1=0.0,xgboost,200,3,0.05,1.0,0.8,10.0,0.0,215,600.0,617,200 trees d=3,0.778169,0.520325,0.257844,0.06831,0.239024,0.170714
xgb_n=200_depth=3_lr=0.05_sub=1.0_col=0.8_l2=10.0_l1=0.1,xgboost,200,3,0.05,1.0,0.8,10.0,0.1,215,600.0,618,200 trees d=3,0.785211,0.544715,0.240496,0.062324,0.229268,0.166944
xgb_n=200_depth=3_lr=0.05_sub=1.0_col=1.0_l2=1.0_l1=0.0,xgboost,200,3,0.05,1.0,1.0,1.0,0.0,215,600.0,619,200 trees d=3,0.820423,0.536585,0.283838,0.052113,0.234146,0.182033
xgb_n=200_depth=3_lr=0.05_sub=1.0_col=1.0_l2=1.0_l1=0.1,xgboost,200,3,0.05,1.0,1.0,1.0,0.1,215,600.0,620,200 trees d=3,0.809859,0.520325,0.289534,0.05493,0.237398,0.182468
xgb_n=200_depth=3_lr=0.05_sub=1.0_col=1.0_l2=5.0_l1=0.0,xgboost,200,3,0.05,1.0,1.0,5.0,0.0,215,600.0,621,200 trees d=3,0.790493,0.544715,0.245778,0.063028,0.21626,0.153232
xgb_n=200_depth=3_lr=0.05_sub=1.0_col=1.0_l2=5.0_l1=0.1,xgboost,200,3,0.05,1.0,1.0,5.0,0.1,215,600.0,622,200 trees d=3,0.786972,0.520325,0.266647,0.064085,0.245528,0.181443
xgb_n=200_depth=3_lr=0.05_sub=1.0_col=1.0_l2=10.0_l1=0.0,xgboost,200,3,0.05,1.0,1.0,10.0,0.0,215,600.0,623,200 trees d=3,0.778169,0.544715,0.233454,0.066197,0.234146,0.167949
xgb_n=200_depth=3_lr=0.05_sub=1.0_col=1.0_l2=10.0_l1=0.1,xgboost,200,3,0.05,1.0,1.0,10.0,0.1,215,600.0,624,200 trees d=3,0.769366,0.536585,0.232781,0.066197,0.222764,0.156567
xgb_n=200_depth=3_lr=0.1_sub=0.8_col=0.8_l2=1.0_l1=0.0,xgboost,200,3,0.1,0.8,0.8,1.0,0.0,215,600.0,625,200 trees d=3,0.90493,0.463415,0.441515,0.023592,0.260163,0.236571
xgb_n=200_depth=3_lr=0.1_sub=0.8_col=0.8_l2=1.0_l1=0.1,xgboost,200,3,0.1,0.8,0.8,1.0,0.1,215,600.0,626,200 trees d=3,0.899648,0.487805,0.411843,0.023944,0.252033,0.228089
xgb_n=200_depth=3_lr=0.1_sub=0.8_col=0.8_l2=5.0_l1=0.0,xgboost,200,3,0.1,0.8,0.8,5.0,0.0,215,600.0,627,200 trees d=3,0.897887,0.495935,0.401952,0.025352,0.253659,0.228307
xgb_n=200_depth=3_lr=0.1_sub=0.8_col=0.8_l2=5.0_l1=0.1,xgboost,200,3,0.1,0.8,0.8,5.0,0.1,215,600.0,628,200 trees d=3,0.903169,0.471545,0.431624,0.024296,0.261789,0.237493
xgb_n=200_depth=3_lr=0.1_sub=0.8_col=0.8_l2=10.0_l1=0.0,xgboost,200,3,0.1,0.8,0.8,10.0,0.0,215,600.0,629,200 trees d=3,0.878521,0.512195,0.366326,0.031338,0.237398,0.20606
xgb_n=200_depth=3_lr=0.1_sub=0.8_col=0.8_l2=10.0_l1=0.1,xgboost,200,3,0.1,0.8,0.8,10.0,0.1,215,600.0,630,200 trees d=3,0.878521,0.495935,0.382586,0.030634,0.253659,0.223025
xgb_n=200_depth=3_lr=0.1_sub=0.8_col=1.0_l2=1.0_l1=0.0,xgboost,200,3,0.1,0.8,1.0,1.0,0.0,215,600.0,631,200 trees d=3,0.913732,0.471545,0.442187,0.02007,0.252033,0.231963
xgb_n=200_depth=3_lr=0.1_sub=0.8_col=1.0_l2=1.0_l1=0.1,xgboost,200,3,0.1,0.8,1.0,1.0,0.1,215,600.0,632,200 trees d=3,0.911972,0.463415,0.448557,0.021127,0.255285,0.234158
xgb_n=200_depth=3_lr=0.1_sub=0.8_col=1.0_l2=5.0_l1=0.0,xgboost,200,3,0.1,0.8,1.0,5.0,0.0,215,600.0,633,200 trees d=3,0.897887,0.520325,0.377562,0.026408,0.229268,0.20286
xgb_n=200_depth=3_lr=0.1_sub=0.8_col=1.0_l2=5.0_l1=0.1,xgboost,200,3,0.1,0.8,1.0,5.0,0.1,215,600.0,634,200 trees d=3,0.890845,0.471545,0.4193,0.027465,0.269919,0.242454
xgb_n=200_depth=3_lr=0.1_sub=0.8_col=1.0_l2=10.0_l1=0.0,xgboost,200,3,0.1,0.8,1.0,10.0,0.0,215,600.0,635,200 trees d=3,0.873239,0.471545,0.401694,0.032042,0.260163,0.228121
xgb_n=200_depth=3_lr=0.1_sub=0.8_col=1.0_l2=10.0_l1=0.1,xgboost,200,3,0.1,0.8,1.0,10.0,0.1,215,600.0,636,200 trees d=3,0.876761,0.463415,0.413346,0.030986,0.266667,0.235681
xgb_n=200_depth=3_lr=0.1_sub=1.0_col=0.8_l2=1.0_l1=0.0,xgboost,200,3,0.1,1.0,0.8,1.0,0.0,215,600.0,637,200 trees d=3,0.882042,0.487805,0.394237,0.028873,0.245528,0.216655
xgb_n=200_depth=3_lr=0.1_sub=1.0_col=0.8_l2=1.0_l1=0.1,xgboost,200,3,0.1,1.0,0.8,1.0,0.1,215,600.0,638,200 trees d=3,0.908451,0.463415,0.445036,0.022183,0.268293,0.24611
xgb_n=200_depth=3_lr=0.1_sub=1.0_col=0.8_l2=5.0_l1=0.0,xgboost,200,3,0.1,1.0,0.8,5.0,0.0,215,600.0,639,200 trees d=3,0.862676,0.504065,0.358611,0.036268,0.250407,0.214139
xgb_n=200_depth=3_lr=0.1_sub=1.0_col=0.8_l2=5.0_l1=0.1,xgboost,200,3,0.1,1.0,0.8,5.0,0.1,215,600.0,640,200 trees d=3,0.869718,0.455285,0.414433,0.034155,0.268293,0.234138
xgb_n=200_depth=3_lr=0.1_sub=1.0_col=0.8_l2=10.0_l1=0.0,xgboost,200,3,0.1,1.0,0.8,10.0,0.0,215,600.0,641,200 trees d=3,0.852113,0.528455,0.323658,0.040493,0.24065,0.200157
xgb_n=200_depth=3_lr=0.1_sub=1.0_col=0.8_l2=10.0_l1=0.1,xgboost,200,3,0.1,1.0,0.8,10.0,0.1,215,600.0,642,200 trees d=3,0.859155,0.536585,0.32257,0.038028,0.24065,0.202622
xgb_n=200_depth=3_lr=0.1_sub=1.0_col=1.0_l2=1.0_l1=0.0,xgboost,200,3,0.1,1.0,1.0,1.0,0.0,215,600.0,643,200 trees d=3,0.889085,0.479675,0.40941,0.027465,0.24878,0.221315
xgb_n=200_depth=3_lr=0.1_sub=1.0_col=1.0_l2=1.0_l1=0.1,xgboost,200,3,0.1,1.0,1.0,1.0,0.1,215,600.0,644,200 trees d=3,0.897887,0.495935,0.401952,0.024648,0.242276,0.217628
xgb_n=200_depth=3_lr=0.1_sub=1.0_col=1.0_l2=5.0_l1=0.0,xgboost,200,3,0.1,1.0,1.0,5.0,0.0,215,600.0,645,200 trees d=3,0.871479,0.495935,0.375544,0.033803,0.258537,0.224734
xgb_n=200_depth=3_lr=0.1_sub=1.0_col=1.0_l2=5.0_l1=0.1,xgboost,200,3,0.1,1.0,1.0,5.0,0.1,215,600.0,646,200 trees d=3,0.871479,0.520325,0.351154,0.033099,0.245528,0.212429
xgb_n=200_depth=3_lr=0.1_sub=1.0_col=1.0_l2=10.0_l1=0.0,xgboost,200,3,0.1,1.0,1.0,10.0,0.0,215,600.0,647,200 trees d=3,0.855634,0.512195,0.343439,0.03838,0.247154,0.208774
xgb_n=200_depth=3_lr=0.1_sub=1.0_col=1.0_l2=10.0_l1=0.1,xgboost,200,3,0.1,1.0,1.0,10.0,0.1,215,600.0,648,200 trees d=3,0.855634,0.528455,0.327179,0.039085,0.247154,0.208069
