item_id,dim_code,n_passes,mode,mean,min,max
sciver_test_1,AS,1,3,3,3,3
sciver_test_1,AT,1,4,4,4,4
sciver_test_1,MCr,1,2,2,2,2
sciver_test_1,QLl,1,2,2,2,2
sciver_test_1,QLq,1,2,2,2,2
sciver_test_1,VO,1,2,2,2,2
sciver_test_101,AS,1,2,2,2,2
sciver_test_101,AT,1,3,3,3,3
sciver_test_101,MCr,1,3,3,3,3
sciver_test_101,QLl,1,3,3,3,3
sciver_test_101,QLq,1,2,2,2,2
sciver_test_101,VO,1,2,2,2,2
sciver_test_103,AS,1,3,3,3,3
sciver_test_103,AT,1,3,3,3,3
sciver_test_103,MCr,1,3,3,3,3
sciver_test_103,QLl,1,3,3,3,3
sciver_test_103,QLq,1,2,2,2,2
sciver_test_103,VO,1,2,2,2,2
sciver_test_105,AS,1,2,2,2,2
sciver_test_105,AT,1,4,4,4,4
sciver_test_105,MCr,1,2,2,2,2
sciver_test_105,QLl,1,3,3,3,3
sciver_test_105,QLq,1,3,3,3,3
sciver_test_105,VO,1,2,2,2,2
sciver_test_106,AS,1,3,3,3,3
sciver_test_106,AT,1,3,3,3,3
sciver_test_106,MCr,1,3,3,3,3
sciver_test_106,QLl,1,3,3,3,3
sciver_test_106,QLq,1,2,2,2,2
sciver_test_106,VO,1,2,2,2,2
sciver_test_109,AS,1,3,3,3,3
sciver_test_109,AT,1,4,4,4,4
sciver_test_109,MCr,1,4,4,4,4
sciver_test_109,QLl,1,2,2,2,2
sciver_test_109,QLq,1,2,2,2,2
sciver_test_109,VO,1,2,2,2,2
sciver_test_11,AS,1,3,3,3,3
sciver_test_11,AT,1,3,3,3,3
sciver_test_11,MCr,1,2,2,2,2
sciver_test_11,QLl,1,2,2,2,2
sciver_test_11,QLq,1,2,2,2,2
sciver_test_11,VO,1,2,2,2,2
sciver_test_111,AS,1,2,2,2,2
sciver_test_111,AT,1,4,4,4,4
sciver_test_111,MCr,1,1,1,1,1
sciver_test_111,QLl,1,2,2,2,2
sciver_test_111,QLq,1,2,2,2,2
sciver_test_111,VO,1,2,2,2,2
sciver_test_115,AS,1,3,3,3,3
sciver_test_115,AT,1,3,3,3,3
sciver_test_115,MCr,1,3,3,3,3
sciver_test_115,QLl,1,3,3,3,3
sciver_test_115,QLq,1,3,3,3,3
sciver_test_115,VO,1,2,2,2,2
sciver_test_116,AS,1,3,3,3,3
sciver_test_116,AT,1,4,4,4,4
sciver_test_116,MCr,1,3,3,3,3
sciver_test_116,QLl,1,3,3,3,3
sciver_test_116,QLq,1,2,2,2,2
sciver_test_116,VO,1,2,2,2,2
sciver_test_118,AS,1,3,3,3,3
sciver_test_118,AT,1,3,3,3,3
sciver_test_118,MCr,1,3,3,3,3
sciver_test_118,QLl,1,2,2,2,2
sciver_test_118,QLq,1,2,2,2,2
sciver_test_118,VO,1,2,2,2,2
sciver_test_119,AS,1,3,3,3,3
sciver_test_119,AT,1,4,4,4,4
sciver_test_119,MCr,1,3,3,3,3
sciver_test_119,QLl,1,3,3,3,3
sciver_test_119,QLq,1,1,1,1,1
sciver_test_119,VO,1,1,1,1,1
sciver_test_121,AS,1,3,3,3,3
sciver_test_121,AT,1,3,3,3,3
sciver_test_121,MCr,1,3,3,3,3
sciver_test_121,QLl,1,2,2,2,2
sciver_test_121,QLq,1,3,3,3,3
sciver_test_121,VO,1,2,2,2,2
sciver_test_122,AS,1,3,3,3,3
sciver_test_122,AT,1,3,3,3,3
sciver_test_122,MCr,1,3,3,3,3
sciver_test_122,QLl,1,3,3,3,3
sciver_test_122,QLq,1,2,2,2,2
sciver_test_122,VO,1,2,2,2,2
sciver_test_124,AS,1,3,3,3,3
sciver_test_124,AT,1,4,4,4,4
sciver_test_124,MCr,1,3,3,3,3
sciver_test_124,QLl,1,3,3,3,3
sciver_test_124,QLq,1,3,3,3,3
sciver_test_124,VO,1,2,2,2,2
sciver_test_127,AS,1,2,2,2,2
sciver_test_127,AT,1,3,3,3,3
sciver_test_127,MCr,1,3,3,3,3
sciver_test_127,QLl,1,2,2,2,2
sciver_test_127,QLq,1,2,2,2,2
sciver_test_127,VO,1,1,1,1,1
sciver_test_13,AS,1,3,3,3,3
sciver_test_13,AT,1,4,4,4,4
sciver_test_13,MCr,1,3,3,3,3
sciver_test_13,QLl,1,3,3,3,3
sciver_test_13,QLq,1,1,1,1,1
sciver_test_13,VO,1,2,2,2,2
sciver_test_130,AS,1,3,3,3,3
sciver_test_130,AT,1,4,4,4,4
sciver_test_130,MCr,1,3,3,3,3
sciver_test_130,QLl,1,3,3,3,3
sciver_test_130,QLq,1,2,2,2,2
sciver_test_130,VO,1,2,2,2,2
sciver_test_132,AS,1,3,3,3,3
sciver_test_132,AT,1,4,4,4,4
sciver_test_132,MCr,1,3,3,3,3
sciver_test_132,QLl,1,2,2,2,2
sciver_test_132,QLq,1,1,1,1,1
sciver_test_132,VO,1,2,2,2,2
sciver_test_134,AS,1,3,3,3,3
sciver_test_134,AT,1,4,4,4,4
sciver_test_134,MCr,1,3,3,3,3
sciver_test_134,QLl,1,3,3,3,3
sciver_test_134,QLq,1,2,2,2,2
sciver_test_134,VO,1,2,2,2,2
sciver_test_136,AS,1,3,3,3,3
sciver_test_136,AT,1,4,4,4,4
sciver_test_136,MCr,1,3,3,3,3
sciver_test_136,QLl,1,3,3,3,3
sciver_test_136,QLq,1,2,2,2,2
sciver_test_136,VO,1,2,2,2,2
sciver_test_138,AS,1,4,4,4,4
sciver_test_138,AT,1,4,4,4,4
sciver_test_138,MCr,1,3,3,3,3
sciver_test_138,QLl,1,3,3,3,3
sciver_test_138,QLq,1,1,1,1,1
sciver_test_138,VO,1,2,2,2,2
sciver_test_14,AS,1,2,2,2,2
sciver_test_14,AT,1,3,3,3,3
sciver_test_14,MCr,1,2,2,2,2
sciver_test_14,QLl,1,1,1,1,1
sciver_test_14,QLq,1,2,2,2,2
sciver_test_14,VO,1,1,1,1,1
sciver_test_140,AS,1,3,3,3,3
sciver_test_140,AT,1,3,3,3,3
sciver_test_140,MCr,1,3,3,3,3
sciver_test_140,QLl,1,3,3,3,3
sciver_test_140,QLq,1,3,3,3,3
sciver_test_140,VO,1,2,2,2,2
sciver_test_142,AS,1,3,3,3,3
sciver_test_142,AT,1,4,4,4,4
sciver_test_142,MCr,1,3,3,3,3
sciver_test_142,QLl,1,3,3,3,3
sciver_test_142,QLq,1,3,3,3,3
sciver_test_142,VO,1,2,2,2,2
sciver_test_144,AS,1,3,3,3,3
sciver_test_144,AT,1,3,3,3,3
sciver_test_144,MCr,1,3,3,3,3
sciver_test_144,QLl,1,2,2,2,2
sciver_test_144,QLq,1,2,2,2,2
sciver_test_144,VO,1,2,2,2,2
sciver_test_146,AS,1,3,3,3,3
sciver_test_146,AT,1,3,3,3,3
sciver_test_146,MCr,1,3,3,3,3
sciver_test_146,QLl,1,3,3,3,3
sciver_test_146,QLq,1,3,3,3,3
sciver_test_146,VO,1,2,2,2,2
sciver_test_148,AS,1,3,3,3,3
sciver_test_148,AT,1,4,4,4,4
sciver_test_148,MCr,1,3,3,3,3
sciver_test_148,QLl,1,3,3,3,3
sciver_test_148,QLq,1,4,4,4,4
sciver_test_148,VO,1,2,2,2,2
sciver_test_150,AS,1,3,3,3,3
sciver_test_150,AT,1,3,3,3,3
sciver_test_150,MCr,1,3,3,3,3
sciver_test_150,QLl,1,3,3,3,3
sciver_test_150,QLq,1,2,2,2,2
sciver_test_150,VO,1,2,2,2,2
sciver_test_152,AS,1,2,2,2,2
sciver_test_152,AT,1,3,3,3,3
sciver_test_152,MCr,1,3,3,3,3
sciver_test_152,QLl,1,2,2,2,2
sciver_test_152,QLq,1,2,2,2,2
sciver_test_152,VO,1,1,1,1,1
sciver_test_154,AS,1,2,2,2,2
sciver_test_154,AT,1,3,3,3,3
sciver_test_154,MCr,1,3,3,3,3
sciver_test_154,QLl,1,2,2,2,2
sciver_test_154,QLq,1,3,3,3,3
sciver_test_154,VO,1,2,2,2,2
sciver_test_156,AS,1,2,2,2,2
sciver_test_156,AT,1,3,3,3,3
sciver_test_156,MCr,1,2,2,2,2
sciver_test_156,QLl,1,2,2,2,2
sciver_test_156,QLq,1,2,2,2,2
sciver_test_156,VO,1,2,2,2,2
sciver_test_158,AS,1,3,3,3,3
sciver_test_158,AT,1,3,3,3,3
sciver_test_158,MCr,1,2,2,2,2
sciver_test_158,QLl,1,1,1,1,1
sciver_test_158,QLq,1,1,1,1,1
sciver_test_158,VO,1,1,1,1,1
sciver_test_16,AS,1,3,3,3,3
sciver_test_16,AT,1,3,3,3,3
sciver_test_16,MCr,1,2,2,2,2
sciver_test_16,QLl,1,2,2,2,2
sciver_test_16,QLq,1,2,2,2,2
sciver_test_16,VO,1,2,2,2,2
sciver_test_160,AS,1,2,2,2,2
sciver_test_160,AT,1,3,3,3,3
sciver_test_160,MCr,1,2,2,2,2
sciver_test_160,QLl,1,3,3,3,3
sciver_test_160,QLq,1,2,2,2,2
sciver_test_160,VO,1,1,1,1,1
sciver_test_162,AS,1,3,3,3,3
sciver_test_162,AT,1,4,4,4,4
sciver_test_162,MCr,1,4,4,4,4
sciver_test_162,QLl,1,3,3,3,3
sciver_test_162,QLq,1,3,3,3,3
sciver_test_162,VO,1,2,2,2,2
sciver_test_165,AS,1,3,3,3,3
sciver_test_165,AT,1,3,3,3,3
sciver_test_165,MCr,1,3,3,3,3
sciver_test_165,QLl,1,2,2,2,2
sciver_test_165,QLq,1,2,2,2,2
sciver_test_165,VO,1,2,2,2,2
sciver_test_166,AS,1,2,2,2,2
sciver_test_166,AT,1,4,4,4,4
sciver_test_166,MCr,1,1,1,1,1
sciver_test_166,QLl,1,1,1,1,1
sciver_test_166,QLq,1,2,2,2,2
sciver_test_166,VO,1,1,1,1,1
sciver_test_168,AS,1,2,2,2,2
sciver_test_168,AT,1,4,4,4,4
sciver_test_168,MCr,1,2,2,2,2
sciver_test_168,QLl,1,3,3,3,3
sciver_test_168,QLq,1,3,3,3,3
sciver_test_168,VO,1,2,2,2,2
sciver_test_172,AS,1,3,3,3,3
sciver_test_172,AT,1,3,3,3,3
sciver_test_172,MCr,1,3,3,3,3
sciver_test_172,QLl,1,3,3,3,3
sciver_test_172,QLq,1,3,3,3,3
sciver_test_172,VO,1,2,2,2,2
sciver_test_174,AS,1,2,2,2,2
sciver_test_174,AT,1,4,4,4,4
sciver_test_174,MCr,1,3,3,3,3
sciver_test_174,QLl,1,2,2,2,2
sciver_test_174,QLq,1,2,2,2,2
sciver_test_174,VO,1,2,2,2,2
sciver_test_175,AS,1,3,3,3,3
sciver_test_175,AT,1,4,4,4,4
sciver_test_175,MCr,1,3,3,3,3
sciver_test_175,QLl,1,3,3,3,3
sciver_test_175,QLq,1,3,3,3,3
sciver_test_175,VO,1,2,2,2,2
sciver_test_176,AS,1,2,2,2,2
sciver_test_176,AT,1,4,4,4,4
sciver_test_176,MCr,1,3,3,3,3
sciver_test_176,QLl,1,3,3,3,3
sciver_test_176,QLq,1,3,3,3,3
sciver_test_176,VO,1,2,2,2,2
sciver_test_178,AS,1,3,3,3,3
sciver_test_178,AT,1,3,3,3,3
sciver_test_178,MCr,1,3,3,3,3
sciver_test_178,QLl,1,3,3,3,3
sciver_test_178,QLq,1,3,3,3,3
sciver_test_178,VO,1,2,2,2,2
sciver_test_18,AS,1,3,3,3,3
sciver_test_18,AT,1,3,3,3,3
sciver_test_18,MCr,1,2,2,2,2
sciver_test_18,QLl,1,2,2,2,2
sciver_test_18,QLq,1,2,2,2,2
sciver_test_18,VO,1,2,2,2,2
sciver_test_180,AS,1,3,3,3,3
sciver_test_180,AT,1,4,4,4,4
sciver_test_180,MCr,1,3,3,3,3
sciver_test_180,QLl,1,3,3,3,3
sciver_test_180,QLq,1,3,3,3,3
sciver_test_180,VO,1,2,2,2,2
sciver_test_181,AS,1,2,2,2,2
sciver_test_181,AT,1,3,3,3,3
sciver_test_181,MCr,1,2,2,2,2
sciver_test_181,QLl,1,3,3,3,3
sciver_test_181,QLq,1,3,3,3,3
sciver_test_181,VO,1,2,2,2,2
sciver_test_182,AS,1,2,2,2,2
sciver_test_182,AT,1,3,3,3,3
sciver_test_182,MCr,1,2,2,2,2
sciver_test_182,QLl,1,2,2,2,2
sciver_test_182,QLq,1,3,3,3,3
sciver_test_182,VO,1,2,2,2,2
sciver_test_184,AS,1,3,3,3,3
sciver_test_184,AT,1,4,4,4,4
sciver_test_184,MCr,1,4,4,4,4
sciver_test_184,QLl,1,3,3,3,3
sciver_test_184,QLq,1,3,3,3,3
sciver_test_184,VO,1,2,2,2,2
sciver_test_187,AS,1,3,3,3,3
sciver_test_187,AT,1,4,4,4,4
sciver_test_187,MCr,1,3,3,3,3
sciver_test_187,QLl,1,3,3,3,3
sciver_test_187,QLq,1,4,4,4,4
sciver_test_187,VO,1,2,2,2,2
sciver_test_188,AS,1,3,3,3,3
sciver_test_188,AT,1,3,3,3,3
sciver_test_188,MCr,1,3,3,3,3
sciver_test_188,QLl,1,3,3,3,3
sciver_test_188,QLq,1,2,2,2,2
sciver_test_188,VO,1,2,2,2,2
sciver_test_190,AS,1,2,2,2,2
sciver_test_190,AT,1,3,3,3,3
sciver_test_190,MCr,1,2,2,2,2
sciver_test_190,QLl,1,1,1,1,1
sciver_test_190,QLq,1,2,2,2,2
sciver_test_190,VO,1,1,1,1,1
sciver_test_192,AS,1,3,3,3,3
sciver_test_192,AT,1,4,4,4,4
sciver_test_192,MCr,1,3,3,3,3
sciver_test_192,QLl,1,3,3,3,3
sciver_test_192,QLq,1,3,3,3,3
sciver_test_192,VO,1,2,2,2,2
sciver_test_194,AS,1,2,2,2,2
sciver_test_194,AT,1,3,3,3,3
sciver_test_194,MCr,1,1,1,1,1
sciver_test_194,QLl,1,1,1,1,1
sciver_test_194,QLq,1,3,3,3,3
sciver_test_194,VO,1,1,1,1,1
sciver_test_196,AS,1,2,2,2,2
sciver_test_196,AT,1,3,3,3,3
sciver_test_196,MCr,1,1,1,1,1
sciver_test_196,QLl,1,1,1,1,1
sciver_test_196,QLq,1,1,1,1,1
sciver_test_196,VO,1,1,1,1,1
sciver_test_197,AS,1,3,3,3,3
sciver_test_197,AT,1,3,3,3,3
sciver_test_197,MCr,1,3,3,3,3
sciver_test_197,QLl,1,3,3,3,3
sciver_test_197,QLq,1,1,1,1,1
sciver_test_197,VO,1,2,2,2,2
sciver_test_199,AS,1,2,2,2,2
sciver_test_199,AT,1,4,4,4,4
sciver_test_199,MCr,1,2,2,2,2
sciver_test_199,QLl,1,3,3,3,3
sciver_test_199,QLq,1,3,3,3,3
sciver_test_199,VO,1,1,1,1,1
sciver_test_20,AS,1,3,3,3,3
sciver_test_20,AT,1,4,4,4,4
sciver_test_20,MCr,1,3,3,3,3
sciver_test_20,QLl,1,3,3,3,3
sciver_test_20,QLq,1,2,2,2,2
sciver_test_20,VO,1,2,2,2,2
sciver_test_202,AS,1,3,3,3,3
sciver_test_202,AT,1,3,3,3,3
sciver_test_202,MCr,1,3,3,3,3
sciver_test_202,QLl,1,3,3,3,3
sciver_test_202,QLq,1,3,3,3,3
sciver_test_202,VO,1,2,2,2,2
sciver_test_203,AS,1,2,2,2,2
sciver_test_203,AT,1,3,3,3,3
sciver_test_203,MCr,1,3,3,3,3
sciver_test_203,QLl,1,3,3,3,3
sciver_test_203,QLq,1,2,2,2,2
sciver_test_203,VO,1,2,2,2,2
sciver_test_205,AS,1,2,2,2,2
sciver_test_205,AT,1,3,3,3,3
sciver_test_205,MCr,1,2,2,2,2
sciver_test_205,QLl,1,2,2,2,2
sciver_test_205,QLq,1,3,3,3,3
sciver_test_205,VO,1,2,2,2,2
sciver_test_207,AS,1,3,3,3,3
sciver_test_207,AT,1,3,3,3,3
sciver_test_207,MCr,1,3,3,3,3
sciver_test_207,QLl,1,1,1,1,1
sciver_test_207,QLq,1,2,2,2,2
sciver_test_207,VO,1,2,2,2,2
sciver_test_208,AS,1,2,2,2,2
sciver_test_208,AT,1,3,3,3,3
sciver_test_208,MCr,1,2,2,2,2
sciver_test_208,QLl,1,1,1,1,1
sciver_test_208,QLq,1,2,2,2,2
sciver_test_208,VO,1,1,1,1,1
sciver_test_210,AS,1,2,2,2,2
sciver_test_210,AT,1,3,3,3,3
sciver_test_210,MCr,1,2,2,2,2
sciver_test_210,QLl,1,1,1,1,1
sciver_test_210,QLq,1,2,2,2,2
sciver_test_210,VO,1,2,2,2,2
sciver_test_212,AS,1,4,4,4,4
sciver_test_212,AT,1,3,3,3,3
sciver_test_212,MCr,1,3,3,3,3
sciver_test_212,QLl,1,1,1,1,1
sciver_test_212,QLq,1,3,3,3,3
sciver_test_212,VO,1,2,2,2,2
sciver_test_213,AS,1,2,2,2,2
sciver_test_213,AT,1,3,3,3,3
sciver_test_213,MCr,1,3,3,3,3
sciver_test_213,QLl,1,2,2,2,2
sciver_test_213,QLq,1,2,2,2,2
sciver_test_213,VO,1,1,1,1,1
sciver_test_215,AS,1,2,2,2,2
sciver_test_215,AT,1,4,4,4,4
sciver_test_215,MCr,1,3,3,3,3
sciver_test_215,QLl,1,1,1,1,1
sciver_test_215,QLq,1,1,1,1,1
sciver_test_215,VO,1,2,2,2,2
sciver_test_217,AS,1,3,3,3,3
sciver_test_217,AT,1,3,3,3,3
sciver_test_217,MCr,1,3,3,3,3
sciver_test_217,QLl,1,2,2,2,2
sciver_test_217,QLq,1,3,3,3,3
sciver_test_217,VO,1,2,2,2,2
sciver_test_219,AS,1,2,2,2,2
sciver_test_219,AT,1,3,3,3,3
sciver_test_219,MCr,1,2,2,2,2
sciver_test_219,QLl,1,1,1,1,1
sciver_test_219,QLq,1,1,1,1,1
sciver_test_219,VO,1,2,2,2,2
sciver_test_22,AS,1,2,2,2,2
sciver_test_22,AT,1,3,3,3,3
sciver_test_22,MCr,1,3,3,3,3
sciver_test_22,QLl,1,2,2,2,2
sciver_test_22,QLq,1,2,2,2,2
sciver_test_22,VO,1,1,1,1,1
sciver_test_221,AS,1,3,3,3,3
sciver_test_221,AT,1,3,3,3,3
sciver_test_221,MCr,1,2,2,2,2
sciver_test_221,QLl,1,2,2,2,2
sciver_test_221,QLq,1,1,1,1,1
sciver_test_221,VO,1,2,2,2,2
sciver_test_222,AS,1,2,2,2,2
sciver_test_222,AT,1,3,3,3,3
sciver_test_222,MCr,1,2,2,2,2
sciver_test_222,QLl,1,2,2,2,2
sciver_test_222,QLq,1,3,3,3,3
sciver_test_222,VO,1,2,2,2,2
sciver_test_224,AS,1,3,3,3,3
sciver_test_224,AT,1,3,3,3,3
sciver_test_224,MCr,1,2,2,2,2
sciver_test_224,QLl,1,3,3,3,3
sciver_test_224,QLq,1,2,2,2,2
sciver_test_224,VO,1,1,1,1,1
sciver_test_226,AS,1,3,3,3,3
sciver_test_226,AT,1,4,4,4,4
sciver_test_226,MCr,1,3,3,3,3
sciver_test_226,QLl,1,4,4,4,4
sciver_test_226,QLq,1,3,3,3,3
sciver_test_226,VO,1,2,2,2,2
sciver_test_228,AS,1,3,3,3,3
sciver_test_228,AT,1,4,4,4,4
sciver_test_228,MCr,1,3,3,3,3
sciver_test_228,QLl,1,1,1,1,1
sciver_test_228,QLq,1,2,2,2,2
sciver_test_228,VO,1,1,1,1,1
sciver_test_230,AS,1,3,3,3,3
sciver_test_230,AT,1,3,3,3,3
sciver_test_230,MCr,1,3,3,3,3
sciver_test_230,QLl,1,3,3,3,3
sciver_test_230,QLq,1,3,3,3,3
sciver_test_230,VO,1,2,2,2,2
sciver_test_231,AS,1,3,3,3,3
sciver_test_231,AT,1,4,4,4,4
sciver_test_231,MCr,1,4,4,4,4
sciver_test_231,QLl,1,3,3,3,3
sciver_test_231,QLq,1,3,3,3,3
sciver_test_231,VO,1,2,2,2,2
sciver_test_233,AS,1,2,2,2,2
sciver_test_233,AT,1,3,3,3,3
sciver_test_233,MCr,1,3,3,3,3
sciver_test_233,QLl,1,1,1,1,1
sciver_test_233,QLq,1,3,3,3,3
sciver_test_233,VO,1,2,2,2,2
sciver_test_235,AS,1,3,3,3,3
sciver_test_235,AT,1,3,3,3,3
sciver_test_235,MCr,1,3,3,3,3
sciver_test_235,QLl,1,2,2,2,2
sciver_test_235,QLq,1,2,2,2,2
sciver_test_235,VO,1,2,2,2,2
sciver_test_237,AS,1,3,3,3,3
sciver_test_237,AT,1,3,3,3,3
sciver_test_237,MCr,1,3,3,3,3
sciver_test_237,QLl,1,3,3,3,3
sciver_test_237,QLq,1,3,3,3,3
sciver_test_237,VO,1,2,2,2,2
sciver_test_239,AS,1,3,3,3,3
sciver_test_239,AT,1,3,3,3,3
sciver_test_239,MCr,1,3,3,3,3
sciver_test_239,QLl,1,3,3,3,3
sciver_test_239,QLq,1,2,2,2,2
sciver_test_239,VO,1,2,2,2,2
sciver_test_24,AS,1,2,2,2,2
sciver_test_24,AT,1,4,4,4,4
sciver_test_24,MCr,1,2,2,2,2
sciver_test_24,QLl,1,3,3,3,3
sciver_test_24,QLq,1,3,3,3,3
sciver_test_24,VO,1,2,2,2,2
sciver_test_242,AS,1,2,2,2,2
sciver_test_242,AT,1,4,4,4,4
sciver_test_242,MCr,1,2,2,2,2
sciver_test_242,QLl,1,3,3,3,3
sciver_test_242,QLq,1,3,3,3,3
sciver_test_242,VO,1,2,2,2,2
sciver_test_245,AS,1,2,2,2,2
sciver_test_245,AT,1,3,3,3,3
sciver_test_245,MCr,1,2,2,2,2
sciver_test_245,QLl,1,1,1,1,1
sciver_test_245,QLq,1,2,2,2,2
sciver_test_245,VO,1,2,2,2,2
sciver_test_249,AS,1,3,3,3,3
sciver_test_249,AT,1,4,4,4,4
sciver_test_249,MCr,1,3,3,3,3
sciver_test_249,QLl,1,3,3,3,3
sciver_test_249,QLq,1,3,3,3,3
sciver_test_249,VO,1,2,2,2,2
sciver_test_25,AS,1,3,3,3,3
sciver_test_25,AT,1,4,4,4,4
sciver_test_25,MCr,1,3,3,3,3
sciver_test_25,QLl,1,3,3,3,3
sciver_test_25,QLq,1,3,3,3,3
sciver_test_25,VO,1,2,2,2,2
sciver_test_254,AS,1,3,3,3,3
sciver_test_254,AT,1,3,3,3,3
sciver_test_254,MCr,1,2,2,2,2
sciver_test_254,QLl,1,2,2,2,2
sciver_test_254,QLq,1,2,2,2,2
sciver_test_254,VO,1,1,1,1,1
sciver_test_258,AS,1,3,3,3,3
sciver_test_258,AT,1,4,4,4,4
sciver_test_258,MCr,1,3,3,3,3
sciver_test_258,QLl,1,1,1,1,1
sciver_test_258,QLq,1,2,2,2,2
sciver_test_258,VO,1,2,2,2,2
sciver_test_26,AS,1,3,3,3,3
sciver_test_26,AT,1,3,3,3,3
sciver_test_26,MCr,1,2,2,2,2
sciver_test_26,QLl,1,2,2,2,2
sciver_test_26,QLq,1,2,2,2,2
sciver_test_26,VO,1,1,1,1,1
sciver_test_260,AS,1,3,3,3,3
sciver_test_260,AT,1,4,4,4,4
sciver_test_260,MCr,1,3,3,3,3
sciver_test_260,QLl,1,1,1,1,1
sciver_test_260,QLq,1,3,3,3,3
sciver_test_260,VO,1,2,2,2,2
sciver_test_261,AS,1,3,3,3,3
sciver_test_261,AT,1,3,3,3,3
sciver_test_261,MCr,1,3,3,3,3
sciver_test_261,QLl,1,2,2,2,2
sciver_test_261,QLq,1,2,2,2,2
sciver_test_261,VO,1,1,1,1,1
sciver_test_262,AS,1,3,3,3,3
sciver_test_262,AT,1,3,3,3,3
sciver_test_262,MCr,1,3,3,3,3
sciver_test_262,QLl,1,3,3,3,3
sciver_test_262,QLq,1,3,3,3,3
sciver_test_262,VO,1,2,2,2,2
sciver_test_264,AS,1,3,3,3,3
sciver_test_264,AT,1,4,4,4,4
sciver_test_264,MCr,1,3,3,3,3
sciver_test_264,QLl,1,3,3,3,3
sciver_test_264,QLq,1,2,2,2,2
sciver_test_264,VO,1,2,2,2,2
sciver_test_265,AS,1,3,3,3,3
sciver_test_265,AT,1,3,3,3,3
sciver_test_265,MCr,1,3,3,3,3
sciver_test_265,QLl,1,3,3,3,3
sciver_test_265,QLq,1,0,0,0,0
sciver_test_265,VO,1,2,2,2,2
sciver_test_267,AS,1,3,3,3,3
sciver_test_267,AT,1,3,3,3,3
sciver_test_267,MCr,1,3,3,3,3
sciver_test_267,QLl,1,3,3,3,3
sciver_test_267,QLq,1,3,3,3,3
sciver_test_267,VO,1,2,2,2,2
sciver_test_269,AS,1,3,3,3,3
sciver_test_269,AT,1,4,4,4,4
sciver_test_269,MCr,1,3,3,3,3
sciver_test_269,QLl,1,3,3,3,3
sciver_test_269,QLq,1,3,3,3,3
sciver_test_269,VO,1,1,1,1,1
sciver_test_27,AS,1,3,3,3,3
sciver_test_27,AT,1,4,4,4,4
sciver_test_27,MCr,1,3,3,3,3
sciver_test_27,QLl,1,3,3,3,3
sciver_test_27,QLq,1,2,2,2,2
sciver_test_27,VO,1,2,2,2,2
sciver_test_271,AS,1,3,3,3,3
sciver_test_271,AT,1,3,3,3,3
sciver_test_271,MCr,1,1,1,1,1
sciver_test_271,QLl,1,2,2,2,2
sciver_test_271,QLq,1,2,2,2,2
sciver_test_271,VO,1,1,1,1,1
sciver_test_273,AS,1,3,3,3,3
sciver_test_273,AT,1,3,3,3,3
sciver_test_273,MCr,1,2,2,2,2
sciver_test_273,QLl,1,3,3,3,3
sciver_test_273,QLq,1,2,2,2,2
sciver_test_273,VO,1,2,2,2,2
sciver_test_275,AS,1,3,3,3,3
sciver_test_275,AT,1,3,3,3,3
sciver_test_275,MCr,1,3,3,3,3
sciver_test_275,QLl,1,3,3,3,3
sciver_test_275,QLq,1,3,3,3,3
sciver_test_275,VO,1,2,2,2,2
sciver_test_277,AS,1,2,2,2,2
sciver_test_277,AT,1,3,3,3,3
sciver_test_277,MCr,1,2,2,2,2
sciver_test_277,QLl,1,2,2,2,2
sciver_test_277,QLq,1,3,3,3,3
sciver_test_277,VO,1,2,2,2,2
sciver_test_278,AS,1,3,3,3,3
sciver_test_278,AT,1,3,3,3,3
sciver_test_278,MCr,1,3,3,3,3
sciver_test_278,QLl,1,3,3,3,3
sciver_test_278,QLq,1,2,2,2,2
sciver_test_278,VO,1,2,2,2,2
sciver_test_281,AS,1,3,3,3,3
sciver_test_281,AT,1,3,3,3,3
sciver_test_281,MCr,1,2,2,2,2
sciver_test_281,QLl,1,1,1,1,1
sciver_test_281,QLq,1,1,1,1,1
sciver_test_281,VO,1,2,2,2,2
sciver_test_283,AS,1,2,2,2,2
sciver_test_283,AT,1,4,4,4,4
sciver_test_283,MCr,1,2,2,2,2
sciver_test_283,QLl,1,3,3,3,3
sciver_test_283,QLq,1,2,2,2,2
sciver_test_283,VO,1,2,2,2,2
sciver_test_284,AS,1,3,3,3,3
sciver_test_284,AT,1,3,3,3,3
sciver_test_284,MCr,1,4,4,4,4
sciver_test_284,QLl,1,2,2,2,2
sciver_test_284,QLq,1,3,3,3,3
sciver_test_284,VO,1,2,2,2,2
sciver_test_287,AS,1,3,3,3,3
sciver_test_287,AT,1,4,4,4,4
sciver_test_287,MCr,1,3,3,3,3
sciver_test_287,QLl,1,4,4,4,4
sciver_test_287,QLq,1,3,3,3,3
sciver_test_287,VO,1,2,2,2,2
sciver_test_29,AS,1,3,3,3,3
sciver_test_29,AT,1,4,4,4,4
sciver_test_29,MCr,1,3,3,3,3
sciver_test_29,QLl,1,3,3,3,3
sciver_test_29,QLq,1,3,3,3,3
sciver_test_29,VO,1,2,2,2,2
sciver_test_290,AS,1,2,2,2,2
sciver_test_290,AT,1,3,3,3,3
sciver_test_290,MCr,1,3,3,3,3
sciver_test_290,QLl,1,3,3,3,3
sciver_test_290,QLq,1,2,2,2,2
sciver_test_290,VO,1,1,1,1,1
sciver_test_292,AS,1,3,3,3,3
sciver_test_292,AT,1,3,3,3,3
sciver_test_292,MCr,1,3,3,3,3
sciver_test_292,QLl,1,3,3,3,3
sciver_test_292,QLq,1,2,2,2,2
sciver_test_292,VO,1,2,2,2,2
sciver_test_295,AS,1,3,3,3,3
sciver_test_295,AT,1,3,3,3,3
sciver_test_295,MCr,1,3,3,3,3
sciver_test_295,QLl,1,3,3,3,3
sciver_test_295,QLq,1,2,2,2,2
sciver_test_295,VO,1,2,2,2,2
sciver_test_296,AS,1,3,3,3,3
sciver_test_296,AT,1,4,4,4,4
sciver_test_296,MCr,1,3,3,3,3
sciver_test_296,QLl,1,3,3,3,3
sciver_test_296,QLq,1,3,3,3,3
sciver_test_296,VO,1,2,2,2,2
sciver_test_298,AS,1,2,2,2,2
sciver_test_298,AT,1,3,3,3,3
sciver_test_298,MCr,1,1,1,1,1
sciver_test_298,QLl,1,2,2,2,2
sciver_test_298,QLq,1,2,2,2,2
sciver_test_298,VO,1,1,1,1,1
sciver_test_3,AS,1,3,3,3,3
sciver_test_3,AT,1,3,3,3,3
sciver_test_3,MCr,1,2,2,2,2
sciver_test_3,QLl,1,2,2,2,2
sciver_test_3,QLq,1,2,2,2,2
sciver_test_3,VO,1,2,2,2,2
sciver_test_301,AS,1,3,3,3,3
sciver_test_301,AT,1,3,3,3,3
sciver_test_301,MCr,1,2,2,2,2
sciver_test_301,QLl,1,1,1,1,1
sciver_test_301,QLq,1,2,2,2,2
sciver_test_301,VO,1,1,1,1,1
sciver_test_303,AS,1,3,3,3,3
sciver_test_303,AT,1,3,3,3,3
sciver_test_303,MCr,1,2,2,2,2
sciver_test_303,QLl,1,3,3,3,3
sciver_test_303,QLq,1,2,2,2,2
sciver_test_303,VO,1,2,2,2,2
sciver_test_305,AS,1,3,3,3,3
sciver_test_305,AT,1,3,3,3,3
sciver_test_305,MCr,1,3,3,3,3
sciver_test_305,QLl,1,2,2,2,2
sciver_test_305,QLq,1,3,3,3,3
sciver_test_305,VO,1,2,2,2,2
sciver_test_306,AS,1,2,2,2,2
sciver_test_306,AT,1,3,3,3,3
sciver_test_306,MCr,1,2,2,2,2
sciver_test_306,QLl,1,2,2,2,2
sciver_test_306,QLq,1,3,3,3,3
sciver_test_306,VO,1,1,1,1,1
sciver_test_308,AS,1,3,3,3,3
sciver_test_308,AT,1,3,3,3,3
sciver_test_308,MCr,1,2,2,2,2
sciver_test_308,QLl,1,3,3,3,3
sciver_test_308,QLq,1,3,3,3,3
sciver_test_308,VO,1,2,2,2,2
sciver_test_309,AS,1,2,2,2,2
sciver_test_309,AT,1,3,3,3,3
sciver_test_309,MCr,1,2,2,2,2
sciver_test_309,QLl,1,3,3,3,3
sciver_test_309,QLq,1,2,2,2,2
sciver_test_309,VO,1,2,2,2,2
sciver_test_31,AS,1,3,3,3,3
sciver_test_31,AT,1,4,4,4,4
sciver_test_31,MCr,1,3,3,3,3
sciver_test_31,QLl,1,2,2,2,2
sciver_test_31,QLq,1,3,3,3,3
sciver_test_31,VO,1,2,2,2,2
sciver_test_310,AS,1,3,3,3,3
sciver_test_310,AT,1,4,4,4,4
sciver_test_310,MCr,1,3,3,3,3
sciver_test_310,QLl,1,3,3,3,3
sciver_test_310,QLq,1,2,2,2,2
sciver_test_310,VO,1,2,2,2,2
sciver_test_312,AS,1,3,3,3,3
sciver_test_312,AT,1,4,4,4,4
sciver_test_312,MCr,1,3,3,3,3
sciver_test_312,QLl,1,3,3,3,3
sciver_test_312,QLq,1,3,3,3,3
sciver_test_312,VO,1,2,2,2,2
sciver_test_313,AS,1,3,3,3,3
sciver_test_313,AT,1,4,4,4,4
sciver_test_313,MCr,1,3,3,3,3
sciver_test_313,QLl,1,3,3,3,3
sciver_test_313,QLq,1,3,3,3,3
sciver_test_313,VO,1,2,2,2,2
sciver_test_315,AS,1,3,3,3,3
sciver_test_315,AT,1,4,4,4,4
sciver_test_315,MCr,1,2,2,2,2
sciver_test_315,QLl,1,3,3,3,3
sciver_test_315,QLq,1,2,2,2,2
sciver_test_315,VO,1,2,2,2,2
sciver_test_317,AS,1,2,2,2,2
sciver_test_317,AT,1,3,3,3,3
sciver_test_317,MCr,1,2,2,2,2
sciver_test_317,QLl,1,1,1,1,1
sciver_test_317,QLq,1,2,2,2,2
sciver_test_317,VO,1,2,2,2,2
sciver_test_319,AS,1,2,2,2,2
sciver_test_319,AT,1,3,3,3,3
sciver_test_319,MCr,1,3,3,3,3
sciver_test_319,QLl,1,3,3,3,3
sciver_test_319,QLq,1,1,1,1,1
sciver_test_319,VO,1,2,2,2,2
sciver_test_322,AS,1,2,2,2,2
sciver_test_322,AT,1,3,3,3,3
sciver_test_322,MCr,1,4,4,4,4
sciver_test_322,QLl,1,3,3,3,3
sciver_test_322,QLq,1,2,2,2,2
sciver_test_322,VO,1,2,2,2,2
sciver_test_323,AS,1,3,3,3,3
sciver_test_323,AT,1,3,3,3,3
sciver_test_323,MCr,1,3,3,3,3
sciver_test_323,QLl,1,1,1,1,1
sciver_test_323,QLq,1,2,2,2,2
sciver_test_323,VO,1,2,2,2,2
sciver_test_326,AS,1,3,3,3,3
sciver_test_326,AT,1,3,3,3,3
sciver_test_326,MCr,1,3,3,3,3
sciver_test_326,QLl,1,2,2,2,2
sciver_test_326,QLq,1,3,3,3,3
sciver_test_326,VO,1,2,2,2,2
sciver_test_328,AS,1,3,3,3,3
sciver_test_328,AT,1,3,3,3,3
sciver_test_328,MCr,1,3,3,3,3
sciver_test_328,QLl,1,3,3,3,3
sciver_test_328,QLq,1,3,3,3,3
sciver_test_328,VO,1,2,2,2,2
sciver_test_33,AS,1,3,3,3,3
sciver_test_33,AT,1,3,3,3,3
sciver_test_33,MCr,1,3,3,3,3
sciver_test_33,QLl,1,3,3,3,3
sciver_test_33,QLq,1,1,1,1,1
sciver_test_33,VO,1,2,2,2,2
sciver_test_331,AS,1,3,3,3,3
sciver_test_331,AT,1,3,3,3,3
sciver_test_331,MCr,1,3,3,3,3
sciver_test_331,QLl,1,2,2,2,2
sciver_test_331,QLq,1,1,1,1,1
sciver_test_331,VO,1,1,1,1,1
sciver_test_333,AS,1,2,2,2,2
sciver_test_333,AT,1,3,3,3,3
sciver_test_333,MCr,1,2,2,2,2
sciver_test_333,QLl,1,3,3,3,3
sciver_test_333,QLq,1,3,3,3,3
sciver_test_333,VO,1,2,2,2,2
sciver_test_336,AS,1,2,2,2,2
sciver_test_336,AT,1,3,3,3,3
sciver_test_336,MCr,1,1,1,1,1
sciver_test_336,QLl,1,3,3,3,3
sciver_test_336,QLq,1,2,2,2,2
sciver_test_336,VO,1,2,2,2,2
sciver_test_338,AS,1,3,3,3,3
sciver_test_338,AT,1,3,3,3,3
sciver_test_338,MCr,1,2,2,2,2
sciver_test_338,QLl,1,3,3,3,3
sciver_test_338,QLq,1,3,3,3,3
sciver_test_338,VO,1,2,2,2,2
sciver_test_340,AS,1,3,3,3,3
sciver_test_340,AT,1,3,3,3,3
sciver_test_340,MCr,1,3,3,3,3
sciver_test_340,QLl,1,2,2,2,2
sciver_test_340,QLq,1,2,2,2,2
sciver_test_340,VO,1,2,2,2,2
sciver_test_341,AS,1,2,2,2,2
sciver_test_341,AT,1,3,3,3,3
sciver_test_341,MCr,1,2,2,2,2
sciver_test_341,QLl,1,3,3,3,3
sciver_test_341,QLq,1,2,2,2,2
sciver_test_341,VO,1,2,2,2,2
sciver_test_343,AS,1,3,3,3,3
sciver_test_343,AT,1,3,3,3,3
sciver_test_343,MCr,1,3,3,3,3
sciver_test_343,QLl,1,1,1,1,1
sciver_test_343,QLq,1,2,2,2,2
sciver_test_343,VO,1,1,1,1,1
sciver_test_346,AS,1,3,3,3,3
sciver_test_346,AT,1,4,4,4,4
sciver_test_346,MCr,1,3,3,3,3
sciver_test_346,QLl,1,3,3,3,3
sciver_test_346,QLq,1,3,3,3,3
sciver_test_346,VO,1,2,2,2,2
sciver_test_347,AS,1,2,2,2,2
sciver_test_347,AT,1,3,3,3,3
sciver_test_347,MCr,1,1,1,1,1
sciver_test_347,QLl,1,1,1,1,1
sciver_test_347,QLq,1,2,2,2,2
sciver_test_347,VO,1,2,2,2,2
sciver_test_349,AS,1,2,2,2,2
sciver_test_349,AT,1,3,3,3,3
sciver_test_349,MCr,1,3,3,3,3
sciver_test_349,QLl,1,3,3,3,3
sciver_test_349,QLq,1,3,3,3,3
sciver_test_349,VO,1,2,2,2,2
sciver_test_35,AS,1,2,2,2,2
sciver_test_35,AT,1,3,3,3,3
sciver_test_35,MCr,1,1,1,1,1
sciver_test_35,QLl,1,2,2,2,2
sciver_test_35,QLq,1,2,2,2,2
sciver_test_35,VO,1,2,2,2,2
sciver_test_351,AS,1,3,3,3,3
sciver_test_351,AT,1,4,4,4,4
sciver_test_351,MCr,1,3,3,3,3
sciver_test_351,QLl,1,2,2,2,2
sciver_test_351,QLq,1,3,3,3,3
sciver_test_351,VO,1,2,2,2,2
sciver_test_352,AS,1,3,3,3,3
sciver_test_352,AT,1,3,3,3,3
sciver_test_352,MCr,1,3,3,3,3
sciver_test_352,QLl,1,3,3,3,3
sciver_test_352,QLq,1,2,2,2,2
sciver_test_352,VO,1,2,2,2,2
sciver_test_353,AS,1,3,3,3,3
sciver_test_353,AT,1,3,3,3,3
sciver_test_353,MCr,1,3,3,3,3
sciver_test_353,QLl,1,3,3,3,3
sciver_test_353,QLq,1,0,0,0,0
sciver_test_353,VO,1,2,2,2,2
sciver_test_355,AS,1,3,3,3,3
sciver_test_355,AT,1,3,3,3,3
sciver_test_355,MCr,1,3,3,3,3
sciver_test_355,QLl,1,3,3,3,3
sciver_test_355,QLq,1,2,2,2,2
sciver_test_355,VO,1,1,1,1,1
sciver_test_357,AS,1,3,3,3,3
sciver_test_357,AT,1,3,3,3,3
sciver_test_357,MCr,1,3,3,3,3
sciver_test_357,QLl,1,3,3,3,3
sciver_test_357,QLq,1,2,2,2,2
sciver_test_357,VO,1,2,2,2,2
sciver_test_358,AS,1,4,4,4,4
sciver_test_358,AT,1,4,4,4,4
sciver_test_358,MCr,1,4,4,4,4
sciver_test_358,QLl,1,3,3,3,3
sciver_test_358,QLq,1,3,3,3,3
sciver_test_358,VO,1,2,2,2,2
sciver_test_360,AS,1,2,2,2,2
sciver_test_360,AT,1,3,3,3,3
sciver_test_360,MCr,1,1,1,1,1
sciver_test_360,QLl,1,1,1,1,1
sciver_test_360,QLq,1,2,2,2,2
sciver_test_360,VO,1,2,2,2,2
sciver_test_361,AS,1,2,2,2,2
sciver_test_361,AT,1,3,3,3,3
sciver_test_361,MCr,1,1,1,1,1
sciver_test_361,QLl,1,2,2,2,2
sciver_test_361,QLq,1,0,0,0,0
sciver_test_361,VO,1,1,1,1,1
sciver_test_363,AS,1,3,3,3,3
sciver_test_363,AT,1,4,4,4,4
sciver_test_363,MCr,1,3,3,3,3
sciver_test_363,QLl,1,3,3,3,3
sciver_test_363,QLq,1,2,2,2,2
sciver_test_363,VO,1,2,2,2,2
sciver_test_366,AS,1,3,3,3,3
sciver_test_366,AT,1,3,3,3,3
sciver_test_366,MCr,1,2,2,2,2
sciver_test_366,QLl,1,2,2,2,2
sciver_test_366,QLq,1,2,2,2,2
sciver_test_366,VO,1,2,2,2,2
sciver_test_368,AS,1,3,3,3,3
sciver_test_368,AT,1,4,4,4,4
sciver_test_368,MCr,1,2,2,2,2
sciver_test_368,QLl,1,3,3,3,3
sciver_test_368,QLq,1,3,3,3,3
sciver_test_368,VO,1,2,2,2,2
sciver_test_370,AS,1,2,2,2,2
sciver_test_370,AT,1,4,4,4,4
sciver_test_370,MCr,1,3,3,3,3
sciver_test_370,QLl,1,3,3,3,3
sciver_test_370,QLq,1,2,2,2,2
sciver_test_370,VO,1,2,2,2,2
sciver_test_371,AS,1,3,3,3,3
sciver_test_371,AT,1,4,4,4,4
sciver_test_371,MCr,1,3,3,3,3
sciver_test_371,QLl,1,2,2,2,2
sciver_test_371,QLq,1,3,3,3,3
sciver_test_371,VO,1,2,2,2,2
sciver_test_372,AS,1,1,1,1,1
sciver_test_372,AT,1,3,3,3,3
sciver_test_372,MCr,1,1,1,1,1
sciver_test_372,QLl,1,1,1,1,1
sciver_test_372,QLq,1,2,2,2,2
sciver_test_372,VO,1,1,1,1,1
sciver_test_374,AS,1,2,2,2,2
sciver_test_374,AT,1,3,3,3,3
sciver_test_374,MCr,1,3,3,3,3
sciver_test_374,QLl,1,2,2,2,2
sciver_test_374,QLq,1,3,3,3,3
sciver_test_374,VO,1,1,1,1,1
sciver_test_375,AS,1,3,3,3,3
sciver_test_375,AT,1,4,4,4,4
sciver_test_375,MCr,1,3,3,3,3
sciver_test_375,QLl,1,3,3,3,3
sciver_test_375,QLq,1,3,3,3,3
sciver_test_375,VO,1,2,2,2,2
sciver_test_377,AS,1,2,2,2,2
sciver_test_377,AT,1,3,3,3,3
sciver_test_377,MCr,1,1,1,1,1
sciver_test_377,QLl,1,1,1,1,1
sciver_test_377,QLq,1,1,1,1,1
sciver_test_377,VO,1,1,1,1,1
sciver_test_379,AS,1,2,2,2,2
sciver_test_379,AT,1,3,3,3,3
sciver_test_379,MCr,1,3,3,3,3
sciver_test_379,QLl,1,3,3,3,3
sciver_test_379,QLq,1,2,2,2,2
sciver_test_379,VO,1,2,2,2,2
sciver_test_38,AS,1,2,2,2,2
sciver_test_38,AT,1,3,3,3,3
sciver_test_38,MCr,1,1,1,1,1
sciver_test_38,QLl,1,2,2,2,2
sciver_test_38,QLq,1,2,2,2,2
sciver_test_38,VO,1,2,2,2,2
sciver_test_380,AS,1,3,3,3,3
sciver_test_380,AT,1,3,3,3,3
sciver_test_380,MCr,1,3,3,3,3
sciver_test_380,QLl,1,3,3,3,3
sciver_test_380,QLq,1,3,3,3,3
sciver_test_380,VO,1,2,2,2,2
sciver_test_382,AS,1,3,3,3,3
sciver_test_382,AT,1,3,3,3,3
sciver_test_382,MCr,1,3,3,3,3
sciver_test_382,QLl,1,3,3,3,3
sciver_test_382,QLq,1,3,3,3,3
sciver_test_382,VO,1,2,2,2,2
sciver_test_384,AS,1,2,2,2,2
sciver_test_384,AT,1,3,3,3,3
sciver_test_384,MCr,1,3,3,3,3
sciver_test_384,QLl,1,3,3,3,3
sciver_test_384,QLq,1,3,3,3,3
sciver_test_384,VO,1,2,2,2,2
sciver_test_386,AS,1,2,2,2,2
sciver_test_386,AT,1,3,3,3,3
sciver_test_386,MCr,1,2,2,2,2
sciver_test_386,QLl,1,2,2,2,2
sciver_test_386,QLq,1,3,3,3,3
sciver_test_386,VO,1,1,1,1,1
sciver_test_388,AS,1,3,3,3,3
sciver_test_388,AT,1,3,3,3,3
sciver_test_388,MCr,1,2,2,2,2
sciver_test_388,QLl,1,2,2,2,2
sciver_test_388,QLq,1,2,2,2,2
sciver_test_388,VO,1,2,2,2,2
sciver_test_39,AS,1,3,3,3,3
sciver_test_39,AT,1,3,3,3,3
sciver_test_39,MCr,1,3,3,3,3
sciver_test_39,QLl,1,2,2,2,2
sciver_test_39,QLq,1,2,2,2,2
sciver_test_39,VO,1,2,2,2,2
sciver_test_390,AS,1,3,3,3,3
sciver_test_390,AT,1,4,4,4,4
sciver_test_390,MCr,1,3,3,3,3
sciver_test_390,QLl,1,2,2,2,2
sciver_test_390,QLq,1,3,3,3,3
sciver_test_390,VO,1,2,2,2,2
sciver_test_392,AS,1,4,4,4,4
sciver_test_392,AT,1,4,4,4,4
sciver_test_392,MCr,1,3,3,3,3
sciver_test_392,QLl,1,3,3,3,3
sciver_test_392,QLq,1,2,2,2,2
sciver_test_392,VO,1,2,2,2,2
sciver_test_394,AS,1,2,2,2,2
sciver_test_394,AT,1,3,3,3,3
sciver_test_394,MCr,1,3,3,3,3
sciver_test_394,QLl,1,3,3,3,3
sciver_test_394,QLq,1,3,3,3,3
sciver_test_394,VO,1,2,2,2,2
sciver_test_395,AS,1,3,3,3,3
sciver_test_395,AT,1,4,4,4,4
sciver_test_395,MCr,1,3,3,3,3
sciver_test_395,QLl,1,3,3,3,3
sciver_test_395,QLq,1,3,3,3,3
sciver_test_395,VO,1,2,2,2,2
sciver_test_398,AS,1,2,2,2,2
sciver_test_398,AT,1,3,3,3,3
sciver_test_398,MCr,1,2,2,2,2
sciver_test_398,QLl,1,2,2,2,2
sciver_test_398,QLq,1,2,2,2,2
sciver_test_398,VO,1,1,1,1,1
sciver_test_400,AS,1,2,2,2,2
sciver_test_400,AT,1,3,3,3,3
sciver_test_400,MCr,1,2,2,2,2
sciver_test_400,QLl,1,3,3,3,3
sciver_test_400,QLq,1,2,2,2,2
sciver_test_400,VO,1,1,1,1,1
sciver_test_402,AS,1,3,3,3,3
sciver_test_402,AT,1,3,3,3,3
sciver_test_402,MCr,1,2,2,2,2
sciver_test_402,QLl,1,3,3,3,3
sciver_test_402,QLq,1,3,3,3,3
sciver_test_402,VO,1,1,1,1,1
sciver_test_404,AS,1,3,3,3,3
sciver_test_404,AT,1,3,3,3,3
sciver_test_404,MCr,1,1,1,1,1
sciver_test_404,QLl,1,3,3,3,3
sciver_test_404,QLq,1,2,2,2,2
sciver_test_404,VO,1,2,2,2,2
sciver_test_406,AS,1,3,3,3,3
sciver_test_406,AT,1,3,3,3,3
sciver_test_406,MCr,1,3,3,3,3
sciver_test_406,QLl,1,3,3,3,3
sciver_test_406,QLq,1,3,3,3,3
sciver_test_406,VO,1,2,2,2,2
sciver_test_407,AS,1,3,3,3,3
sciver_test_407,AT,1,4,4,4,4
sciver_test_407,MCr,1,3,3,3,3
sciver_test_407,QLl,1,3,3,3,3
sciver_test_407,QLq,1,3,3,3,3
sciver_test_407,VO,1,2,2,2,2
sciver_test_409,AS,1,3,3,3,3
sciver_test_409,AT,1,4,4,4,4
sciver_test_409,MCr,1,3,3,3,3
sciver_test_409,QLl,1,3,3,3,3
sciver_test_409,QLq,1,3,3,3,3
sciver_test_409,VO,1,2,2,2,2
sciver_test_41,AS,1,2,2,2,2
sciver_test_41,AT,1,3,3,3,3
sciver_test_41,MCr,1,1,1,1,1
sciver_test_41,QLl,1,1,1,1,1
sciver_test_41,QLq,1,2,2,2,2
sciver_test_41,VO,1,2,2,2,2
sciver_test_411,AS,1,2,2,2,2
sciver_test_411,AT,1,4,4,4,4
sciver_test_411,MCr,1,1,1,1,1
sciver_test_411,QLl,1,1,1,1,1
sciver_test_411,QLq,1,2,2,2,2
sciver_test_411,VO,1,2,2,2,2
sciver_test_412,AS,1,3,3,3,3
sciver_test_412,AT,1,3,3,3,3
sciver_test_412,MCr,1,3,3,3,3
sciver_test_412,QLl,1,2,2,2,2
sciver_test_412,QLq,1,3,3,3,3
sciver_test_412,VO,1,2,2,2,2
sciver_test_414,AS,1,3,3,3,3
sciver_test_414,AT,1,4,4,4,4
sciver_test_414,MCr,1,3,3,3,3
sciver_test_414,QLl,1,3,3,3,3
sciver_test_414,QLq,1,3,3,3,3
sciver_test_414,VO,1,2,2,2,2
sciver_test_417,AS,1,2,2,2,2
sciver_test_417,AT,1,3,3,3,3
sciver_test_417,MCr,1,3,3,3,3
sciver_test_417,QLl,1,3,3,3,3
sciver_test_417,QLq,1,2,2,2,2
sciver_test_417,VO,1,1,1,1,1
sciver_test_419,AS,1,3,3,3,3
sciver_test_419,AT,1,3,3,3,3
sciver_test_419,MCr,1,3,3,3,3
sciver_test_419,QLl,1,3,3,3,3
sciver_test_419,QLq,1,2,2,2,2
sciver_test_419,VO,1,1,1,1,1
sciver_test_42,AS,1,3,3,3,3
sciver_test_42,AT,1,3,3,3,3
sciver_test_42,MCr,1,3,3,3,3
sciver_test_42,QLl,1,3,3,3,3
sciver_test_42,QLq,1,2,2,2,2
sciver_test_42,VO,1,2,2,2,2
sciver_test_421,AS,1,2,2,2,2
sciver_test_421,AT,1,4,4,4,4
sciver_test_421,MCr,1,3,3,3,3
sciver_test_421,QLl,1,3,3,3,3
sciver_test_421,QLq,1,3,3,3,3
sciver_test_421,VO,1,1,1,1,1
sciver_test_422,AS,1,3,3,3,3
sciver_test_422,AT,1,4,4,4,4
sciver_test_422,MCr,1,2,2,2,2
sciver_test_422,QLl,1,3,3,3,3
sciver_test_422,QLq,1,3,3,3,3
sciver_test_422,VO,1,2,2,2,2
sciver_test_426,AS,1,3,3,3,3
sciver_test_426,AT,1,3,3,3,3
sciver_test_426,MCr,1,2,2,2,2
sciver_test_426,QLl,1,3,3,3,3
sciver_test_426,QLq,1,3,3,3,3
sciver_test_426,VO,1,2,2,2,2
sciver_test_429,AS,1,3,3,3,3
sciver_test_429,AT,1,4,4,4,4
sciver_test_429,MCr,1,3,3,3,3
sciver_test_429,QLl,1,3,3,3,3
sciver_test_429,QLq,1,3,3,3,3
sciver_test_429,VO,1,2,2,2,2
sciver_test_431,AS,1,3,3,3,3
sciver_test_431,AT,1,4,4,4,4
sciver_test_431,MCr,1,3,3,3,3
sciver_test_431,QLl,1,3,3,3,3
sciver_test_431,QLq,1,3,3,3,3
sciver_test_431,VO,1,2,2,2,2
sciver_test_432,AS,1,3,3,3,3
sciver_test_432,AT,1,3,3,3,3
sciver_test_432,MCr,1,3,3,3,3
sciver_test_432,QLl,1,2,2,2,2
sciver_test_432,QLq,1,3,3,3,3
sciver_test_432,VO,1,1,1,1,1
sciver_test_434,AS,1,3,3,3,3
sciver_test_434,AT,1,3,3,3,3
sciver_test_434,MCr,1,3,3,3,3
sciver_test_434,QLl,1,3,3,3,3
sciver_test_434,QLq,1,3,3,3,3
sciver_test_434,VO,1,2,2,2,2
sciver_test_435,AS,1,2,2,2,2
sciver_test_435,AT,1,4,4,4,4
sciver_test_435,MCr,1,4,4,4,4
sciver_test_435,QLl,1,3,3,3,3
sciver_test_435,QLq,1,3,3,3,3
sciver_test_435,VO,1,2,2,2,2
sciver_test_436,AS,1,3,3,3,3
sciver_test_436,AT,1,4,4,4,4
sciver_test_436,MCr,1,3,3,3,3
sciver_test_436,QLl,1,3,3,3,3
sciver_test_436,QLq,1,3,3,3,3
sciver_test_436,VO,1,2,2,2,2
sciver_test_438,AS,1,3,3,3,3
sciver_test_438,AT,1,4,4,4,4
sciver_test_438,MCr,1,3,3,3,3
sciver_test_438,QLl,1,3,3,3,3
sciver_test_438,QLq,1,3,3,3,3
sciver_test_438,VO,1,2,2,2,2
sciver_test_439,AS,1,2,2,2,2
sciver_test_439,AT,1,4,4,4,4
sciver_test_439,MCr,1,3,3,3,3
sciver_test_439,QLl,1,2,2,2,2
sciver_test_439,QLq,1,3,3,3,3
sciver_test_439,VO,1,2,2,2,2
sciver_test_440,AS,1,2,2,2,2
sciver_test_440,AT,1,3,3,3,3
sciver_test_440,MCr,1,3,3,3,3
sciver_test_440,QLl,1,3,3,3,3
sciver_test_440,QLq,1,2,2,2,2
sciver_test_440,VO,1,2,2,2,2
sciver_test_445,AS,1,3,3,3,3
sciver_test_445,AT,1,4,4,4,4
sciver_test_445,MCr,1,3,3,3,3
sciver_test_445,QLl,1,4,4,4,4
sciver_test_445,QLq,1,3,3,3,3
sciver_test_445,VO,1,2,2,2,2
sciver_test_447,AS,1,3,3,3,3
sciver_test_447,AT,1,3,3,3,3
sciver_test_447,MCr,1,2,2,2,2
sciver_test_447,QLl,1,3,3,3,3
sciver_test_447,QLq,1,3,3,3,3
sciver_test_447,VO,1,2,2,2,2
sciver_test_449,AS,1,3,3,3,3
sciver_test_449,AT,1,4,4,4,4
sciver_test_449,MCr,1,3,3,3,3
sciver_test_449,QLl,1,3,3,3,3
sciver_test_449,QLq,1,3,3,3,3
sciver_test_449,VO,1,2,2,2,2
sciver_test_45,AS,1,2,2,2,2
sciver_test_45,AT,1,3,3,3,3
sciver_test_45,MCr,1,1,1,1,1
sciver_test_45,QLl,1,1,1,1,1
sciver_test_45,QLq,1,2,2,2,2
sciver_test_45,VO,1,2,2,2,2
sciver_test_451,AS,1,2,2,2,2
sciver_test_451,AT,1,4,4,4,4
sciver_test_451,MCr,1,2,2,2,2
sciver_test_451,QLl,1,3,3,3,3
sciver_test_451,QLq,1,2,2,2,2
sciver_test_451,VO,1,2,2,2,2
sciver_test_453,AS,1,3,3,3,3
sciver_test_453,AT,1,4,4,4,4
sciver_test_453,MCr,1,3,3,3,3
sciver_test_453,QLl,1,3,3,3,3
sciver_test_453,QLq,1,3,3,3,3
sciver_test_453,VO,1,2,2,2,2
sciver_test_455,AS,1,3,3,3,3
sciver_test_455,AT,1,4,4,4,4
sciver_test_455,MCr,1,3,3,3,3
sciver_test_455,QLl,1,2,2,2,2
sciver_test_455,QLq,1,3,3,3,3
sciver_test_455,VO,1,2,2,2,2
sciver_test_458,AS,1,2,2,2,2
sciver_test_458,AT,1,3,3,3,3
sciver_test_458,MCr,1,2,2,2,2
sciver_test_458,QLl,1,2,2,2,2
sciver_test_458,QLq,1,2,2,2,2
sciver_test_458,VO,1,1,1,1,1
sciver_test_459,AS,1,3,3,3,3
sciver_test_459,AT,1,3,3,3,3
sciver_test_459,MCr,1,2,2,2,2
sciver_test_459,QLl,1,3,3,3,3
sciver_test_459,QLq,1,2,2,2,2
sciver_test_459,VO,1,2,2,2,2
sciver_test_460,AS,1,3,3,3,3
sciver_test_460,AT,1,3,3,3,3
sciver_test_460,MCr,1,3,3,3,3
sciver_test_460,QLl,1,3,3,3,3
sciver_test_460,QLq,1,3,3,3,3
sciver_test_460,VO,1,2,2,2,2
sciver_test_461,AS,1,3,3,3,3
sciver_test_461,AT,1,3,3,3,3
sciver_test_461,MCr,1,3,3,3,3
sciver_test_461,QLl,1,3,3,3,3
sciver_test_461,QLq,1,2,2,2,2
sciver_test_461,VO,1,2,2,2,2
sciver_test_463,AS,1,2,2,2,2
sciver_test_463,AT,1,4,4,4,4
sciver_test_463,MCr,1,3,3,3,3
sciver_test_463,QLl,1,3,3,3,3
sciver_test_463,QLq,1,2,2,2,2
sciver_test_463,VO,1,2,2,2,2
sciver_test_465,AS,1,2,2,2,2
sciver_test_465,AT,1,4,4,4,4
sciver_test_465,MCr,1,3,3,3,3
sciver_test_465,QLl,1,3,3,3,3
sciver_test_465,QLq,1,2,2,2,2
sciver_test_465,VO,1,2,2,2,2
sciver_test_466,AS,1,2,2,2,2
sciver_test_466,AT,1,3,3,3,3
sciver_test_466,MCr,1,2,2,2,2
sciver_test_466,QLl,1,1,1,1,1
sciver_test_466,QLq,1,2,2,2,2
sciver_test_466,VO,1,1,1,1,1
sciver_test_468,AS,1,3,3,3,3
sciver_test_468,AT,1,3,3,3,3
sciver_test_468,MCr,1,3,3,3,3
sciver_test_468,QLl,1,3,3,3,3
sciver_test_468,QLq,1,2,2,2,2
sciver_test_468,VO,1,2,2,2,2
sciver_test_47,AS,1,2,2,2,2
sciver_test_47,AT,1,3,3,3,3
sciver_test_47,MCr,1,1,1,1,1
sciver_test_47,QLl,1,2,2,2,2
sciver_test_47,QLq,1,2,2,2,2
sciver_test_47,VO,1,2,2,2,2
sciver_test_470,AS,1,3,3,3,3
sciver_test_470,AT,1,4,4,4,4
sciver_test_470,MCr,1,3,3,3,3
sciver_test_470,QLl,1,2,2,2,2
sciver_test_470,QLq,1,1,1,1,1
sciver_test_470,VO,1,1,1,1,1
sciver_test_472,AS,1,3,3,3,3
sciver_test_472,AT,1,3,3,3,3
sciver_test_472,MCr,1,2,2,2,2
sciver_test_472,QLl,1,2,2,2,2
sciver_test_472,QLq,1,3,3,3,3
sciver_test_472,VO,1,1,1,1,1
sciver_test_473,AS,1,2,2,2,2
sciver_test_473,AT,1,3,3,3,3
sciver_test_473,MCr,1,2,2,2,2
sciver_test_473,QLl,1,3,3,3,3
sciver_test_473,QLq,1,3,3,3,3
sciver_test_473,VO,1,2,2,2,2
sciver_test_475,AS,1,2,2,2,2
sciver_test_475,AT,1,4,4,4,4
sciver_test_475,MCr,1,2,2,2,2
sciver_test_475,QLl,1,3,3,3,3
sciver_test_475,QLq,1,3,3,3,3
sciver_test_475,VO,1,2,2,2,2
sciver_test_476,AS,1,2,2,2,2
sciver_test_476,AT,1,3,3,3,3
sciver_test_476,MCr,1,1,1,1,1
sciver_test_476,QLl,1,3,3,3,3
sciver_test_476,QLq,1,3,3,3,3
sciver_test_476,VO,1,2,2,2,2
sciver_test_477,AS,1,2,2,2,2
sciver_test_477,AT,1,3,3,3,3
sciver_test_477,MCr,1,2,2,2,2
sciver_test_477,QLl,1,3,3,3,3
sciver_test_477,QLq,1,3,3,3,3
sciver_test_477,VO,1,2,2,2,2
sciver_test_48,AS,1,3,3,3,3
sciver_test_48,AT,1,3,3,3,3
sciver_test_48,MCr,1,3,3,3,3
sciver_test_48,QLl,1,2,2,2,2
sciver_test_48,QLq,1,3,3,3,3
sciver_test_48,VO,1,2,2,2,2
sciver_test_481,AS,1,3,3,3,3
sciver_test_481,AT,1,4,4,4,4
sciver_test_481,MCr,1,3,3,3,3
sciver_test_481,QLl,1,3,3,3,3
sciver_test_481,QLq,1,3,3,3,3
sciver_test_481,VO,1,2,2,2,2
sciver_test_483,AS,1,4,4,4,4
sciver_test_483,AT,1,4,4,4,4
sciver_test_483,MCr,1,3,3,3,3
sciver_test_483,QLl,1,3,3,3,3
sciver_test_483,QLq,1,3,3,3,3
sciver_test_483,VO,1,2,2,2,2
sciver_test_484,AS,1,3,3,3,3
sciver_test_484,AT,1,4,4,4,4
sciver_test_484,MCr,1,4,4,4,4
sciver_test_484,QLl,1,3,3,3,3
sciver_test_484,QLq,1,3,3,3,3
sciver_test_484,VO,1,2,2,2,2
sciver_test_487,AS,1,2,2,2,2
sciver_test_487,AT,1,3,3,3,3
sciver_test_487,MCr,1,2,2,2,2
sciver_test_487,QLl,1,2,2,2,2
sciver_test_487,QLq,1,3,3,3,3
sciver_test_487,VO,1,1,1,1,1
sciver_test_488,AS,1,3,3,3,3
sciver_test_488,AT,1,3,3,3,3
sciver_test_488,MCr,1,3,3,3,3
sciver_test_488,QLl,1,3,3,3,3
sciver_test_488,QLq,1,1,1,1,1
sciver_test_488,VO,1,2,2,2,2
sciver_test_489,AS,1,2,2,2,2
sciver_test_489,AT,1,3,3,3,3
sciver_test_489,MCr,1,2,2,2,2
sciver_test_489,QLl,1,1,1,1,1
sciver_test_489,QLq,1,1,1,1,1
sciver_test_489,VO,1,1,1,1,1
sciver_test_49,AS,1,3,3,3,3
sciver_test_49,AT,1,4,4,4,4
sciver_test_49,MCr,1,3,3,3,3
sciver_test_49,QLl,1,3,3,3,3
sciver_test_49,QLq,1,3,3,3,3
sciver_test_49,VO,1,2,2,2,2
sciver_test_491,AS,1,3,3,3,3
sciver_test_491,AT,1,3,3,3,3
sciver_test_491,MCr,1,2,2,2,2
sciver_test_491,QLl,1,1,1,1,1
sciver_test_491,QLq,1,1,1,1,1
sciver_test_491,VO,1,1,1,1,1
sciver_test_493,AS,1,2,2,2,2
sciver_test_493,AT,1,3,3,3,3
sciver_test_493,MCr,1,2,2,2,2
sciver_test_493,QLl,1,2,2,2,2
sciver_test_493,QLq,1,3,3,3,3
sciver_test_493,VO,1,2,2,2,2
sciver_test_494,AS,1,3,3,3,3
sciver_test_494,AT,1,3,3,3,3
sciver_test_494,MCr,1,3,3,3,3
sciver_test_494,QLl,1,2,2,2,2
sciver_test_494,QLq,1,2,2,2,2
sciver_test_494,VO,1,2,2,2,2
sciver_test_495,AS,1,3,3,3,3
sciver_test_495,AT,1,3,3,3,3
sciver_test_495,MCr,1,2,2,2,2
sciver_test_495,QLl,1,1,1,1,1
sciver_test_495,QLq,1,2,2,2,2
sciver_test_495,VO,1,2,2,2,2
sciver_test_496,AS,1,3,3,3,3
sciver_test_496,AT,1,3,3,3,3
sciver_test_496,MCr,1,2,2,2,2
sciver_test_496,QLl,1,1,1,1,1
sciver_test_496,QLq,1,2,2,2,2
sciver_test_496,VO,1,2,2,2,2
sciver_test_499,AS,1,2,2,2,2
sciver_test_499,AT,1,3,3,3,3
sciver_test_499,MCr,1,1,1,1,1
sciver_test_499,QLl,1,1,1,1,1
sciver_test_499,QLq,1,1,1,1,1
sciver_test_499,VO,1,1,1,1,1
sciver_test_5,AS,1,3,3,3,3
sciver_test_5,AT,1,3,3,3,3
sciver_test_5,MCr,1,1,1,1,1
sciver_test_5,QLl,1,1,1,1,1
sciver_test_5,QLq,1,2,2,2,2
sciver_test_5,VO,1,2,2,2,2
sciver_test_500,AS,1,2,2,2,2
sciver_test_500,AT,1,3,3,3,3
sciver_test_500,MCr,1,1,1,1,1
sciver_test_500,QLl,1,1,1,1,1
sciver_test_500,QLq,1,2,2,2,2
sciver_test_500,VO,1,1,1,1,1
sciver_test_501,AS,1,3,3,3,3
sciver_test_501,AT,1,3,3,3,3
sciver_test_501,MCr,1,2,2,2,2
sciver_test_501,QLl,1,2,2,2,2
sciver_test_501,QLq,1,2,2,2,2
sciver_test_501,VO,1,1,1,1,1
sciver_test_503,AS,1,3,3,3,3
sciver_test_503,AT,1,3,3,3,3
sciver_test_503,MCr,1,2,2,2,2
sciver_test_503,QLl,1,1,1,1,1
sciver_test_503,QLq,1,2,2,2,2
sciver_test_503,VO,1,1,1,1,1
sciver_test_504,AS,1,2,2,2,2
sciver_test_504,AT,1,3,3,3,3
sciver_test_504,MCr,1,3,3,3,3
sciver_test_504,QLl,1,2,2,2,2
sciver_test_504,QLq,1,2,2,2,2
sciver_test_504,VO,1,1,1,1,1
sciver_test_505,AS,1,3,3,3,3
sciver_test_505,AT,1,3,3,3,3
sciver_test_505,MCr,1,2,2,2,2
sciver_test_505,QLl,1,2,2,2,2
sciver_test_505,QLq,1,2,2,2,2
sciver_test_505,VO,1,2,2,2,2
sciver_test_506,AS,1,3,3,3,3
sciver_test_506,AT,1,3,3,3,3
sciver_test_506,MCr,1,2,2,2,2
sciver_test_506,QLl,1,2,2,2,2
sciver_test_506,QLq,1,2,2,2,2
sciver_test_506,VO,1,2,2,2,2
sciver_test_507,AS,1,3,3,3,3
sciver_test_507,AT,1,3,3,3,3
sciver_test_507,MCr,1,2,2,2,2
sciver_test_507,QLl,1,1,1,1,1
sciver_test_507,QLq,1,2,2,2,2
sciver_test_507,VO,1,1,1,1,1
sciver_test_508,AS,1,3,3,3,3
sciver_test_508,AT,1,3,3,3,3
sciver_test_508,MCr,1,1,1,1,1
sciver_test_508,QLl,1,2,2,2,2
sciver_test_508,QLq,1,2,2,2,2
sciver_test_508,VO,1,1,1,1,1
sciver_test_51,AS,1,3,3,3,3
sciver_test_51,AT,1,3,3,3,3
sciver_test_51,MCr,1,3,3,3,3
sciver_test_51,QLl,1,2,2,2,2
sciver_test_51,QLq,1,1,1,1,1
sciver_test_51,VO,1,2,2,2,2
sciver_test_511,AS,1,3,3,3,3
sciver_test_511,AT,1,3,3,3,3
sciver_test_511,MCr,1,3,3,3,3
sciver_test_511,QLl,1,2,2,2,2
sciver_test_511,QLq,1,3,3,3,3
sciver_test_511,VO,1,2,2,2,2
sciver_test_513,AS,1,2,2,2,2
sciver_test_513,AT,1,3,3,3,3
sciver_test_513,MCr,1,2,2,2,2
sciver_test_513,QLl,1,1,1,1,1
sciver_test_513,QLq,1,2,2,2,2
sciver_test_513,VO,1,1,1,1,1
sciver_test_514,AS,1,3,3,3,3
sciver_test_514,AT,1,3,3,3,3
sciver_test_514,MCr,1,2,2,2,2
sciver_test_514,QLl,1,1,1,1,1
sciver_test_514,QLq,1,2,2,2,2
sciver_test_514,VO,1,1,1,1,1
sciver_test_515,AS,1,3,3,3,3
sciver_test_515,AT,1,3,3,3,3
sciver_test_515,MCr,1,2,2,2,2
sciver_test_515,QLl,1,1,1,1,1
sciver_test_515,QLq,1,2,2,2,2
sciver_test_515,VO,1,2,2,2,2
sciver_test_517,AS,1,3,3,3,3
sciver_test_517,AT,1,3,3,3,3
sciver_test_517,MCr,1,2,2,2,2
sciver_test_517,QLl,1,2,2,2,2
sciver_test_517,QLq,1,2,2,2,2
sciver_test_517,VO,1,2,2,2,2
sciver_test_518,AS,1,3,3,3,3
sciver_test_518,AT,1,3,3,3,3
sciver_test_518,MCr,1,2,2,2,2
sciver_test_518,QLl,1,1,1,1,1
sciver_test_518,QLq,1,2,2,2,2
sciver_test_518,VO,1,1,1,1,1
sciver_test_519,AS,1,3,3,3,3
sciver_test_519,AT,1,3,3,3,3
sciver_test_519,MCr,1,3,3,3,3
sciver_test_519,QLl,1,2,2,2,2
sciver_test_519,QLq,1,2,2,2,2
sciver_test_519,VO,1,2,2,2,2
sciver_test_520,AS,1,2,2,2,2
sciver_test_520,AT,1,3,3,3,3
sciver_test_520,MCr,1,3,3,3,3
sciver_test_520,QLl,1,2,2,2,2
sciver_test_520,QLq,1,3,3,3,3
sciver_test_520,VO,1,2,2,2,2
sciver_test_522,AS,1,3,3,3,3
sciver_test_522,AT,1,3,3,3,3
sciver_test_522,MCr,1,2,2,2,2
sciver_test_522,QLl,1,2,2,2,2
sciver_test_522,QLq,1,2,2,2,2
sciver_test_522,VO,1,1,1,1,1
sciver_test_523,AS,1,3,3,3,3
sciver_test_523,AT,1,3,3,3,3
sciver_test_523,MCr,1,2,2,2,2
sciver_test_523,QLl,1,1,1,1,1
sciver_test_523,QLq,1,2,2,2,2
sciver_test_523,VO,1,1,1,1,1
sciver_test_524,AS,1,3,3,3,3
sciver_test_524,AT,1,3,3,3,3
sciver_test_524,MCr,1,3,3,3,3
sciver_test_524,QLl,1,2,2,2,2
sciver_test_524,QLq,1,2,2,2,2
sciver_test_524,VO,1,2,2,2,2
sciver_test_525,AS,1,3,3,3,3
sciver_test_525,AT,1,3,3,3,3
sciver_test_525,MCr,1,3,3,3,3
sciver_test_525,QLl,1,2,2,2,2
sciver_test_525,QLq,1,1,1,1,1
sciver_test_525,VO,1,1,1,1,1
sciver_test_527,AS,1,2,2,2,2
sciver_test_527,AT,1,3,3,3,3
sciver_test_527,MCr,1,2,2,2,2
sciver_test_527,QLl,1,1,1,1,1
sciver_test_527,QLq,1,2,2,2,2
sciver_test_527,VO,1,1,1,1,1
sciver_test_529,AS,1,2,2,2,2
sciver_test_529,AT,1,3,3,3,3
sciver_test_529,MCr,1,2,2,2,2
sciver_test_529,QLl,1,1,1,1,1
sciver_test_529,QLq,1,2,2,2,2
sciver_test_529,VO,1,1,1,1,1
sciver_test_53,AS,1,3,3,3,3
sciver_test_53,AT,1,4,4,4,4
sciver_test_53,MCr,1,3,3,3,3
sciver_test_53,QLl,1,3,3,3,3
sciver_test_53,QLq,1,3,3,3,3
sciver_test_53,VO,1,2,2,2,2
sciver_test_530,AS,1,2,2,2,2
sciver_test_530,AT,1,2,2,2,2
sciver_test_530,MCr,1,2,2,2,2
sciver_test_530,QLl,1,1,1,1,1
sciver_test_530,QLq,1,2,2,2,2
sciver_test_530,VO,1,1,1,1,1
sciver_test_531,AS,1,3,3,3,3
sciver_test_531,AT,1,3,3,3,3
sciver_test_531,MCr,1,1,1,1,1
sciver_test_531,QLl,1,1,1,1,1
sciver_test_531,QLq,1,2,2,2,2
sciver_test_531,VO,1,1,1,1,1
sciver_test_532,AS,1,2,2,2,2
sciver_test_532,AT,1,3,3,3,3
sciver_test_532,MCr,1,2,2,2,2
sciver_test_532,QLl,1,1,1,1,1
sciver_test_532,QLq,1,2,2,2,2
sciver_test_532,VO,1,1,1,1,1
sciver_test_537,AS,1,3,3,3,3
sciver_test_537,AT,1,3,3,3,3
sciver_test_537,MCr,1,2,2,2,2
sciver_test_537,QLl,1,2,2,2,2
sciver_test_537,QLq,1,3,3,3,3
sciver_test_537,VO,1,1,1,1,1
sciver_test_538,AS,1,2,2,2,2
sciver_test_538,AT,1,3,3,3,3
sciver_test_538,MCr,1,1,1,1,1
sciver_test_538,QLl,1,1,1,1,1
sciver_test_538,QLq,1,2,2,2,2
sciver_test_538,VO,1,1,1,1,1
sciver_test_539,AS,1,2,2,2,2
sciver_test_539,AT,1,3,3,3,3
sciver_test_539,MCr,1,2,2,2,2
sciver_test_539,QLl,1,2,2,2,2
sciver_test_539,QLq,1,3,3,3,3
sciver_test_539,VO,1,1,1,1,1
sciver_test_540,AS,1,2,2,2,2
sciver_test_540,AT,1,3,3,3,3
sciver_test_540,MCr,1,2,2,2,2
sciver_test_540,QLl,1,1,1,1,1
sciver_test_540,QLq,1,2,2,2,2
sciver_test_540,VO,1,2,2,2,2
sciver_test_541,AS,1,3,3,3,3
sciver_test_541,AT,1,3,3,3,3
sciver_test_541,MCr,1,3,3,3,3
sciver_test_541,QLl,1,3,3,3,3
sciver_test_541,QLq,1,3,3,3,3
sciver_test_541,VO,1,2,2,2,2
sciver_test_542,AS,1,2,2,2,2
sciver_test_542,AT,1,3,3,3,3
sciver_test_542,MCr,1,2,2,2,2
sciver_test_542,QLl,1,1,1,1,1
sciver_test_542,QLq,1,2,2,2,2
sciver_test_542,VO,1,2,2,2,2
sciver_test_544,AS,1,3,3,3,3
sciver_test_544,AT,1,3,3,3,3
sciver_test_544,MCr,1,1,1,1,1
sciver_test_544,QLl,1,1,1,1,1
sciver_test_544,QLq,1,2,2,2,2
sciver_test_544,VO,1,2,2,2,2
sciver_test_546,AS,1,3,3,3,3
sciver_test_546,AT,1,3,3,3,3
sciver_test_546,MCr,1,2,2,2,2
sciver_test_546,QLl,1,2,2,2,2
sciver_test_546,QLq,1,3,3,3,3
sciver_test_546,VO,1,2,2,2,2
sciver_test_547,AS,1,3,3,3,3
sciver_test_547,AT,1,3,3,3,3
sciver_test_547,MCr,1,2,2,2,2
sciver_test_547,QLl,1,1,1,1,1
sciver_test_547,QLq,1,2,2,2,2
sciver_test_547,VO,1,1,1,1,1
sciver_test_549,AS,1,3,3,3,3
sciver_test_549,AT,1,3,3,3,3
sciver_test_549,MCr,1,2,2,2,2
sciver_test_549,QLl,1,1,1,1,1
sciver_test_549,QLq,1,2,2,2,2
sciver_test_549,VO,1,2,2,2,2
sciver_test_55,AS,1,2,2,2,2
sciver_test_55,AT,1,4,4,4,4
sciver_test_55,MCr,1,3,3,3,3
sciver_test_55,QLl,1,3,3,3,3
sciver_test_55,QLq,1,2,2,2,2
sciver_test_55,VO,1,1,1,1,1
sciver_test_550,AS,1,2,2,2,2
sciver_test_550,AT,1,3,3,3,3
sciver_test_550,MCr,1,2,2,2,2
sciver_test_550,QLl,1,1,1,1,1
sciver_test_550,QLq,1,2,2,2,2
sciver_test_550,VO,1,1,1,1,1
sciver_test_555,AS,1,3,3,3,3
sciver_test_555,AT,1,3,3,3,3
sciver_test_555,MCr,1,2,2,2,2
sciver_test_555,QLl,1,1,1,1,1
sciver_test_555,QLq,1,2,2,2,2
sciver_test_555,VO,1,2,2,2,2
sciver_test_556,AS,1,3,3,3,3
sciver_test_556,AT,1,3,3,3,3
sciver_test_556,MCr,1,2,2,2,2
sciver_test_556,QLl,1,1,1,1,1
sciver_test_556,QLq,1,2,2,2,2
sciver_test_556,VO,1,1,1,1,1
sciver_test_558,AS,1,2,2,2,2
sciver_test_558,AT,1,3,3,3,3
sciver_test_558,MCr,1,2,2,2,2
sciver_test_558,QLl,1,3,3,3,3
sciver_test_558,QLq,1,2,2,2,2
sciver_test_558,VO,1,2,2,2,2
sciver_test_562,AS,1,2,2,2,2
sciver_test_562,AT,1,3,3,3,3
sciver_test_562,MCr,1,1,1,1,1
sciver_test_562,QLl,1,1,1,1,1
sciver_test_562,QLq,1,2,2,2,2
sciver_test_562,VO,1,1,1,1,1
sciver_test_563,AS,1,3,3,3,3
sciver_test_563,AT,1,3,3,3,3
sciver_test_563,MCr,1,2,2,2,2
sciver_test_563,QLl,1,1,1,1,1
sciver_test_563,QLq,1,2,2,2,2
sciver_test_563,VO,1,1,1,1,1
sciver_test_564,AS,1,3,3,3,3
sciver_test_564,AT,1,3,3,3,3
sciver_test_564,MCr,1,2,2,2,2
sciver_test_564,QLl,1,1,1,1,1
sciver_test_564,QLq,1,3,3,3,3
sciver_test_564,VO,1,1,1,1,1
sciver_test_565,AS,1,3,3,3,3
sciver_test_565,AT,1,3,3,3,3
sciver_test_565,MCr,1,2,2,2,2
sciver_test_565,QLl,1,1,1,1,1
sciver_test_565,QLq,1,3,3,3,3
sciver_test_565,VO,1,2,2,2,2
sciver_test_57,AS,1,3,3,3,3
sciver_test_57,AT,1,3,3,3,3
sciver_test_57,MCr,1,3,3,3,3
sciver_test_57,QLl,1,3,3,3,3
sciver_test_57,QLq,1,3,3,3,3
sciver_test_57,VO,1,2,2,2,2
sciver_test_571,AS,1,3,3,3,3
sciver_test_571,AT,1,3,3,3,3
sciver_test_571,MCr,1,3,3,3,3
sciver_test_571,QLl,1,3,3,3,3
sciver_test_571,QLq,1,2,2,2,2
sciver_test_571,VO,1,2,2,2,2
sciver_test_573,AS,1,2,2,2,2
sciver_test_573,AT,1,3,3,3,3
sciver_test_573,MCr,1,2,2,2,2
sciver_test_573,QLl,1,1,1,1,1
sciver_test_573,QLq,1,2,2,2,2
sciver_test_573,VO,1,2,2,2,2
sciver_test_576,AS,1,3,3,3,3
sciver_test_576,AT,1,3,3,3,3
sciver_test_576,MCr,1,2,2,2,2
sciver_test_576,QLl,1,2,2,2,2
sciver_test_576,QLq,1,3,3,3,3
sciver_test_576,VO,1,1,1,1,1
sciver_test_577,AS,1,2,2,2,2
sciver_test_577,AT,1,3,3,3,3
sciver_test_577,MCr,1,2,2,2,2
sciver_test_577,QLl,1,1,1,1,1
sciver_test_577,QLq,1,2,2,2,2
sciver_test_577,VO,1,1,1,1,1
sciver_test_578,AS,1,3,3,3,3
sciver_test_578,AT,1,3,3,3,3
sciver_test_578,MCr,1,2,2,2,2
sciver_test_578,QLl,1,3,3,3,3
sciver_test_578,QLq,1,3,3,3,3
sciver_test_578,VO,1,2,2,2,2
sciver_test_579,AS,1,3,3,3,3
sciver_test_579,AT,1,3,3,3,3
sciver_test_579,MCr,1,1,1,1,1
sciver_test_579,QLl,1,1,1,1,1
sciver_test_579,QLq,1,1,1,1,1
sciver_test_579,VO,1,1,1,1,1
sciver_test_58,AS,1,3,3,3,3
sciver_test_58,AT,1,4,4,4,4
sciver_test_58,MCr,1,4,4,4,4
sciver_test_58,QLl,1,3,3,3,3
sciver_test_58,QLq,1,3,3,3,3
sciver_test_58,VO,1,2,2,2,2
sciver_test_580,AS,1,2,2,2,2
sciver_test_580,AT,1,3,3,3,3
sciver_test_580,MCr,1,2,2,2,2
sciver_test_580,QLl,1,3,3,3,3
sciver_test_580,QLq,1,3,3,3,3
sciver_test_580,VO,1,2,2,2,2
sciver_test_581,AS,1,3,3,3,3
sciver_test_581,AT,1,3,3,3,3
sciver_test_581,MCr,1,1,1,1,1
sciver_test_581,QLl,1,2,2,2,2
sciver_test_581,QLq,1,2,2,2,2
sciver_test_581,VO,1,2,2,2,2
sciver_test_583,AS,1,3,3,3,3
sciver_test_583,AT,1,3,3,3,3
sciver_test_583,MCr,1,2,2,2,2
sciver_test_583,QLl,1,2,2,2,2
sciver_test_583,QLq,1,2,2,2,2
sciver_test_583,VO,1,1,1,1,1
sciver_test_584,AS,1,3,3,3,3
sciver_test_584,AT,1,3,3,3,3
sciver_test_584,MCr,1,2,2,2,2
sciver_test_584,QLl,1,2,2,2,2
sciver_test_584,QLq,1,3,3,3,3
sciver_test_584,VO,1,1,1,1,1
sciver_test_585,AS,1,3,3,3,3
sciver_test_585,AT,1,3,3,3,3
sciver_test_585,MCr,1,3,3,3,3
sciver_test_585,QLl,1,2,2,2,2
sciver_test_585,QLq,1,2,2,2,2
sciver_test_585,VO,1,2,2,2,2
sciver_test_586,AS,1,3,3,3,3
sciver_test_586,AT,1,3,3,3,3
sciver_test_586,MCr,1,2,2,2,2
sciver_test_586,QLl,1,1,1,1,1
sciver_test_586,QLq,1,2,2,2,2
sciver_test_586,VO,1,1,1,1,1
sciver_test_588,AS,1,2,2,2,2
sciver_test_588,AT,1,3,3,3,3
sciver_test_588,MCr,1,1,1,1,1
sciver_test_588,QLl,1,2,2,2,2
sciver_test_588,QLq,1,3,3,3,3
sciver_test_588,VO,1,1,1,1,1
sciver_test_59,AS,1,3,3,3,3
sciver_test_59,AT,1,3,3,3,3
sciver_test_59,MCr,1,2,2,2,2
sciver_test_59,QLl,1,1,1,1,1
sciver_test_59,QLq,1,2,2,2,2
sciver_test_59,VO,1,2,2,2,2
sciver_test_591,AS,1,3,3,3,3
sciver_test_591,AT,1,3,3,3,3
sciver_test_591,MCr,1,1,1,1,1
sciver_test_591,QLl,1,1,1,1,1
sciver_test_591,QLq,1,2,2,2,2
sciver_test_591,VO,1,1,1,1,1
sciver_test_593,AS,1,3,3,3,3
sciver_test_593,AT,1,3,3,3,3
sciver_test_593,MCr,1,3,3,3,3
sciver_test_593,QLl,1,3,3,3,3
sciver_test_593,QLq,1,3,3,3,3
sciver_test_593,VO,1,2,2,2,2
sciver_test_598,AS,1,2,2,2,2
sciver_test_598,AT,1,3,3,3,3
sciver_test_598,MCr,1,1,1,1,1
sciver_test_598,QLl,1,1,1,1,1
sciver_test_598,QLq,1,2,2,2,2
sciver_test_598,VO,1,1,1,1,1
sciver_test_599,AS,1,3,3,3,3
sciver_test_599,AT,1,3,3,3,3
sciver_test_599,MCr,1,2,2,2,2
sciver_test_599,QLl,1,1,1,1,1
sciver_test_599,QLq,1,2,2,2,2
sciver_test_599,VO,1,1,1,1,1
sciver_test_604,AS,1,2,2,2,2
sciver_test_604,AT,1,3,3,3,3
sciver_test_604,MCr,1,2,2,2,2
sciver_test_604,QLl,1,1,1,1,1
sciver_test_604,QLq,1,2,2,2,2
sciver_test_604,VO,1,1,1,1,1
sciver_test_605,AS,1,3,3,3,3
sciver_test_605,AT,1,3,3,3,3
sciver_test_605,MCr,1,2,2,2,2
sciver_test_605,QLl,1,1,1,1,1
sciver_test_605,QLq,1,2,2,2,2
sciver_test_605,VO,1,2,2,2,2
sciver_test_606,AS,1,3,3,3,3
sciver_test_606,AT,1,3,3,3,3
sciver_test_606,MCr,1,3,3,3,3
sciver_test_606,QLl,1,3,3,3,3
sciver_test_606,QLq,1,3,3,3,3
sciver_test_606,VO,1,2,2,2,2
sciver_test_608,AS,1,3,3,3,3
sciver_test_608,AT,1,3,3,3,3
sciver_test_608,MCr,1,2,2,2,2
sciver_test_608,QLl,1,2,2,2,2
sciver_test_608,QLq,1,2,2,2,2
sciver_test_608,VO,1,2,2,2,2
sciver_test_609,AS,1,3,3,3,3
sciver_test_609,AT,1,3,3,3,3
sciver_test_609,MCr,1,3,3,3,3
sciver_test_609,QLl,1,2,2,2,2
sciver_test_609,QLq,1,2,2,2,2
sciver_test_609,VO,1,1,1,1,1
sciver_test_612,AS,1,3,3,3,3
sciver_test_612,AT,1,3,3,3,3
sciver_test_612,MCr,1,3,3,3,3
sciver_test_612,QLl,1,3,3,3,3
sciver_test_612,QLq,1,3,3,3,3
sciver_test_612,VO,1,1,1,1,1
sciver_test_613,AS,1,2,2,2,2
sciver_test_613,AT,1,3,3,3,3
sciver_test_613,MCr,1,2,2,2,2
sciver_test_613,QLl,1,1,1,1,1
sciver_test_613,QLq,1,2,2,2,2
sciver_test_613,VO,1,1,1,1,1
sciver_test_615,AS,1,2,2,2,2
sciver_test_615,AT,1,3,3,3,3
sciver_test_615,MCr,1,2,2,2,2
sciver_test_615,QLl,1,1,1,1,1
sciver_test_615,QLq,1,1,1,1,1
sciver_test_615,VO,1,1,1,1,1
sciver_test_617,AS,1,3,3,3,3
sciver_test_617,AT,1,4,4,4,4
sciver_test_617,MCr,1,2,2,2,2
sciver_test_617,QLl,1,1,1,1,1
sciver_test_617,QLq,1,2,2,2,2
sciver_test_617,VO,1,1,1,1,1
sciver_test_618,AS,1,3,3,3,3
sciver_test_618,AT,1,3,3,3,3
sciver_test_618,MCr,1,3,3,3,3
sciver_test_618,QLl,1,2,2,2,2
sciver_test_618,QLq,1,2,2,2,2
sciver_test_618,VO,1,2,2,2,2
sciver_test_62,AS,1,3,3,3,3
sciver_test_62,AT,1,4,4,4,4
sciver_test_62,MCr,1,3,3,3,3
sciver_test_62,QLl,1,3,3,3,3
sciver_test_62,QLq,1,0,0,0,0
sciver_test_62,VO,1,2,2,2,2
sciver_test_622,AS,1,3,3,3,3
sciver_test_622,AT,1,3,3,3,3
sciver_test_622,MCr,1,2,2,2,2
sciver_test_622,QLl,1,2,2,2,2
sciver_test_622,QLq,1,2,2,2,2
sciver_test_622,VO,1,2,2,2,2
sciver_test_623,AS,1,2,2,2,2
sciver_test_623,AT,1,3,3,3,3
sciver_test_623,MCr,1,2,2,2,2
sciver_test_623,QLl,1,1,1,1,1
sciver_test_623,QLq,1,2,2,2,2
sciver_test_623,VO,1,1,1,1,1
sciver_test_625,AS,1,3,3,3,3
sciver_test_625,AT,1,3,3,3,3
sciver_test_625,MCr,1,1,1,1,1
sciver_test_625,QLl,1,3,3,3,3
sciver_test_625,QLq,1,3,3,3,3
sciver_test_625,VO,1,2,2,2,2
sciver_test_626,AS,1,3,3,3,3
sciver_test_626,AT,1,4,4,4,4
sciver_test_626,MCr,1,2,2,2,2
sciver_test_626,QLl,1,1,1,1,1
sciver_test_626,QLq,1,2,2,2,2
sciver_test_626,VO,1,1,1,1,1
sciver_test_627,AS,1,3,3,3,3
sciver_test_627,AT,1,3,3,3,3
sciver_test_627,MCr,1,3,3,3,3
sciver_test_627,QLl,1,2,2,2,2
sciver_test_627,QLq,1,2,2,2,2
sciver_test_627,VO,1,2,2,2,2
sciver_test_629,AS,1,3,3,3,3
sciver_test_629,AT,1,3,3,3,3
sciver_test_629,MCr,1,3,3,3,3
sciver_test_629,QLl,1,1,1,1,1
sciver_test_629,QLq,1,2,2,2,2
sciver_test_629,VO,1,2,2,2,2
sciver_test_631,AS,1,3,3,3,3
sciver_test_631,AT,1,3,3,3,3
sciver_test_631,MCr,1,3,3,3,3
sciver_test_631,QLl,1,1,1,1,1
sciver_test_631,QLq,1,2,2,2,2
sciver_test_631,VO,1,2,2,2,2
sciver_test_632,AS,1,3,3,3,3
sciver_test_632,AT,1,3,3,3,3
sciver_test_632,MCr,1,3,3,3,3
sciver_test_632,QLl,1,2,2,2,2
sciver_test_632,QLq,1,2,2,2,2
sciver_test_632,VO,1,1,1,1,1
sciver_test_633,AS,1,2,2,2,2
sciver_test_633,AT,1,3,3,3,3
sciver_test_633,MCr,1,2,2,2,2
sciver_test_633,QLl,1,1,1,1,1
sciver_test_633,QLq,1,2,2,2,2
sciver_test_633,VO,1,2,2,2,2
sciver_test_634,AS,1,3,3,3,3
sciver_test_634,AT,1,4,4,4,4
sciver_test_634,MCr,1,2,2,2,2
sciver_test_634,QLl,1,1,1,1,1
sciver_test_634,QLq,1,3,3,3,3
sciver_test_634,VO,1,2,2,2,2
sciver_test_639,AS,1,2,2,2,2
sciver_test_639,AT,1,3,3,3,3
sciver_test_639,MCr,1,2,2,2,2
sciver_test_639,QLl,1,1,1,1,1
sciver_test_639,QLq,1,2,2,2,2
sciver_test_639,VO,1,1,1,1,1
sciver_test_640,AS,1,2,2,2,2
sciver_test_640,AT,1,3,3,3,3
sciver_test_640,MCr,1,1,1,1,1
sciver_test_640,QLl,1,1,1,1,1
sciver_test_640,QLq,1,2,2,2,2
sciver_test_640,VO,1,1,1,1,1
sciver_test_641,AS,1,2,2,2,2
sciver_test_641,AT,1,3,3,3,3
sciver_test_641,MCr,1,3,3,3,3
sciver_test_641,QLl,1,2,2,2,2
sciver_test_641,QLq,1,2,2,2,2
sciver_test_641,VO,1,1,1,1,1
sciver_test_644,AS,1,3,3,3,3
sciver_test_644,AT,1,3,3,3,3
sciver_test_644,MCr,1,1,1,1,1
sciver_test_644,QLl,1,2,2,2,2
sciver_test_644,QLq,1,2,2,2,2
sciver_test_644,VO,1,2,2,2,2
sciver_test_646,AS,1,3,3,3,3
sciver_test_646,AT,1,3,3,3,3
sciver_test_646,MCr,1,3,3,3,3
sciver_test_646,QLl,1,2,2,2,2
sciver_test_646,QLq,1,2,2,2,2
sciver_test_646,VO,1,2,2,2,2
sciver_test_648,AS,1,3,3,3,3
sciver_test_648,AT,1,3,3,3,3
sciver_test_648,MCr,1,1,1,1,1
sciver_test_648,QLl,1,1,1,1,1
sciver_test_648,QLq,1,2,2,2,2
sciver_test_648,VO,1,1,1,1,1
sciver_test_65,AS,1,2,2,2,2
sciver_test_65,AT,1,3,3,3,3
sciver_test_65,MCr,1,3,3,3,3
sciver_test_65,QLl,1,2,2,2,2
sciver_test_65,QLq,1,2,2,2,2
sciver_test_65,VO,1,2,2,2,2
sciver_test_650,AS,1,2,2,2,2
sciver_test_650,AT,1,3,3,3,3
sciver_test_650,MCr,1,2,2,2,2
sciver_test_650,QLl,1,3,3,3,3
sciver_test_650,QLq,1,3,3,3,3
sciver_test_650,VO,1,2,2,2,2
sciver_test_652,AS,1,3,3,3,3
sciver_test_652,AT,1,3,3,3,3
sciver_test_652,MCr,1,1,1,1,1
sciver_test_652,QLl,1,1,1,1,1
sciver_test_652,QLq,1,2,2,2,2
sciver_test_652,VO,1,1,1,1,1
sciver_test_655,AS,1,3,3,3,3
sciver_test_655,AT,1,3,3,3,3
sciver_test_655,MCr,1,3,3,3,3
sciver_test_655,QLl,1,2,2,2,2
sciver_test_655,QLq,1,3,3,3,3
sciver_test_655,VO,1,2,2,2,2
sciver_test_656,AS,1,3,3,3,3
sciver_test_656,AT,1,3,3,3,3
sciver_test_656,MCr,1,2,2,2,2
sciver_test_656,QLl,1,1,1,1,1
sciver_test_656,QLq,1,2,2,2,2
sciver_test_656,VO,1,1,1,1,1
sciver_test_658,AS,1,3,3,3,3
sciver_test_658,AT,1,4,4,4,4
sciver_test_658,MCr,1,3,3,3,3
sciver_test_658,QLl,1,1,1,1,1
sciver_test_658,QLq,1,2,2,2,2
sciver_test_658,VO,1,2,2,2,2
sciver_test_66,AS,1,2,2,2,2
sciver_test_66,AT,1,4,4,4,4
sciver_test_66,MCr,1,3,3,3,3
sciver_test_66,QLl,1,1,1,1,1
sciver_test_66,QLq,1,2,2,2,2
sciver_test_66,VO,1,2,2,2,2
sciver_test_660,AS,1,2,2,2,2
sciver_test_660,AT,1,3,3,3,3
sciver_test_660,MCr,1,1,1,1,1
sciver_test_660,QLl,1,1,1,1,1
sciver_test_660,QLq,1,2,2,2,2
sciver_test_660,VO,1,2,2,2,2
sciver_test_662,AS,1,3,3,3,3
sciver_test_662,AT,1,3,3,3,3
sciver_test_662,MCr,1,1,1,1,1
sciver_test_662,QLl,1,1,1,1,1
sciver_test_662,QLq,1,2,2,2,2
sciver_test_662,VO,1,1,1,1,1
sciver_test_664,AS,1,3,3,3,3
sciver_test_664,AT,1,3,3,3,3
sciver_test_664,MCr,1,2,2,2,2
sciver_test_664,QLl,1,2,2,2,2
sciver_test_664,QLq,1,2,2,2,2
sciver_test_664,VO,1,1,1,1,1
sciver_test_665,AS,1,3,3,3,3
sciver_test_665,AT,1,3,3,3,3
sciver_test_665,MCr,1,2,2,2,2
sciver_test_665,QLl,1,1,1,1,1
sciver_test_665,QLq,1,2,2,2,2
sciver_test_665,VO,1,2,2,2,2
sciver_test_668,AS,1,2,2,2,2
sciver_test_668,AT,1,3,3,3,3
sciver_test_668,MCr,1,2,2,2,2
sciver_test_668,QLl,1,1,1,1,1
sciver_test_668,QLq,1,2,2,2,2
sciver_test_668,VO,1,1,1,1,1
sciver_test_670,AS,1,2,2,2,2
sciver_test_670,AT,1,3,3,3,3
sciver_test_670,MCr,1,2,2,2,2
sciver_test_670,QLl,1,1,1,1,1
sciver_test_670,QLq,1,2,2,2,2
sciver_test_670,VO,1,1,1,1,1
sciver_test_671,AS,1,2,2,2,2
sciver_test_671,AT,1,2,2,2,2
sciver_test_671,MCr,1,1,1,1,1
sciver_test_671,QLl,1,1,1,1,1
sciver_test_671,QLq,1,2,2,2,2
sciver_test_671,VO,1,1,1,1,1
sciver_test_673,AS,1,3,3,3,3
sciver_test_673,AT,1,3,3,3,3
sciver_test_673,MCr,1,2,2,2,2
sciver_test_673,QLl,1,1,1,1,1
sciver_test_673,QLq,1,2,2,2,2
sciver_test_673,VO,1,2,2,2,2
sciver_test_675,AS,1,3,3,3,3
sciver_test_675,AT,1,3,3,3,3
sciver_test_675,MCr,1,3,3,3,3
sciver_test_675,QLl,1,1,1,1,1
sciver_test_675,QLq,1,1,1,1,1
sciver_test_675,VO,1,1,1,1,1
sciver_test_677,AS,1,3,3,3,3
sciver_test_677,AT,1,3,3,3,3
sciver_test_677,MCr,1,2,2,2,2
sciver_test_677,QLl,1,1,1,1,1
sciver_test_677,QLq,1,0,0,0,0
sciver_test_677,VO,1,2,2,2,2
sciver_test_678,AS,1,2,2,2,2
sciver_test_678,AT,1,3,3,3,3
sciver_test_678,MCr,1,2,2,2,2
sciver_test_678,QLl,1,1,1,1,1
sciver_test_678,QLq,1,2,2,2,2
sciver_test_678,VO,1,1,1,1,1
sciver_test_68,AS,1,2,2,2,2
sciver_test_68,AT,1,4,4,4,4
sciver_test_68,MCr,1,3,3,3,3
sciver_test_68,QLl,1,3,3,3,3
sciver_test_68,QLq,1,3,3,3,3
sciver_test_68,VO,1,2,2,2,2
sciver_test_680,AS,1,3,3,3,3
sciver_test_680,AT,1,3,3,3,3
sciver_test_680,MCr,1,3,3,3,3
sciver_test_680,QLl,1,2,2,2,2
sciver_test_680,QLq,1,2,2,2,2
sciver_test_680,VO,1,1,1,1,1
sciver_test_683,AS,1,2,2,2,2
sciver_test_683,AT,1,3,3,3,3
sciver_test_683,MCr,1,2,2,2,2
sciver_test_683,QLl,1,2,2,2,2
sciver_test_683,QLq,1,2,2,2,2
sciver_test_683,VO,1,2,2,2,2
sciver_test_685,AS,1,2,2,2,2
sciver_test_685,AT,1,3,3,3,3
sciver_test_685,MCr,1,2,2,2,2
sciver_test_685,QLl,1,1,1,1,1
sciver_test_685,QLq,1,2,2,2,2
sciver_test_685,VO,1,1,1,1,1
sciver_test_69,AS,1,3,3,3,3
sciver_test_69,AT,1,3,3,3,3
sciver_test_69,MCr,1,2,2,2,2
sciver_test_69,QLl,1,3,3,3,3
sciver_test_69,QLq,1,3,3,3,3
sciver_test_69,VO,1,2,2,2,2
sciver_test_692,AS,1,2,2,2,2
sciver_test_692,AT,1,3,3,3,3
sciver_test_692,MCr,1,2,2,2,2
sciver_test_692,QLl,1,2,2,2,2
sciver_test_692,QLq,1,3,3,3,3
sciver_test_692,VO,1,2,2,2,2
sciver_test_694,AS,1,2,2,2,2
sciver_test_694,AT,1,3,3,3,3
sciver_test_694,MCr,1,1,1,1,1
sciver_test_694,QLl,1,1,1,1,1
sciver_test_694,QLq,1,2,2,2,2
sciver_test_694,VO,1,1,1,1,1
sciver_test_696,AS,1,3,3,3,3
sciver_test_696,AT,1,3,3,3,3
sciver_test_696,MCr,1,2,2,2,2
sciver_test_696,QLl,1,2,2,2,2
sciver_test_696,QLq,1,2,2,2,2
sciver_test_696,VO,1,2,2,2,2
sciver_test_698,AS,1,2,2,2,2
sciver_test_698,AT,1,3,3,3,3
sciver_test_698,MCr,1,1,1,1,1
sciver_test_698,QLl,1,1,1,1,1
sciver_test_698,QLq,1,2,2,2,2
sciver_test_698,VO,1,1,1,1,1
sciver_test_699,AS,1,2,2,2,2
sciver_test_699,AT,1,3,3,3,3
sciver_test_699,MCr,1,1,1,1,1
sciver_test_699,QLl,1,1,1,1,1
sciver_test_699,QLq,1,2,2,2,2
sciver_test_699,VO,1,1,1,1,1
sciver_test_70,AS,1,2,2,2,2
sciver_test_70,AT,1,3,3,3,3
sciver_test_70,MCr,1,2,2,2,2
sciver_test_70,QLl,1,1,1,1,1
sciver_test_70,QLq,1,2,2,2,2
sciver_test_70,VO,1,2,2,2,2
sciver_test_702,AS,1,2,2,2,2
sciver_test_702,AT,1,3,3,3,3
sciver_test_702,MCr,1,1,1,1,1
sciver_test_702,QLl,1,1,1,1,1
sciver_test_702,QLq,1,2,2,2,2
sciver_test_702,VO,1,1,1,1,1
sciver_test_704,AS,1,2,2,2,2
sciver_test_704,AT,1,3,3,3,3
sciver_test_704,MCr,1,1,1,1,1
sciver_test_704,QLl,1,1,1,1,1
sciver_test_704,QLq,1,2,2,2,2
sciver_test_704,VO,1,2,2,2,2
sciver_test_706,AS,1,3,3,3,3
sciver_test_706,AT,1,3,3,3,3
sciver_test_706,MCr,1,2,2,2,2
sciver_test_706,QLl,1,1,1,1,1
sciver_test_706,QLq,1,2,2,2,2
sciver_test_706,VO,1,2,2,2,2
sciver_test_708,AS,1,3,3,3,3
sciver_test_708,AT,1,3,3,3,3
sciver_test_708,MCr,1,3,3,3,3
sciver_test_708,QLl,1,2,2,2,2
sciver_test_708,QLq,1,2,2,2,2
sciver_test_708,VO,1,2,2,2,2
sciver_test_709,AS,1,3,3,3,3
sciver_test_709,AT,1,3,3,3,3
sciver_test_709,MCr,1,2,2,2,2
sciver_test_709,QLl,1,2,2,2,2
sciver_test_709,QLq,1,2,2,2,2
sciver_test_709,VO,1,2,2,2,2
sciver_test_710,AS,1,3,3,3,3
sciver_test_710,AT,1,3,3,3,3
sciver_test_710,MCr,1,2,2,2,2
sciver_test_710,QLl,1,1,1,1,1
sciver_test_710,QLq,1,2,2,2,2
sciver_test_710,VO,1,1,1,1,1
sciver_test_713,AS,1,3,3,3,3
sciver_test_713,AT,1,3,3,3,3
sciver_test_713,MCr,1,2,2,2,2
sciver_test_713,QLl,1,2,2,2,2
sciver_test_713,QLq,1,2,2,2,2
sciver_test_713,VO,1,1,1,1,1
sciver_test_714,AS,1,3,3,3,3
sciver_test_714,AT,1,3,3,3,3
sciver_test_714,MCr,1,3,3,3,3
sciver_test_714,QLl,1,2,2,2,2
sciver_test_714,QLq,1,2,2,2,2
sciver_test_714,VO,1,1,1,1,1
sciver_test_716,AS,1,2,2,2,2
sciver_test_716,AT,1,2,2,2,2
sciver_test_716,MCr,1,1,1,1,1
sciver_test_716,QLl,1,1,1,1,1
sciver_test_716,QLq,1,2,2,2,2
sciver_test_716,VO,1,1,1,1,1
sciver_test_717,AS,1,3,3,3,3
sciver_test_717,AT,1,3,3,3,3
sciver_test_717,MCr,1,3,3,3,3
sciver_test_717,QLl,1,3,3,3,3
sciver_test_717,QLq,1,2,2,2,2
sciver_test_717,VO,1,2,2,2,2
sciver_test_72,AS,1,3,3,3,3
sciver_test_72,AT,1,4,4,4,4
sciver_test_72,MCr,1,3,3,3,3
sciver_test_72,QLl,1,3,3,3,3
sciver_test_72,QLq,1,3,3,3,3
sciver_test_72,VO,1,2,2,2,2
sciver_test_721,AS,1,3,3,3,3
sciver_test_721,AT,1,4,4,4,4
sciver_test_721,MCr,1,2,2,2,2
sciver_test_721,QLl,1,1,1,1,1
sciver_test_721,QLq,1,2,2,2,2
sciver_test_721,VO,1,1,1,1,1
sciver_test_722,AS,1,3,3,3,3
sciver_test_722,AT,1,4,4,4,4
sciver_test_722,MCr,1,3,3,3,3
sciver_test_722,QLl,1,3,3,3,3
sciver_test_722,QLq,1,3,3,3,3
sciver_test_722,VO,1,2,2,2,2
sciver_test_724,AS,1,3,3,3,3
sciver_test_724,AT,1,3,3,3,3
sciver_test_724,MCr,1,2,2,2,2
sciver_test_724,QLl,1,2,2,2,2
sciver_test_724,QLq,1,2,2,2,2
sciver_test_724,VO,1,2,2,2,2
sciver_test_726,AS,1,2,2,2,2
sciver_test_726,AT,1,3,3,3,3
sciver_test_726,MCr,1,2,2,2,2
sciver_test_726,QLl,1,2,2,2,2
sciver_test_726,QLq,1,2,2,2,2
sciver_test_726,VO,1,2,2,2,2
sciver_test_728,AS,1,3,3,3,3
sciver_test_728,AT,1,3,3,3,3
sciver_test_728,MCr,1,3,3,3,3
sciver_test_728,QLl,1,1,1,1,1
sciver_test_728,QLq,1,2,2,2,2
sciver_test_728,VO,1,1,1,1,1
sciver_test_730,AS,1,3,3,3,3
sciver_test_730,AT,1,3,3,3,3
sciver_test_730,MCr,1,2,2,2,2
sciver_test_730,QLl,1,2,2,2,2
sciver_test_730,QLq,1,2,2,2,2
sciver_test_730,VO,1,2,2,2,2
sciver_test_732,AS,1,3,3,3,3
sciver_test_732,AT,1,3,3,3,3
sciver_test_732,MCr,1,2,2,2,2
sciver_test_732,QLl,1,1,1,1,1
sciver_test_732,QLq,1,2,2,2,2
sciver_test_732,VO,1,1,1,1,1
sciver_test_733,AS,1,3,3,3,3
sciver_test_733,AT,1,3,3,3,3
sciver_test_733,MCr,1,2,2,2,2
sciver_test_733,QLl,1,2,2,2,2
sciver_test_733,QLq,1,2,2,2,2
sciver_test_733,VO,1,2,2,2,2
sciver_test_734,AS,1,2,2,2,2
sciver_test_734,AT,1,3,3,3,3
sciver_test_734,MCr,1,2,2,2,2
sciver_test_734,QLl,1,1,1,1,1
sciver_test_734,QLq,1,2,2,2,2
sciver_test_734,VO,1,1,1,1,1
sciver_test_737,AS,1,2,2,2,2
sciver_test_737,AT,1,3,3,3,3
sciver_test_737,MCr,1,1,1,1,1
sciver_test_737,QLl,1,1,1,1,1
sciver_test_737,QLq,1,2,2,2,2
sciver_test_737,VO,1,1,1,1,1
sciver_test_739,AS,1,2,2,2,2
sciver_test_739,AT,1,3,3,3,3
sciver_test_739,MCr,1,1,1,1,1
sciver_test_739,QLl,1,1,1,1,1
sciver_test_739,QLq,1,2,2,2,2
sciver_test_739,VO,1,1,1,1,1
sciver_test_74,AS,1,3,3,3,3
sciver_test_74,AT,1,4,4,4,4
sciver_test_74,MCr,1,4,4,4,4
sciver_test_74,QLl,1,4,4,4,4
sciver_test_74,QLq,1,3,3,3,3
sciver_test_74,VO,1,2,2,2,2
sciver_test_740,AS,1,3,3,3,3
sciver_test_740,AT,1,3,3,3,3
sciver_test_740,MCr,1,2,2,2,2
sciver_test_740,QLl,1,1,1,1,1
sciver_test_740,QLq,1,3,3,3,3
sciver_test_740,VO,1,2,2,2,2
sciver_test_741,AS,1,2,2,2,2
sciver_test_741,AT,1,3,3,3,3
sciver_test_741,MCr,1,1,1,1,1
sciver_test_741,QLl,1,1,1,1,1
sciver_test_741,QLq,1,2,2,2,2
sciver_test_741,VO,1,1,1,1,1
sciver_test_743,AS,1,2,2,2,2
sciver_test_743,AT,1,3,3,3,3
sciver_test_743,MCr,1,1,1,1,1
sciver_test_743,QLl,1,1,1,1,1
sciver_test_743,QLq,1,2,2,2,2
sciver_test_743,VO,1,1,1,1,1
sciver_test_746,AS,1,3,3,3,3
sciver_test_746,AT,1,3,3,3,3
sciver_test_746,MCr,1,2,2,2,2
sciver_test_746,QLl,1,1,1,1,1
sciver_test_746,QLq,1,3,3,3,3
sciver_test_746,VO,1,2,2,2,2
sciver_test_747,AS,1,3,3,3,3
sciver_test_747,AT,1,3,3,3,3
sciver_test_747,MCr,1,2,2,2,2
sciver_test_747,QLl,1,1,1,1,1
sciver_test_747,QLq,1,2,2,2,2
sciver_test_747,VO,1,1,1,1,1
sciver_test_749,AS,1,2,2,2,2
sciver_test_749,AT,1,4,4,4,4
sciver_test_749,MCr,1,3,3,3,3
sciver_test_749,QLl,1,2,2,2,2
sciver_test_749,QLq,1,2,2,2,2
sciver_test_749,VO,1,2,2,2,2
sciver_test_750,AS,1,3,3,3,3
sciver_test_750,AT,1,3,3,3,3
sciver_test_750,MCr,1,2,2,2,2
sciver_test_750,QLl,1,2,2,2,2
sciver_test_750,QLq,1,2,2,2,2
sciver_test_750,VO,1,2,2,2,2
sciver_test_752,AS,1,3,3,3,3
sciver_test_752,AT,1,3,3,3,3
sciver_test_752,MCr,1,2,2,2,2
sciver_test_752,QLl,1,1,1,1,1
sciver_test_752,QLq,1,2,2,2,2
sciver_test_752,VO,1,2,2,2,2
sciver_test_753,AS,1,3,3,3,3
sciver_test_753,AT,1,3,3,3,3
sciver_test_753,MCr,1,1,1,1,1
sciver_test_753,QLl,1,1,1,1,1
sciver_test_753,QLq,1,2,2,2,2
sciver_test_753,VO,1,1,1,1,1
sciver_test_755,AS,1,4,4,4,4
sciver_test_755,AT,1,3,3,3,3
sciver_test_755,MCr,1,3,3,3,3
sciver_test_755,QLl,1,3,3,3,3
sciver_test_755,QLq,1,3,3,3,3
sciver_test_755,VO,1,2,2,2,2
sciver_test_757,AS,1,2,2,2,2
sciver_test_757,AT,1,3,3,3,3
sciver_test_757,MCr,1,1,1,1,1
sciver_test_757,QLl,1,1,1,1,1
sciver_test_757,QLq,1,2,2,2,2
sciver_test_757,VO,1,1,1,1,1
sciver_test_758,AS,1,1,1,1,1
sciver_test_758,AT,1,3,3,3,3
sciver_test_758,MCr,1,2,2,2,2
sciver_test_758,QLl,1,2,2,2,2
sciver_test_758,QLq,1,2,2,2,2
sciver_test_758,VO,1,1,1,1,1
sciver_test_759,AS,1,3,3,3,3
sciver_test_759,AT,1,3,3,3,3
sciver_test_759,MCr,1,2,2,2,2
sciver_test_759,QLl,1,2,2,2,2
sciver_test_759,QLq,1,2,2,2,2
sciver_test_759,VO,1,2,2,2,2
sciver_test_76,AS,1,3,3,3,3
sciver_test_76,AT,1,3,3,3,3
sciver_test_76,MCr,1,3,3,3,3
sciver_test_76,QLl,1,2,2,2,2
sciver_test_76,QLq,1,2,2,2,2
sciver_test_76,VO,1,2,2,2,2
sciver_test_760,AS,1,3,3,3,3
sciver_test_760,AT,1,3,3,3,3
sciver_test_760,MCr,1,2,2,2,2
sciver_test_760,QLl,1,1,1,1,1
sciver_test_760,QLq,1,2,2,2,2
sciver_test_760,VO,1,1,1,1,1
sciver_test_762,AS,1,3,3,3,3
sciver_test_762,AT,1,3,3,3,3
sciver_test_762,MCr,1,2,2,2,2
sciver_test_762,QLl,1,1,1,1,1
sciver_test_762,QLq,1,3,3,3,3
sciver_test_762,VO,1,2,2,2,2
sciver_test_764,AS,1,3,3,3,3
sciver_test_764,AT,1,3,3,3,3
sciver_test_764,MCr,1,1,1,1,1
sciver_test_764,QLl,1,1,1,1,1
sciver_test_764,QLq,1,2,2,2,2
sciver_test_764,VO,1,2,2,2,2
sciver_test_766,AS,1,2,2,2,2
sciver_test_766,AT,1,3,3,3,3
sciver_test_766,MCr,1,2,2,2,2
sciver_test_766,QLl,1,1,1,1,1
sciver_test_766,QLq,1,2,2,2,2
sciver_test_766,VO,1,2,2,2,2
sciver_test_768,AS,1,3,3,3,3
sciver_test_768,AT,1,3,3,3,3
sciver_test_768,MCr,1,2,2,2,2
sciver_test_768,QLl,1,1,1,1,1
sciver_test_768,QLq,1,2,2,2,2
sciver_test_768,VO,1,2,2,2,2
sciver_test_770,AS,1,3,3,3,3
sciver_test_770,AT,1,2,2,2,2
sciver_test_770,MCr,1,1,1,1,1
sciver_test_770,QLl,1,1,1,1,1
sciver_test_770,QLq,1,2,2,2,2
sciver_test_770,VO,1,1,1,1,1
sciver_test_772,AS,1,2,2,2,2
sciver_test_772,AT,1,3,3,3,3
sciver_test_772,MCr,1,1,1,1,1
sciver_test_772,QLl,1,2,2,2,2
sciver_test_772,QLq,1,2,2,2,2
sciver_test_772,VO,1,1,1,1,1
sciver_test_774,AS,1,3,3,3,3
sciver_test_774,AT,1,3,3,3,3
sciver_test_774,MCr,1,2,2,2,2
sciver_test_774,QLl,1,2,2,2,2
sciver_test_774,QLq,1,2,2,2,2
sciver_test_774,VO,1,2,2,2,2
sciver_test_777,AS,1,3,3,3,3
sciver_test_777,AT,1,3,3,3,3
sciver_test_777,MCr,1,2,2,2,2
sciver_test_777,QLl,1,2,2,2,2
sciver_test_777,QLq,1,2,2,2,2
sciver_test_777,VO,1,2,2,2,2
sciver_test_779,AS,1,3,3,3,3
sciver_test_779,AT,1,3,3,3,3
sciver_test_779,MCr,1,1,1,1,1
sciver_test_779,QLl,1,3,3,3,3
sciver_test_779,QLq,1,3,3,3,3
sciver_test_779,VO,1,2,2,2,2
sciver_test_781,AS,1,3,3,3,3
sciver_test_781,AT,1,3,3,3,3
sciver_test_781,MCr,1,2,2,2,2
sciver_test_781,QLl,1,1,1,1,1
sciver_test_781,QLq,1,2,2,2,2
sciver_test_781,VO,1,1,1,1,1
sciver_test_782,AS,1,3,3,3,3
sciver_test_782,AT,1,3,3,3,3
sciver_test_782,MCr,1,3,3,3,3
sciver_test_782,QLl,1,2,2,2,2
sciver_test_782,QLq,1,3,3,3,3
sciver_test_782,VO,1,2,2,2,2
sciver_test_784,AS,1,3,3,3,3
sciver_test_784,AT,1,3,3,3,3
sciver_test_784,MCr,1,3,3,3,3
sciver_test_784,QLl,1,1,1,1,1
sciver_test_784,QLq,1,2,2,2,2
sciver_test_784,VO,1,2,2,2,2
sciver_test_787,AS,1,3,3,3,3
sciver_test_787,AT,1,3,3,3,3
sciver_test_787,MCr,1,2,2,2,2
sciver_test_787,QLl,1,1,1,1,1
sciver_test_787,QLq,1,2,2,2,2
sciver_test_787,VO,1,2,2,2,2
sciver_test_789,AS,1,2,2,2,2
sciver_test_789,AT,1,3,3,3,3
sciver_test_789,MCr,1,2,2,2,2
sciver_test_789,QLl,1,2,2,2,2
sciver_test_789,QLq,1,2,2,2,2
sciver_test_789,VO,1,1,1,1,1
sciver_test_79,AS,1,3,3,3,3
sciver_test_79,AT,1,3,3,3,3
sciver_test_79,MCr,1,3,3,3,3
sciver_test_79,QLl,1,2,2,2,2
sciver_test_79,QLq,1,2,2,2,2
sciver_test_79,VO,1,2,2,2,2
sciver_test_791,AS,1,2,2,2,2
sciver_test_791,AT,1,3,3,3,3
sciver_test_791,MCr,1,1,1,1,1
sciver_test_791,QLl,1,1,1,1,1
sciver_test_791,QLq,1,2,2,2,2
sciver_test_791,VO,1,1,1,1,1
sciver_test_793,AS,1,3,3,3,3
sciver_test_793,AT,1,3,3,3,3
sciver_test_793,MCr,1,2,2,2,2
sciver_test_793,QLl,1,1,1,1,1
sciver_test_793,QLq,1,2,2,2,2
sciver_test_793,VO,1,2,2,2,2
sciver_test_795,AS,1,2,2,2,2
sciver_test_795,AT,1,3,3,3,3
sciver_test_795,MCr,1,2,2,2,2
sciver_test_795,QLl,1,2,2,2,2
sciver_test_795,QLq,1,2,2,2,2
sciver_test_795,VO,1,2,2,2,2
sciver_test_798,AS,1,2,2,2,2
sciver_test_798,AT,1,3,3,3,3
sciver_test_798,MCr,1,2,2,2,2
sciver_test_798,QLl,1,1,1,1,1
sciver_test_798,QLq,1,1,1,1,1
sciver_test_798,VO,1,1,1,1,1
sciver_test_799,AS,1,3,3,3,3
sciver_test_799,AT,1,3,3,3,3
sciver_test_799,MCr,1,2,2,2,2
sciver_test_799,QLl,1,1,1,1,1
sciver_test_799,QLq,1,2,2,2,2
sciver_test_799,VO,1,1,1,1,1
sciver_test_800,AS,1,3,3,3,3
sciver_test_800,AT,1,2,2,2,2
sciver_test_800,MCr,1,2,2,2,2
sciver_test_800,QLl,1,2,2,2,2
sciver_test_800,QLq,1,2,2,2,2
sciver_test_800,VO,1,1,1,1,1
sciver_test_801,AS,1,3,3,3,3
sciver_test_801,AT,1,3,3,3,3
sciver_test_801,MCr,1,2,2,2,2
sciver_test_801,QLl,1,2,2,2,2
sciver_test_801,QLq,1,2,2,2,2
sciver_test_801,VO,1,2,2,2,2
sciver_test_804,AS,1,3,3,3,3
sciver_test_804,AT,1,3,3,3,3
sciver_test_804,MCr,1,2,2,2,2
sciver_test_804,QLl,1,2,2,2,2
sciver_test_804,QLq,1,2,2,2,2
sciver_test_804,VO,1,2,2,2,2
sciver_test_807,AS,1,3,3,3,3
sciver_test_807,AT,1,4,4,4,4
sciver_test_807,MCr,1,2,2,2,2
sciver_test_807,QLl,1,1,1,1,1
sciver_test_807,QLq,1,2,2,2,2
sciver_test_807,VO,1,2,2,2,2
sciver_test_809,AS,1,2,2,2,2
sciver_test_809,AT,1,3,3,3,3
sciver_test_809,MCr,1,2,2,2,2
sciver_test_809,QLl,1,1,1,1,1
sciver_test_809,QLq,1,2,2,2,2
sciver_test_809,VO,1,1,1,1,1
sciver_test_81,AS,1,3,3,3,3
sciver_test_81,AT,1,3,3,3,3
sciver_test_81,MCr,1,3,3,3,3
sciver_test_81,QLl,1,2,2,2,2
sciver_test_81,QLq,1,2,2,2,2
sciver_test_81,VO,1,2,2,2,2
sciver_test_811,AS,1,3,3,3,3
sciver_test_811,AT,1,3,3,3,3
sciver_test_811,MCr,1,2,2,2,2
sciver_test_811,QLl,1,1,1,1,1
sciver_test_811,QLq,1,2,2,2,2
sciver_test_811,VO,1,2,2,2,2
sciver_test_812,AS,1,2,2,2,2
sciver_test_812,AT,1,3,3,3,3
sciver_test_812,MCr,1,1,1,1,1
sciver_test_812,QLl,1,2,2,2,2
sciver_test_812,QLq,1,2,2,2,2
sciver_test_812,VO,1,1,1,1,1
sciver_test_814,AS,1,3,3,3,3
sciver_test_814,AT,1,3,3,3,3
sciver_test_814,MCr,1,2,2,2,2
sciver_test_814,QLl,1,1,1,1,1
sciver_test_814,QLq,1,2,2,2,2
sciver_test_814,VO,1,1,1,1,1
sciver_test_815,AS,1,3,3,3,3
sciver_test_815,AT,1,3,3,3,3
sciver_test_815,MCr,1,2,2,2,2
sciver_test_815,QLl,1,2,2,2,2
sciver_test_815,QLq,1,2,2,2,2
sciver_test_815,VO,1,1,1,1,1
sciver_test_816,AS,1,3,3,3,3
sciver_test_816,AT,1,3,3,3,3
sciver_test_816,MCr,1,2,2,2,2
sciver_test_816,QLl,1,1,1,1,1
sciver_test_816,QLq,1,2,2,2,2
sciver_test_816,VO,1,1,1,1,1
sciver_test_818,AS,1,1,1,1,1
sciver_test_818,AT,1,3,3,3,3
sciver_test_818,MCr,1,1,1,1,1
sciver_test_818,QLl,1,1,1,1,1
sciver_test_818,QLq,1,2,2,2,2
sciver_test_818,VO,1,1,1,1,1
sciver_test_819,AS,1,3,3,3,3
sciver_test_819,AT,1,3,3,3,3
sciver_test_819,MCr,1,1,1,1,1
sciver_test_819,QLl,1,2,2,2,2
sciver_test_819,QLq,1,3,3,3,3
sciver_test_819,VO,1,2,2,2,2
sciver_test_82,AS,1,2,2,2,2
sciver_test_82,AT,1,3,3,3,3
sciver_test_82,MCr,1,2,2,2,2
sciver_test_82,QLl,1,2,2,2,2
sciver_test_82,QLq,1,2,2,2,2
sciver_test_82,VO,1,2,2,2,2
sciver_test_821,AS,1,3,3,3,3
sciver_test_821,AT,1,3,3,3,3
sciver_test_821,MCr,1,2,2,2,2
sciver_test_821,QLl,1,2,2,2,2
sciver_test_821,QLq,1,2,2,2,2
sciver_test_821,VO,1,2,2,2,2
sciver_test_824,AS,1,3,3,3,3
sciver_test_824,AT,1,3,3,3,3
sciver_test_824,MCr,1,2,2,2,2
sciver_test_824,QLl,1,1,1,1,1
sciver_test_824,QLq,1,2,2,2,2
sciver_test_824,VO,1,2,2,2,2
sciver_test_826,AS,1,3,3,3,3
sciver_test_826,AT,1,3,3,3,3
sciver_test_826,MCr,1,2,2,2,2
sciver_test_826,QLl,1,2,2,2,2
sciver_test_826,QLq,1,2,2,2,2
sciver_test_826,VO,1,1,1,1,1
sciver_test_828,AS,1,2,2,2,2
sciver_test_828,AT,1,3,3,3,3
sciver_test_828,MCr,1,2,2,2,2
sciver_test_828,QLl,1,2,2,2,2
sciver_test_828,QLq,1,2,2,2,2
sciver_test_828,VO,1,2,2,2,2
sciver_test_83,AS,1,2,2,2,2
sciver_test_83,AT,1,3,3,3,3
sciver_test_83,MCr,1,2,2,2,2
sciver_test_83,QLl,1,3,3,3,3
sciver_test_83,QLq,1,3,3,3,3
sciver_test_83,VO,1,2,2,2,2
sciver_test_835,AS,1,3,3,3,3
sciver_test_835,AT,1,4,4,4,4
sciver_test_835,MCr,1,2,2,2,2
sciver_test_835,QLl,1,3,3,3,3
sciver_test_835,QLq,1,1,1,1,1
sciver_test_835,VO,1,2,2,2,2
sciver_test_836,AS,1,2,2,2,2
sciver_test_836,AT,1,3,3,3,3
sciver_test_836,MCr,1,1,1,1,1
sciver_test_836,QLl,1,1,1,1,1
sciver_test_836,QLq,1,2,2,2,2
sciver_test_836,VO,1,1,1,1,1
sciver_test_839,AS,1,3,3,3,3
sciver_test_839,AT,1,3,3,3,3
sciver_test_839,MCr,1,2,2,2,2
sciver_test_839,QLl,1,1,1,1,1
sciver_test_839,QLq,1,2,2,2,2
sciver_test_839,VO,1,1,1,1,1
sciver_test_841,AS,1,3,3,3,3
sciver_test_841,AT,1,3,3,3,3
sciver_test_841,MCr,1,2,2,2,2
sciver_test_841,QLl,1,1,1,1,1
sciver_test_841,QLq,1,2,2,2,2
sciver_test_841,VO,1,1,1,1,1
sciver_test_843,AS,1,2,2,2,2
sciver_test_843,AT,1,3,3,3,3
sciver_test_843,MCr,1,2,2,2,2
sciver_test_843,QLl,1,1,1,1,1
sciver_test_843,QLq,1,2,2,2,2
sciver_test_843,VO,1,1,1,1,1
sciver_test_844,AS,1,3,3,3,3
sciver_test_844,AT,1,3,3,3,3
sciver_test_844,MCr,1,2,2,2,2
sciver_test_844,QLl,1,1,1,1,1
sciver_test_844,QLq,1,2,2,2,2
sciver_test_844,VO,1,1,1,1,1
sciver_test_846,AS,1,2,2,2,2
sciver_test_846,AT,1,3,3,3,3
sciver_test_846,MCr,1,2,2,2,2
sciver_test_846,QLl,1,1,1,1,1
sciver_test_846,QLq,1,2,2,2,2
sciver_test_846,VO,1,1,1,1,1
sciver_test_847,AS,1,3,3,3,3
sciver_test_847,AT,1,3,3,3,3
sciver_test_847,MCr,1,3,3,3,3
sciver_test_847,QLl,1,3,3,3,3
sciver_test_847,QLq,1,3,3,3,3
sciver_test_847,VO,1,2,2,2,2
sciver_test_85,AS,1,3,3,3,3
sciver_test_85,AT,1,3,3,3,3
sciver_test_85,MCr,1,3,3,3,3
sciver_test_85,QLl,1,3,3,3,3
sciver_test_85,QLq,1,3,3,3,3
sciver_test_85,VO,1,2,2,2,2
sciver_test_851,AS,1,3,3,3,3
sciver_test_851,AT,1,3,3,3,3
sciver_test_851,MCr,1,3,3,3,3
sciver_test_851,QLl,1,2,2,2,2
sciver_test_851,QLq,1,3,3,3,3
sciver_test_851,VO,1,2,2,2,2
sciver_test_858,AS,1,3,3,3,3
sciver_test_858,AT,1,3,3,3,3
sciver_test_858,MCr,1,2,2,2,2
sciver_test_858,QLl,1,2,2,2,2
sciver_test_858,QLq,1,2,2,2,2
sciver_test_858,VO,1,1,1,1,1
sciver_test_860,AS,1,2,2,2,2
sciver_test_860,AT,1,3,3,3,3
sciver_test_860,MCr,1,1,1,1,1
sciver_test_860,QLl,1,2,2,2,2
sciver_test_860,QLq,1,2,2,2,2
sciver_test_860,VO,1,1,1,1,1
sciver_test_861,AS,1,2,2,2,2
sciver_test_861,AT,1,3,3,3,3
sciver_test_861,MCr,1,2,2,2,2
sciver_test_861,QLl,1,1,1,1,1
sciver_test_861,QLq,1,2,2,2,2
sciver_test_861,VO,1,1,1,1,1
sciver_test_862,AS,1,3,3,3,3
sciver_test_862,AT,1,3,3,3,3
sciver_test_862,MCr,1,3,3,3,3
sciver_test_862,QLl,1,2,2,2,2
sciver_test_862,QLq,1,2,2,2,2
sciver_test_862,VO,1,1,1,1,1
sciver_test_865,AS,1,2,2,2,2
sciver_test_865,AT,1,3,3,3,3
sciver_test_865,MCr,1,2,2,2,2
sciver_test_865,QLl,1,2,2,2,2
sciver_test_865,QLq,1,2,2,2,2
sciver_test_865,VO,1,1,1,1,1
sciver_test_867,AS,1,3,3,3,3
sciver_test_867,AT,1,3,3,3,3
sciver_test_867,MCr,1,3,3,3,3
sciver_test_867,QLl,1,2,2,2,2
sciver_test_867,QLq,1,2,2,2,2
sciver_test_867,VO,1,1,1,1,1
sciver_test_87,AS,1,2,2,2,2
sciver_test_87,AT,1,3,3,3,3
sciver_test_87,MCr,1,1,1,1,1
sciver_test_87,QLl,1,3,3,3,3
sciver_test_87,QLq,1,2,2,2,2
sciver_test_87,VO,1,2,2,2,2
sciver_test_871,AS,1,3,3,3,3
sciver_test_871,AT,1,3,3,3,3
sciver_test_871,MCr,1,2,2,2,2
sciver_test_871,QLl,1,1,1,1,1
sciver_test_871,QLq,1,2,2,2,2
sciver_test_871,VO,1,1,1,1,1
sciver_test_873,AS,1,2,2,2,2
sciver_test_873,AT,1,3,3,3,3
sciver_test_873,MCr,1,2,2,2,2
sciver_test_873,QLl,1,1,1,1,1
sciver_test_873,QLq,1,2,2,2,2
sciver_test_873,VO,1,1,1,1,1
sciver_test_874,AS,1,2,2,2,2
sciver_test_874,AT,1,3,3,3,3
sciver_test_874,MCr,1,2,2,2,2
sciver_test_874,QLl,1,2,2,2,2
sciver_test_874,QLq,1,3,3,3,3
sciver_test_874,VO,1,2,2,2,2
sciver_test_876,AS,1,3,3,3,3
sciver_test_876,AT,1,3,3,3,3
sciver_test_876,MCr,1,2,2,2,2
sciver_test_876,QLl,1,1,1,1,1
sciver_test_876,QLq,1,2,2,2,2
sciver_test_876,VO,1,1,1,1,1
sciver_test_877,AS,1,3,3,3,3
sciver_test_877,AT,1,3,3,3,3
sciver_test_877,MCr,1,2,2,2,2
sciver_test_877,QLl,1,1,1,1,1
sciver_test_877,QLq,1,2,2,2,2
sciver_test_877,VO,1,1,1,1,1
sciver_test_88,AS,1,2,2,2,2
sciver_test_88,AT,1,4,4,4,4
sciver_test_88,MCr,1,3,3,3,3
sciver_test_88,QLl,1,3,3,3,3
sciver_test_88,QLq,1,2,2,2,2
sciver_test_88,VO,1,1,1,1,1
sciver_test_880,AS,1,3,3,3,3
sciver_test_880,AT,1,3,3,3,3
sciver_test_880,MCr,1,3,3,3,3
sciver_test_880,QLl,1,1,1,1,1
sciver_test_880,QLq,1,3,3,3,3
sciver_test_880,VO,1,2,2,2,2
sciver_test_882,AS,1,2,2,2,2
sciver_test_882,AT,1,3,3,3,3
sciver_test_882,MCr,1,2,2,2,2
sciver_test_882,QLl,1,1,1,1,1
sciver_test_882,QLq,1,2,2,2,2
sciver_test_882,VO,1,1,1,1,1
sciver_test_883,AS,1,2,2,2,2
sciver_test_883,AT,1,3,3,3,3
sciver_test_883,MCr,1,2,2,2,2
sciver_test_883,QLl,1,1,1,1,1
sciver_test_883,QLq,1,2,2,2,2
sciver_test_883,VO,1,1,1,1,1
sciver_test_884,AS,1,3,3,3,3
sciver_test_884,AT,1,3,3,3,3
sciver_test_884,MCr,1,2,2,2,2
sciver_test_884,QLl,1,1,1,1,1
sciver_test_884,QLq,1,2,2,2,2
sciver_test_884,VO,1,1,1,1,1
sciver_test_886,AS,1,3,3,3,3
sciver_test_886,AT,1,3,3,3,3
sciver_test_886,MCr,1,2,2,2,2
sciver_test_886,QLl,1,1,1,1,1
sciver_test_886,QLq,1,2,2,2,2
sciver_test_886,VO,1,2,2,2,2
sciver_test_889,AS,1,3,3,3,3
sciver_test_889,AT,1,3,3,3,3
sciver_test_889,MCr,1,3,3,3,3
sciver_test_889,QLl,1,2,2,2,2
sciver_test_889,QLq,1,3,3,3,3
sciver_test_889,VO,1,1,1,1,1
sciver_test_89,AS,1,3,3,3,3
sciver_test_89,AT,1,3,3,3,3
sciver_test_89,MCr,1,3,3,3,3
sciver_test_89,QLl,1,3,3,3,3
sciver_test_89,QLq,1,2,2,2,2
sciver_test_89,VO,1,2,2,2,2
sciver_test_891,AS,1,3,3,3,3
sciver_test_891,AT,1,2,2,2,2
sciver_test_891,MCr,1,2,2,2,2
sciver_test_891,QLl,1,1,1,1,1
sciver_test_891,QLq,1,2,2,2,2
sciver_test_891,VO,1,1,1,1,1
sciver_test_892,AS,1,3,3,3,3
sciver_test_892,AT,1,3,3,3,3
sciver_test_892,MCr,1,2,2,2,2
sciver_test_892,QLl,1,1,1,1,1
sciver_test_892,QLq,1,2,2,2,2
sciver_test_892,VO,1,1,1,1,1
sciver_test_894,AS,1,3,3,3,3
sciver_test_894,AT,1,3,3,3,3
sciver_test_894,MCr,1,1,1,1,1
sciver_test_894,QLl,1,1,1,1,1
sciver_test_894,QLq,1,2,2,2,2
sciver_test_894,VO,1,1,1,1,1
sciver_test_897,AS,1,3,3,3,3
sciver_test_897,AT,1,2,2,2,2
sciver_test_897,MCr,1,2,2,2,2
sciver_test_897,QLl,1,3,3,3,3
sciver_test_897,QLq,1,3,3,3,3
sciver_test_897,VO,1,1,1,1,1
sciver_test_899,AS,1,2,2,2,2
sciver_test_899,AT,1,2,2,2,2
sciver_test_899,MCr,1,2,2,2,2
sciver_test_899,QLl,1,1,1,1,1
sciver_test_899,QLq,1,2,2,2,2
sciver_test_899,VO,1,1,1,1,1
sciver_test_9,AS,1,2,2,2,2
sciver_test_9,AT,1,3,3,3,3
sciver_test_9,MCr,1,3,3,3,3
sciver_test_9,QLl,1,3,3,3,3
sciver_test_9,QLq,1,3,3,3,3
sciver_test_9,VO,1,2,2,2,2
sciver_test_90,AS,1,3,3,3,3
sciver_test_90,AT,1,3,3,3,3
sciver_test_90,MCr,1,3,3,3,3
sciver_test_90,QLl,1,3,3,3,3
sciver_test_90,QLq,1,3,3,3,3
sciver_test_90,VO,1,2,2,2,2
sciver_test_901,AS,1,3,3,3,3
sciver_test_901,AT,1,3,3,3,3
sciver_test_901,MCr,1,2,2,2,2
sciver_test_901,QLl,1,1,1,1,1
sciver_test_901,QLq,1,3,3,3,3
sciver_test_901,VO,1,2,2,2,2
sciver_test_903,AS,1,3,3,3,3
sciver_test_903,AT,1,3,3,3,3
sciver_test_903,MCr,1,3,3,3,3
sciver_test_903,QLl,1,3,3,3,3
sciver_test_903,QLq,1,2,2,2,2
sciver_test_903,VO,1,2,2,2,2
sciver_test_904,AS,1,2,2,2,2
sciver_test_904,AT,1,3,3,3,3
sciver_test_904,MCr,1,1,1,1,1
sciver_test_904,QLl,1,1,1,1,1
sciver_test_904,QLq,1,1,1,1,1
sciver_test_904,VO,1,1,1,1,1
sciver_test_907,AS,1,3,3,3,3
sciver_test_907,AT,1,3,3,3,3
sciver_test_907,MCr,1,2,2,2,2
sciver_test_907,QLl,1,2,2,2,2
sciver_test_907,QLq,1,2,2,2,2
sciver_test_907,VO,1,2,2,2,2
sciver_test_909,AS,1,3,3,3,3
sciver_test_909,AT,1,3,3,3,3
sciver_test_909,MCr,1,3,3,3,3
sciver_test_909,QLl,1,3,3,3,3
sciver_test_909,QLq,1,2,2,2,2
sciver_test_909,VO,1,2,2,2,2
sciver_test_91,AS,1,2,2,2,2
sciver_test_91,AT,1,3,3,3,3
sciver_test_91,MCr,1,1,1,1,1
sciver_test_91,QLl,1,1,1,1,1
sciver_test_91,QLq,1,2,2,2,2
sciver_test_91,VO,1,2,2,2,2
sciver_test_912,AS,1,2,2,2,2
sciver_test_912,AT,1,3,3,3,3
sciver_test_912,MCr,1,1,1,1,1
sciver_test_912,QLl,1,1,1,1,1
sciver_test_912,QLq,1,2,2,2,2
sciver_test_912,VO,1,1,1,1,1
sciver_test_914,AS,1,2,2,2,2
sciver_test_914,AT,1,3,3,3,3
sciver_test_914,MCr,1,1,1,1,1
sciver_test_914,QLl,1,2,2,2,2
sciver_test_914,QLq,1,2,2,2,2
sciver_test_914,VO,1,1,1,1,1
sciver_test_916,AS,1,2,2,2,2
sciver_test_916,AT,1,2,2,2,2
sciver_test_916,MCr,1,2,2,2,2
sciver_test_916,QLl,1,1,1,1,1
sciver_test_916,QLq,1,2,2,2,2
sciver_test_916,VO,1,1,1,1,1
sciver_test_918,AS,1,3,3,3,3
sciver_test_918,AT,1,3,3,3,3
sciver_test_918,MCr,1,2,2,2,2
sciver_test_918,QLl,1,1,1,1,1
sciver_test_918,QLq,1,2,2,2,2
sciver_test_918,VO,1,1,1,1,1
sciver_test_92,AS,1,3,3,3,3
sciver_test_92,AT,1,4,4,4,4
sciver_test_92,MCr,1,3,3,3,3
sciver_test_92,QLl,1,3,3,3,3
sciver_test_92,QLq,1,3,3,3,3
sciver_test_92,VO,1,2,2,2,2
sciver_test_921,AS,1,3,3,3,3
sciver_test_921,AT,1,3,3,3,3
sciver_test_921,MCr,1,3,3,3,3
sciver_test_921,QLl,1,2,2,2,2
sciver_test_921,QLq,1,3,3,3,3
sciver_test_921,VO,1,2,2,2,2
sciver_test_925,AS,1,3,3,3,3
sciver_test_925,AT,1,3,3,3,3
sciver_test_925,MCr,1,1,1,1,1
sciver_test_925,QLl,1,1,1,1,1
sciver_test_925,QLq,1,2,2,2,2
sciver_test_925,VO,1,2,2,2,2
sciver_test_926,AS,1,3,3,3,3
sciver_test_926,AT,1,3,3,3,3
sciver_test_926,MCr,1,1,1,1,1
sciver_test_926,QLl,1,2,2,2,2
sciver_test_926,QLq,1,2,2,2,2
sciver_test_926,VO,1,1,1,1,1
sciver_test_927,AS,1,3,3,3,3
sciver_test_927,AT,1,4,4,4,4
sciver_test_927,MCr,1,2,2,2,2
sciver_test_927,QLl,1,3,3,3,3
sciver_test_927,QLq,1,3,3,3,3
sciver_test_927,VO,1,2,2,2,2
sciver_test_928,AS,1,3,3,3,3
sciver_test_928,AT,1,3,3,3,3
sciver_test_928,MCr,1,2,2,2,2
sciver_test_928,QLl,1,2,2,2,2
sciver_test_928,QLq,1,1,1,1,1
sciver_test_928,VO,1,2,2,2,2
sciver_test_93,AS,1,2,2,2,2
sciver_test_93,AT,1,4,4,4,4
sciver_test_93,MCr,1,3,3,3,3
sciver_test_93,QLl,1,3,3,3,3
sciver_test_93,QLq,1,0,0,0,0
sciver_test_93,VO,1,1,1,1,1
sciver_test_932,AS,1,2,2,2,2
sciver_test_932,AT,1,3,3,3,3
sciver_test_932,MCr,1,1,1,1,1
sciver_test_932,QLl,1,2,2,2,2
sciver_test_932,QLq,1,2,2,2,2
sciver_test_932,VO,1,1,1,1,1
sciver_test_933,AS,1,2,2,2,2
sciver_test_933,AT,1,3,3,3,3
sciver_test_933,MCr,1,2,2,2,2
sciver_test_933,QLl,1,2,2,2,2
sciver_test_933,QLq,1,2,2,2,2
sciver_test_933,VO,1,1,1,1,1
sciver_test_935,AS,1,2,2,2,2
sciver_test_935,AT,1,2,2,2,2
sciver_test_935,MCr,1,2,2,2,2
sciver_test_935,QLl,1,1,1,1,1
sciver_test_935,QLq,1,2,2,2,2
sciver_test_935,VO,1,1,1,1,1
sciver_test_937,AS,1,2,2,2,2
sciver_test_937,AT,1,3,3,3,3
sciver_test_937,MCr,1,2,2,2,2
sciver_test_937,QLl,1,1,1,1,1
sciver_test_937,QLq,1,2,2,2,2
sciver_test_937,VO,1,1,1,1,1
sciver_test_938,AS,1,2,2,2,2
sciver_test_938,AT,1,3,3,3,3
sciver_test_938,MCr,1,1,1,1,1
sciver_test_938,QLl,1,2,2,2,2
sciver_test_938,QLq,1,2,2,2,2
sciver_test_938,VO,1,1,1,1,1
sciver_test_939,AS,1,3,3,3,3
sciver_test_939,AT,1,3,3,3,3
sciver_test_939,MCr,1,2,2,2,2
sciver_test_939,QLl,1,1,1,1,1
sciver_test_939,QLq,1,2,2,2,2
sciver_test_939,VO,1,1,1,1,1
sciver_test_941,AS,1,2,2,2,2
sciver_test_941,AT,1,3,3,3,3
sciver_test_941,MCr,1,1,1,1,1
sciver_test_941,QLl,1,2,2,2,2
sciver_test_941,QLq,1,2,2,2,2
sciver_test_941,VO,1,2,2,2,2
sciver_test_942,AS,1,3,3,3,3
sciver_test_942,AT,1,3,3,3,3
sciver_test_942,MCr,1,2,2,2,2
sciver_test_942,QLl,1,2,2,2,2
sciver_test_942,QLq,1,2,2,2,2
sciver_test_942,VO,1,1,1,1,1
sciver_test_943,AS,1,2,2,2,2
sciver_test_943,AT,1,3,3,3,3
sciver_test_943,MCr,1,2,2,2,2
sciver_test_943,QLl,1,2,2,2,2
sciver_test_943,QLq,1,2,2,2,2
sciver_test_943,VO,1,1,1,1,1
sciver_test_944,AS,1,2,2,2,2
sciver_test_944,AT,1,3,3,3,3
sciver_test_944,MCr,1,2,2,2,2
sciver_test_944,QLl,1,1,1,1,1
sciver_test_944,QLq,1,2,2,2,2
sciver_test_944,VO,1,1,1,1,1
sciver_test_945,AS,1,3,3,3,3
sciver_test_945,AT,1,3,3,3,3
sciver_test_945,MCr,1,1,1,1,1
sciver_test_945,QLl,1,1,1,1,1
sciver_test_945,QLq,1,1,1,1,1
sciver_test_945,VO,1,2,2,2,2
sciver_test_946,AS,1,3,3,3,3
sciver_test_946,AT,1,3,3,3,3
sciver_test_946,MCr,1,3,3,3,3
sciver_test_946,QLl,1,1,1,1,1
sciver_test_946,QLq,1,1,1,1,1
sciver_test_946,VO,1,2,2,2,2
sciver_test_947,AS,1,3,3,3,3
sciver_test_947,AT,1,3,3,3,3
sciver_test_947,MCr,1,2,2,2,2
sciver_test_947,QLl,1,1,1,1,1
sciver_test_947,QLq,1,2,2,2,2
sciver_test_947,VO,1,2,2,2,2
sciver_test_948,AS,1,3,3,3,3
sciver_test_948,AT,1,3,3,3,3
sciver_test_948,MCr,1,2,2,2,2
sciver_test_948,QLl,1,1,1,1,1
sciver_test_948,QLq,1,2,2,2,2
sciver_test_948,VO,1,1,1,1,1
sciver_test_949,AS,1,2,2,2,2
sciver_test_949,AT,1,3,3,3,3
sciver_test_949,MCr,1,1,1,1,1
sciver_test_949,QLl,1,2,2,2,2
sciver_test_949,QLq,1,2,2,2,2
sciver_test_949,VO,1,1,1,1,1
sciver_test_95,AS,1,2,2,2,2
sciver_test_95,AT,1,3,3,3,3
sciver_test_95,MCr,1,2,2,2,2
sciver_test_95,QLl,1,2,2,2,2
sciver_test_95,QLq,1,3,3,3,3
sciver_test_95,VO,1,2,2,2,2
sciver_test_950,AS,1,2,2,2,2
sciver_test_950,AT,1,3,3,3,3
sciver_test_950,MCr,1,2,2,2,2
sciver_test_950,QLl,1,2,2,2,2
sciver_test_950,QLq,1,2,2,2,2
sciver_test_950,VO,1,1,1,1,1
sciver_test_951,AS,1,3,3,3,3
sciver_test_951,AT,1,3,3,3,3
sciver_test_951,MCr,1,1,1,1,1
sciver_test_951,QLl,1,1,1,1,1
sciver_test_951,QLq,1,2,2,2,2
sciver_test_951,VO,1,1,1,1,1
sciver_test_953,AS,1,2,2,2,2
sciver_test_953,AT,1,3,3,3,3
sciver_test_953,MCr,1,4,4,4,4
sciver_test_953,QLl,1,1,1,1,1
sciver_test_953,QLq,1,2,2,2,2
sciver_test_953,VO,1,2,2,2,2
sciver_test_955,AS,1,3,3,3,3
sciver_test_955,AT,1,3,3,3,3
sciver_test_955,MCr,1,2,2,2,2
sciver_test_955,QLl,1,2,2,2,2
sciver_test_955,QLq,1,2,2,2,2
sciver_test_955,VO,1,1,1,1,1
sciver_test_956,AS,1,3,3,3,3
sciver_test_956,AT,1,3,3,3,3
sciver_test_956,MCr,1,2,2,2,2
sciver_test_956,QLl,1,2,2,2,2
sciver_test_956,QLq,1,2,2,2,2
sciver_test_956,VO,1,2,2,2,2
sciver_test_957,AS,1,3,3,3,3
sciver_test_957,AT,1,3,3,3,3
sciver_test_957,MCr,1,2,2,2,2
sciver_test_957,QLl,1,1,1,1,1
sciver_test_957,QLq,1,2,2,2,2
sciver_test_957,VO,1,2,2,2,2
sciver_test_958,AS,1,2,2,2,2
sciver_test_958,AT,1,3,3,3,3
sciver_test_958,MCr,1,1,1,1,1
sciver_test_958,QLl,1,1,1,1,1
sciver_test_958,QLq,1,3,3,3,3
sciver_test_958,VO,1,2,2,2,2
sciver_test_959,AS,1,3,3,3,3
sciver_test_959,AT,1,3,3,3,3
sciver_test_959,MCr,1,2,2,2,2
sciver_test_959,QLl,1,2,2,2,2
sciver_test_959,QLq,1,2,2,2,2
sciver_test_959,VO,1,2,2,2,2
sciver_test_96,AS,1,3,3,3,3
sciver_test_96,AT,1,3,3,3,3
sciver_test_96,MCr,1,2,2,2,2
sciver_test_96,QLl,1,2,2,2,2
sciver_test_96,QLq,1,3,3,3,3
sciver_test_96,VO,1,2,2,2,2
sciver_test_960,AS,1,3,3,3,3
sciver_test_960,AT,1,3,3,3,3
sciver_test_960,MCr,1,2,2,2,2
sciver_test_960,QLl,1,1,1,1,1
sciver_test_960,QLq,1,2,2,2,2
sciver_test_960,VO,1,2,2,2,2
sciver_test_961,AS,1,3,3,3,3
sciver_test_961,AT,1,4,4,4,4
sciver_test_961,MCr,1,3,3,3,3
sciver_test_961,QLl,1,1,1,1,1
sciver_test_961,QLq,1,2,2,2,2
sciver_test_961,VO,1,1,1,1,1
sciver_test_964,AS,1,3,3,3,3
sciver_test_964,AT,1,3,3,3,3
sciver_test_964,MCr,1,2,2,2,2
sciver_test_964,QLl,1,1,1,1,1
sciver_test_964,QLq,1,2,2,2,2
sciver_test_964,VO,1,1,1,1,1
sciver_test_965,AS,1,3,3,3,3
sciver_test_965,AT,1,4,4,4,4
sciver_test_965,MCr,1,2,2,2,2
sciver_test_965,QLl,1,1,1,1,1
sciver_test_965,QLq,1,2,2,2,2
sciver_test_965,VO,1,1,1,1,1
sciver_test_967,AS,1,2,2,2,2
sciver_test_967,AT,1,3,3,3,3
sciver_test_967,MCr,1,1,1,1,1
sciver_test_967,QLl,1,2,2,2,2
sciver_test_967,QLq,1,2,2,2,2
sciver_test_967,VO,1,1,1,1,1
sciver_test_968,AS,1,3,3,3,3
sciver_test_968,AT,1,4,4,4,4
sciver_test_968,MCr,1,2,2,2,2
sciver_test_968,QLl,1,2,2,2,2
sciver_test_968,QLq,1,3,3,3,3
sciver_test_968,VO,1,2,2,2,2
sciver_test_969,AS,1,3,3,3,3
sciver_test_969,AT,1,3,3,3,3
sciver_test_969,MCr,1,3,3,3,3
sciver_test_969,QLl,1,1,1,1,1
sciver_test_969,QLq,1,2,2,2,2
sciver_test_969,VO,1,2,2,2,2
sciver_test_97,AS,1,2,2,2,2
sciver_test_97,AT,1,3,3,3,3
sciver_test_97,MCr,1,1,1,1,1
sciver_test_97,QLl,1,1,1,1,1
sciver_test_97,QLq,1,2,2,2,2
sciver_test_97,VO,1,1,1,1,1
sciver_test_970,AS,1,3,3,3,3
sciver_test_970,AT,1,3,3,3,3
sciver_test_970,MCr,1,2,2,2,2
sciver_test_970,QLl,1,1,1,1,1
sciver_test_970,QLq,1,2,2,2,2
sciver_test_970,VO,1,1,1,1,1
sciver_test_971,AS,1,3,3,3,3
sciver_test_971,AT,1,3,3,3,3
sciver_test_971,MCr,1,1,1,1,1
sciver_test_971,QLl,1,2,2,2,2
sciver_test_971,QLq,1,3,3,3,3
sciver_test_971,VO,1,2,2,2,2
sciver_test_972,AS,1,2,2,2,2
sciver_test_972,AT,1,3,3,3,3
sciver_test_972,MCr,1,1,1,1,1
sciver_test_972,QLl,1,1,1,1,1
sciver_test_972,QLq,1,2,2,2,2
sciver_test_972,VO,1,1,1,1,1
sciver_test_973,AS,1,2,2,2,2
sciver_test_973,AT,1,3,3,3,3
sciver_test_973,MCr,1,2,2,2,2
sciver_test_973,QLl,1,1,1,1,1
sciver_test_973,QLq,1,1,1,1,1
sciver_test_973,VO,1,2,2,2,2
sciver_test_975,AS,1,3,3,3,3
sciver_test_975,AT,1,3,3,3,3
sciver_test_975,MCr,1,3,3,3,3
sciver_test_975,QLl,1,1,1,1,1
sciver_test_975,QLq,1,2,2,2,2
sciver_test_975,VO,1,2,2,2,2
sciver_test_977,AS,1,3,3,3,3
sciver_test_977,AT,1,3,3,3,3
sciver_test_977,MCr,1,2,2,2,2
sciver_test_977,QLl,1,1,1,1,1
sciver_test_977,QLq,1,2,2,2,2
sciver_test_977,VO,1,2,2,2,2
sciver_test_978,AS,1,3,3,3,3
sciver_test_978,AT,1,5,5,5,5
sciver_test_978,MCr,1,3,3,3,3
sciver_test_978,QLl,1,2,2,2,2
sciver_test_978,QLq,1,2,2,2,2
sciver_test_978,VO,1,2,2,2,2
sciver_test_979,AS,1,1,1,1,1
sciver_test_979,AT,1,3,3,3,3
sciver_test_979,MCr,1,2,2,2,2
sciver_test_979,QLl,1,2,2,2,2
sciver_test_979,QLq,1,2,2,2,2
sciver_test_979,VO,1,2,2,2,2
sciver_test_983,AS,1,3,3,3,3
sciver_test_983,AT,1,3,3,3,3
sciver_test_983,MCr,1,2,2,2,2
sciver_test_983,QLl,1,2,2,2,2
sciver_test_983,QLq,1,2,2,2,2
sciver_test_983,VO,1,1,1,1,1
sciver_test_985,AS,1,2,2,2,2
sciver_test_985,AT,1,3,3,3,3
sciver_test_985,MCr,1,1,1,1,1
sciver_test_985,QLl,1,1,1,1,1
sciver_test_985,QLq,1,2,2,2,2
sciver_test_985,VO,1,1,1,1,1
sciver_test_986,AS,1,2,2,2,2
sciver_test_986,AT,1,3,3,3,3
sciver_test_986,MCr,1,2,2,2,2
sciver_test_986,QLl,1,1,1,1,1
sciver_test_986,QLq,1,3,3,3,3
sciver_test_986,VO,1,2,2,2,2
sciver_test_987,AS,1,2,2,2,2
sciver_test_987,AT,1,3,3,3,3
sciver_test_987,MCr,1,2,2,2,2
sciver_test_987,QLl,1,1,1,1,1
sciver_test_987,QLq,1,2,2,2,2
sciver_test_987,VO,1,1,1,1,1
sciver_test_988,AS,1,3,3,3,3
sciver_test_988,AT,1,3,3,3,3
sciver_test_988,MCr,1,3,3,3,3
sciver_test_988,QLl,1,1,1,1,1
sciver_test_988,QLq,1,2,2,2,2
sciver_test_988,VO,1,1,1,1,1
sciver_test_99,AS,1,3,3,3,3
sciver_test_99,AT,1,4,4,4,4
sciver_test_99,MCr,1,3,3,3,3
sciver_test_99,QLl,1,3,3,3,3
sciver_test_99,QLq,1,3,3,3,3
sciver_test_99,VO,1,2,2,2,2
sciver_test_991,AS,1,3,3,3,3
sciver_test_991,AT,1,4,4,4,4
sciver_test_991,MCr,1,3,3,3,3
sciver_test_991,QLl,1,2,2,2,2
sciver_test_991,QLq,1,2,2,2,2
sciver_test_991,VO,1,2,2,2,2
sciver_test_992,AS,1,3,3,3,3
sciver_test_992,AT,1,3,3,3,3
sciver_test_992,MCr,1,2,2,2,2
sciver_test_992,QLl,1,1,1,1,1
sciver_test_992,QLq,1,2,2,2,2
sciver_test_992,VO,1,1,1,1,1
sciver_test_993,AS,1,2,2,2,2
sciver_test_993,AT,1,3,3,3,3
sciver_test_993,MCr,1,2,2,2,2
sciver_test_993,QLl,1,1,1,1,1
sciver_test_993,QLq,1,2,2,2,2
sciver_test_993,VO,1,1,1,1,1
sciver_test_994,AS,1,3,3,3,3
sciver_test_994,AT,1,3,3,3,3
sciver_test_994,MCr,1,2,2,2,2
sciver_test_994,QLl,1,1,1,1,1
sciver_test_994,QLq,1,2,2,2,2
sciver_test_994,VO,1,2,2,2,2
sciver_val_0,AS,1,2,2,2,2
sciver_val_0,AT,1,3,3,3,3
sciver_val_0,MCr,1,3,3,3,3
sciver_val_0,QLl,1,3,3,3,3
sciver_val_0,QLq,1,2,2,2,2
sciver_val_0,VO,1,2,2,2,2
sciver_val_1,AS,1,3,3,3,3
sciver_val_1,AT,1,3,3,3,3
sciver_val_1,MCr,1,2,2,2,2
sciver_val_1,QLl,1,2,2,2,2
sciver_val_1,QLq,1,2,2,2,2
sciver_val_1,VO,1,2,2,2,2
sciver_val_10,AS,1,1,1,1,1
sciver_val_10,AT,1,4,4,4,4
sciver_val_10,MCr,1,2,2,2,2
sciver_val_10,QLl,1,2,2,2,2
sciver_val_10,QLq,1,2,2,2,2
sciver_val_10,VO,1,2,2,2,2
sciver_val_101,AS,1,3,3,3,3
sciver_val_101,AT,1,3,3,3,3
sciver_val_101,MCr,1,3,3,3,3
sciver_val_101,QLl,1,1,1,1,1
sciver_val_101,QLq,1,3,3,3,3
sciver_val_101,VO,1,2,2,2,2
sciver_val_102,AS,1,4,4,4,4
sciver_val_102,AT,1,3,3,3,3
sciver_val_102,MCr,1,3,3,3,3
sciver_val_102,QLl,1,3,3,3,3
sciver_val_102,QLq,1,2,2,2,2
sciver_val_102,VO,1,3,3,3,3
sciver_val_103,AS,1,3,3,3,3
sciver_val_103,AT,1,4,4,4,4
sciver_val_103,MCr,1,3,3,3,3
sciver_val_103,QLl,1,2,2,2,2
sciver_val_103,QLq,1,2,2,2,2
sciver_val_103,VO,1,2,2,2,2
sciver_val_106,AS,1,2,2,2,2
sciver_val_106,AT,1,4,4,4,4
sciver_val_106,MCr,1,3,3,3,3
sciver_val_106,QLl,1,1,1,1,1
sciver_val_106,QLq,1,2,2,2,2
sciver_val_106,VO,1,1,1,1,1
sciver_val_108,AS,1,3,3,3,3
sciver_val_108,AT,1,4,4,4,4
sciver_val_108,MCr,1,4,4,4,4
sciver_val_108,QLl,1,3,3,3,3
sciver_val_108,QLq,1,1,1,1,1
sciver_val_108,VO,1,2,2,2,2
sciver_val_110,AS,1,2,2,2,2
sciver_val_110,AT,1,4,4,4,4
sciver_val_110,MCr,1,3,3,3,3
sciver_val_110,QLl,1,3,3,3,3
sciver_val_110,QLq,1,2,2,2,2
sciver_val_110,VO,1,2,2,2,2
sciver_val_112,AS,1,2,2,2,2
sciver_val_112,AT,1,3,3,3,3
sciver_val_112,MCr,1,3,3,3,3
sciver_val_112,QLl,1,2,2,2,2
sciver_val_112,QLq,1,2,2,2,2
sciver_val_112,VO,1,2,2,2,2
sciver_val_114,AS,1,2,2,2,2
sciver_val_114,AT,1,3,3,3,3
sciver_val_114,MCr,1,2,2,2,2
sciver_val_114,QLl,1,1,1,1,1
sciver_val_114,QLq,1,2,2,2,2
sciver_val_114,VO,1,2,2,2,2
sciver_val_115,AS,1,3,3,3,3
sciver_val_115,AT,1,3,3,3,3
sciver_val_115,MCr,1,3,3,3,3
sciver_val_115,QLl,1,3,3,3,3
sciver_val_115,QLq,1,3,3,3,3
sciver_val_115,VO,1,2,2,2,2
sciver_val_117,AS,1,2,2,2,2
sciver_val_117,AT,1,3,3,3,3
sciver_val_117,MCr,1,1,1,1,1
sciver_val_117,QLl,1,1,1,1,1
sciver_val_117,QLq,1,1,1,1,1
sciver_val_117,VO,1,1,1,1,1
sciver_val_118,AS,1,2,2,2,2
sciver_val_118,AT,1,4,4,4,4
sciver_val_118,MCr,1,2,2,2,2
sciver_val_118,QLl,1,3,3,3,3
sciver_val_118,QLq,1,1,1,1,1
sciver_val_118,VO,1,2,2,2,2
sciver_val_119,AS,1,2,2,2,2
sciver_val_119,AT,1,4,4,4,4
sciver_val_119,MCr,1,2,2,2,2
sciver_val_119,QLl,1,3,3,3,3
sciver_val_119,QLq,1,1,1,1,1
sciver_val_119,VO,1,1,1,1,1
sciver_val_12,AS,1,3,3,3,3
sciver_val_12,AT,1,4,4,4,4
sciver_val_12,MCr,1,3,3,3,3
sciver_val_12,QLl,1,3,3,3,3
sciver_val_12,QLq,1,3,3,3,3
sciver_val_12,VO,1,2,2,2,2
sciver_val_120,AS,1,3,3,3,3
sciver_val_120,AT,1,4,4,4,4
sciver_val_120,MCr,1,3,3,3,3
sciver_val_120,QLl,1,3,3,3,3
sciver_val_120,QLq,1,4,4,4,4
sciver_val_120,VO,1,2,2,2,2
sciver_val_121,AS,1,2,2,2,2
sciver_val_121,AT,1,3,3,3,3
sciver_val_121,MCr,1,2,2,2,2
sciver_val_121,QLl,1,3,3,3,3
sciver_val_121,QLq,1,1,1,1,1
sciver_val_121,VO,1,1,1,1,1
sciver_val_123,AS,1,3,3,3,3
sciver_val_123,AT,1,3,3,3,3
sciver_val_123,MCr,1,3,3,3,3
sciver_val_123,QLl,1,3,3,3,3
sciver_val_123,QLq,1,2,2,2,2
sciver_val_123,VO,1,2,2,2,2
sciver_val_125,AS,1,3,3,3,3
sciver_val_125,AT,1,3,3,3,3
sciver_val_125,MCr,1,3,3,3,3
sciver_val_125,QLl,1,3,3,3,3
sciver_val_125,QLq,1,3,3,3,3
sciver_val_125,VO,1,2,2,2,2
sciver_val_126,AS,1,2,2,2,2
sciver_val_126,AT,1,3,3,3,3
sciver_val_126,MCr,1,2,2,2,2
sciver_val_126,QLl,1,3,3,3,3
sciver_val_126,QLq,1,2,2,2,2
sciver_val_126,VO,1,2,2,2,2
sciver_val_128,AS,1,2,2,2,2
sciver_val_128,AT,1,3,3,3,3
sciver_val_128,MCr,1,1,1,1,1
sciver_val_128,QLl,1,1,1,1,1
sciver_val_128,QLq,1,2,2,2,2
sciver_val_128,VO,1,1,1,1,1
sciver_val_130,AS,1,3,3,3,3
sciver_val_130,AT,1,4,4,4,4
sciver_val_130,MCr,1,3,3,3,3
sciver_val_130,QLl,1,3,3,3,3
sciver_val_130,QLq,1,3,3,3,3
sciver_val_130,VO,1,2,2,2,2
sciver_val_132,AS,1,3,3,3,3
sciver_val_132,AT,1,4,4,4,4
sciver_val_132,MCr,1,3,3,3,3
sciver_val_132,QLl,1,4,4,4,4
sciver_val_132,QLq,1,3,3,3,3
sciver_val_132,VO,1,2,2,2,2
sciver_val_135,AS,1,2,2,2,2
sciver_val_135,AT,1,4,4,4,4
sciver_val_135,MCr,1,2,2,2,2
sciver_val_135,QLl,1,3,3,3,3
sciver_val_135,QLq,1,3,3,3,3
sciver_val_135,VO,1,2,2,2,2
sciver_val_139,AS,1,3,3,3,3
sciver_val_139,AT,1,4,4,4,4
sciver_val_139,MCr,1,3,3,3,3
sciver_val_139,QLl,1,4,4,4,4
sciver_val_139,QLq,1,3,3,3,3
sciver_val_139,VO,1,2,2,2,2
sciver_val_14,AS,1,2,2,2,2
sciver_val_14,AT,1,3,3,3,3
sciver_val_14,MCr,1,2,2,2,2
sciver_val_14,QLl,1,2,2,2,2
sciver_val_14,QLq,1,1,1,1,1
sciver_val_14,VO,1,1,1,1,1
sciver_val_141,AS,1,2,2,2,2
sciver_val_141,AT,1,3,3,3,3
sciver_val_141,MCr,1,1,1,1,1
sciver_val_141,QLl,1,1,1,1,1
sciver_val_141,QLq,1,2,2,2,2
sciver_val_141,VO,1,1,1,1,1
sciver_val_143,AS,1,2,2,2,2
sciver_val_143,AT,1,3,3,3,3
sciver_val_143,MCr,1,2,2,2,2
sciver_val_143,QLl,1,3,3,3,3
sciver_val_143,QLq,1,2,2,2,2
sciver_val_143,VO,1,1,1,1,1
sciver_val_144,AS,1,3,3,3,3
sciver_val_144,AT,1,3,3,3,3
sciver_val_144,MCr,1,3,3,3,3
sciver_val_144,QLl,1,3,3,3,3
sciver_val_144,QLq,1,3,3,3,3
sciver_val_144,VO,1,2,2,2,2
sciver_val_145,AS,1,3,3,3,3
sciver_val_145,AT,1,4,4,4,4
sciver_val_145,MCr,1,2,2,2,2
sciver_val_145,QLl,1,3,3,3,3
sciver_val_145,QLq,1,1,1,1,1
sciver_val_145,VO,1,2,2,2,2
sciver_val_147,AS,1,3,3,3,3
sciver_val_147,AT,1,3,3,3,3
sciver_val_147,MCr,1,3,3,3,3
sciver_val_147,QLl,1,3,3,3,3
sciver_val_147,QLq,1,3,3,3,3
sciver_val_147,VO,1,2,2,2,2
sciver_val_148,AS,1,1,1,1,1
sciver_val_148,AT,1,2,2,2,2
sciver_val_148,MCr,1,1,1,1,1
sciver_val_148,QLl,1,1,1,1,1
sciver_val_148,QLq,1,1,1,1,1
sciver_val_148,VO,1,1,1,1,1
sciver_val_150,AS,1,2,2,2,2
sciver_val_150,AT,1,3,3,3,3
sciver_val_150,MCr,1,3,3,3,3
sciver_val_150,QLl,1,3,3,3,3
sciver_val_150,QLq,1,3,3,3,3
sciver_val_150,VO,1,2,2,2,2
sciver_val_151,AS,1,3,3,3,3
sciver_val_151,AT,1,3,3,3,3
sciver_val_151,MCr,1,3,3,3,3
sciver_val_151,QLl,1,2,2,2,2
sciver_val_151,QLq,1,3,3,3,3
sciver_val_151,VO,1,2,2,2,2
sciver_val_152,AS,1,3,3,3,3
sciver_val_152,AT,1,4,4,4,4
sciver_val_152,MCr,1,4,4,4,4
sciver_val_152,QLl,1,3,3,3,3
sciver_val_152,QLq,1,3,3,3,3
sciver_val_152,VO,1,2,2,2,2
sciver_val_155,AS,1,2,2,2,2
sciver_val_155,AT,1,4,4,4,4
sciver_val_155,MCr,1,3,3,3,3
sciver_val_155,QLl,1,2,2,2,2
sciver_val_155,QLq,1,3,3,3,3
sciver_val_155,VO,1,2,2,2,2
sciver_val_157,AS,1,2,2,2,2
sciver_val_157,AT,1,4,4,4,4
sciver_val_157,MCr,1,3,3,3,3
sciver_val_157,QLl,1,3,3,3,3
sciver_val_157,QLq,1,2,2,2,2
sciver_val_157,VO,1,1,1,1,1
sciver_val_158,AS,1,3,3,3,3
sciver_val_158,AT,1,3,3,3,3
sciver_val_158,MCr,1,2,2,2,2
sciver_val_158,QLl,1,3,3,3,3
sciver_val_158,QLq,1,2,2,2,2
sciver_val_158,VO,1,2,2,2,2
sciver_val_160,AS,1,3,3,3,3
sciver_val_160,AT,1,4,4,4,4
sciver_val_160,MCr,1,3,3,3,3
sciver_val_160,QLl,1,2,2,2,2
sciver_val_160,QLq,1,3,3,3,3
sciver_val_160,VO,1,2,2,2,2
sciver_val_161,AS,1,2,2,2,2
sciver_val_161,AT,1,3,3,3,3
sciver_val_161,MCr,1,3,3,3,3
sciver_val_161,QLl,1,3,3,3,3
sciver_val_161,QLq,1,2,2,2,2
sciver_val_161,VO,1,2,2,2,2
sciver_val_163,AS,1,3,3,3,3
sciver_val_163,AT,1,3,3,3,3
sciver_val_163,MCr,1,4,4,4,4
sciver_val_163,QLl,1,3,3,3,3
sciver_val_163,QLq,1,3,3,3,3
sciver_val_163,VO,1,2,2,2,2
sciver_val_164,AS,1,3,3,3,3
sciver_val_164,AT,1,3,3,3,3
sciver_val_164,MCr,1,2,2,2,2
sciver_val_164,QLl,1,3,3,3,3
sciver_val_164,QLq,1,2,2,2,2
sciver_val_164,VO,1,2,2,2,2
sciver_val_165,AS,1,3,3,3,3
sciver_val_165,AT,1,3,3,3,3
sciver_val_165,MCr,1,3,3,3,3
sciver_val_165,QLl,1,3,3,3,3
sciver_val_165,QLq,1,2,2,2,2
sciver_val_165,VO,1,2,2,2,2
sciver_val_167,AS,1,3,3,3,3
sciver_val_167,AT,1,3,3,3,3
sciver_val_167,MCr,1,3,3,3,3
sciver_val_167,QLl,1,3,3,3,3
sciver_val_167,QLq,1,3,3,3,3
sciver_val_167,VO,1,2,2,2,2
sciver_val_168,AS,1,3,3,3,3
sciver_val_168,AT,1,4,4,4,4
sciver_val_168,MCr,1,3,3,3,3
sciver_val_168,QLl,1,2,2,2,2
sciver_val_168,QLq,1,3,3,3,3
sciver_val_168,VO,1,2,2,2,2
sciver_val_170,AS,1,3,3,3,3
sciver_val_170,AT,1,4,4,4,4
sciver_val_170,MCr,1,3,3,3,3
sciver_val_170,QLl,1,2,2,2,2
sciver_val_170,QLq,1,3,3,3,3
sciver_val_170,VO,1,2,2,2,2
sciver_val_172,AS,1,3,3,3,3
sciver_val_172,AT,1,4,4,4,4
sciver_val_172,MCr,1,3,3,3,3
sciver_val_172,QLl,1,3,3,3,3
sciver_val_172,QLq,1,3,3,3,3
sciver_val_172,VO,1,2,2,2,2
sciver_val_173,AS,1,3,3,3,3
sciver_val_173,AT,1,3,3,3,3
sciver_val_173,MCr,1,2,2,2,2
sciver_val_173,QLl,1,3,3,3,3
sciver_val_173,QLq,1,3,3,3,3
sciver_val_173,VO,1,2,2,2,2
sciver_val_175,AS,1,2,2,2,2
sciver_val_175,AT,1,3,3,3,3
sciver_val_175,MCr,1,2,2,2,2
sciver_val_175,QLl,1,3,3,3,3
sciver_val_175,QLq,1,3,3,3,3
sciver_val_175,VO,1,2,2,2,2
sciver_val_178,AS,1,3,3,3,3
sciver_val_178,AT,1,3,3,3,3
sciver_val_178,MCr,1,2,2,2,2
sciver_val_178,QLl,1,1,1,1,1
sciver_val_178,QLq,1,2,2,2,2
sciver_val_178,VO,1,1,1,1,1
sciver_val_180,AS,1,3,3,3,3
sciver_val_180,AT,1,3,3,3,3
sciver_val_180,MCr,1,1,1,1,1
sciver_val_180,QLl,1,1,1,1,1
sciver_val_180,QLq,1,2,2,2,2
sciver_val_180,VO,1,2,2,2,2
sciver_val_182,AS,1,2,2,2,2
sciver_val_182,AT,1,3,3,3,3
sciver_val_182,MCr,1,4,4,4,4
sciver_val_182,QLl,1,3,3,3,3
sciver_val_182,QLq,1,2,2,2,2
sciver_val_182,VO,1,1,1,1,1
sciver_val_185,AS,1,3,3,3,3
sciver_val_185,AT,1,3,3,3,3
sciver_val_185,MCr,1,1,1,1,1
sciver_val_185,QLl,1,3,3,3,3
sciver_val_185,QLq,1,3,3,3,3
sciver_val_185,VO,1,2,2,2,2
sciver_val_186,AS,1,3,3,3,3
sciver_val_186,AT,1,4,4,4,4
sciver_val_186,MCr,1,2,2,2,2
sciver_val_186,QLl,1,2,2,2,2
sciver_val_186,QLq,1,2,2,2,2
sciver_val_186,VO,1,2,2,2,2
sciver_val_188,AS,1,2,2,2,2
sciver_val_188,AT,1,3,3,3,3
sciver_val_188,MCr,1,3,3,3,3
sciver_val_188,QLl,1,3,3,3,3
sciver_val_188,QLq,1,3,3,3,3
sciver_val_188,VO,1,2,2,2,2
sciver_val_189,AS,1,3,3,3,3
sciver_val_189,AT,1,4,4,4,4
sciver_val_189,MCr,1,3,3,3,3
sciver_val_189,QLl,1,2,2,2,2
sciver_val_189,QLq,1,3,3,3,3
sciver_val_189,VO,1,2,2,2,2
sciver_val_19,AS,1,3,3,3,3
sciver_val_19,AT,1,4,4,4,4
sciver_val_19,MCr,1,3,3,3,3
sciver_val_19,QLl,1,3,3,3,3
sciver_val_19,QLq,1,3,3,3,3
sciver_val_19,VO,1,2,2,2,2
sciver_val_192,AS,1,3,3,3,3
sciver_val_192,AT,1,4,4,4,4
sciver_val_192,MCr,1,3,3,3,3
sciver_val_192,QLl,1,3,3,3,3
sciver_val_192,QLq,1,3,3,3,3
sciver_val_192,VO,1,2,2,2,2
sciver_val_194,AS,1,3,3,3,3
sciver_val_194,AT,1,3,3,3,3
sciver_val_194,MCr,1,3,3,3,3
sciver_val_194,QLl,1,3,3,3,3
sciver_val_194,QLq,1,3,3,3,3
sciver_val_194,VO,1,1,1,1,1
sciver_val_196,AS,1,3,3,3,3
sciver_val_196,AT,1,3,3,3,3
sciver_val_196,MCr,1,3,3,3,3
sciver_val_196,QLl,1,1,1,1,1
sciver_val_196,QLq,1,2,2,2,2
sciver_val_196,VO,1,2,2,2,2
sciver_val_197,AS,1,3,3,3,3
sciver_val_197,AT,1,3,3,3,3
sciver_val_197,MCr,1,2,2,2,2
sciver_val_197,QLl,1,2,2,2,2
sciver_val_197,QLq,1,2,2,2,2
sciver_val_197,VO,1,2,2,2,2
sciver_val_199,AS,1,3,3,3,3
sciver_val_199,AT,1,3,3,3,3
sciver_val_199,MCr,1,3,3,3,3
sciver_val_199,QLl,1,2,2,2,2
sciver_val_199,QLq,1,2,2,2,2
sciver_val_199,VO,1,2,2,2,2
sciver_val_2,AS,1,2,2,2,2
sciver_val_2,AT,1,3,3,3,3
sciver_val_2,MCr,1,2,2,2,2
sciver_val_2,QLl,1,2,2,2,2
sciver_val_2,QLq,1,2,2,2,2
sciver_val_2,VO,1,1,1,1,1
sciver_val_200,AS,1,2,2,2,2
sciver_val_200,AT,1,3,3,3,3
sciver_val_200,MCr,1,3,3,3,3
sciver_val_200,QLl,1,3,3,3,3
sciver_val_200,QLq,1,3,3,3,3
sciver_val_200,VO,1,1,1,1,1
sciver_val_201,AS,1,3,3,3,3
sciver_val_201,AT,1,3,3,3,3
sciver_val_201,MCr,1,3,3,3,3
sciver_val_201,QLl,1,3,3,3,3
sciver_val_201,QLq,1,2,2,2,2
sciver_val_201,VO,1,2,2,2,2
sciver_val_204,AS,1,2,2,2,2
sciver_val_204,AT,1,3,3,3,3
sciver_val_204,MCr,1,1,1,1,1
sciver_val_204,QLl,1,2,2,2,2
sciver_val_204,QLq,1,2,2,2,2
sciver_val_204,VO,1,2,2,2,2
sciver_val_207,AS,1,3,3,3,3
sciver_val_207,AT,1,4,4,4,4
sciver_val_207,MCr,1,3,3,3,3
sciver_val_207,QLl,1,4,4,4,4
sciver_val_207,QLq,1,3,3,3,3
sciver_val_207,VO,1,2,2,2,2
sciver_val_208,AS,1,3,3,3,3
sciver_val_208,AT,1,4,4,4,4
sciver_val_208,MCr,1,3,3,3,3
sciver_val_208,QLl,1,3,3,3,3
sciver_val_208,QLq,1,3,3,3,3
sciver_val_208,VO,1,2,2,2,2
sciver_val_209,AS,1,4,4,4,4
sciver_val_209,AT,1,4,4,4,4
sciver_val_209,MCr,1,3,3,3,3
sciver_val_209,QLl,1,3,3,3,3
sciver_val_209,QLq,1,1,1,1,1
sciver_val_209,VO,1,2,2,2,2
sciver_val_21,AS,1,2,2,2,2
sciver_val_21,AT,1,4,4,4,4
sciver_val_21,MCr,1,3,3,3,3
sciver_val_21,QLl,1,3,3,3,3
sciver_val_21,QLq,1,2,2,2,2
sciver_val_21,VO,1,2,2,2,2
sciver_val_212,AS,1,3,3,3,3
sciver_val_212,AT,1,3,3,3,3
sciver_val_212,MCr,1,2,2,2,2
sciver_val_212,QLl,1,2,2,2,2
sciver_val_212,QLq,1,2,2,2,2
sciver_val_212,VO,1,1,1,1,1
sciver_val_215,AS,1,2,2,2,2
sciver_val_215,AT,1,4,4,4,4
sciver_val_215,MCr,1,1,1,1,1
sciver_val_215,QLl,1,3,3,3,3
sciver_val_215,QLq,1,2,2,2,2
sciver_val_215,VO,1,2,2,2,2
sciver_val_216,AS,1,2,2,2,2
sciver_val_216,AT,1,3,3,3,3
sciver_val_216,MCr,1,2,2,2,2
sciver_val_216,QLl,1,3,3,3,3
sciver_val_216,QLq,1,2,2,2,2
sciver_val_216,VO,1,1,1,1,1
sciver_val_218,AS,1,2,2,2,2
sciver_val_218,AT,1,4,4,4,4
sciver_val_218,MCr,1,3,3,3,3
sciver_val_218,QLl,1,2,2,2,2
sciver_val_218,QLq,1,3,3,3,3
sciver_val_218,VO,1,2,2,2,2
sciver_val_219,AS,1,3,3,3,3
sciver_val_219,AT,1,4,4,4,4
sciver_val_219,MCr,1,3,3,3,3
sciver_val_219,QLl,1,3,3,3,3
sciver_val_219,QLq,1,3,3,3,3
sciver_val_219,VO,1,2,2,2,2
sciver_val_220,AS,1,3,3,3,3
sciver_val_220,AT,1,4,4,4,4
sciver_val_220,MCr,1,4,4,4,4
sciver_val_220,QLl,1,4,4,4,4
sciver_val_220,QLq,1,3,3,3,3
sciver_val_220,VO,1,2,2,2,2
sciver_val_222,AS,1,2,2,2,2
sciver_val_222,AT,1,3,3,3,3
sciver_val_222,MCr,1,3,3,3,3
sciver_val_222,QLl,1,2,2,2,2
sciver_val_222,QLq,1,2,2,2,2
sciver_val_222,VO,1,2,2,2,2
sciver_val_225,AS,1,3,3,3,3
sciver_val_225,AT,1,3,3,3,3
sciver_val_225,MCr,1,3,3,3,3
sciver_val_225,QLl,1,3,3,3,3
sciver_val_225,QLq,1,2,2,2,2
sciver_val_225,VO,1,2,2,2,2
sciver_val_226,AS,1,2,2,2,2
sciver_val_226,AT,1,3,3,3,3
sciver_val_226,MCr,1,2,2,2,2
sciver_val_226,QLl,1,3,3,3,3
sciver_val_226,QLq,1,3,3,3,3
sciver_val_226,VO,1,2,2,2,2
sciver_val_228,AS,1,3,3,3,3
sciver_val_228,AT,1,4,4,4,4
sciver_val_228,MCr,1,3,3,3,3
sciver_val_228,QLl,1,3,3,3,3
sciver_val_228,QLq,1,3,3,3,3
sciver_val_228,VO,1,2,2,2,2
sciver_val_23,AS,1,2,2,2,2
sciver_val_23,AT,1,3,3,3,3
sciver_val_23,MCr,1,1,1,1,1
sciver_val_23,QLl,1,1,1,1,1
sciver_val_23,QLq,1,1,1,1,1
sciver_val_23,VO,1,2,2,2,2
sciver_val_232,AS,1,3,3,3,3
sciver_val_232,AT,1,4,4,4,4
sciver_val_232,MCr,1,3,3,3,3
sciver_val_232,QLl,1,3,3,3,3
sciver_val_232,QLq,1,3,3,3,3
sciver_val_232,VO,1,1,1,1,1
sciver_val_233,AS,1,2,2,2,2
sciver_val_233,AT,1,3,3,3,3
sciver_val_233,MCr,1,1,1,1,1
sciver_val_233,QLl,1,2,2,2,2
sciver_val_233,QLq,1,2,2,2,2
sciver_val_233,VO,1,1,1,1,1
sciver_val_234,AS,1,3,3,3,3
sciver_val_234,AT,1,4,4,4,4
sciver_val_234,MCr,1,3,3,3,3
sciver_val_234,QLl,1,2,2,2,2
sciver_val_234,QLq,1,3,3,3,3
sciver_val_234,VO,1,2,2,2,2
sciver_val_235,AS,1,3,3,3,3
sciver_val_235,AT,1,4,4,4,4
sciver_val_235,MCr,1,3,3,3,3
sciver_val_235,QLl,1,2,2,2,2
sciver_val_235,QLq,1,3,3,3,3
sciver_val_235,VO,1,3,3,3,3
sciver_val_236,AS,1,2,2,2,2
sciver_val_236,AT,1,3,3,3,3
sciver_val_236,MCr,1,1,1,1,1
sciver_val_236,QLl,1,1,1,1,1
sciver_val_236,QLq,1,2,2,2,2
sciver_val_236,VO,1,1,1,1,1
sciver_val_237,AS,1,2,2,2,2
sciver_val_237,AT,1,3,3,3,3
sciver_val_237,MCr,1,3,3,3,3
sciver_val_237,QLl,1,3,3,3,3
sciver_val_237,QLq,1,0,0,0,0
sciver_val_237,VO,1,2,2,2,2
sciver_val_238,AS,1,3,3,3,3
sciver_val_238,AT,1,4,4,4,4
sciver_val_238,MCr,1,3,3,3,3
sciver_val_238,QLl,1,3,3,3,3
sciver_val_238,QLq,1,3,3,3,3
sciver_val_238,VO,1,2,2,2,2
sciver_val_24,AS,1,3,3,3,3
sciver_val_24,AT,1,3,3,3,3
sciver_val_24,MCr,1,3,3,3,3
sciver_val_24,QLl,1,1,1,1,1
sciver_val_24,QLq,1,2,2,2,2
sciver_val_24,VO,1,2,2,2,2
sciver_val_241,AS,1,2,2,2,2
sciver_val_241,AT,1,3,3,3,3
sciver_val_241,MCr,1,1,1,1,1
sciver_val_241,QLl,1,1,1,1,1
sciver_val_241,QLq,1,2,2,2,2
sciver_val_241,VO,1,1,1,1,1
sciver_val_242,AS,1,2,2,2,2
sciver_val_242,AT,1,4,4,4,4
sciver_val_242,MCr,1,3,3,3,3
sciver_val_242,QLl,1,3,3,3,3
sciver_val_242,QLq,1,3,3,3,3
sciver_val_242,VO,1,1,1,1,1
sciver_val_245,AS,1,3,3,3,3
sciver_val_245,AT,1,3,3,3,3
sciver_val_245,MCr,1,2,2,2,2
sciver_val_245,QLl,1,2,2,2,2
sciver_val_245,QLq,1,0,0,0,0
sciver_val_245,VO,1,2,2,2,2
sciver_val_246,AS,1,3,3,3,3
sciver_val_246,AT,1,4,4,4,4
sciver_val_246,MCr,1,3,3,3,3
sciver_val_246,QLl,1,3,3,3,3
sciver_val_246,QLq,1,3,3,3,3
sciver_val_246,VO,1,2,2,2,2
sciver_val_247,AS,1,3,3,3,3
sciver_val_247,AT,1,3,3,3,3
sciver_val_247,MCr,1,3,3,3,3
sciver_val_247,QLl,1,3,3,3,3
sciver_val_247,QLq,1,1,1,1,1
sciver_val_247,VO,1,1,1,1,1
sciver_val_249,AS,1,2,2,2,2
sciver_val_249,AT,1,3,3,3,3
sciver_val_249,MCr,1,2,2,2,2
sciver_val_249,QLl,1,3,3,3,3
sciver_val_249,QLq,1,2,2,2,2
sciver_val_249,VO,1,2,2,2,2
sciver_val_250,AS,1,2,2,2,2
sciver_val_250,AT,1,3,3,3,3
sciver_val_250,MCr,1,2,2,2,2
sciver_val_250,QLl,1,3,3,3,3
sciver_val_250,QLq,1,3,3,3,3
sciver_val_250,VO,1,2,2,2,2
sciver_val_251,AS,1,2,2,2,2
sciver_val_251,AT,1,3,3,3,3
sciver_val_251,MCr,1,3,3,3,3
sciver_val_251,QLl,1,3,3,3,3
sciver_val_251,QLq,1,3,3,3,3
sciver_val_251,VO,1,2,2,2,2
sciver_val_254,AS,1,3,3,3,3
sciver_val_254,AT,1,4,4,4,4
sciver_val_254,MCr,1,3,3,3,3
sciver_val_254,QLl,1,3,3,3,3
sciver_val_254,QLq,1,3,3,3,3
sciver_val_254,VO,1,2,2,2,2
sciver_val_255,AS,1,3,3,3,3
sciver_val_255,AT,1,3,3,3,3
sciver_val_255,MCr,1,3,3,3,3
sciver_val_255,QLl,1,3,3,3,3
sciver_val_255,QLq,1,2,2,2,2
sciver_val_255,VO,1,1,1,1,1
sciver_val_258,AS,1,3,3,3,3
sciver_val_258,AT,1,3,3,3,3
sciver_val_258,MCr,1,2,2,2,2
sciver_val_258,QLl,1,1,1,1,1
sciver_val_258,QLq,1,2,2,2,2
sciver_val_258,VO,1,2,2,2,2
sciver_val_259,AS,1,3,3,3,3
sciver_val_259,AT,1,3,3,3,3
sciver_val_259,MCr,1,2,2,2,2
sciver_val_259,QLl,1,1,1,1,1
sciver_val_259,QLq,1,2,2,2,2
sciver_val_259,VO,1,1,1,1,1
sciver_val_26,AS,1,2,2,2,2
sciver_val_26,AT,1,4,4,4,4
sciver_val_26,MCr,1,3,3,3,3
sciver_val_26,QLl,1,3,3,3,3
sciver_val_26,QLq,1,3,3,3,3
sciver_val_26,VO,1,2,2,2,2
sciver_val_261,AS,1,2,2,2,2
sciver_val_261,AT,1,3,3,3,3
sciver_val_261,MCr,1,2,2,2,2
sciver_val_261,QLl,1,1,1,1,1
sciver_val_261,QLq,1,2,2,2,2
sciver_val_261,VO,1,1,1,1,1
sciver_val_262,AS,1,3,3,3,3
sciver_val_262,AT,1,3,3,3,3
sciver_val_262,MCr,1,2,2,2,2
sciver_val_262,QLl,1,1,1,1,1
sciver_val_262,QLq,1,1,1,1,1
sciver_val_262,VO,1,2,2,2,2
sciver_val_263,AS,1,2,2,2,2
sciver_val_263,AT,1,2,2,2,2
sciver_val_263,MCr,1,1,1,1,1
sciver_val_263,QLl,1,1,1,1,1
sciver_val_263,QLq,1,2,2,2,2
sciver_val_263,VO,1,1,1,1,1
sciver_val_264,AS,1,2,2,2,2
sciver_val_264,AT,1,3,3,3,3
sciver_val_264,MCr,1,2,2,2,2
sciver_val_264,QLl,1,1,1,1,1
sciver_val_264,QLq,1,2,2,2,2
sciver_val_264,VO,1,2,2,2,2
sciver_val_265,AS,1,3,3,3,3
sciver_val_265,AT,1,3,3,3,3
sciver_val_265,MCr,1,2,2,2,2
sciver_val_265,QLl,1,1,1,1,1
sciver_val_265,QLq,1,2,2,2,2
sciver_val_265,VO,1,1,1,1,1
sciver_val_266,AS,1,4,4,4,4
sciver_val_266,AT,1,3,3,3,3
sciver_val_266,MCr,1,3,3,3,3
sciver_val_266,QLl,1,2,2,2,2
sciver_val_266,QLq,1,2,2,2,2
sciver_val_266,VO,1,2,2,2,2
sciver_val_267,AS,1,1,1,1,1
sciver_val_267,AT,1,3,3,3,3
sciver_val_267,MCr,1,0,0,0,0
sciver_val_267,QLl,1,1,1,1,1
sciver_val_267,QLq,1,2,2,2,2
sciver_val_267,VO,1,1,1,1,1
sciver_val_268,AS,1,3,3,3,3
sciver_val_268,AT,1,3,3,3,3
sciver_val_268,MCr,1,2,2,2,2
sciver_val_268,QLl,1,2,2,2,2
sciver_val_268,QLq,1,3,3,3,3
sciver_val_268,VO,1,2,2,2,2
sciver_val_269,AS,1,3,3,3,3
sciver_val_269,AT,1,3,3,3,3
sciver_val_269,MCr,1,2,2,2,2
sciver_val_269,QLl,1,1,1,1,1
sciver_val_269,QLq,1,1,1,1,1
sciver_val_269,VO,1,2,2,2,2
sciver_val_270,AS,1,3,3,3,3
sciver_val_270,AT,1,3,3,3,3
sciver_val_270,MCr,1,1,1,1,1
sciver_val_270,QLl,1,1,1,1,1
sciver_val_270,QLq,1,2,2,2,2
sciver_val_270,VO,1,1,1,1,1
sciver_val_272,AS,1,2,2,2,2
sciver_val_272,AT,1,3,3,3,3
sciver_val_272,MCr,1,2,2,2,2
sciver_val_272,QLl,1,1,1,1,1
sciver_val_272,QLq,1,2,2,2,2
sciver_val_272,VO,1,1,1,1,1
sciver_val_273,AS,1,3,3,3,3
sciver_val_273,AT,1,3,3,3,3
sciver_val_273,MCr,1,2,2,2,2
sciver_val_273,QLl,1,1,1,1,1
sciver_val_273,QLq,1,2,2,2,2
sciver_val_273,VO,1,1,1,1,1
sciver_val_274,AS,1,3,3,3,3
sciver_val_274,AT,1,3,3,3,3
sciver_val_274,MCr,1,2,2,2,2
sciver_val_274,QLl,1,2,2,2,2
sciver_val_274,QLq,1,2,2,2,2
sciver_val_274,VO,1,1,1,1,1
sciver_val_275,AS,1,3,3,3,3
sciver_val_275,AT,1,3,3,3,3
sciver_val_275,MCr,1,2,2,2,2
sciver_val_275,QLl,1,1,1,1,1
sciver_val_275,QLq,1,1,1,1,1
sciver_val_275,VO,1,1,1,1,1
sciver_val_277,AS,1,3,3,3,3
sciver_val_277,AT,1,3,3,3,3
sciver_val_277,MCr,1,2,2,2,2
sciver_val_277,QLl,1,1,1,1,1
sciver_val_277,QLq,1,3,3,3,3
sciver_val_277,VO,1,2,2,2,2
sciver_val_28,AS,1,3,3,3,3
sciver_val_28,AT,1,3,3,3,3
sciver_val_28,MCr,1,3,3,3,3
sciver_val_28,QLl,1,2,2,2,2
sciver_val_28,QLq,1,3,3,3,3
sciver_val_28,VO,1,2,2,2,2
sciver_val_281,AS,1,2,2,2,2
sciver_val_281,AT,1,3,3,3,3
sciver_val_281,MCr,1,1,1,1,1
sciver_val_281,QLl,1,1,1,1,1
sciver_val_281,QLq,1,2,2,2,2
sciver_val_281,VO,1,1,1,1,1
sciver_val_282,AS,1,3,3,3,3
sciver_val_282,AT,1,3,3,3,3
sciver_val_282,MCr,1,2,2,2,2
sciver_val_282,QLl,1,1,1,1,1
sciver_val_282,QLq,1,2,2,2,2
sciver_val_282,VO,1,1,1,1,1
sciver_val_283,AS,1,3,3,3,3
sciver_val_283,AT,1,3,3,3,3
sciver_val_283,MCr,1,2,2,2,2
sciver_val_283,QLl,1,1,1,1,1
sciver_val_283,QLq,1,2,2,2,2
sciver_val_283,VO,1,2,2,2,2
sciver_val_284,AS,1,3,3,3,3
sciver_val_284,AT,1,4,4,4,4
sciver_val_284,MCr,1,3,3,3,3
sciver_val_284,QLl,1,2,2,2,2
sciver_val_284,QLq,1,3,3,3,3
sciver_val_284,VO,1,2,2,2,2
sciver_val_285,AS,1,2,2,2,2
sciver_val_285,AT,1,3,3,3,3
sciver_val_285,MCr,1,2,2,2,2
sciver_val_285,QLl,1,1,1,1,1
sciver_val_285,QLq,1,2,2,2,2
sciver_val_285,VO,1,2,2,2,2
sciver_val_286,AS,1,3,3,3,3
sciver_val_286,AT,1,3,3,3,3
sciver_val_286,MCr,1,3,3,3,3
sciver_val_286,QLl,1,3,3,3,3
sciver_val_286,QLq,1,3,3,3,3
sciver_val_286,VO,1,2,2,2,2
sciver_val_287,AS,1,2,2,2,2
sciver_val_287,AT,1,3,3,3,3
sciver_val_287,MCr,1,2,2,2,2
sciver_val_287,QLl,1,1,1,1,1
sciver_val_287,QLq,1,2,2,2,2
sciver_val_287,VO,1,1,1,1,1
sciver_val_288,AS,1,2,2,2,2
sciver_val_288,AT,1,3,3,3,3
sciver_val_288,MCr,1,2,2,2,2
sciver_val_288,QLl,1,2,2,2,2
sciver_val_288,QLq,1,2,2,2,2
sciver_val_288,VO,1,1,1,1,1
sciver_val_289,AS,1,3,3,3,3
sciver_val_289,AT,1,3,3,3,3
sciver_val_289,MCr,1,3,3,3,3
sciver_val_289,QLl,1,2,2,2,2
sciver_val_289,QLq,1,2,2,2,2
sciver_val_289,VO,1,2,2,2,2
sciver_val_290,AS,1,2,2,2,2
sciver_val_290,AT,1,3,3,3,3
sciver_val_290,MCr,1,2,2,2,2
sciver_val_290,QLl,1,1,1,1,1
sciver_val_290,QLq,1,2,2,2,2
sciver_val_290,VO,1,1,1,1,1
sciver_val_294,AS,1,2,2,2,2
sciver_val_294,AT,1,3,3,3,3
sciver_val_294,MCr,1,2,2,2,2
sciver_val_294,QLl,1,1,1,1,1
sciver_val_294,QLq,1,3,3,3,3
sciver_val_294,VO,1,2,2,2,2
sciver_val_297,AS,1,3,3,3,3
sciver_val_297,AT,1,3,3,3,3
sciver_val_297,MCr,1,2,2,2,2
sciver_val_297,QLl,1,1,1,1,1
sciver_val_297,QLq,1,2,2,2,2
sciver_val_297,VO,1,2,2,2,2
sciver_val_300,AS,1,3,3,3,3
sciver_val_300,AT,1,3,3,3,3
sciver_val_300,MCr,1,2,2,2,2
sciver_val_300,QLl,1,1,1,1,1
sciver_val_300,QLq,1,2,2,2,2
sciver_val_300,VO,1,1,1,1,1
sciver_val_302,AS,1,2,2,2,2
sciver_val_302,AT,1,3,3,3,3
sciver_val_302,MCr,1,2,2,2,2
sciver_val_302,QLl,1,1,1,1,1
sciver_val_302,QLq,1,2,2,2,2
sciver_val_302,VO,1,1,1,1,1
sciver_val_303,AS,1,3,3,3,3
sciver_val_303,AT,1,4,4,4,4
sciver_val_303,MCr,1,2,2,2,2
sciver_val_303,QLl,1,1,1,1,1
sciver_val_303,QLq,1,3,3,3,3
sciver_val_303,VO,1,2,2,2,2
sciver_val_304,AS,1,3,3,3,3
sciver_val_304,AT,1,3,3,3,3
sciver_val_304,MCr,1,1,1,1,1
sciver_val_304,QLl,1,1,1,1,1
sciver_val_304,QLq,1,2,2,2,2
sciver_val_304,VO,1,2,2,2,2
sciver_val_31,AS,1,3,3,3,3
sciver_val_31,AT,1,3,3,3,3
sciver_val_31,MCr,1,1,1,1,1
sciver_val_31,QLl,1,1,1,1,1
sciver_val_31,QLq,1,0,0,0,0
sciver_val_31,VO,1,2,2,2,2
sciver_val_310,AS,1,2,2,2,2
sciver_val_310,AT,1,3,3,3,3
sciver_val_310,MCr,1,2,2,2,2
sciver_val_310,QLl,1,1,1,1,1
sciver_val_310,QLq,1,2,2,2,2
sciver_val_310,VO,1,1,1,1,1
sciver_val_313,AS,1,3,3,3,3
sciver_val_313,AT,1,3,3,3,3
sciver_val_313,MCr,1,2,2,2,2
sciver_val_313,QLl,1,2,2,2,2
sciver_val_313,QLq,1,2,2,2,2
sciver_val_313,VO,1,1,1,1,1
sciver_val_314,AS,1,2,2,2,2
sciver_val_314,AT,1,3,3,3,3
sciver_val_314,MCr,1,2,2,2,2
sciver_val_314,QLl,1,1,1,1,1
sciver_val_314,QLq,1,2,2,2,2
sciver_val_314,VO,1,1,1,1,1
sciver_val_315,AS,1,3,3,3,3
sciver_val_315,AT,1,3,3,3,3
sciver_val_315,MCr,1,2,2,2,2
sciver_val_315,QLl,1,3,3,3,3
sciver_val_315,QLq,1,3,3,3,3
sciver_val_315,VO,1,2,2,2,2
sciver_val_316,AS,1,3,3,3,3
sciver_val_316,AT,1,3,3,3,3
sciver_val_316,MCr,1,2,2,2,2
sciver_val_316,QLl,1,2,2,2,2
sciver_val_316,QLq,1,2,2,2,2
sciver_val_316,VO,1,2,2,2,2
sciver_val_317,AS,1,3,3,3,3
sciver_val_317,AT,1,3,3,3,3
sciver_val_317,MCr,1,2,2,2,2
sciver_val_317,QLl,1,1,1,1,1
sciver_val_317,QLq,1,2,2,2,2
sciver_val_317,VO,1,1,1,1,1
sciver_val_321,AS,1,2,2,2,2
sciver_val_321,AT,1,4,4,4,4
sciver_val_321,MCr,1,2,2,2,2
sciver_val_321,QLl,1,1,1,1,1
sciver_val_321,QLq,1,2,2,2,2
sciver_val_321,VO,1,2,2,2,2
sciver_val_322,AS,1,3,3,3,3
sciver_val_322,AT,1,3,3,3,3
sciver_val_322,MCr,1,2,2,2,2
sciver_val_322,QLl,1,3,3,3,3
sciver_val_322,QLq,1,3,3,3,3
sciver_val_322,VO,1,1,1,1,1
sciver_val_323,AS,1,2,2,2,2
sciver_val_323,AT,1,3,3,3,3
sciver_val_323,MCr,1,2,2,2,2
sciver_val_323,QLl,1,1,1,1,1
sciver_val_323,QLq,1,2,2,2,2
sciver_val_323,VO,1,1,1,1,1
sciver_val_327,AS,1,3,3,3,3
sciver_val_327,AT,1,3,3,3,3
sciver_val_327,MCr,1,2,2,2,2
sciver_val_327,QLl,1,2,2,2,2
sciver_val_327,QLq,1,3,3,3,3
sciver_val_327,VO,1,2,2,2,2
sciver_val_33,AS,1,3,3,3,3
sciver_val_33,AT,1,3,3,3,3
sciver_val_33,MCr,1,3,3,3,3
sciver_val_33,QLl,1,1,1,1,1
sciver_val_33,QLq,1,1,1,1,1
sciver_val_33,VO,1,2,2,2,2
sciver_val_330,AS,1,2,2,2,2
sciver_val_330,AT,1,3,3,3,3
sciver_val_330,MCr,1,2,2,2,2
sciver_val_330,QLl,1,1,1,1,1
sciver_val_330,QLq,1,2,2,2,2
sciver_val_330,VO,1,1,1,1,1
sciver_val_332,AS,1,3,3,3,3
sciver_val_332,AT,1,3,3,3,3
sciver_val_332,MCr,1,2,2,2,2
sciver_val_332,QLl,1,1,1,1,1
sciver_val_332,QLq,1,2,2,2,2
sciver_val_332,VO,1,1,1,1,1
sciver_val_333,AS,1,2,2,2,2
sciver_val_333,AT,1,3,3,3,3
sciver_val_333,MCr,1,1,1,1,1
sciver_val_333,QLl,1,3,3,3,3
sciver_val_333,QLq,1,3,3,3,3
sciver_val_333,VO,1,2,2,2,2
sciver_val_334,AS,1,2,2,2,2
sciver_val_334,AT,1,3,3,3,3
sciver_val_334,MCr,1,1,1,1,1
sciver_val_334,QLl,1,2,2,2,2
sciver_val_334,QLq,1,3,3,3,3
sciver_val_334,VO,1,1,1,1,1
sciver_val_335,AS,1,2,2,2,2
sciver_val_335,AT,1,3,3,3,3
sciver_val_335,MCr,1,2,2,2,2
sciver_val_335,QLl,1,2,2,2,2
sciver_val_335,QLq,1,2,2,2,2
sciver_val_335,VO,1,1,1,1,1
sciver_val_336,AS,1,3,3,3,3
sciver_val_336,AT,1,3,3,3,3
sciver_val_336,MCr,1,2,2,2,2
sciver_val_336,QLl,1,1,1,1,1
sciver_val_336,QLq,1,2,2,2,2
sciver_val_336,VO,1,1,1,1,1
sciver_val_337,AS,1,3,3,3,3
sciver_val_337,AT,1,3,3,3,3
sciver_val_337,MCr,1,2,2,2,2
sciver_val_337,QLl,1,2,2,2,2
sciver_val_337,QLq,1,2,2,2,2
sciver_val_337,VO,1,2,2,2,2
sciver_val_338,AS,1,2,2,2,2
sciver_val_338,AT,1,3,3,3,3
sciver_val_338,MCr,1,2,2,2,2
sciver_val_338,QLl,1,1,1,1,1
sciver_val_338,QLq,1,2,2,2,2
sciver_val_338,VO,1,1,1,1,1
sciver_val_339,AS,1,2,2,2,2
sciver_val_339,AT,1,3,3,3,3
sciver_val_339,MCr,1,2,2,2,2
sciver_val_339,QLl,1,1,1,1,1
sciver_val_339,QLq,1,2,2,2,2
sciver_val_339,VO,1,2,2,2,2
sciver_val_342,AS,1,2,2,2,2
sciver_val_342,AT,1,3,3,3,3
sciver_val_342,MCr,1,2,2,2,2
sciver_val_342,QLl,1,1,1,1,1
sciver_val_342,QLq,1,2,2,2,2
sciver_val_342,VO,1,2,2,2,2
sciver_val_343,AS,1,3,3,3,3
sciver_val_343,AT,1,3,3,3,3
sciver_val_343,MCr,1,2,2,2,2
sciver_val_343,QLl,1,1,1,1,1
sciver_val_343,QLq,1,2,2,2,2
sciver_val_343,VO,1,2,2,2,2
sciver_val_344,AS,1,2,2,2,2
sciver_val_344,AT,1,3,3,3,3
sciver_val_344,MCr,1,2,2,2,2
sciver_val_344,QLl,1,1,1,1,1
sciver_val_344,QLq,1,2,2,2,2
sciver_val_344,VO,1,2,2,2,2
sciver_val_346,AS,1,3,3,3,3
sciver_val_346,AT,1,3,3,3,3
sciver_val_346,MCr,1,2,2,2,2
sciver_val_346,QLl,1,1,1,1,1
sciver_val_346,QLq,1,2,2,2,2
sciver_val_346,VO,1,1,1,1,1
sciver_val_348,AS,1,2,2,2,2
sciver_val_348,AT,1,3,3,3,3
sciver_val_348,MCr,1,1,1,1,1
sciver_val_348,QLl,1,1,1,1,1
sciver_val_348,QLq,1,2,2,2,2
sciver_val_348,VO,1,1,1,1,1
sciver_val_349,AS,1,2,2,2,2
sciver_val_349,AT,1,2,2,2,2
sciver_val_349,MCr,1,1,1,1,1
sciver_val_349,QLl,1,1,1,1,1
sciver_val_349,QLq,1,2,2,2,2
sciver_val_349,VO,1,1,1,1,1
sciver_val_351,AS,1,2,2,2,2
sciver_val_351,AT,1,3,3,3,3
sciver_val_351,MCr,1,2,2,2,2
sciver_val_351,QLl,1,1,1,1,1
sciver_val_351,QLq,1,2,2,2,2
sciver_val_351,VO,1,1,1,1,1
sciver_val_352,AS,1,3,3,3,3
sciver_val_352,AT,1,3,3,3,3
sciver_val_352,MCr,1,2,2,2,2
sciver_val_352,QLl,1,1,1,1,1
sciver_val_352,QLq,1,2,2,2,2
sciver_val_352,VO,1,2,2,2,2
sciver_val_353,AS,1,2,2,2,2
sciver_val_353,AT,1,3,3,3,3
sciver_val_353,MCr,1,2,2,2,2
sciver_val_353,QLl,1,1,1,1,1
sciver_val_353,QLq,1,2,2,2,2
sciver_val_353,VO,1,1,1,1,1
sciver_val_354,AS,1,3,3,3,3
sciver_val_354,AT,1,3,3,3,3
sciver_val_354,MCr,1,2,2,2,2
sciver_val_354,QLl,1,2,2,2,2
sciver_val_354,QLq,1,2,2,2,2
sciver_val_354,VO,1,2,2,2,2
sciver_val_355,AS,1,3,3,3,3
sciver_val_355,AT,1,3,3,3,3
sciver_val_355,MCr,1,2,2,2,2
sciver_val_355,QLl,1,1,1,1,1
sciver_val_355,QLq,1,2,2,2,2
sciver_val_355,VO,1,1,1,1,1
sciver_val_358,AS,1,2,2,2,2
sciver_val_358,AT,1,3,3,3,3
sciver_val_358,MCr,1,2,2,2,2
sciver_val_358,QLl,1,2,2,2,2
sciver_val_358,QLq,1,2,2,2,2
sciver_val_358,VO,1,1,1,1,1
sciver_val_360,AS,1,3,3,3,3
sciver_val_360,AT,1,3,3,3,3
sciver_val_360,MCr,1,2,2,2,2
sciver_val_360,QLl,1,1,1,1,1
sciver_val_360,QLq,1,2,2,2,2
sciver_val_360,VO,1,1,1,1,1
sciver_val_362,AS,1,2,2,2,2
sciver_val_362,AT,1,3,3,3,3
sciver_val_362,MCr,1,1,1,1,1
sciver_val_362,QLl,1,1,1,1,1
sciver_val_362,QLq,1,3,3,3,3
sciver_val_362,VO,1,1,1,1,1
sciver_val_364,AS,1,3,3,3,3
sciver_val_364,AT,1,3,3,3,3
sciver_val_364,MCr,1,2,2,2,2
sciver_val_364,QLl,1,1,1,1,1
sciver_val_364,QLq,1,2,2,2,2
sciver_val_364,VO,1,2,2,2,2
sciver_val_365,AS,1,3,3,3,3
sciver_val_365,AT,1,3,3,3,3
sciver_val_365,MCr,1,2,2,2,2
sciver_val_365,QLl,1,1,1,1,1
sciver_val_365,QLq,1,2,2,2,2
sciver_val_365,VO,1,1,1,1,1
sciver_val_366,AS,1,2,2,2,2
sciver_val_366,AT,1,3,3,3,3
sciver_val_366,MCr,1,2,2,2,2
sciver_val_366,QLl,1,1,1,1,1
sciver_val_366,QLq,1,2,2,2,2
sciver_val_366,VO,1,1,1,1,1
sciver_val_367,AS,1,3,3,3,3
sciver_val_367,AT,1,3,3,3,3
sciver_val_367,MCr,1,2,2,2,2
sciver_val_367,QLl,1,2,2,2,2
sciver_val_367,QLq,1,3,3,3,3
sciver_val_367,VO,1,2,2,2,2
sciver_val_369,AS,1,2,2,2,2
sciver_val_369,AT,1,2,2,2,2
sciver_val_369,MCr,1,1,1,1,1
sciver_val_369,QLl,1,1,1,1,1
sciver_val_369,QLq,1,2,2,2,2
sciver_val_369,VO,1,1,1,1,1
sciver_val_37,AS,1,2,2,2,2
sciver_val_37,AT,1,4,4,4,4
sciver_val_37,MCr,1,2,2,2,2
sciver_val_37,QLl,1,2,2,2,2
sciver_val_37,QLq,1,3,3,3,3
sciver_val_37,VO,1,2,2,2,2
sciver_val_373,AS,1,3,3,3,3
sciver_val_373,AT,1,2,2,2,2
sciver_val_373,MCr,1,2,2,2,2
sciver_val_373,QLl,1,1,1,1,1
sciver_val_373,QLq,1,2,2,2,2
sciver_val_373,VO,1,1,1,1,1
sciver_val_375,AS,1,3,3,3,3
sciver_val_375,AT,1,3,3,3,3
sciver_val_375,MCr,1,2,2,2,2
sciver_val_375,QLl,1,3,3,3,3
sciver_val_375,QLq,1,3,3,3,3
sciver_val_375,VO,1,2,2,2,2
sciver_val_376,AS,1,2,2,2,2
sciver_val_376,AT,1,3,3,3,3
sciver_val_376,MCr,1,2,2,2,2
sciver_val_376,QLl,1,2,2,2,2
sciver_val_376,QLq,1,3,3,3,3
sciver_val_376,VO,1,2,2,2,2
sciver_val_379,AS,1,2,2,2,2
sciver_val_379,AT,1,2,2,2,2
sciver_val_379,MCr,1,1,1,1,1
sciver_val_379,QLl,1,1,1,1,1
sciver_val_379,QLq,1,1,1,1,1
sciver_val_379,VO,1,1,1,1,1
sciver_val_38,AS,1,2,2,2,2
sciver_val_38,AT,1,4,4,4,4
sciver_val_38,MCr,1,2,2,2,2
sciver_val_38,QLl,1,3,3,3,3
sciver_val_38,QLq,1,2,2,2,2
sciver_val_38,VO,1,2,2,2,2
sciver_val_381,AS,1,3,3,3,3
sciver_val_381,AT,1,3,3,3,3
sciver_val_381,MCr,1,2,2,2,2
sciver_val_381,QLl,1,3,3,3,3
sciver_val_381,QLq,1,3,3,3,3
sciver_val_381,VO,1,1,1,1,1
sciver_val_384,AS,1,2,2,2,2
sciver_val_384,AT,1,3,3,3,3
sciver_val_384,MCr,1,2,2,2,2
sciver_val_384,QLl,1,1,1,1,1
sciver_val_384,QLq,1,2,2,2,2
sciver_val_384,VO,1,2,2,2,2
sciver_val_389,AS,1,3,3,3,3
sciver_val_389,AT,1,3,3,3,3
sciver_val_389,MCr,1,3,3,3,3
sciver_val_389,QLl,1,2,2,2,2
sciver_val_389,QLq,1,3,3,3,3
sciver_val_389,VO,1,1,1,1,1
sciver_val_390,AS,1,3,3,3,3
sciver_val_390,AT,1,3,3,3,3
sciver_val_390,MCr,1,2,2,2,2
sciver_val_390,QLl,1,1,1,1,1
sciver_val_390,QLq,1,2,2,2,2
sciver_val_390,VO,1,1,1,1,1
sciver_val_392,AS,1,3,3,3,3
sciver_val_392,AT,1,3,3,3,3
sciver_val_392,MCr,1,2,2,2,2
sciver_val_392,QLl,1,1,1,1,1
sciver_val_392,QLq,1,3,3,3,3
sciver_val_392,VO,1,2,2,2,2
sciver_val_393,AS,1,3,3,3,3
sciver_val_393,AT,1,3,3,3,3
sciver_val_393,MCr,1,3,3,3,3
sciver_val_393,QLl,1,1,1,1,1
sciver_val_393,QLq,1,2,2,2,2
sciver_val_393,VO,1,1,1,1,1
sciver_val_395,AS,1,2,2,2,2
sciver_val_395,AT,1,3,3,3,3
sciver_val_395,MCr,1,2,2,2,2
sciver_val_395,QLl,1,1,1,1,1
sciver_val_395,QLq,1,2,2,2,2
sciver_val_395,VO,1,1,1,1,1
sciver_val_397,AS,1,3,3,3,3
sciver_val_397,AT,1,4,4,4,4
sciver_val_397,MCr,1,2,2,2,2
sciver_val_397,QLl,1,3,3,3,3
sciver_val_397,QLq,1,2,2,2,2
sciver_val_397,VO,1,2,2,2,2
sciver_val_399,AS,1,2,2,2,2
sciver_val_399,AT,1,3,3,3,3
sciver_val_399,MCr,1,1,1,1,1
sciver_val_399,QLl,1,1,1,1,1
sciver_val_399,QLq,1,2,2,2,2
sciver_val_399,VO,1,1,1,1,1
sciver_val_401,AS,1,2,2,2,2
sciver_val_401,AT,1,3,3,3,3
sciver_val_401,MCr,1,2,2,2,2
sciver_val_401,QLl,1,1,1,1,1
sciver_val_401,QLq,1,2,2,2,2
sciver_val_401,VO,1,1,1,1,1
sciver_val_405,AS,1,2,2,2,2
sciver_val_405,AT,1,3,3,3,3
sciver_val_405,MCr,1,2,2,2,2
sciver_val_405,QLl,1,1,1,1,1
sciver_val_405,QLq,1,2,2,2,2
sciver_val_405,VO,1,1,1,1,1
sciver_val_407,AS,1,3,3,3,3
sciver_val_407,AT,1,4,4,4,4
sciver_val_407,MCr,1,3,3,3,3
sciver_val_407,QLl,1,2,2,2,2
sciver_val_407,QLq,1,2,2,2,2
sciver_val_407,VO,1,2,2,2,2
sciver_val_408,AS,1,2,2,2,2
sciver_val_408,AT,1,3,3,3,3
sciver_val_408,MCr,1,1,1,1,1
sciver_val_408,QLl,1,2,2,2,2
sciver_val_408,QLq,1,2,2,2,2
sciver_val_408,VO,1,2,2,2,2
sciver_val_41,AS,1,3,3,3,3
sciver_val_41,AT,1,4,4,4,4
sciver_val_41,MCr,1,3,3,3,3
sciver_val_41,QLl,1,3,3,3,3
sciver_val_41,QLq,1,3,3,3,3
sciver_val_41,VO,1,2,2,2,2
sciver_val_410,AS,1,3,3,3,3
sciver_val_410,AT,1,3,3,3,3
sciver_val_410,MCr,1,2,2,2,2
sciver_val_410,QLl,1,1,1,1,1
sciver_val_410,QLq,1,2,2,2,2
sciver_val_410,VO,1,1,1,1,1
sciver_val_412,AS,1,3,3,3,3
sciver_val_412,AT,1,3,3,3,3
sciver_val_412,MCr,1,2,2,2,2
sciver_val_412,QLl,1,2,2,2,2
sciver_val_412,QLq,1,2,2,2,2
sciver_val_412,VO,1,1,1,1,1
sciver_val_414,AS,1,2,2,2,2
sciver_val_414,AT,1,3,3,3,3
sciver_val_414,MCr,1,2,2,2,2
sciver_val_414,QLl,1,2,2,2,2
sciver_val_414,QLq,1,2,2,2,2
sciver_val_414,VO,1,2,2,2,2
sciver_val_415,AS,1,3,3,3,3
sciver_val_415,AT,1,4,4,4,4
sciver_val_415,MCr,1,2,2,2,2
sciver_val_415,QLl,1,1,1,1,1
sciver_val_415,QLq,1,2,2,2,2
sciver_val_415,VO,1,2,2,2,2
sciver_val_416,AS,1,3,3,3,3
sciver_val_416,AT,1,3,3,3,3
sciver_val_416,MCr,1,2,2,2,2
sciver_val_416,QLl,1,1,1,1,1
sciver_val_416,QLq,1,2,2,2,2
sciver_val_416,VO,1,2,2,2,2
sciver_val_417,AS,1,2,2,2,2
sciver_val_417,AT,1,3,3,3,3
sciver_val_417,MCr,1,1,1,1,1
sciver_val_417,QLl,1,1,1,1,1
sciver_val_417,QLq,1,2,2,2,2
sciver_val_417,VO,1,1,1,1,1
sciver_val_418,AS,1,3,3,3,3
sciver_val_418,AT,1,3,3,3,3
sciver_val_418,MCr,1,3,3,3,3
sciver_val_418,QLl,1,3,3,3,3
sciver_val_418,QLq,1,2,2,2,2
sciver_val_418,VO,1,2,2,2,2
sciver_val_42,AS,1,2,2,2,2
sciver_val_42,AT,1,3,3,3,3
sciver_val_42,MCr,1,2,2,2,2
sciver_val_42,QLl,1,2,2,2,2
sciver_val_42,QLq,1,2,2,2,2
sciver_val_42,VO,1,1,1,1,1
sciver_val_421,AS,1,3,3,3,3
sciver_val_421,AT,1,3,3,3,3
sciver_val_421,MCr,1,2,2,2,2
sciver_val_421,QLl,1,1,1,1,1
sciver_val_421,QLq,1,2,2,2,2
sciver_val_421,VO,1,1,1,1,1
sciver_val_422,AS,1,2,2,2,2
sciver_val_422,AT,1,3,3,3,3
sciver_val_422,MCr,1,1,1,1,1
sciver_val_422,QLl,1,1,1,1,1
sciver_val_422,QLq,1,2,2,2,2
sciver_val_422,VO,1,1,1,1,1
sciver_val_423,AS,1,2,2,2,2
sciver_val_423,AT,1,3,3,3,3
sciver_val_423,MCr,1,1,1,1,1
sciver_val_423,QLl,1,3,3,3,3
sciver_val_423,QLq,1,2,2,2,2
sciver_val_423,VO,1,2,2,2,2
sciver_val_425,AS,1,3,3,3,3
sciver_val_425,AT,1,3,3,3,3
sciver_val_425,MCr,1,2,2,2,2
sciver_val_425,QLl,1,1,1,1,1
sciver_val_425,QLq,1,2,2,2,2
sciver_val_425,VO,1,1,1,1,1
sciver_val_427,AS,1,3,3,3,3
sciver_val_427,AT,1,3,3,3,3
sciver_val_427,MCr,1,2,2,2,2
sciver_val_427,QLl,1,1,1,1,1
sciver_val_427,QLq,1,2,2,2,2
sciver_val_427,VO,1,1,1,1,1
sciver_val_429,AS,1,3,3,3,3
sciver_val_429,AT,1,3,3,3,3
sciver_val_429,MCr,1,2,2,2,2
sciver_val_429,QLl,1,2,2,2,2
sciver_val_429,QLq,1,2,2,2,2
sciver_val_429,VO,1,1,1,1,1
sciver_val_430,AS,1,2,2,2,2
sciver_val_430,AT,1,3,3,3,3
sciver_val_430,MCr,1,2,2,2,2
sciver_val_430,QLl,1,1,1,1,1
sciver_val_430,QLq,1,2,2,2,2
sciver_val_430,VO,1,2,2,2,2
sciver_val_431,AS,1,3,3,3,3
sciver_val_431,AT,1,3,3,3,3
sciver_val_431,MCr,1,2,2,2,2
sciver_val_431,QLl,1,1,1,1,1
sciver_val_431,QLq,1,3,3,3,3
sciver_val_431,VO,1,2,2,2,2
sciver_val_432,AS,1,2,2,2,2
sciver_val_432,AT,1,3,3,3,3
sciver_val_432,MCr,1,2,2,2,2
sciver_val_432,QLl,1,1,1,1,1
sciver_val_432,QLq,1,2,2,2,2
sciver_val_432,VO,1,1,1,1,1
sciver_val_434,AS,1,3,3,3,3
sciver_val_434,AT,1,3,3,3,3
sciver_val_434,MCr,1,2,2,2,2
sciver_val_434,QLl,1,1,1,1,1
sciver_val_434,QLq,1,2,2,2,2
sciver_val_434,VO,1,1,1,1,1
sciver_val_436,AS,1,3,3,3,3
sciver_val_436,AT,1,3,3,3,3
sciver_val_436,MCr,1,2,2,2,2
sciver_val_436,QLl,1,2,2,2,2
sciver_val_436,QLq,1,2,2,2,2
sciver_val_436,VO,1,1,1,1,1
sciver_val_437,AS,1,2,2,2,2
sciver_val_437,AT,1,3,3,3,3
sciver_val_437,MCr,1,1,1,1,1
sciver_val_437,QLl,1,1,1,1,1
sciver_val_437,QLq,1,2,2,2,2
sciver_val_437,VO,1,1,1,1,1
sciver_val_439,AS,1,1,1,1,1
sciver_val_439,AT,1,2,2,2,2
sciver_val_439,MCr,1,1,1,1,1
sciver_val_439,QLl,1,1,1,1,1
sciver_val_439,QLq,1,2,2,2,2
sciver_val_439,VO,1,1,1,1,1
sciver_val_44,AS,1,3,3,3,3
sciver_val_44,AT,1,4,4,4,4
sciver_val_44,MCr,1,3,3,3,3
sciver_val_44,QLl,1,3,3,3,3
sciver_val_44,QLq,1,2,2,2,2
sciver_val_44,VO,1,2,2,2,2
sciver_val_442,AS,1,3,3,3,3
sciver_val_442,AT,1,3,3,3,3
sciver_val_442,MCr,1,3,3,3,3
sciver_val_442,QLl,1,2,2,2,2
sciver_val_442,QLq,1,3,3,3,3
sciver_val_442,VO,1,2,2,2,2
sciver_val_444,AS,1,3,3,3,3
sciver_val_444,AT,1,3,3,3,3
sciver_val_444,MCr,1,3,3,3,3
sciver_val_444,QLl,1,2,2,2,2
sciver_val_444,QLq,1,3,3,3,3
sciver_val_444,VO,1,2,2,2,2
sciver_val_447,AS,1,3,3,3,3
sciver_val_447,AT,1,3,3,3,3
sciver_val_447,MCr,1,2,2,2,2
sciver_val_447,QLl,1,2,2,2,2
sciver_val_447,QLq,1,3,3,3,3
sciver_val_447,VO,1,2,2,2,2
sciver_val_449,AS,1,2,2,2,2
sciver_val_449,AT,1,3,3,3,3
sciver_val_449,MCr,1,1,1,1,1
sciver_val_449,QLl,1,2,2,2,2
sciver_val_449,QLq,1,2,2,2,2
sciver_val_449,VO,1,1,1,1,1
sciver_val_450,AS,1,3,3,3,3
sciver_val_450,AT,1,3,3,3,3
sciver_val_450,MCr,1,2,2,2,2
sciver_val_450,QLl,1,1,1,1,1
sciver_val_450,QLq,1,2,2,2,2
sciver_val_450,VO,1,2,2,2,2
sciver_val_455,AS,1,3,3,3,3
sciver_val_455,AT,1,3,3,3,3
sciver_val_455,MCr,1,2,2,2,2
sciver_val_455,QLl,1,1,1,1,1
sciver_val_455,QLq,1,2,2,2,2
sciver_val_455,VO,1,1,1,1,1
sciver_val_456,AS,1,2,2,2,2
sciver_val_456,AT,1,3,3,3,3
sciver_val_456,MCr,1,2,2,2,2
sciver_val_456,QLl,1,1,1,1,1
sciver_val_456,QLq,1,2,2,2,2
sciver_val_456,VO,1,1,1,1,1
sciver_val_457,AS,1,2,2,2,2
sciver_val_457,AT,1,3,3,3,3
sciver_val_457,MCr,1,2,2,2,2
sciver_val_457,QLl,1,1,1,1,1
sciver_val_457,QLq,1,2,2,2,2
sciver_val_457,VO,1,1,1,1,1
sciver_val_460,AS,1,3,3,3,3
sciver_val_460,AT,1,3,3,3,3
sciver_val_460,MCr,1,2,2,2,2
sciver_val_460,QLl,1,1,1,1,1
sciver_val_460,QLq,1,2,2,2,2
sciver_val_460,VO,1,1,1,1,1
sciver_val_462,AS,1,2,2,2,2
sciver_val_462,AT,1,3,3,3,3
sciver_val_462,MCr,1,2,2,2,2
sciver_val_462,QLl,1,1,1,1,1
sciver_val_462,QLq,1,2,2,2,2
sciver_val_462,VO,1,1,1,1,1
sciver_val_465,AS,1,2,2,2,2
sciver_val_465,AT,1,3,3,3,3
sciver_val_465,MCr,1,2,2,2,2
sciver_val_465,QLl,1,1,1,1,1
sciver_val_465,QLq,1,1,1,1,1
sciver_val_465,VO,1,1,1,1,1
sciver_val_466,AS,1,3,3,3,3
sciver_val_466,AT,1,3,3,3,3
sciver_val_466,MCr,1,2,2,2,2
sciver_val_466,QLl,1,1,1,1,1
sciver_val_466,QLq,1,2,2,2,2
sciver_val_466,VO,1,2,2,2,2
sciver_val_468,AS,1,3,3,3,3
sciver_val_468,AT,1,3,3,3,3
sciver_val_468,MCr,1,2,2,2,2
sciver_val_468,QLl,1,1,1,1,1
sciver_val_468,QLq,1,2,2,2,2
sciver_val_468,VO,1,1,1,1,1
sciver_val_469,AS,1,3,3,3,3
sciver_val_469,AT,1,3,3,3,3
sciver_val_469,MCr,1,2,2,2,2
sciver_val_469,QLl,1,2,2,2,2
sciver_val_469,QLq,1,3,3,3,3
sciver_val_469,VO,1,2,2,2,2
sciver_val_470,AS,1,2,2,2,2
sciver_val_470,AT,1,3,3,3,3
sciver_val_470,MCr,1,2,2,2,2
sciver_val_470,QLl,1,2,2,2,2
sciver_val_470,QLq,1,2,2,2,2
sciver_val_470,VO,1,1,1,1,1
sciver_val_474,AS,1,2,2,2,2
sciver_val_474,AT,1,3,3,3,3
sciver_val_474,MCr,1,2,2,2,2
sciver_val_474,QLl,1,2,2,2,2
sciver_val_474,QLq,1,3,3,3,3
sciver_val_474,VO,1,1,1,1,1
sciver_val_475,AS,1,3,3,3,3
sciver_val_475,AT,1,4,4,4,4
sciver_val_475,MCr,1,2,2,2,2
sciver_val_475,QLl,1,1,1,1,1
sciver_val_475,QLq,1,2,2,2,2
sciver_val_475,VO,1,2,2,2,2
sciver_val_477,AS,1,3,3,3,3
sciver_val_477,AT,1,4,4,4,4
sciver_val_477,MCr,1,2,2,2,2
sciver_val_477,QLl,1,3,3,3,3
sciver_val_477,QLq,1,2,2,2,2
sciver_val_477,VO,1,2,2,2,2
sciver_val_478,AS,1,2,2,2,2
sciver_val_478,AT,1,3,3,3,3
sciver_val_478,MCr,1,2,2,2,2
sciver_val_478,QLl,1,1,1,1,1
sciver_val_478,QLq,1,2,2,2,2
sciver_val_478,VO,1,1,1,1,1
sciver_val_481,AS,1,3,3,3,3
sciver_val_481,AT,1,3,3,3,3
sciver_val_481,MCr,1,2,2,2,2
sciver_val_481,QLl,1,1,1,1,1
sciver_val_481,QLq,1,2,2,2,2
sciver_val_481,VO,1,2,2,2,2
sciver_val_483,AS,1,3,3,3,3
sciver_val_483,AT,1,3,3,3,3
sciver_val_483,MCr,1,2,2,2,2
sciver_val_483,QLl,1,2,2,2,2
sciver_val_483,QLq,1,2,2,2,2
sciver_val_483,VO,1,1,1,1,1
sciver_val_485,AS,1,2,2,2,2
sciver_val_485,AT,1,3,3,3,3
sciver_val_485,MCr,1,2,2,2,2
sciver_val_485,QLl,1,3,3,3,3
sciver_val_485,QLq,1,2,2,2,2
sciver_val_485,VO,1,2,2,2,2
sciver_val_488,AS,1,3,3,3,3
sciver_val_488,AT,1,3,3,3,3
sciver_val_488,MCr,1,3,3,3,3
sciver_val_488,QLl,1,1,1,1,1
sciver_val_488,QLq,1,2,2,2,2
sciver_val_488,VO,1,2,2,2,2
sciver_val_491,AS,1,3,3,3,3
sciver_val_491,AT,1,3,3,3,3
sciver_val_491,MCr,1,2,2,2,2
sciver_val_491,QLl,1,2,2,2,2
sciver_val_491,QLq,1,2,2,2,2
sciver_val_491,VO,1,1,1,1,1
sciver_val_492,AS,1,3,3,3,3
sciver_val_492,AT,1,3,3,3,3
sciver_val_492,MCr,1,2,2,2,2
sciver_val_492,QLl,1,2,2,2,2
sciver_val_492,QLq,1,3,3,3,3
sciver_val_492,VO,1,1,1,1,1
sciver_val_495,AS,1,3,3,3,3
sciver_val_495,AT,1,3,3,3,3
sciver_val_495,MCr,1,1,1,1,1
sciver_val_495,QLl,1,2,2,2,2
sciver_val_495,QLq,1,3,3,3,3
sciver_val_495,VO,1,2,2,2,2
sciver_val_496,AS,1,2,2,2,2
sciver_val_496,AT,1,4,4,4,4
sciver_val_496,MCr,1,2,2,2,2
sciver_val_496,QLl,1,1,1,1,1
sciver_val_496,QLq,1,2,2,2,2
sciver_val_496,VO,1,1,1,1,1
sciver_val_497,AS,1,2,2,2,2
sciver_val_497,AT,1,3,3,3,3
sciver_val_497,MCr,1,2,2,2,2
sciver_val_497,QLl,1,1,1,1,1
sciver_val_497,QLq,1,2,2,2,2
sciver_val_497,VO,1,1,1,1,1
sciver_val_498,AS,1,2,2,2,2
sciver_val_498,AT,1,3,3,3,3
sciver_val_498,MCr,1,1,1,1,1
sciver_val_498,QLl,1,2,2,2,2
sciver_val_498,QLq,1,2,2,2,2
sciver_val_498,VO,1,1,1,1,1
sciver_val_5,AS,1,2,2,2,2
sciver_val_5,AT,1,3,3,3,3
sciver_val_5,MCr,1,2,2,2,2
sciver_val_5,QLl,1,2,2,2,2
sciver_val_5,QLq,1,2,2,2,2
sciver_val_5,VO,1,1,1,1,1
sciver_val_500,AS,1,3,3,3,3
sciver_val_500,AT,1,3,3,3,3
sciver_val_500,MCr,1,2,2,2,2
sciver_val_500,QLl,1,1,1,1,1
sciver_val_500,QLq,1,2,2,2,2
sciver_val_500,VO,1,2,2,2,2
sciver_val_501,AS,1,3,3,3,3
sciver_val_501,AT,1,4,4,4,4
sciver_val_501,MCr,1,2,2,2,2
sciver_val_501,QLl,1,1,1,1,1
sciver_val_501,QLq,1,3,3,3,3
sciver_val_501,VO,1,2,2,2,2
sciver_val_503,AS,1,2,2,2,2
sciver_val_503,AT,1,3,3,3,3
sciver_val_503,MCr,1,2,2,2,2
sciver_val_503,QLl,1,1,1,1,1
sciver_val_503,QLq,1,2,2,2,2
sciver_val_503,VO,1,1,1,1,1
sciver_val_51,AS,1,3,3,3,3
sciver_val_51,AT,1,4,4,4,4
sciver_val_51,MCr,1,3,3,3,3
sciver_val_51,QLl,1,3,3,3,3
sciver_val_51,QLq,1,3,3,3,3
sciver_val_51,VO,1,2,2,2,2
sciver_val_55,AS,1,2,2,2,2
sciver_val_55,AT,1,3,3,3,3
sciver_val_55,MCr,1,3,3,3,3
sciver_val_55,QLl,1,2,2,2,2
sciver_val_55,QLq,1,2,2,2,2
sciver_val_55,VO,1,1,1,1,1
sciver_val_58,AS,1,3,3,3,3
sciver_val_58,AT,1,4,4,4,4
sciver_val_58,MCr,1,3,3,3,3
sciver_val_58,QLl,1,2,2,2,2
sciver_val_58,QLq,1,3,3,3,3
sciver_val_58,VO,1,2,2,2,2
sciver_val_6,AS,1,2,2,2,2
sciver_val_6,AT,1,3,3,3,3
sciver_val_6,MCr,1,2,2,2,2
sciver_val_6,QLl,1,3,3,3,3
sciver_val_6,QLq,1,3,3,3,3
sciver_val_6,VO,1,1,1,1,1
sciver_val_60,AS,1,2,2,2,2
sciver_val_60,AT,1,3,3,3,3
sciver_val_60,MCr,1,1,1,1,1
sciver_val_60,QLl,1,2,2,2,2
sciver_val_60,QLq,1,2,2,2,2
sciver_val_60,VO,1,1,1,1,1
sciver_val_62,AS,1,3,3,3,3
sciver_val_62,AT,1,3,3,3,3
sciver_val_62,MCr,1,3,3,3,3
sciver_val_62,QLl,1,3,3,3,3
sciver_val_62,QLq,1,2,2,2,2
sciver_val_62,VO,1,2,2,2,2
sciver_val_63,AS,1,3,3,3,3
sciver_val_63,AT,1,4,4,4,4
sciver_val_63,MCr,1,2,2,2,2
sciver_val_63,QLl,1,2,2,2,2
sciver_val_63,QLq,1,3,3,3,3
sciver_val_63,VO,1,1,1,1,1
sciver_val_64,AS,1,2,2,2,2
sciver_val_64,AT,1,4,4,4,4
sciver_val_64,MCr,1,2,2,2,2
sciver_val_64,QLl,1,2,2,2,2
sciver_val_64,QLq,1,1,1,1,1
sciver_val_64,VO,1,1,1,1,1
sciver_val_65,AS,1,3,3,3,3
sciver_val_65,AT,1,4,4,4,4
sciver_val_65,MCr,1,3,3,3,3
sciver_val_65,QLl,1,3,3,3,3
sciver_val_65,QLq,1,3,3,3,3
sciver_val_65,VO,1,2,2,2,2
sciver_val_66,AS,1,3,3,3,3
sciver_val_66,AT,1,3,3,3,3
sciver_val_66,MCr,1,3,3,3,3
sciver_val_66,QLl,1,2,2,2,2
sciver_val_66,QLq,1,3,3,3,3
sciver_val_66,VO,1,1,1,1,1
sciver_val_69,AS,1,2,2,2,2
sciver_val_69,AT,1,3,3,3,3
sciver_val_69,MCr,1,1,1,1,1
sciver_val_69,QLl,1,1,1,1,1
sciver_val_69,QLq,1,2,2,2,2
sciver_val_69,VO,1,1,1,1,1
sciver_val_7,AS,1,3,3,3,3
sciver_val_7,AT,1,3,3,3,3
sciver_val_7,MCr,1,3,3,3,3
sciver_val_7,QLl,1,3,3,3,3
sciver_val_7,QLq,1,3,3,3,3
sciver_val_7,VO,1,2,2,2,2
sciver_val_70,AS,1,2,2,2,2
sciver_val_70,AT,1,3,3,3,3
sciver_val_70,MCr,1,3,3,3,3
sciver_val_70,QLl,1,3,3,3,3
sciver_val_70,QLq,1,3,3,3,3
sciver_val_70,VO,1,2,2,2,2
sciver_val_72,AS,1,3,3,3,3
sciver_val_72,AT,1,3,3,3,3
sciver_val_72,MCr,1,2,2,2,2
sciver_val_72,QLl,1,1,1,1,1
sciver_val_72,QLq,1,2,2,2,2
sciver_val_72,VO,1,2,2,2,2
sciver_val_73,AS,1,2,2,2,2
sciver_val_73,AT,1,3,3,3,3
sciver_val_73,MCr,1,3,3,3,3
sciver_val_73,QLl,1,3,3,3,3
sciver_val_73,QLq,1,2,2,2,2
sciver_val_73,VO,1,1,1,1,1
sciver_val_75,AS,1,2,2,2,2
sciver_val_75,AT,1,4,4,4,4
sciver_val_75,MCr,1,3,3,3,3
sciver_val_75,QLl,1,4,4,4,4
sciver_val_75,QLq,1,3,3,3,3
sciver_val_75,VO,1,2,2,2,2
sciver_val_77,AS,1,3,3,3,3
sciver_val_77,AT,1,3,3,3,3
sciver_val_77,MCr,1,2,2,2,2
sciver_val_77,QLl,1,1,1,1,1
sciver_val_77,QLq,1,3,3,3,3
sciver_val_77,VO,1,1,1,1,1
sciver_val_79,AS,1,3,3,3,3
sciver_val_79,AT,1,3,3,3,3
sciver_val_79,MCr,1,3,3,3,3
sciver_val_79,QLl,1,3,3,3,3
sciver_val_79,QLq,1,3,3,3,3
sciver_val_79,VO,1,2,2,2,2
sciver_val_8,AS,1,2,2,2,2
sciver_val_8,AT,1,3,3,3,3
sciver_val_8,MCr,1,3,3,3,3
sciver_val_8,QLl,1,2,2,2,2
sciver_val_8,QLq,1,2,2,2,2
sciver_val_8,VO,1,2,2,2,2
sciver_val_81,AS,1,3,3,3,3
sciver_val_81,AT,1,3,3,3,3
sciver_val_81,MCr,1,3,3,3,3
sciver_val_81,QLl,1,3,3,3,3
sciver_val_81,QLq,1,3,3,3,3
sciver_val_81,VO,1,2,2,2,2
sciver_val_84,AS,1,3,3,3,3
sciver_val_84,AT,1,4,4,4,4
sciver_val_84,MCr,1,2,2,2,2
sciver_val_84,QLl,1,3,3,3,3
sciver_val_84,QLq,1,3,3,3,3
sciver_val_84,VO,1,2,2,2,2
sciver_val_86,AS,1,3,3,3,3
sciver_val_86,AT,1,3,3,3,3
sciver_val_86,MCr,1,2,2,2,2
sciver_val_86,QLl,1,3,3,3,3
sciver_val_86,QLq,1,3,3,3,3
sciver_val_86,VO,1,2,2,2,2
sciver_val_87,AS,1,3,3,3,3
sciver_val_87,AT,1,3,3,3,3
sciver_val_87,MCr,1,3,3,3,3
sciver_val_87,QLl,1,3,3,3,3
sciver_val_87,QLq,1,1,1,1,1
sciver_val_87,VO,1,2,2,2,2
sciver_val_9,AS,1,2,2,2,2
sciver_val_9,AT,1,4,4,4,4
sciver_val_9,MCr,1,3,3,3,3
sciver_val_9,QLl,1,3,3,3,3
sciver_val_9,QLq,1,3,3,3,3
sciver_val_9,VO,1,2,2,2,2
sciver_val_90,AS,1,3,3,3,3
sciver_val_90,AT,1,4,4,4,4
sciver_val_90,MCr,1,3,3,3,3
sciver_val_90,QLl,1,3,3,3,3
sciver_val_90,QLq,1,3,3,3,3
sciver_val_90,VO,1,2,2,2,2
sciver_val_92,AS,1,3,3,3,3
sciver_val_92,AT,1,3,3,3,3
sciver_val_92,MCr,1,3,3,3,3
sciver_val_92,QLl,1,3,3,3,3
sciver_val_92,QLq,1,2,2,2,2
sciver_val_92,VO,1,2,2,2,2
sciver_val_93,AS,1,3,3,3,3
sciver_val_93,AT,1,4,4,4,4
sciver_val_93,MCr,1,2,2,2,2
sciver_val_93,QLl,1,1,1,1,1
sciver_val_93,QLq,1,2,2,2,2
sciver_val_93,VO,1,2,2,2,2
sciver_val_97,AS,1,2,2,2,2
sciver_val_97,AT,1,3,3,3,3
sciver_val_97,MCr,1,1,1,1,1
sciver_val_97,QLl,1,1,1,1,1
sciver_val_97,QLq,1,2,2,2,2
sciver_val_97,VO,1,2,2,2,2
sciver_val_99,AS,1,3,3,3,3
sciver_val_99,AT,1,3,3,3,3
sciver_val_99,MCr,1,3,3,3,3
sciver_val_99,QLl,1,2,2,2,2
sciver_val_99,QLq,1,2,2,2,2
sciver_val_99,VO,1,2,2,2,2
