candidate_id,kind,n_estimators,max_depth,learning_rate,subsample,colsample_bytree,reg_lambda,reg_alpha,seed,complexity_score,complexity_order,complexity_label,train_top1_hit_rate,validation_top1_hit_rate,top1_hit_rate_gap,train_mean_regret,validation_mean_regret,mean_regret_gap
xgb_n=50_depth=1_lr=0.03_sub=0.8_col=0.8_l2=1.0_l1=0.0,xgboost,50,1,0.03,0.8,0.8,1.0,0.0,215,50.0,1,50 trees d=1,0.577465,0.495935,0.08153,0.18838,0.243902,0.055522
xgb_n=50_depth=1_lr=0.03_sub=0.8_col=0.8_l2=1.0_l1=0.1,xgboost,50,1,0.03,0.8,0.8,1.0,0.1,215,50.0,2,50 trees d=1,0.579225,0.504065,0.07516,0.188028,0.242276,0.054248
xgb_n=50_depth=1_lr=0.03_sub=0.8_col=0.8_l2=5.0_l1=0.0,xgboost,50,1,0.03,0.8,0.8,5.0,0.0,215,50.0,3,50 trees d=1,0.568662,0.504065,0.064597,0.189789,0.239024,0.049235
xgb_n=50_depth=1_lr=0.03_sub=0.8_col=0.8_l2=5.0_l1=0.1,xgboost,50,1,0.03,0.8,0.8,5.0,0.1,215,50.0,4,50 trees d=1,0.565141,0.504065,0.061076,0.194366,0.234146,0.03978
xgb_n=50_depth=1_lr=0.03_sub=0.8_col=0.8_l2=10.0_l1=0.0,xgboost,50,1,0.03,0.8,0.8,10.0,0.0,215,50.0,5,50 trees d=1,0.559859,0.512195,0.047664,0.197535,0.230894,0.033359
xgb_n=50_depth=1_lr=0.03_sub=0.8_col=0.8_l2=10.0_l1=0.1,xgboost,50,1,0.03,0.8,0.8,10.0,0.1,215,50.0,6,50 trees d=1,0.56162,0.512195,0.049425,0.197183,0.230894,0.033711
xgb_n=50_depth=1_lr=0.03_sub=0.8_col=1.0_l2=1.0_l1=0.0,xgboost,50,1,0.03,0.8,1.0,1.0,0.0,215,50.0,7,50 trees d=1,0.588028,0.504065,0.083963,0.178873,0.24065,0.061777
xgb_n=50_depth=1_lr=0.03_sub=0.8_col=1.0_l2=1.0_l1=0.1,xgboost,50,1,0.03,0.8,1.0,1.0,0.1,215,50.0,8,50 trees d=1,0.591549,0.504065,0.087484,0.180634,0.24065,0.060016
xgb_n=50_depth=1_lr=0.03_sub=0.8_col=1.0_l2=5.0_l1=0.0,xgboost,50,1,0.03,0.8,1.0,5.0,0.0,215,50.0,9,50 trees d=1,0.566901,0.495935,0.070966,0.193662,0.239024,0.045362
xgb_n=50_depth=1_lr=0.03_sub=0.8_col=1.0_l2=5.0_l1=0.1,xgboost,50,1,0.03,0.8,1.0,5.0,0.1,215,50.0,10,50 trees d=1,0.572183,0.495935,0.076248,0.192254,0.239024,0.04677
xgb_n=50_depth=1_lr=0.03_sub=0.8_col=1.0_l2=10.0_l1=0.0,xgboost,50,1,0.03,0.8,1.0,10.0,0.0,215,50.0,11,50 trees d=1,0.565141,0.495935,0.069206,0.194718,0.24065,0.045932
xgb_n=50_depth=1_lr=0.03_sub=0.8_col=1.0_l2=10.0_l1=0.1,xgboost,50,1,0.03,0.8,1.0,10.0,0.1,215,50.0,12,50 trees d=1,0.566901,0.495935,0.070966,0.193662,0.24065,0.046988
xgb_n=50_depth=1_lr=0.03_sub=1.0_col=0.8_l2=1.0_l1=0.0,xgboost,50,1,0.03,1.0,0.8,1.0,0.0,215,50.0,13,50 trees d=1,0.566901,0.487805,0.079096,0.198944,0.261789,0.062845
xgb_n=50_depth=1_lr=0.03_sub=1.0_col=0.8_l2=1.0_l1=0.1,xgboost,50,1,0.03,1.0,0.8,1.0,0.1,215,50.0,14,50 trees d=1,0.565141,0.479675,0.085466,0.198944,0.265041,0.066097
xgb_n=50_depth=1_lr=0.03_sub=1.0_col=0.8_l2=5.0_l1=0.0,xgboost,50,1,0.03,1.0,0.8,5.0,0.0,215,50.0,15,50 trees d=1,0.558099,0.504065,0.054034,0.203521,0.243902,0.040381
xgb_n=50_depth=1_lr=0.03_sub=1.0_col=0.8_l2=5.0_l1=0.1,xgboost,50,1,0.03,1.0,0.8,5.0,0.1,215,50.0,16,50 trees d=1,0.56162,0.504065,0.057555,0.201408,0.243902,0.042494
xgb_n=50_depth=1_lr=0.03_sub=1.0_col=0.8_l2=10.0_l1=0.0,xgboost,50,1,0.03,1.0,0.8,10.0,0.0,215,50.0,17,50 trees d=1,0.556338,0.504065,0.052273,0.202817,0.242276,0.039459
xgb_n=50_depth=1_lr=0.03_sub=1.0_col=0.8_l2=10.0_l1=0.1,xgboost,50,1,0.03,1.0,0.8,10.0,0.1,215,50.0,18,50 trees d=1,0.556338,0.504065,0.052273,0.202465,0.242276,0.039811
xgb_n=50_depth=1_lr=0.03_sub=1.0_col=1.0_l2=1.0_l1=0.0,xgboost,50,1,0.03,1.0,1.0,1.0,0.0,215,50.0,19,50 trees d=1,0.568662,0.479675,0.088987,0.198944,0.265041,0.066097
xgb_n=50_depth=1_lr=0.03_sub=1.0_col=1.0_l2=1.0_l1=0.1,xgboost,50,1,0.03,1.0,1.0,1.0,0.1,215,50.0,20,50 trees d=1,0.570423,0.487805,0.082618,0.196831,0.261789,0.064958
xgb_n=50_depth=1_lr=0.03_sub=1.0_col=1.0_l2=5.0_l1=0.0,xgboost,50,1,0.03,1.0,1.0,5.0,0.0,215,50.0,21,50 trees d=1,0.558099,0.495935,0.062164,0.202817,0.250407,0.04759
xgb_n=50_depth=1_lr=0.03_sub=1.0_col=1.0_l2=5.0_l1=0.1,xgboost,50,1,0.03,1.0,1.0,5.0,0.1,215,50.0,22,50 trees d=1,0.559859,0.504065,0.055794,0.201056,0.243902,0.042846
xgb_n=50_depth=1_lr=0.03_sub=1.0_col=1.0_l2=10.0_l1=0.0,xgboost,50,1,0.03,1.0,1.0,10.0,0.0,215,50.0,23,50 trees d=1,0.558099,0.504065,0.054034,0.201408,0.242276,0.040868
xgb_n=50_depth=1_lr=0.03_sub=1.0_col=1.0_l2=10.0_l1=0.1,xgboost,50,1,0.03,1.0,1.0,10.0,0.1,215,50.0,24,50 trees d=1,0.554577,0.504065,0.050512,0.2,0.242276,0.042276
xgb_n=50_depth=1_lr=0.05_sub=0.8_col=0.8_l2=1.0_l1=0.0,xgboost,50,1,0.05,0.8,0.8,1.0,0.0,215,50.0,25,50 trees d=1,0.603873,0.495935,0.107938,0.169366,0.247154,0.077788
xgb_n=50_depth=1_lr=0.05_sub=0.8_col=0.8_l2=1.0_l1=0.1,xgboost,50,1,0.05,0.8,0.8,1.0,0.1,215,50.0,26,50 trees d=1,0.603873,0.504065,0.099808,0.167958,0.243902,0.075944
xgb_n=50_depth=1_lr=0.05_sub=0.8_col=0.8_l2=5.0_l1=0.0,xgboost,50,1,0.05,0.8,0.8,5.0,0.0,215,50.0,27,50 trees d=1,0.596831,0.504065,0.092766,0.169366,0.243902,0.074536
xgb_n=50_depth=1_lr=0.05_sub=0.8_col=0.8_l2=5.0_l1=0.1,xgboost,50,1,0.05,0.8,0.8,5.0,0.1,215,50.0,28,50 trees d=1,0.598592,0.512195,0.086397,0.168662,0.242276,0.073614
xgb_n=50_depth=1_lr=0.05_sub=0.8_col=0.8_l2=10.0_l1=0.0,xgboost,50,1,0.05,0.8,0.8,10.0,0.0,215,50.0,29,50 trees d=1,0.579225,0.528455,0.05077,0.176056,0.226016,0.04996
xgb_n=50_depth=1_lr=0.05_sub=0.8_col=0.8_l2=10.0_l1=0.1,xgboost,50,1,0.05,0.8,0.8,10.0,0.1,215,50.0,30,50 trees d=1,0.577465,0.528455,0.04901,0.177817,0.226016,0.048199
xgb_n=50_depth=1_lr=0.05_sub=0.8_col=1.0_l2=1.0_l1=0.0,xgboost,50,1,0.05,0.8,1.0,1.0,0.0,215,50.0,31,50 trees d=1,0.602113,0.504065,0.098048,0.167254,0.245528,0.078274
xgb_n=50_depth=1_lr=0.05_sub=0.8_col=1.0_l2=1.0_l1=0.1,xgboost,50,1,0.05,0.8,1.0,1.0,0.1,215,50.0,32,50 trees d=1,0.596831,0.495935,0.100896,0.170775,0.245528,0.074753
xgb_n=50_depth=1_lr=0.05_sub=0.8_col=1.0_l2=5.0_l1=0.0,xgboost,50,1,0.05,0.8,1.0,5.0,0.0,215,50.0,33,50 trees d=1,0.591549,0.487805,0.103744,0.171831,0.253659,0.081828
xgb_n=50_depth=1_lr=0.05_sub=0.8_col=1.0_l2=5.0_l1=0.1,xgboost,50,1,0.05,0.8,1.0,5.0,0.1,215,50.0,34,50 trees d=1,0.598592,0.495935,0.102657,0.169366,0.242276,0.07291
xgb_n=50_depth=1_lr=0.05_sub=0.8_col=1.0_l2=10.0_l1=0.0,xgboost,50,1,0.05,0.8,1.0,10.0,0.0,215,50.0,35,50 trees d=1,0.577465,0.495935,0.08153,0.177113,0.242276,0.065163
xgb_n=50_depth=1_lr=0.05_sub=0.8_col=1.0_l2=10.0_l1=0.1,xgboost,50,1,0.05,0.8,1.0,10.0,0.1,215,50.0,36,50 trees d=1,0.579225,0.487805,0.09142,0.173944,0.243902,0.069958
xgb_n=50_depth=1_lr=0.05_sub=1.0_col=0.8_l2=1.0_l1=0.0,xgboost,50,1,0.05,1.0,0.8,1.0,0.0,215,50.0,37,50 trees d=1,0.59507,0.495935,0.099135,0.175,0.258537,0.083537
xgb_n=50_depth=1_lr=0.05_sub=1.0_col=0.8_l2=1.0_l1=0.1,xgboost,50,1,0.05,1.0,0.8,1.0,0.1,215,50.0,38,50 trees d=1,0.59331,0.504065,0.089245,0.178169,0.252033,0.073864
xgb_n=50_depth=1_lr=0.05_sub=1.0_col=0.8_l2=5.0_l1=0.0,xgboost,50,1,0.05,1.0,0.8,5.0,0.0,215,50.0,39,50 trees d=1,0.582746,0.487805,0.094941,0.178169,0.253659,0.07549
xgb_n=50_depth=1_lr=0.05_sub=1.0_col=0.8_l2=5.0_l1=0.1,xgboost,50,1,0.05,1.0,0.8,5.0,0.1,215,50.0,40,50 trees d=1,0.586268,0.487805,0.098463,0.175352,0.253659,0.078307
xgb_n=50_depth=1_lr=0.05_sub=1.0_col=0.8_l2=10.0_l1=0.0,xgboost,50,1,0.05,1.0,0.8,10.0,0.0,215,50.0,41,50 trees d=1,0.586268,0.479675,0.106593,0.176056,0.255285,0.079229
xgb_n=50_depth=1_lr=0.05_sub=1.0_col=0.8_l2=10.0_l1=0.1,xgboost,50,1,0.05,1.0,0.8,10.0,0.1,215,50.0,42,50 trees d=1,0.586268,0.487805,0.098463,0.177817,0.24878,0.070963
xgb_n=50_depth=1_lr=0.05_sub=1.0_col=1.0_l2=1.0_l1=0.0,xgboost,50,1,0.05,1.0,1.0,1.0,0.0,215,50.0,43,50 trees d=1,0.596831,0.512195,0.084636,0.176056,0.24878,0.072724
xgb_n=50_depth=1_lr=0.05_sub=1.0_col=1.0_l2=1.0_l1=0.1,xgboost,50,1,0.05,1.0,1.0,1.0,0.1,215,50.0,44,50 trees d=1,0.59331,0.504065,0.089245,0.177113,0.252033,0.07492
xgb_n=50_depth=1_lr=0.05_sub=1.0_col=1.0_l2=5.0_l1=0.0,xgboost,50,1,0.05,1.0,1.0,5.0,0.0,215,50.0,45,50 trees d=1,0.573944,0.487805,0.086139,0.182042,0.253659,0.071617
xgb_n=50_depth=1_lr=0.05_sub=1.0_col=1.0_l2=5.0_l1=0.1,xgboost,50,1,0.05,1.0,1.0,5.0,0.1,215,50.0,46,50 trees d=1,0.577465,0.487805,0.08966,0.179225,0.253659,0.074434
xgb_n=50_depth=1_lr=0.05_sub=1.0_col=1.0_l2=10.0_l1=0.0,xgboost,50,1,0.05,1.0,1.0,10.0,0.0,215,50.0,47,50 trees d=1,0.579225,0.463415,0.11581,0.178873,0.266667,0.087794
xgb_n=50_depth=1_lr=0.05_sub=1.0_col=1.0_l2=10.0_l1=0.1,xgboost,50,1,0.05,1.0,1.0,10.0,0.1,215,50.0,48,50 trees d=1,0.586268,0.479675,0.106593,0.177817,0.255285,0.077468
xgb_n=50_depth=1_lr=0.1_sub=0.8_col=0.8_l2=1.0_l1=0.0,xgboost,50,1,0.1,0.8,0.8,1.0,0.0,215,50.0,49,50 trees d=1,0.632042,0.504065,0.127977,0.152465,0.235772,0.083307
xgb_n=50_depth=1_lr=0.1_sub=0.8_col=0.8_l2=1.0_l1=0.1,xgboost,50,1,0.1,0.8,0.8,1.0,0.1,215,50.0,50,50 trees d=1,0.633803,0.504065,0.129738,0.150704,0.235772,0.085068
xgb_n=50_depth=1_lr=0.1_sub=0.8_col=0.8_l2=5.0_l1=0.0,xgboost,50,1,0.1,0.8,0.8,5.0,0.0,215,50.0,51,50 trees d=1,0.612676,0.479675,0.133001,0.158099,0.250407,0.092308
xgb_n=50_depth=1_lr=0.1_sub=0.8_col=0.8_l2=5.0_l1=0.1,xgboost,50,1,0.1,0.8,0.8,5.0,0.1,215,50.0,52,50 trees d=1,0.609155,0.495935,0.11322,0.160563,0.234146,0.073583
xgb_n=50_depth=1_lr=0.1_sub=0.8_col=0.8_l2=10.0_l1=0.0,xgboost,50,1,0.1,0.8,0.8,10.0,0.0,215,50.0,53,50 trees d=1,0.616197,0.504065,0.112132,0.149648,0.226016,0.076368
xgb_n=50_depth=1_lr=0.1_sub=0.8_col=0.8_l2=10.0_l1=0.1,xgboost,50,1,0.1,0.8,0.8,10.0,0.1,215,50.0,54,50 trees d=1,0.616197,0.504065,0.112132,0.149648,0.226016,0.076368
xgb_n=50_depth=1_lr=0.1_sub=0.8_col=1.0_l2=1.0_l1=0.0,xgboost,50,1,0.1,0.8,1.0,1.0,0.0,215,50.0,55,50 trees d=1,0.651408,0.479675,0.171733,0.139437,0.250407,0.11097
xgb_n=50_depth=1_lr=0.1_sub=0.8_col=1.0_l2=1.0_l1=0.1,xgboost,50,1,0.1,0.8,1.0,1.0,0.1,215,50.0,56,50 trees d=1,0.640845,0.504065,0.13678,0.144718,0.234146,0.089428
xgb_n=50_depth=1_lr=0.1_sub=0.8_col=1.0_l2=5.0_l1=0.0,xgboost,50,1,0.1,0.8,1.0,5.0,0.0,215,50.0,57,50 trees d=1,0.637324,0.479675,0.157649,0.143662,0.255285,0.111623
xgb_n=50_depth=1_lr=0.1_sub=0.8_col=1.0_l2=5.0_l1=0.1,xgboost,50,1,0.1,0.8,1.0,5.0,0.1,215,50.0,58,50 trees d=1,0.637324,0.430894,0.20643,0.141549,0.274797,0.133248
xgb_n=50_depth=1_lr=0.1_sub=0.8_col=1.0_l2=10.0_l1=0.0,xgboost,50,1,0.1,0.8,1.0,10.0,0.0,215,50.0,59,50 trees d=1,0.632042,0.479675,0.152367,0.145423,0.237398,0.091975
xgb_n=50_depth=1_lr=0.1_sub=0.8_col=1.0_l2=10.0_l1=0.1,xgboost,50,1,0.1,0.8,1.0,10.0,0.1,215,50.0,60,50 trees d=1,0.632042,0.487805,0.144237,0.144718,0.237398,0.09268
xgb_n=50_depth=1_lr=0.1_sub=1.0_col=0.8_l2=1.0_l1=0.0,xgboost,50,1,0.1,1.0,0.8,1.0,0.0,215,50.0,61,50 trees d=1,0.619718,0.495935,0.123783,0.155282,0.245528,0.090246
xgb_n=50_depth=1_lr=0.1_sub=1.0_col=0.8_l2=1.0_l1=0.1,xgboost,50,1,0.1,1.0,0.8,1.0,0.1,215,50.0,62,50 trees d=1,0.614437,0.479675,0.134762,0.154577,0.261789,0.107212
xgb_n=50_depth=1_lr=0.1_sub=1.0_col=0.8_l2=5.0_l1=0.0,xgboost,50,1,0.1,1.0,0.8,5.0,0.0,215,50.0,63,50 trees d=1,0.612676,0.495935,0.116741,0.155986,0.24878,0.092794
xgb_n=50_depth=1_lr=0.1_sub=1.0_col=0.8_l2=5.0_l1=0.1,xgboost,50,1,0.1,1.0,0.8,5.0,0.1,215,50.0,64,50 trees d=1,0.603873,0.495935,0.107938,0.160563,0.252033,0.09147
xgb_n=50_depth=1_lr=0.1_sub=1.0_col=0.8_l2=10.0_l1=0.0,xgboost,50,1,0.1,1.0,0.8,10.0,0.0,215,50.0,65,50 trees d=1,0.609155,0.487805,0.12135,0.157746,0.247154,0.089408
xgb_n=50_depth=1_lr=0.1_sub=1.0_col=0.8_l2=10.0_l1=0.1,xgboost,50,1,0.1,1.0,0.8,10.0,0.1,215,50.0,66,50 trees d=1,0.612676,0.479675,0.133001,0.153873,0.252033,0.09816
xgb_n=50_depth=1_lr=0.1_sub=1.0_col=1.0_l2=1.0_l1=0.0,xgboost,50,1,0.1,1.0,1.0,1.0,0.0,215,50.0,67,50 trees d=1,0.633803,0.495935,0.137868,0.149648,0.255285,0.105637
xgb_n=50_depth=1_lr=0.1_sub=1.0_col=1.0_l2=1.0_l1=0.1,xgboost,50,1,0.1,1.0,1.0,1.0,0.1,215,50.0,68,50 trees d=1,0.619718,0.495935,0.123783,0.153873,0.256911,0.103038
xgb_n=50_depth=1_lr=0.1_sub=1.0_col=1.0_l2=5.0_l1=0.0,xgboost,50,1,0.1,1.0,1.0,5.0,0.0,215,50.0,69,50 trees d=1,0.610915,0.495935,0.11498,0.157746,0.250407,0.092661
xgb_n=50_depth=1_lr=0.1_sub=1.0_col=1.0_l2=5.0_l1=0.1,xgboost,50,1,0.1,1.0,1.0,5.0,0.1,215,50.0,70,50 trees d=1,0.596831,0.479675,0.117156,0.164085,0.261789,0.097704
xgb_n=50_depth=1_lr=0.1_sub=1.0_col=1.0_l2=10.0_l1=0.0,xgboost,50,1,0.1,1.0,1.0,10.0,0.0,215,50.0,71,50 trees d=1,0.603873,0.487805,0.116068,0.161268,0.250407,0.089139
xgb_n=50_depth=1_lr=0.1_sub=1.0_col=1.0_l2=10.0_l1=0.1,xgboost,50,1,0.1,1.0,1.0,10.0,0.1,215,50.0,72,50 trees d=1,0.605634,0.479675,0.125959,0.160563,0.252033,0.09147
xgb_n=50_depth=2_lr=0.03_sub=0.8_col=0.8_l2=1.0_l1=0.0,xgboost,50,2,0.03,0.8,0.8,1.0,0.0,215,100.0,73,50 trees d=2,0.667254,0.479675,0.187579,0.128873,0.250407,0.121534
xgb_n=50_depth=2_lr=0.03_sub=0.8_col=0.8_l2=1.0_l1=0.1,xgboost,50,2,0.03,0.8,0.8,1.0,0.1,215,100.0,74,50 trees d=2,0.65669,0.471545,0.185145,0.131338,0.250407,0.119069
xgb_n=50_depth=2_lr=0.03_sub=0.8_col=0.8_l2=5.0_l1=0.0,xgboost,50,2,0.03,0.8,0.8,5.0,0.0,215,100.0,75,50 trees d=2,0.644366,0.479675,0.164691,0.140141,0.24878,0.108639
xgb_n=50_depth=2_lr=0.03_sub=0.8_col=0.8_l2=5.0_l1=0.1,xgboost,50,2,0.03,0.8,0.8,5.0,0.1,215,100.0,76,50 trees d=2,0.642606,0.463415,0.179191,0.141901,0.258537,0.116636
xgb_n=50_depth=2_lr=0.03_sub=0.8_col=0.8_l2=10.0_l1=0.0,xgboost,50,2,0.03,0.8,0.8,10.0,0.0,215,100.0,77,50 trees d=2,0.649648,0.471545,0.178103,0.137324,0.252033,0.114709
xgb_n=50_depth=2_lr=0.03_sub=0.8_col=0.8_l2=10.0_l1=0.1,xgboost,50,2,0.03,0.8,0.8,10.0,0.1,215,100.0,78,50 trees d=2,0.65493,0.487805,0.167125,0.134507,0.242276,0.107769
xgb_n=50_depth=2_lr=0.03_sub=0.8_col=1.0_l2=1.0_l1=0.0,xgboost,50,2,0.03,0.8,1.0,1.0,0.0,215,100.0,79,50 trees d=2,0.672535,0.487805,0.18473,0.124648,0.250407,0.125759
xgb_n=50_depth=2_lr=0.03_sub=0.8_col=1.0_l2=1.0_l1=0.1,xgboost,50,2,0.03,0.8,1.0,1.0,0.1,215,100.0,80,50 trees d=2,0.674296,0.479675,0.194621,0.123239,0.252033,0.128794
xgb_n=50_depth=2_lr=0.03_sub=0.8_col=1.0_l2=5.0_l1=0.0,xgboost,50,2,0.03,0.8,1.0,5.0,0.0,215,100.0,81,50 trees d=2,0.65669,0.455285,0.201405,0.133803,0.263415,0.129612
xgb_n=50_depth=2_lr=0.03_sub=0.8_col=1.0_l2=5.0_l1=0.1,xgboost,50,2,0.03,0.8,1.0,5.0,0.1,215,100.0,82,50 trees d=2,0.669014,0.455285,0.213729,0.125352,0.260163,0.134811
xgb_n=50_depth=2_lr=0.03_sub=0.8_col=1.0_l2=10.0_l1=0.0,xgboost,50,2,0.03,0.8,1.0,10.0,0.0,215,100.0,83,50 trees d=2,0.647887,0.463415,0.184472,0.140141,0.261789,0.121648
xgb_n=50_depth=2_lr=0.03_sub=0.8_col=1.0_l2=10.0_l1=0.1,xgboost,50,2,0.03,0.8,1.0,10.0,0.1,215,100.0,84,50 trees d=2,0.647887,0.479675,0.168212,0.13838,0.253659,0.115279
xgb_n=50_depth=2_lr=0.03_sub=1.0_col=0.8_l2=1.0_l1=0.0,xgboost,50,2,0.03,1.0,0.8,1.0,0.0,215,100.0,85,50 trees d=2,0.646127,0.479675,0.166452,0.139789,0.269919,0.13013
xgb_n=50_depth=2_lr=0.03_sub=1.0_col=0.8_l2=1.0_l1=0.1,xgboost,50,2,0.03,1.0,0.8,1.0,0.1,215,100.0,86,50 trees d=2,0.647887,0.479675,0.168212,0.138732,0.273171,0.134439
xgb_n=50_depth=2_lr=0.03_sub=1.0_col=0.8_l2=5.0_l1=0.0,xgboost,50,2,0.03,1.0,0.8,5.0,0.0,215,100.0,87,50 trees d=2,0.639085,0.471545,0.16754,0.141197,0.274797,0.1336
xgb_n=50_depth=2_lr=0.03_sub=1.0_col=0.8_l2=5.0_l1=0.1,xgboost,50,2,0.03,1.0,0.8,5.0,0.1,215,100.0,88,50 trees d=2,0.653169,0.479675,0.173494,0.135563,0.273171,0.137608
xgb_n=50_depth=2_lr=0.03_sub=1.0_col=0.8_l2=10.0_l1=0.0,xgboost,50,2,0.03,1.0,0.8,10.0,0.0,215,100.0,89,50 trees d=2,0.644366,0.487805,0.156561,0.138028,0.265041,0.127013
xgb_n=50_depth=2_lr=0.03_sub=1.0_col=0.8_l2=10.0_l1=0.1,xgboost,50,2,0.03,1.0,0.8,10.0,0.1,215,100.0,90,50 trees d=2,0.647887,0.463415,0.184472,0.13662,0.274797,0.138177
xgb_n=50_depth=2_lr=0.03_sub=1.0_col=1.0_l2=1.0_l1=0.0,xgboost,50,2,0.03,1.0,1.0,1.0,0.0,215,100.0,91,50 trees d=2,0.65493,0.487805,0.167125,0.135563,0.265041,0.129478
xgb_n=50_depth=2_lr=0.03_sub=1.0_col=1.0_l2=1.0_l1=0.1,xgboost,50,2,0.03,1.0,1.0,1.0,0.1,215,100.0,92,50 trees d=2,0.647887,0.463415,0.184472,0.137324,0.276423,0.139099
xgb_n=50_depth=2_lr=0.03_sub=1.0_col=1.0_l2=5.0_l1=0.0,xgboost,50,2,0.03,1.0,1.0,5.0,0.0,215,100.0,93,50 trees d=2,0.644366,0.479675,0.164691,0.140493,0.273171,0.132678
xgb_n=50_depth=2_lr=0.03_sub=1.0_col=1.0_l2=5.0_l1=0.1,xgboost,50,2,0.03,1.0,1.0,5.0,0.1,215,100.0,94,50 trees d=2,0.640845,0.479675,0.16117,0.140845,0.271545,0.1307
xgb_n=50_depth=2_lr=0.03_sub=1.0_col=1.0_l2=10.0_l1=0.0,xgboost,50,2,0.03,1.0,1.0,10.0,0.0,215,100.0,95,50 trees d=2,0.647887,0.479675,0.168212,0.135915,0.268293,0.132378
xgb_n=50_depth=2_lr=0.03_sub=1.0_col=1.0_l2=10.0_l1=0.1,xgboost,50,2,0.03,1.0,1.0,10.0,0.1,215,100.0,96,50 trees d=2,0.644366,0.471545,0.172821,0.137676,0.269919,0.132243
xgb_n=50_depth=2_lr=0.05_sub=0.8_col=0.8_l2=1.0_l1=0.0,xgboost,50,2,0.05,0.8,0.8,1.0,0.0,215,100.0,97,50 trees d=2,0.711268,0.479675,0.231593,0.104577,0.253659,0.149082
xgb_n=50_depth=2_lr=0.05_sub=0.8_col=0.8_l2=1.0_l1=0.1,xgboost,50,2,0.05,0.8,0.8,1.0,0.1,215,100.0,98,50 trees d=2,0.72007,0.455285,0.264785,0.101056,0.268293,0.167237
xgb_n=50_depth=2_lr=0.05_sub=0.8_col=0.8_l2=5.0_l1=0.0,xgboost,50,2,0.05,0.8,0.8,5.0,0.0,215,100.0,99,50 trees d=2,0.695423,0.479675,0.215748,0.110563,0.242276,0.131713
xgb_n=50_depth=2_lr=0.05_sub=0.8_col=0.8_l2=5.0_l1=0.1,xgboost,50,2,0.05,0.8,0.8,5.0,0.1,215,100.0,100,50 trees d=2,0.697183,0.479675,0.217508,0.108451,0.250407,0.141956
xgb_n=50_depth=2_lr=0.05_sub=0.8_col=0.8_l2=10.0_l1=0.0,xgboost,50,2,0.05,0.8,0.8,10.0,0.0,215,100.0,101,50 trees d=2,0.684859,0.479675,0.205184,0.115845,0.239024,0.123179
xgb_n=50_depth=2_lr=0.05_sub=0.8_col=0.8_l2=10.0_l1=0.1,xgboost,50,2,0.05,0.8,0.8,10.0,0.1,215,100.0,102,50 trees d=2,0.68662,0.487805,0.198815,0.116549,0.24878,0.132231
xgb_n=50_depth=2_lr=0.05_sub=0.8_col=1.0_l2=1.0_l1=0.0,xgboost,50,2,0.05,0.8,1.0,1.0,0.0,215,100.0,103,50 trees d=2,0.704225,0.463415,0.24081,0.105282,0.253659,0.148377
xgb_n=50_depth=2_lr=0.05_sub=0.8_col=1.0_l2=1.0_l1=0.1,xgboost,50,2,0.05,0.8,1.0,1.0,0.1,215,100.0,104,50 trees d=2,0.714789,0.479675,0.235114,0.100352,0.250407,0.150055
xgb_n=50_depth=2_lr=0.05_sub=0.8_col=1.0_l2=5.0_l1=0.0,xgboost,50,2,0.05,0.8,1.0,5.0,0.0,215,100.0,105,50 trees d=2,0.707746,0.455285,0.252461,0.102113,0.258537,0.156424
xgb_n=50_depth=2_lr=0.05_sub=0.8_col=1.0_l2=5.0_l1=0.1,xgboost,50,2,0.05,0.8,1.0,5.0,0.1,215,100.0,106,50 trees d=2,0.709507,0.471545,0.237962,0.105634,0.253659,0.148025
xgb_n=50_depth=2_lr=0.05_sub=0.8_col=1.0_l2=10.0_l1=0.0,xgboost,50,2,0.05,0.8,1.0,10.0,0.0,215,100.0,107,50 trees d=2,0.698944,0.447154,0.25179,0.107394,0.263415,0.156021
xgb_n=50_depth=2_lr=0.05_sub=0.8_col=1.0_l2=10.0_l1=0.1,xgboost,50,2,0.05,0.8,1.0,10.0,0.1,215,100.0,108,50 trees d=2,0.681338,0.471545,0.209793,0.116549,0.250407,0.133858
xgb_n=50_depth=2_lr=0.05_sub=1.0_col=0.8_l2=1.0_l1=0.0,xgboost,50,2,0.05,1.0,0.8,1.0,0.0,215,100.0,109,50 trees d=2,0.693662,0.463415,0.230247,0.114789,0.276423,0.161634
xgb_n=50_depth=2_lr=0.05_sub=1.0_col=0.8_l2=1.0_l1=0.1,xgboost,50,2,0.05,1.0,0.8,1.0,0.1,215,100.0,110,50 trees d=2,0.690141,0.439024,0.251117,0.114085,0.291057,0.176972
xgb_n=50_depth=2_lr=0.05_sub=1.0_col=0.8_l2=5.0_l1=0.0,xgboost,50,2,0.05,1.0,0.8,5.0,0.0,215,100.0,111,50 trees d=2,0.681338,0.487805,0.193533,0.115845,0.266667,0.150822
xgb_n=50_depth=2_lr=0.05_sub=1.0_col=0.8_l2=5.0_l1=0.1,xgboost,50,2,0.05,1.0,0.8,5.0,0.1,215,100.0,112,50 trees d=2,0.683099,0.471545,0.211554,0.11162,0.278049,0.166429
xgb_n=50_depth=2_lr=0.05_sub=1.0_col=0.8_l2=10.0_l1=0.0,xgboost,50,2,0.05,1.0,0.8,10.0,0.0,215,100.0,113,50 trees d=2,0.677817,0.471545,0.206272,0.116197,0.274797,0.1586
xgb_n=50_depth=2_lr=0.05_sub=1.0_col=0.8_l2=10.0_l1=0.1,xgboost,50,2,0.05,1.0,0.8,10.0,0.1,215,100.0,114,50 trees d=2,0.683099,0.487805,0.195294,0.116901,0.276423,0.159522
xgb_n=50_depth=2_lr=0.05_sub=1.0_col=1.0_l2=1.0_l1=0.0,xgboost,50,2,0.05,1.0,1.0,1.0,0.0,215,100.0,115,50 trees d=2,0.684859,0.430894,0.253965,0.114437,0.299187,0.18475
xgb_n=50_depth=2_lr=0.05_sub=1.0_col=1.0_l2=1.0_l1=0.1,xgboost,50,2,0.05,1.0,1.0,1.0,0.1,215,100.0,116,50 trees d=2,0.693662,0.447154,0.246508,0.110563,0.282927,0.172364
xgb_n=50_depth=2_lr=0.05_sub=1.0_col=1.0_l2=5.0_l1=0.0,xgboost,50,2,0.05,1.0,1.0,5.0,0.0,215,100.0,117,50 trees d=2,0.677817,0.447154,0.230663,0.114789,0.291057,0.176268
xgb_n=50_depth=2_lr=0.05_sub=1.0_col=1.0_l2=5.0_l1=0.1,xgboost,50,2,0.05,1.0,1.0,5.0,0.1,215,100.0,118,50 trees d=2,0.684859,0.455285,0.229574,0.112676,0.291057,0.178381
xgb_n=50_depth=2_lr=0.05_sub=1.0_col=1.0_l2=10.0_l1=0.0,xgboost,50,2,0.05,1.0,1.0,10.0,0.0,215,100.0,119,50 trees d=2,0.669014,0.471545,0.197469,0.120775,0.274797,0.154022
xgb_n=50_depth=2_lr=0.05_sub=1.0_col=1.0_l2=10.0_l1=0.1,xgboost,50,2,0.05,1.0,1.0,10.0,0.1,215,100.0,120,50 trees d=2,0.674296,0.463415,0.210881,0.117958,0.281301,0.163343
xgb_n=50_depth=2_lr=0.1_sub=0.8_col=0.8_l2=1.0_l1=0.0,xgboost,50,2,0.1,0.8,0.8,1.0,0.0,215,100.0,121,50 trees d=2,0.764085,0.455285,0.3088,0.077113,0.256911,0.179798
xgb_n=50_depth=2_lr=0.1_sub=0.8_col=0.8_l2=1.0_l1=0.1,xgboost,50,2,0.1,0.8,0.8,1.0,0.1,215,100.0,122,50 trees d=2,0.760563,0.471545,0.289018,0.075704,0.243902,0.168198
xgb_n=50_depth=2_lr=0.1_sub=0.8_col=0.8_l2=5.0_l1=0.0,xgboost,50,2,0.1,0.8,0.8,5.0,0.0,215,100.0,123,50 trees d=2,0.767606,0.430894,0.336712,0.078169,0.266667,0.188498
xgb_n=50_depth=2_lr=0.1_sub=0.8_col=0.8_l2=5.0_l1=0.1,xgboost,50,2,0.1,0.8,0.8,5.0,0.1,215,100.0,124,50 trees d=2,0.765845,0.455285,0.31056,0.075704,0.258537,0.182833
xgb_n=50_depth=2_lr=0.1_sub=0.8_col=0.8_l2=10.0_l1=0.0,xgboost,50,2,0.1,0.8,0.8,10.0,0.0,215,100.0,125,50 trees d=2,0.760563,0.463415,0.297148,0.077817,0.252033,0.174216
xgb_n=50_depth=2_lr=0.1_sub=0.8_col=0.8_l2=10.0_l1=0.1,xgboost,50,2,0.1,0.8,0.8,10.0,0.1,215,100.0,126,50 trees d=2,0.762324,0.455285,0.307039,0.077817,0.258537,0.18072
xgb_n=50_depth=2_lr=0.1_sub=0.8_col=1.0_l2=1.0_l1=0.0,xgboost,50,2,0.1,0.8,1.0,1.0,0.0,215,100.0,127,50 trees d=2,0.765845,0.495935,0.26991,0.078169,0.243902,0.165733
xgb_n=50_depth=2_lr=0.1_sub=0.8_col=1.0_l2=1.0_l1=0.1,xgboost,50,2,0.1,0.8,1.0,1.0,0.1,215,100.0,128,50 trees d=2,0.776408,0.479675,0.296733,0.076056,0.261789,0.185733
xgb_n=50_depth=2_lr=0.1_sub=0.8_col=1.0_l2=5.0_l1=0.0,xgboost,50,2,0.1,0.8,1.0,5.0,0.0,215,100.0,129,50 trees d=2,0.764085,0.463415,0.30067,0.076408,0.258537,0.182129
xgb_n=50_depth=2_lr=0.1_sub=0.8_col=1.0_l2=5.0_l1=0.1,xgboost,50,2,0.1,0.8,1.0,5.0,0.1,215,100.0,130,50 trees d=2,0.764085,0.479675,0.28441,0.079577,0.258537,0.17896
xgb_n=50_depth=2_lr=0.1_sub=0.8_col=1.0_l2=10.0_l1=0.0,xgboost,50,2,0.1,0.8,1.0,10.0,0.0,215,100.0,131,50 trees d=2,0.769366,0.479675,0.289691,0.072535,0.247154,0.174619
xgb_n=50_depth=2_lr=0.1_sub=0.8_col=1.0_l2=10.0_l1=0.1,xgboost,50,2,0.1,0.8,1.0,10.0,0.1,215,100.0,132,50 trees d=2,0.751761,0.487805,0.263956,0.077465,0.252033,0.174568
xgb_n=50_depth=2_lr=0.1_sub=1.0_col=0.8_l2=1.0_l1=0.0,xgboost,50,2,0.1,1.0,0.8,1.0,0.0,215,100.0,133,50 trees d=2,0.75,0.447154,0.302846,0.082746,0.266667,0.183921
xgb_n=50_depth=2_lr=0.1_sub=1.0_col=0.8_l2=1.0_l1=0.1,xgboost,50,2,0.1,1.0,0.8,1.0,0.1,215,100.0,134,50 trees d=2,0.772887,0.439024,0.333863,0.072887,0.289431,0.216544
xgb_n=50_depth=2_lr=0.1_sub=1.0_col=0.8_l2=5.0_l1=0.0,xgboost,50,2,0.1,1.0,0.8,5.0,0.0,215,100.0,135,50 trees d=2,0.758803,0.463415,0.295388,0.077113,0.271545,0.194432
xgb_n=50_depth=2_lr=0.1_sub=1.0_col=0.8_l2=5.0_l1=0.1,xgboost,50,2,0.1,1.0,0.8,5.0,0.1,215,100.0,136,50 trees d=2,0.742958,0.471545,0.271413,0.08169,0.250407,0.168717
xgb_n=50_depth=2_lr=0.1_sub=1.0_col=0.8_l2=10.0_l1=0.0,xgboost,50,2,0.1,1.0,0.8,10.0,0.0,215,100.0,137,50 trees d=2,0.762324,0.463415,0.298909,0.076056,0.263415,0.187359
xgb_n=50_depth=2_lr=0.1_sub=1.0_col=0.8_l2=10.0_l1=0.1,xgboost,50,2,0.1,1.0,0.8,10.0,0.1,215,100.0,138,50 trees d=2,0.727113,0.455285,0.271828,0.08662,0.266667,0.180047
xgb_n=50_depth=2_lr=0.1_sub=1.0_col=1.0_l2=1.0_l1=0.0,xgboost,50,2,0.1,1.0,1.0,1.0,0.0,215,100.0,139,50 trees d=2,0.742958,0.447154,0.295804,0.084155,0.284553,0.200398
xgb_n=50_depth=2_lr=0.1_sub=1.0_col=1.0_l2=1.0_l1=0.1,xgboost,50,2,0.1,1.0,1.0,1.0,0.1,215,100.0,140,50 trees d=2,0.764085,0.471545,0.29254,0.072887,0.268293,0.195406
xgb_n=50_depth=2_lr=0.1_sub=1.0_col=1.0_l2=5.0_l1=0.0,xgboost,50,2,0.1,1.0,1.0,5.0,0.0,215,100.0,141,50 trees d=2,0.75,0.447154,0.302846,0.080282,0.287805,0.207523
xgb_n=50_depth=2_lr=0.1_sub=1.0_col=1.0_l2=5.0_l1=0.1,xgboost,50,2,0.1,1.0,1.0,5.0,0.1,215,100.0,142,50 trees d=2,0.748239,0.463415,0.284824,0.07993,0.265041,0.185111
xgb_n=50_depth=2_lr=0.1_sub=1.0_col=1.0_l2=10.0_l1=0.0,xgboost,50,2,0.1,1.0,1.0,10.0,0.0,215,100.0,143,50 trees d=2,0.744718,0.487805,0.256913,0.084507,0.24878,0.164273
xgb_n=50_depth=2_lr=0.1_sub=1.0_col=1.0_l2=10.0_l1=0.1,xgboost,50,2,0.1,1.0,1.0,10.0,0.1,215,100.0,144,50 trees d=2,0.762324,0.479675,0.282649,0.074648,0.266667,0.192019
xgb_n=50_depth=3_lr=0.03_sub=0.8_col=0.8_l2=1.0_l1=0.0,xgboost,50,3,0.03,0.8,0.8,1.0,0.0,215,150.0,145,50 trees d=3,0.767606,0.487805,0.279801,0.074296,0.242276,0.16798
xgb_n=50_depth=3_lr=0.03_sub=0.8_col=0.8_l2=1.0_l1=0.1,xgboost,50,3,0.03,0.8,0.8,1.0,0.1,215,150.0,146,50 trees d=3,0.772887,0.471545,0.301342,0.072887,0.261789,0.188902
xgb_n=50_depth=3_lr=0.03_sub=0.8_col=0.8_l2=5.0_l1=0.0,xgboost,50,3,0.03,0.8,0.8,5.0,0.0,215,150.0,147,50 trees d=3,0.753521,0.471545,0.281976,0.081338,0.250407,0.169069
xgb_n=50_depth=3_lr=0.03_sub=0.8_col=0.8_l2=5.0_l1=0.1,xgboost,50,3,0.03,0.8,0.8,5.0,0.1,215,150.0,148,50 trees d=3,0.746479,0.479675,0.266804,0.082746,0.245528,0.162782
xgb_n=50_depth=3_lr=0.03_sub=0.8_col=0.8_l2=10.0_l1=0.0,xgboost,50,3,0.03,0.8,0.8,10.0,0.0,215,150.0,149,50 trees d=3,0.737676,0.463415,0.274261,0.088732,0.256911,0.168179
xgb_n=50_depth=3_lr=0.03_sub=0.8_col=0.8_l2=10.0_l1=0.1,xgboost,50,3,0.03,0.8,0.8,10.0,0.1,215,150.0,150,50 trees d=3,0.75,0.479675,0.270325,0.083803,0.247154,0.163351
xgb_n=50_depth=3_lr=0.03_sub=0.8_col=1.0_l2=1.0_l1=0.0,xgboost,50,3,0.03,0.8,1.0,1.0,0.0,215,150.0,151,50 trees d=3,0.783451,0.471545,0.311906,0.067254,0.250407,0.183153
xgb_n=50_depth=3_lr=0.03_sub=0.8_col=1.0_l2=1.0_l1=0.1,xgboost,50,3,0.03,0.8,1.0,1.0,0.1,215,150.0,152,50 trees d=3,0.790493,0.455285,0.335208,0.064789,0.255285,0.190496
xgb_n=50_depth=3_lr=0.03_sub=0.8_col=1.0_l2=5.0_l1=0.0,xgboost,50,3,0.03,0.8,1.0,5.0,0.0,215,150.0,153,50 trees d=3,0.771127,0.463415,0.307712,0.072183,0.255285,0.183102
xgb_n=50_depth=3_lr=0.03_sub=0.8_col=1.0_l2=5.0_l1=0.1,xgboost,50,3,0.03,0.8,1.0,5.0,0.1,215,150.0,154,50 trees d=3,0.778169,0.455285,0.322884,0.069366,0.255285,0.185919
xgb_n=50_depth=3_lr=0.03_sub=0.8_col=1.0_l2=10.0_l1=0.0,xgboost,50,3,0.03,0.8,1.0,10.0,0.0,215,150.0,155,50 trees d=3,0.751761,0.455285,0.296476,0.078521,0.268293,0.189772
xgb_n=50_depth=3_lr=0.03_sub=0.8_col=1.0_l2=10.0_l1=0.1,xgboost,50,3,0.03,0.8,1.0,10.0,0.1,215,150.0,156,50 trees d=3,0.751761,0.455285,0.296476,0.076761,0.265041,0.18828
xgb_n=50_depth=3_lr=0.03_sub=1.0_col=0.8_l2=1.0_l1=0.0,xgboost,50,3,0.03,1.0,0.8,1.0,0.0,215,150.0,157,50 trees d=3,0.762324,0.447154,0.31517,0.076408,0.274797,0.198389
xgb_n=50_depth=3_lr=0.03_sub=1.0_col=0.8_l2=1.0_l1=0.1,xgboost,50,3,0.03,1.0,0.8,1.0,0.1,215,150.0,158,50 trees d=3,0.760563,0.471545,0.289018,0.072887,0.265041,0.192154
xgb_n=50_depth=3_lr=0.03_sub=1.0_col=0.8_l2=5.0_l1=0.0,xgboost,50,3,0.03,1.0,0.8,5.0,0.0,215,150.0,159,50 trees d=3,0.753521,0.471545,0.281976,0.075704,0.274797,0.199093
xgb_n=50_depth=3_lr=0.03_sub=1.0_col=0.8_l2=5.0_l1=0.1,xgboost,50,3,0.03,1.0,0.8,5.0,0.1,215,150.0,160,50 trees d=3,0.769366,0.495935,0.273431,0.071479,0.261789,0.19031
xgb_n=50_depth=3_lr=0.03_sub=1.0_col=0.8_l2=10.0_l1=0.0,xgboost,50,3,0.03,1.0,0.8,10.0,0.0,215,150.0,161,50 trees d=3,0.755282,0.471545,0.283737,0.076056,0.269919,0.193863
xgb_n=50_depth=3_lr=0.03_sub=1.0_col=0.8_l2=10.0_l1=0.1,xgboost,50,3,0.03,1.0,0.8,10.0,0.1,215,150.0,162,50 trees d=3,0.757042,0.471545,0.285497,0.075,0.269919,0.194919
xgb_n=50_depth=3_lr=0.03_sub=1.0_col=1.0_l2=1.0_l1=0.0,xgboost,50,3,0.03,1.0,1.0,1.0,0.0,215,150.0,163,50 trees d=3,0.758803,0.463415,0.295388,0.077465,0.273171,0.195706
xgb_n=50_depth=3_lr=0.03_sub=1.0_col=1.0_l2=1.0_l1=0.1,xgboost,50,3,0.03,1.0,1.0,1.0,0.1,215,150.0,164,50 trees d=3,0.758803,0.455285,0.303518,0.073239,0.274797,0.201558
xgb_n=50_depth=3_lr=0.03_sub=1.0_col=1.0_l2=5.0_l1=0.0,xgboost,50,3,0.03,1.0,1.0,5.0,0.0,215,150.0,165,50 trees d=3,0.760563,0.463415,0.297148,0.073239,0.274797,0.201558
xgb_n=50_depth=3_lr=0.03_sub=1.0_col=1.0_l2=5.0_l1=0.1,xgboost,50,3,0.03,1.0,1.0,5.0,0.1,215,150.0,166,50 trees d=3,0.764085,0.447154,0.316931,0.073592,0.278049,0.204457
xgb_n=50_depth=3_lr=0.03_sub=1.0_col=1.0_l2=10.0_l1=0.0,xgboost,50,3,0.03,1.0,1.0,10.0,0.0,215,150.0,167,50 trees d=3,0.760563,0.479675,0.280888,0.072887,0.258537,0.18565
xgb_n=50_depth=3_lr=0.03_sub=1.0_col=1.0_l2=10.0_l1=0.1,xgboost,50,3,0.03,1.0,1.0,10.0,0.1,215,150.0,168,50 trees d=3,0.760563,0.495935,0.264628,0.075,0.253659,0.178659
xgb_n=50_depth=3_lr=0.05_sub=0.8_col=0.8_l2=1.0_l1=0.0,xgboost,50,3,0.05,0.8,0.8,1.0,0.0,215,150.0,169,50 trees d=3,0.825704,0.455285,0.370419,0.050704,0.247154,0.19645
xgb_n=50_depth=3_lr=0.05_sub=0.8_col=0.8_l2=1.0_l1=0.1,xgboost,50,3,0.05,0.8,0.8,1.0,0.1,215,150.0,170,50 trees d=3,0.81162,0.447154,0.364466,0.053169,0.255285,0.202116
xgb_n=50_depth=3_lr=0.05_sub=0.8_col=0.8_l2=5.0_l1=0.0,xgboost,50,3,0.05,0.8,0.8,5.0,0.0,215,150.0,171,50 trees d=3,0.804577,0.479675,0.324902,0.055986,0.24065,0.184664
xgb_n=50_depth=3_lr=0.05_sub=0.8_col=0.8_l2=5.0_l1=0.1,xgboost,50,3,0.05,0.8,0.8,5.0,0.1,215,150.0,172,50 trees d=3,0.81162,0.455285,0.356335,0.056338,0.258537,0.202199
xgb_n=50_depth=3_lr=0.05_sub=0.8_col=0.8_l2=10.0_l1=0.0,xgboost,50,3,0.05,0.8,0.8,10.0,0.0,215,150.0,173,50 trees d=3,0.804577,0.471545,0.333032,0.056338,0.24065,0.184312
xgb_n=50_depth=3_lr=0.05_sub=0.8_col=0.8_l2=10.0_l1=0.1,xgboost,50,3,0.05,0.8,0.8,10.0,0.1,215,150.0,174,50 trees d=3,0.783451,0.487805,0.295646,0.064437,0.247154,0.182717
xgb_n=50_depth=3_lr=0.05_sub=0.8_col=1.0_l2=1.0_l1=0.0,xgboost,50,3,0.05,0.8,1.0,1.0,0.0,215,150.0,175,50 trees d=3,0.827465,0.455285,0.37218,0.048592,0.266667,0.218075
xgb_n=50_depth=3_lr=0.05_sub=0.8_col=1.0_l2=1.0_l1=0.1,xgboost,50,3,0.05,0.8,1.0,1.0,0.1,215,150.0,176,50 trees d=3,0.816901,0.471545,0.345356,0.050352,0.247154,0.196802
xgb_n=50_depth=3_lr=0.05_sub=0.8_col=1.0_l2=5.0_l1=0.0,xgboost,50,3,0.05,0.8,1.0,5.0,0.0,215,150.0,177,50 trees d=3,0.836268,0.447154,0.389114,0.046479,0.258537,0.212058
xgb_n=50_depth=3_lr=0.05_sub=0.8_col=1.0_l2=5.0_l1=0.1,xgboost,50,3,0.05,0.8,1.0,5.0,0.1,215,150.0,178,50 trees d=3,0.834507,0.463415,0.371092,0.047183,0.256911,0.209728
xgb_n=50_depth=3_lr=0.05_sub=0.8_col=1.0_l2=10.0_l1=0.0,xgboost,50,3,0.05,0.8,1.0,10.0,0.0,215,150.0,179,50 trees d=3,0.808099,0.422764,0.385335,0.054577,0.281301,0.226724
xgb_n=50_depth=3_lr=0.05_sub=0.8_col=1.0_l2=10.0_l1=0.1,xgboost,50,3,0.05,0.8,1.0,10.0,0.1,215,150.0,180,50 trees d=3,0.804577,0.439024,0.365553,0.058099,0.273171,0.215072
xgb_n=50_depth=3_lr=0.05_sub=1.0_col=0.8_l2=1.0_l1=0.0,xgboost,50,3,0.05,1.0,0.8,1.0,0.0,215,150.0,181,50 trees d=3,0.81338,0.471545,0.341835,0.052817,0.261789,0.208972
xgb_n=50_depth=3_lr=0.05_sub=1.0_col=0.8_l2=1.0_l1=0.1,xgboost,50,3,0.05,1.0,0.8,1.0,0.1,215,150.0,182,50 trees d=3,0.815141,0.487805,0.327336,0.053521,0.253659,0.200138
xgb_n=50_depth=3_lr=0.05_sub=1.0_col=0.8_l2=5.0_l1=0.0,xgboost,50,3,0.05,1.0,0.8,5.0,0.0,215,150.0,183,50 trees d=3,0.809859,0.495935,0.313924,0.053873,0.265041,0.211168
xgb_n=50_depth=3_lr=0.05_sub=1.0_col=0.8_l2=5.0_l1=0.1,xgboost,50,3,0.05,1.0,0.8,5.0,0.1,215,150.0,184,50 trees d=3,0.806338,0.455285,0.351053,0.052817,0.273171,0.220354
xgb_n=50_depth=3_lr=0.05_sub=1.0_col=0.8_l2=10.0_l1=0.0,xgboost,50,3,0.05,1.0,0.8,10.0,0.0,215,150.0,185,50 trees d=3,0.804577,0.504065,0.300512,0.054577,0.256911,0.202334
xgb_n=50_depth=3_lr=0.05_sub=1.0_col=0.8_l2=10.0_l1=0.1,xgboost,50,3,0.05,1.0,0.8,10.0,0.1,215,150.0,186,50 trees d=3,0.801056,0.512195,0.288861,0.054225,0.24878,0.194555
xgb_n=50_depth=3_lr=0.05_sub=1.0_col=1.0_l2=1.0_l1=0.0,xgboost,50,3,0.05,1.0,1.0,1.0,0.0,215,150.0,187,50 trees d=3,0.794014,0.439024,0.35499,0.059859,0.289431,0.229572
xgb_n=50_depth=3_lr=0.05_sub=1.0_col=1.0_l2=1.0_l1=0.1,xgboost,50,3,0.05,1.0,1.0,1.0,0.1,215,150.0,188,50 trees d=3,0.806338,0.439024,0.367314,0.053873,0.281301,0.227428
xgb_n=50_depth=3_lr=0.05_sub=1.0_col=1.0_l2=5.0_l1=0.0,xgboost,50,3,0.05,1.0,1.0,5.0,0.0,215,150.0,189,50 trees d=3,0.801056,0.471545,0.329511,0.055986,0.271545,0.215559
xgb_n=50_depth=3_lr=0.05_sub=1.0_col=1.0_l2=5.0_l1=0.1,xgboost,50,3,0.05,1.0,1.0,5.0,0.1,215,150.0,190,50 trees d=3,0.804577,0.487805,0.316772,0.054577,0.258537,0.20396
xgb_n=50_depth=3_lr=0.05_sub=1.0_col=1.0_l2=10.0_l1=0.0,xgboost,50,3,0.05,1.0,1.0,10.0,0.0,215,150.0,191,50 trees d=3,0.802817,0.520325,0.282492,0.057042,0.247154,0.190112
xgb_n=50_depth=3_lr=0.05_sub=1.0_col=1.0_l2=10.0_l1=0.1,xgboost,50,3,0.05,1.0,1.0,10.0,0.1,215,150.0,192,50 trees d=3,0.799296,0.512195,0.287101,0.058803,0.255285,0.196482
xgb_n=50_depth=3_lr=0.1_sub=0.8_col=0.8_l2=1.0_l1=0.0,xgboost,50,3,0.1,0.8,0.8,1.0,0.0,215,150.0,193,50 trees d=3,0.869718,0.447154,0.422564,0.03169,0.256911,0.225221
xgb_n=50_depth=3_lr=0.1_sub=0.8_col=0.8_l2=1.0_l1=0.1,xgboost,50,3,0.1,0.8,0.8,1.0,0.1,215,150.0,194,50 trees d=3,0.871479,0.373984,0.497495,0.030986,0.299187,0.268201
xgb_n=50_depth=3_lr=0.1_sub=0.8_col=0.8_l2=5.0_l1=0.0,xgboost,50,3,0.1,0.8,0.8,5.0,0.0,215,150.0,195,50 trees d=3,0.875,0.390244,0.484756,0.030634,0.294309,0.263675
xgb_n=50_depth=3_lr=0.1_sub=0.8_col=0.8_l2=5.0_l1=0.1,xgboost,50,3,0.1,0.8,0.8,5.0,0.1,215,150.0,196,50 trees d=3,0.875,0.447154,0.427846,0.030634,0.261789,0.231155
xgb_n=50_depth=3_lr=0.1_sub=0.8_col=0.8_l2=10.0_l1=0.0,xgboost,50,3,0.1,0.8,0.8,10.0,0.0,215,150.0,197,50 trees d=3,0.862676,0.430894,0.431782,0.033803,0.281301,0.247498
xgb_n=50_depth=3_lr=0.1_sub=0.8_col=0.8_l2=10.0_l1=0.1,xgboost,50,3,0.1,0.8,0.8,10.0,0.1,215,150.0,198,50 trees d=3,0.855634,0.406504,0.44913,0.036268,0.294309,0.258041
xgb_n=50_depth=3_lr=0.1_sub=0.8_col=1.0_l2=1.0_l1=0.0,xgboost,50,3,0.1,0.8,1.0,1.0,0.0,215,150.0,199,50 trees d=3,0.875,0.382114,0.492886,0.029577,0.302439,0.272862
xgb_n=50_depth=3_lr=0.1_sub=0.8_col=1.0_l2=1.0_l1=0.1,xgboost,50,3,0.1,0.8,1.0,1.0,0.1,215,150.0,200,50 trees d=3,0.864437,0.447154,0.417283,0.032394,0.281301,0.248907
xgb_n=50_depth=3_lr=0.1_sub=0.8_col=1.0_l2=5.0_l1=0.0,xgboost,50,3,0.1,0.8,1.0,5.0,0.0,215,150.0,201,50 trees d=3,0.873239,0.414634,0.458605,0.02993,0.287805,0.257875
xgb_n=50_depth=3_lr=0.1_sub=0.8_col=1.0_l2=5.0_l1=0.1,xgboost,50,3,0.1,0.8,1.0,5.0,0.1,215,150.0,202,50 trees d=3,0.873239,0.390244,0.482995,0.030282,0.295935,0.265653
xgb_n=50_depth=3_lr=0.1_sub=0.8_col=1.0_l2=10.0_l1=0.0,xgboost,50,3,0.1,0.8,1.0,10.0,0.0,215,150.0,203,50 trees d=3,0.853873,0.439024,0.414849,0.037676,0.278049,0.240373
xgb_n=50_depth=3_lr=0.1_sub=0.8_col=1.0_l2=10.0_l1=0.1,xgboost,50,3,0.1,0.8,1.0,10.0,0.1,215,150.0,204,50 trees d=3,0.857394,0.422764,0.43463,0.034507,0.289431,0.254924
xgb_n=50_depth=3_lr=0.1_sub=1.0_col=0.8_l2=1.0_l1=0.0,xgboost,50,3,0.1,1.0,0.8,1.0,0.0,215,150.0,205,50 trees d=3,0.869718,0.455285,0.414433,0.033099,0.253659,0.22056
xgb_n=50_depth=3_lr=0.1_sub=1.0_col=0.8_l2=1.0_l1=0.1,xgboost,50,3,0.1,1.0,0.8,1.0,0.1,215,150.0,206,50 trees d=3,0.885563,0.471545,0.414018,0.028521,0.276423,0.247902
xgb_n=50_depth=3_lr=0.1_sub=1.0_col=0.8_l2=5.0_l1=0.0,xgboost,50,3,0.1,1.0,0.8,5.0,0.0,215,150.0,207,50 trees d=3,0.875,0.463415,0.411585,0.031338,0.24878,0.217442
xgb_n=50_depth=3_lr=0.1_sub=1.0_col=0.8_l2=5.0_l1=0.1,xgboost,50,3,0.1,1.0,0.8,5.0,0.1,215,150.0,208,50 trees d=3,0.867958,0.520325,0.347633,0.032394,0.23252,0.200126
xgb_n=50_depth=3_lr=0.1_sub=1.0_col=0.8_l2=10.0_l1=0.0,xgboost,50,3,0.1,1.0,0.8,10.0,0.0,215,150.0,209,50 trees d=3,0.864437,0.487805,0.376632,0.034155,0.252033,0.217878
xgb_n=50_depth=3_lr=0.1_sub=1.0_col=0.8_l2=10.0_l1=0.1,xgboost,50,3,0.1,1.0,0.8,10.0,0.1,215,150.0,210,50 trees d=3,0.866197,0.504065,0.362132,0.033451,0.252033,0.218582
xgb_n=50_depth=3_lr=0.1_sub=1.0_col=1.0_l2=1.0_l1=0.0,xgboost,50,3,0.1,1.0,1.0,1.0,0.0,215,150.0,211,50 trees d=3,0.848592,0.479675,0.368917,0.039085,0.252033,0.212948
xgb_n=50_depth=3_lr=0.1_sub=1.0_col=1.0_l2=1.0_l1=0.1,xgboost,50,3,0.1,1.0,1.0,1.0,0.1,215,150.0,212,50 trees d=3,0.855634,0.439024,0.41661,0.035915,0.269919,0.234004
xgb_n=50_depth=3_lr=0.1_sub=1.0_col=1.0_l2=5.0_l1=0.0,xgboost,50,3,0.1,1.0,1.0,5.0,0.0,215,150.0,213,50 trees d=3,0.869718,0.487805,0.381913,0.032394,0.250407,0.218013
xgb_n=50_depth=3_lr=0.1_sub=1.0_col=1.0_l2=5.0_l1=0.1,xgboost,50,3,0.1,1.0,1.0,5.0,0.1,215,150.0,214,50 trees d=3,0.853873,0.439024,0.414849,0.037676,0.274797,0.237121
xgb_n=50_depth=3_lr=0.1_sub=1.0_col=1.0_l2=10.0_l1=0.0,xgboost,50,3,0.1,1.0,1.0,10.0,0.0,215,150.0,215,50 trees d=3,0.855634,0.495935,0.359699,0.036268,0.255285,0.219017
xgb_n=50_depth=3_lr=0.1_sub=1.0_col=1.0_l2=10.0_l1=0.1,xgboost,50,3,0.1,1.0,1.0,10.0,0.1,215,150.0,216,50 trees d=3,0.873239,0.495935,0.377304,0.032042,0.245528,0.213486
xgb_n=100_depth=1_lr=0.03_sub=0.8_col=0.8_l2=1.0_l1=0.0,xgboost,100,1,0.03,0.8,0.8,1.0,0.0,215,100.0,217,100 trees d=1,0.598592,0.512195,0.086397,0.165493,0.237398,0.071905
xgb_n=100_depth=1_lr=0.03_sub=0.8_col=0.8_l2=1.0_l1=0.1,xgboost,100,1,0.03,0.8,0.8,1.0,0.1,215,100.0,218,100 trees d=1,0.605634,0.512195,0.093439,0.161268,0.235772,0.074504
xgb_n=100_depth=1_lr=0.03_sub=0.8_col=0.8_l2=5.0_l1=0.0,xgboost,100,1,0.03,0.8,0.8,5.0,0.0,215,100.0,219,100 trees d=1,0.596831,0.495935,0.100896,0.167254,0.252033,0.084779
xgb_n=100_depth=1_lr=0.03_sub=0.8_col=0.8_l2=5.0_l1=0.1,xgboost,100,1,0.03,0.8,0.8,5.0,0.1,215,100.0,220,100 trees d=1,0.596831,0.504065,0.092766,0.16831,0.245528,0.077218
xgb_n=100_depth=1_lr=0.03_sub=0.8_col=0.8_l2=10.0_l1=0.0,xgboost,100,1,0.03,0.8,0.8,10.0,0.0,215,100.0,221,100 trees d=1,0.584507,0.495935,0.088572,0.173239,0.245528,0.072289
xgb_n=100_depth=1_lr=0.03_sub=0.8_col=0.8_l2=10.0_l1=0.1,xgboost,100,1,0.03,0.8,0.8,10.0,0.1,215,100.0,222,100 trees d=1,0.586268,0.495935,0.090333,0.173592,0.247154,0.073562
xgb_n=100_depth=1_lr=0.03_sub=0.8_col=1.0_l2=1.0_l1=0.0,xgboost,100,1,0.03,0.8,1.0,1.0,0.0,215,100.0,223,100 trees d=1,0.600352,0.495935,0.104417,0.164085,0.255285,0.0912
xgb_n=100_depth=1_lr=0.03_sub=0.8_col=1.0_l2=1.0_l1=0.1,xgboost,100,1,0.03,0.8,1.0,1.0,0.1,215,100.0,224,100 trees d=1,0.602113,0.487805,0.114308,0.161268,0.250407,0.089139
xgb_n=100_depth=1_lr=0.03_sub=0.8_col=1.0_l2=5.0_l1=0.0,xgboost,100,1,0.03,0.8,1.0,5.0,0.0,215,100.0,225,100 trees d=1,0.596831,0.471545,0.125286,0.167606,0.256911,0.089305
xgb_n=100_depth=1_lr=0.03_sub=0.8_col=1.0_l2=5.0_l1=0.1,xgboost,100,1,0.03,0.8,1.0,5.0,0.1,215,100.0,226,100 trees d=1,0.598592,0.471545,0.127047,0.165493,0.256911,0.091418
xgb_n=100_depth=1_lr=0.03_sub=0.8_col=1.0_l2=10.0_l1=0.0,xgboost,100,1,0.03,0.8,1.0,10.0,0.0,215,100.0,227,100 trees d=1,0.582746,0.487805,0.094941,0.172887,0.24878,0.075893
xgb_n=100_depth=1_lr=0.03_sub=0.8_col=1.0_l2=10.0_l1=0.1,xgboost,100,1,0.03,0.8,1.0,10.0,0.1,215,100.0,228,100 trees d=1,0.582746,0.487805,0.094941,0.173239,0.24878,0.075541
xgb_n=100_depth=1_lr=0.03_sub=1.0_col=0.8_l2=1.0_l1=0.0,xgboost,100,1,0.03,1.0,0.8,1.0,0.0,215,100.0,229,100 trees d=1,0.600352,0.504065,0.096287,0.167254,0.253659,0.086405
xgb_n=100_depth=1_lr=0.03_sub=1.0_col=0.8_l2=1.0_l1=0.1,xgboost,100,1,0.03,1.0,0.8,1.0,0.1,215,100.0,230,100 trees d=1,0.59507,0.495935,0.099135,0.171831,0.260163,0.088332
xgb_n=100_depth=1_lr=0.03_sub=1.0_col=0.8_l2=5.0_l1=0.0,xgboost,100,1,0.03,1.0,0.8,5.0,0.0,215,100.0,231,100 trees d=1,0.586268,0.487805,0.098463,0.173592,0.255285,0.081693
xgb_n=100_depth=1_lr=0.03_sub=1.0_col=0.8_l2=5.0_l1=0.1,xgboost,100,1,0.03,1.0,0.8,5.0,0.1,215,100.0,232,100 trees d=1,0.596831,0.487805,0.109026,0.16831,0.24878,0.08047
xgb_n=100_depth=1_lr=0.03_sub=1.0_col=0.8_l2=10.0_l1=0.0,xgboost,100,1,0.03,1.0,0.8,10.0,0.0,215,100.0,233,100 trees d=1,0.584507,0.495935,0.088572,0.173944,0.242276,0.068332
xgb_n=100_depth=1_lr=0.03_sub=1.0_col=0.8_l2=10.0_l1=0.1,xgboost,100,1,0.03,1.0,0.8,10.0,0.1,215,100.0,234,100 trees d=1,0.588028,0.495935,0.092093,0.174296,0.242276,0.06798
xgb_n=100_depth=1_lr=0.03_sub=1.0_col=1.0_l2=1.0_l1=0.0,xgboost,100,1,0.03,1.0,1.0,1.0,0.0,215,100.0,235,100 trees d=1,0.600352,0.504065,0.096287,0.16831,0.253659,0.085349
xgb_n=100_depth=1_lr=0.03_sub=1.0_col=1.0_l2=1.0_l1=0.1,xgboost,100,1,0.03,1.0,1.0,1.0,0.1,215,100.0,236,100 trees d=1,0.603873,0.504065,0.099808,0.165493,0.253659,0.088166
xgb_n=100_depth=1_lr=0.03_sub=1.0_col=1.0_l2=5.0_l1=0.0,xgboost,100,1,0.03,1.0,1.0,5.0,0.0,215,100.0,237,100 trees d=1,0.59507,0.487805,0.107265,0.16831,0.255285,0.086975
xgb_n=100_depth=1_lr=0.03_sub=1.0_col=1.0_l2=5.0_l1=0.1,xgboost,100,1,0.03,1.0,1.0,5.0,0.1,215,100.0,238,100 trees d=1,0.59507,0.487805,0.107265,0.168662,0.24878,0.080118
xgb_n=100_depth=1_lr=0.03_sub=1.0_col=1.0_l2=10.0_l1=0.0,xgboost,100,1,0.03,1.0,1.0,10.0,0.0,215,100.0,239,100 trees d=1,0.591549,0.487805,0.103744,0.171127,0.247154,0.076027
xgb_n=100_depth=1_lr=0.03_sub=1.0_col=1.0_l2=10.0_l1=0.1,xgboost,100,1,0.03,1.0,1.0,10.0,0.1,215,100.0,240,100 trees d=1,0.582746,0.495935,0.086811,0.177465,0.242276,0.064811
xgb_n=100_depth=1_lr=0.05_sub=0.8_col=0.8_l2=1.0_l1=0.0,xgboost,100,1,0.05,0.8,0.8,1.0,0.0,215,100.0,241,100 trees d=1,0.637324,0.495935,0.141389,0.144718,0.258537,0.113819
xgb_n=100_depth=1_lr=0.05_sub=0.8_col=0.8_l2=1.0_l1=0.1,xgboost,100,1,0.05,0.8,0.8,1.0,0.1,215,100.0,242,100 trees d=1,0.640845,0.495935,0.14491,0.142606,0.256911,0.114305
xgb_n=100_depth=1_lr=0.05_sub=0.8_col=0.8_l2=5.0_l1=0.0,xgboost,100,1,0.05,0.8,0.8,5.0,0.0,215,100.0,243,100 trees d=1,0.626761,0.512195,0.114566,0.149648,0.234146,0.084498
xgb_n=100_depth=1_lr=0.05_sub=0.8_col=0.8_l2=5.0_l1=0.1,xgboost,100,1,0.05,0.8,0.8,5.0,0.1,215,100.0,244,100 trees d=1,0.630282,0.504065,0.126217,0.148592,0.24065,0.092058
xgb_n=100_depth=1_lr=0.05_sub=0.8_col=0.8_l2=10.0_l1=0.0,xgboost,100,1,0.05,0.8,0.8,10.0,0.0,215,100.0,245,100 trees d=1,0.623239,0.512195,0.111044,0.150704,0.239024,0.08832
xgb_n=100_depth=1_lr=0.05_sub=0.8_col=0.8_l2=10.0_l1=0.1,xgboost,100,1,0.05,0.8,0.8,10.0,0.1,215,100.0,246,100 trees d=1,0.617958,0.504065,0.113893,0.154225,0.24065,0.086425
xgb_n=100_depth=1_lr=0.05_sub=0.8_col=1.0_l2=1.0_l1=0.0,xgboost,100,1,0.05,0.8,1.0,1.0,0.0,215,100.0,247,100 trees d=1,0.640845,0.471545,0.1693,0.142606,0.258537,0.115931
xgb_n=100_depth=1_lr=0.05_sub=0.8_col=1.0_l2=1.0_l1=0.1,xgboost,100,1,0.05,0.8,1.0,1.0,0.1,215,100.0,248,100 trees d=1,0.639085,0.471545,0.16754,0.142254,0.269919,0.127665
xgb_n=100_depth=1_lr=0.05_sub=0.8_col=1.0_l2=5.0_l1=0.0,xgboost,100,1,0.05,0.8,1.0,5.0,0.0,215,100.0,249,100 trees d=1,0.633803,0.487805,0.145998,0.147535,0.253659,0.106124
xgb_n=100_depth=1_lr=0.05_sub=0.8_col=1.0_l2=5.0_l1=0.1,xgboost,100,1,0.05,0.8,1.0,5.0,0.1,215,100.0,250,100 trees d=1,0.632042,0.495935,0.136107,0.147887,0.247154,0.099267
xgb_n=100_depth=1_lr=0.05_sub=0.8_col=1.0_l2=10.0_l1=0.0,xgboost,100,1,0.05,0.8,1.0,10.0,0.0,215,100.0,251,100 trees d=1,0.619718,0.495935,0.123783,0.150704,0.24878,0.098076
xgb_n=100_depth=1_lr=0.05_sub=0.8_col=1.0_l2=10.0_l1=0.1,xgboost,100,1,0.05,0.8,1.0,10.0,0.1,215,100.0,252,100 trees d=1,0.625,0.504065,0.120935,0.151056,0.245528,0.094472
xgb_n=100_depth=1_lr=0.05_sub=1.0_col=0.8_l2=1.0_l1=0.0,xgboost,100,1,0.05,1.0,0.8,1.0,0.0,215,100.0,253,100 trees d=1,0.616197,0.487805,0.128392,0.155986,0.250407,0.094421
xgb_n=100_depth=1_lr=0.05_sub=1.0_col=0.8_l2=1.0_l1=0.1,xgboost,100,1,0.05,1.0,0.8,1.0,0.1,215,100.0,254,100 trees d=1,0.617958,0.495935,0.122023,0.154225,0.245528,0.091303
xgb_n=100_depth=1_lr=0.05_sub=1.0_col=0.8_l2=5.0_l1=0.0,xgboost,100,1,0.05,1.0,0.8,5.0,0.0,215,100.0,255,100 trees d=1,0.612676,0.479675,0.133001,0.158451,0.263415,0.104964
xgb_n=100_depth=1_lr=0.05_sub=1.0_col=0.8_l2=5.0_l1=0.1,xgboost,100,1,0.05,1.0,0.8,5.0,0.1,215,100.0,256,100 trees d=1,0.612676,0.487805,0.124871,0.158099,0.258537,0.100438
xgb_n=100_depth=1_lr=0.05_sub=1.0_col=0.8_l2=10.0_l1=0.0,xgboost,100,1,0.05,1.0,0.8,10.0,0.0,215,100.0,257,100 trees d=1,0.610915,0.504065,0.10685,0.155986,0.245528,0.089542
xgb_n=100_depth=1_lr=0.05_sub=1.0_col=0.8_l2=10.0_l1=0.1,xgboost,100,1,0.05,1.0,0.8,10.0,0.1,215,100.0,258,100 trees d=1,0.609155,0.504065,0.10509,0.158099,0.24065,0.082551
xgb_n=100_depth=1_lr=0.05_sub=1.0_col=1.0_l2=1.0_l1=0.0,xgboost,100,1,0.05,1.0,1.0,1.0,0.0,215,100.0,259,100 trees d=1,0.612676,0.495935,0.116741,0.158803,0.24878,0.089977
xgb_n=100_depth=1_lr=0.05_sub=1.0_col=1.0_l2=1.0_l1=0.1,xgboost,100,1,0.05,1.0,1.0,1.0,0.1,215,100.0,260,100 trees d=1,0.619718,0.495935,0.123783,0.153873,0.245528,0.091655
xgb_n=100_depth=1_lr=0.05_sub=1.0_col=1.0_l2=5.0_l1=0.0,xgboost,100,1,0.05,1.0,1.0,5.0,0.0,215,100.0,261,100 trees d=1,0.602113,0.495935,0.106178,0.16338,0.256911,0.093531
xgb_n=100_depth=1_lr=0.05_sub=1.0_col=1.0_l2=5.0_l1=0.1,xgboost,100,1,0.05,1.0,1.0,5.0,0.1,215,100.0,262,100 trees d=1,0.614437,0.487805,0.126632,0.157042,0.260163,0.103121
xgb_n=100_depth=1_lr=0.05_sub=1.0_col=1.0_l2=10.0_l1=0.0,xgboost,100,1,0.05,1.0,1.0,10.0,0.0,215,100.0,263,100 trees d=1,0.609155,0.495935,0.11322,0.157746,0.247154,0.089408
xgb_n=100_depth=1_lr=0.05_sub=1.0_col=1.0_l2=10.0_l1=0.1,xgboost,100,1,0.05,1.0,1.0,10.0,0.1,215,100.0,264,100 trees d=1,0.609155,0.495935,0.11322,0.158099,0.247154,0.089055
xgb_n=100_depth=1_lr=0.1_sub=0.8_col=0.8_l2=1.0_l1=0.0,xgboost,100,1,0.1,0.8,0.8,1.0,0.0,215,100.0,265,100 trees d=1,0.684859,0.479675,0.205184,0.12007,0.253659,0.133589
xgb_n=100_depth=1_lr=0.1_sub=0.8_col=0.8_l2=1.0_l1=0.1,xgboost,100,1,0.1,0.8,0.8,1.0,0.1,215,100.0,266,100 trees d=1,0.677817,0.471545,0.206272,0.121479,0.250407,0.128928
xgb_n=100_depth=1_lr=0.1_sub=0.8_col=0.8_l2=5.0_l1=0.0,xgboost,100,1,0.1,0.8,0.8,5.0,0.0,215,100.0,267,100 trees d=1,0.679577,0.479675,0.199902,0.117606,0.245528,0.127922
xgb_n=100_depth=1_lr=0.1_sub=0.8_col=0.8_l2=5.0_l1=0.1,xgboost,100,1,0.1,0.8,0.8,5.0,0.1,215,100.0,268,100 trees d=1,0.679577,0.495935,0.183642,0.121831,0.237398,0.115567
xgb_n=100_depth=1_lr=0.1_sub=0.8_col=0.8_l2=10.0_l1=0.0,xgboost,100,1,0.1,0.8,0.8,10.0,0.0,215,100.0,269,100 trees d=1,0.663732,0.479675,0.184057,0.125352,0.247154,0.121802
xgb_n=100_depth=1_lr=0.1_sub=0.8_col=0.8_l2=10.0_l1=0.1,xgboost,100,1,0.1,0.8,0.8,10.0,0.1,215,100.0,270,100 trees d=1,0.674296,0.487805,0.186491,0.121479,0.247154,0.125675
xgb_n=100_depth=1_lr=0.1_sub=0.8_col=1.0_l2=1.0_l1=0.0,xgboost,100,1,0.1,0.8,1.0,1.0,0.0,215,100.0,271,100 trees d=1,0.677817,0.447154,0.230663,0.121479,0.266667,0.145188
xgb_n=100_depth=1_lr=0.1_sub=0.8_col=1.0_l2=1.0_l1=0.1,xgboost,100,1,0.1,0.8,1.0,1.0,0.1,215,100.0,272,100 trees d=1,0.68662,0.463415,0.223205,0.116197,0.258537,0.14234
xgb_n=100_depth=1_lr=0.1_sub=0.8_col=1.0_l2=5.0_l1=0.0,xgboost,100,1,0.1,0.8,1.0,5.0,0.0,215,100.0,273,100 trees d=1,0.676056,0.495935,0.180121,0.124648,0.237398,0.11275
xgb_n=100_depth=1_lr=0.1_sub=0.8_col=1.0_l2=5.0_l1=0.1,xgboost,100,1,0.1,0.8,1.0,5.0,0.1,215,100.0,274,100 trees d=1,0.674296,0.479675,0.194621,0.123592,0.243902,0.12031
xgb_n=100_depth=1_lr=0.1_sub=0.8_col=1.0_l2=10.0_l1=0.0,xgboost,100,1,0.1,0.8,1.0,10.0,0.0,215,100.0,275,100 trees d=1,0.676056,0.512195,0.163861,0.123944,0.230894,0.10695
xgb_n=100_depth=1_lr=0.1_sub=0.8_col=1.0_l2=10.0_l1=0.1,xgboost,100,1,0.1,0.8,1.0,10.0,0.1,215,100.0,276,100 trees d=1,0.683099,0.512195,0.170904,0.117254,0.229268,0.112014
xgb_n=100_depth=1_lr=0.1_sub=1.0_col=0.8_l2=1.0_l1=0.0,xgboost,100,1,0.1,1.0,0.8,1.0,0.0,215,100.0,277,100 trees d=1,0.670775,0.455285,0.21549,0.122887,0.279675,0.156788
xgb_n=100_depth=1_lr=0.1_sub=1.0_col=0.8_l2=1.0_l1=0.1,xgboost,100,1,0.1,1.0,0.8,1.0,0.1,215,100.0,278,100 trees d=1,0.660211,0.471545,0.188666,0.129577,0.268293,0.138716
xgb_n=100_depth=1_lr=0.1_sub=1.0_col=0.8_l2=5.0_l1=0.0,xgboost,100,1,0.1,1.0,0.8,5.0,0.0,215,100.0,279,100 trees d=1,0.658451,0.439024,0.219427,0.127465,0.281301,0.153836
xgb_n=100_depth=1_lr=0.1_sub=1.0_col=0.8_l2=5.0_l1=0.1,xgboost,100,1,0.1,1.0,0.8,5.0,0.1,215,100.0,280,100 trees d=1,0.661972,0.455285,0.206687,0.127817,0.271545,0.143728
xgb_n=100_depth=1_lr=0.1_sub=1.0_col=0.8_l2=10.0_l1=0.0,xgboost,100,1,0.1,1.0,0.8,10.0,0.0,215,100.0,281,100 trees d=1,0.661972,0.455285,0.206687,0.127113,0.266667,0.139554
xgb_n=100_depth=1_lr=0.1_sub=1.0_col=0.8_l2=10.0_l1=0.1,xgboost,100,1,0.1,1.0,0.8,10.0,0.1,215,100.0,282,100 trees d=1,0.644366,0.447154,0.197212,0.135211,0.278049,0.142838
xgb_n=100_depth=1_lr=0.1_sub=1.0_col=1.0_l2=1.0_l1=0.0,xgboost,100,1,0.1,1.0,1.0,1.0,0.0,215,100.0,283,100 trees d=1,0.674296,0.471545,0.202751,0.122887,0.271545,0.148658
xgb_n=100_depth=1_lr=0.1_sub=1.0_col=1.0_l2=1.0_l1=0.1,xgboost,100,1,0.1,1.0,1.0,1.0,0.1,215,100.0,284,100 trees d=1,0.669014,0.463415,0.205599,0.124296,0.274797,0.150501
xgb_n=100_depth=1_lr=0.1_sub=1.0_col=1.0_l2=5.0_l1=0.0,xgboost,100,1,0.1,1.0,1.0,5.0,0.0,215,100.0,285,100 trees d=1,0.660211,0.447154,0.213057,0.129225,0.281301,0.152076
xgb_n=100_depth=1_lr=0.1_sub=1.0_col=1.0_l2=5.0_l1=0.1,xgboost,100,1,0.1,1.0,1.0,5.0,0.1,215,100.0,286,100 trees d=1,0.669014,0.439024,0.22999,0.125704,0.278049,0.152345
xgb_n=100_depth=1_lr=0.1_sub=1.0_col=1.0_l2=10.0_l1=0.0,xgboost,100,1,0.1,1.0,1.0,10.0,0.0,215,100.0,287,100 trees d=1,0.658451,0.455285,0.203166,0.128169,0.266667,0.138498
xgb_n=100_depth=1_lr=0.1_sub=1.0_col=1.0_l2=10.0_l1=0.1,xgboost,100,1,0.1,1.0,1.0,10.0,0.1,215,100.0,288,100 trees d=1,0.649648,0.447154,0.202494,0.132394,0.278049,0.145655
xgb_n=100_depth=2_lr=0.03_sub=0.8_col=0.8_l2=1.0_l1=0.0,xgboost,100,2,0.03,0.8,0.8,1.0,0.0,215,200.0,289,100 trees d=2,0.721831,0.471545,0.250286,0.098944,0.261789,0.162845
xgb_n=100_depth=2_lr=0.03_sub=0.8_col=0.8_l2=1.0_l1=0.1,xgboost,100,2,0.03,0.8,0.8,1.0,0.1,215,200.0,290,100 trees d=2,0.727113,0.455285,0.271828,0.097887,0.274797,0.17691
xgb_n=100_depth=2_lr=0.03_sub=0.8_col=0.8_l2=5.0_l1=0.0,xgboost,100,2,0.03,0.8,0.8,5.0,0.0,215,200.0,291,100 trees d=2,0.713028,0.471545,0.241483,0.103873,0.268293,0.16442
xgb_n=100_depth=2_lr=0.03_sub=0.8_col=0.8_l2=5.0_l1=0.1,xgboost,100,2,0.03,0.8,0.8,5.0,0.1,215,200.0,292,100 trees d=2,0.716549,0.487805,0.228744,0.102465,0.265041,0.162576
xgb_n=100_depth=2_lr=0.03_sub=0.8_col=0.8_l2=10.0_l1=0.0,xgboost,100,2,0.03,0.8,0.8,10.0,0.0,215,200.0,293,100 trees d=2,0.704225,0.487805,0.21642,0.107042,0.258537,0.151495
xgb_n=100_depth=2_lr=0.03_sub=0.8_col=0.8_l2=10.0_l1=0.1,xgboost,100,2,0.03,0.8,0.8,10.0,0.1,215,200.0,294,100 trees d=2,0.705986,0.504065,0.201921,0.108451,0.245528,0.137077
xgb_n=100_depth=2_lr=0.03_sub=0.8_col=1.0_l2=1.0_l1=0.0,xgboost,100,2,0.03,0.8,1.0,1.0,0.0,215,200.0,295,100 trees d=2,0.735915,0.439024,0.296891,0.090141,0.281301,0.19116
xgb_n=100_depth=2_lr=0.03_sub=0.8_col=1.0_l2=1.0_l1=0.1,xgboost,100,2,0.03,0.8,1.0,1.0,0.1,215,200.0,296,100 trees d=2,0.721831,0.455285,0.266546,0.096479,0.269919,0.17344
xgb_n=100_depth=2_lr=0.03_sub=0.8_col=1.0_l2=5.0_l1=0.0,xgboost,100,2,0.03,0.8,1.0,5.0,0.0,215,200.0,297,100 trees d=2,0.71831,0.455285,0.263025,0.097887,0.276423,0.178536
xgb_n=100_depth=2_lr=0.03_sub=0.8_col=1.0_l2=5.0_l1=0.1,xgboost,100,2,0.03,0.8,1.0,5.0,0.1,215,200.0,298,100 trees d=2,0.72007,0.455285,0.264785,0.098592,0.276423,0.177831
xgb_n=100_depth=2_lr=0.03_sub=0.8_col=1.0_l2=10.0_l1=0.0,xgboost,100,2,0.03,0.8,1.0,10.0,0.0,215,200.0,299,100 trees d=2,0.698944,0.479675,0.219269,0.108451,0.263415,0.154964
xgb_n=100_depth=2_lr=0.03_sub=0.8_col=1.0_l2=10.0_l1=0.1,xgboost,100,2,0.03,0.8,1.0,10.0,0.1,215,200.0,300,100 trees d=2,0.698944,0.479675,0.219269,0.110915,0.268293,0.157378
xgb_n=100_depth=2_lr=0.03_sub=1.0_col=0.8_l2=1.0_l1=0.0,xgboost,100,2,0.03,1.0,0.8,1.0,0.0,215,200.0,301,100 trees d=2,0.709507,0.487805,0.221702,0.102113,0.260163,0.15805
xgb_n=100_depth=2_lr=0.03_sub=1.0_col=0.8_l2=1.0_l1=0.1,xgboost,100,2,0.03,1.0,0.8,1.0,0.1,215,200.0,302,100 trees d=2,0.695423,0.447154,0.248269,0.107042,0.284553,0.177511
xgb_n=100_depth=2_lr=0.03_sub=1.0_col=0.8_l2=5.0_l1=0.0,xgboost,100,2,0.03,1.0,0.8,5.0,0.0,215,200.0,303,100 trees d=2,0.698944,0.447154,0.25179,0.105986,0.286179,0.180193
xgb_n=100_depth=2_lr=0.03_sub=1.0_col=0.8_l2=5.0_l1=0.1,xgboost,100,2,0.03,1.0,0.8,5.0,0.1,215,200.0,304,100 trees d=2,0.705986,0.463415,0.242571,0.103873,0.271545,0.167672
xgb_n=100_depth=2_lr=0.03_sub=1.0_col=0.8_l2=10.0_l1=0.0,xgboost,100,2,0.03,1.0,0.8,10.0,0.0,215,200.0,305,100 trees d=2,0.68838,0.487805,0.200575,0.108099,0.273171,0.165072
xgb_n=100_depth=2_lr=0.03_sub=1.0_col=0.8_l2=10.0_l1=0.1,xgboost,100,2,0.03,1.0,0.8,10.0,0.1,215,200.0,306,100 trees d=2,0.697183,0.487805,0.209378,0.103169,0.269919,0.16675
xgb_n=100_depth=2_lr=0.03_sub=1.0_col=1.0_l2=1.0_l1=0.0,xgboost,100,2,0.03,1.0,1.0,1.0,0.0,215,200.0,307,100 trees d=2,0.714789,0.447154,0.267635,0.098944,0.282927,0.183983
xgb_n=100_depth=2_lr=0.03_sub=1.0_col=1.0_l2=1.0_l1=0.1,xgboost,100,2,0.03,1.0,1.0,1.0,0.1,215,200.0,308,100 trees d=2,0.711268,0.430894,0.280374,0.10493,0.294309,0.189379
xgb_n=100_depth=2_lr=0.03_sub=1.0_col=1.0_l2=5.0_l1=0.0,xgboost,100,2,0.03,1.0,1.0,5.0,0.0,215,200.0,309,100 trees d=2,0.691901,0.455285,0.236616,0.109507,0.281301,0.171794
xgb_n=100_depth=2_lr=0.03_sub=1.0_col=1.0_l2=5.0_l1=0.1,xgboost,100,2,0.03,1.0,1.0,5.0,0.1,215,200.0,310,100 trees d=2,0.698944,0.455285,0.243659,0.104225,0.292683,0.188458
xgb_n=100_depth=2_lr=0.03_sub=1.0_col=1.0_l2=10.0_l1=0.0,xgboost,100,2,0.03,1.0,1.0,10.0,0.0,215,200.0,311,100 trees d=2,0.695423,0.487805,0.207618,0.10493,0.263415,0.158485
xgb_n=100_depth=2_lr=0.03_sub=1.0_col=1.0_l2=10.0_l1=0.1,xgboost,100,2,0.03,1.0,1.0,10.0,0.1,215,200.0,312,100 trees d=2,0.693662,0.463415,0.230247,0.102817,0.282927,0.18011
xgb_n=100_depth=2_lr=0.05_sub=0.8_col=0.8_l2=1.0_l1=0.0,xgboost,100,2,0.05,0.8,0.8,1.0,0.0,215,200.0,313,100 trees d=2,0.778169,0.471545,0.306624,0.069366,0.263415,0.194049
xgb_n=100_depth=2_lr=0.05_sub=0.8_col=0.8_l2=1.0_l1=0.1,xgboost,100,2,0.05,0.8,0.8,1.0,0.1,215,200.0,314,100 trees d=2,0.769366,0.471545,0.297821,0.072183,0.263415,0.191232
xgb_n=100_depth=2_lr=0.05_sub=0.8_col=0.8_l2=5.0_l1=0.0,xgboost,100,2,0.05,0.8,0.8,5.0,0.0,215,200.0,315,100 trees d=2,0.758803,0.479675,0.279128,0.080986,0.266667,0.185681
xgb_n=100_depth=2_lr=0.05_sub=0.8_col=0.8_l2=5.0_l1=0.1,xgboost,100,2,0.05,0.8,0.8,5.0,0.1,215,200.0,316,100 trees d=2,0.753521,0.455285,0.298236,0.082394,0.269919,0.187525
xgb_n=100_depth=2_lr=0.05_sub=0.8_col=0.8_l2=10.0_l1=0.0,xgboost,100,2,0.05,0.8,0.8,10.0,0.0,215,200.0,317,100 trees d=2,0.772887,0.487805,0.285082,0.076761,0.268293,0.191532
xgb_n=100_depth=2_lr=0.05_sub=0.8_col=0.8_l2=10.0_l1=0.1,xgboost,100,2,0.05,0.8,0.8,10.0,0.1,215,200.0,318,100 trees d=2,0.765845,0.487805,0.27804,0.078873,0.265041,0.186168
xgb_n=100_depth=2_lr=0.05_sub=0.8_col=1.0_l2=1.0_l1=0.0,xgboost,100,2,0.05,0.8,1.0,1.0,0.0,215,200.0,319,100 trees d=2,0.765845,0.487805,0.27804,0.075,0.256911,0.181911
xgb_n=100_depth=2_lr=0.05_sub=0.8_col=1.0_l2=1.0_l1=0.1,xgboost,100,2,0.05,0.8,1.0,1.0,0.1,215,200.0,320,100 trees d=2,0.776408,0.455285,0.321123,0.072183,0.261789,0.189606
xgb_n=100_depth=2_lr=0.05_sub=0.8_col=1.0_l2=5.0_l1=0.0,xgboost,100,2,0.05,0.8,1.0,5.0,0.0,215,200.0,321,100 trees d=2,0.778169,0.495935,0.282234,0.070423,0.261789,0.191366
xgb_n=100_depth=2_lr=0.05_sub=0.8_col=1.0_l2=5.0_l1=0.1,xgboost,100,2,0.05,0.8,1.0,5.0,0.1,215,200.0,322,100 trees d=2,0.771127,0.487805,0.283322,0.072183,0.263415,0.191232
xgb_n=100_depth=2_lr=0.05_sub=0.8_col=1.0_l2=10.0_l1=0.0,xgboost,100,2,0.05,0.8,1.0,10.0,0.0,215,200.0,323,100 trees d=2,0.762324,0.479675,0.282649,0.074296,0.265041,0.190745
xgb_n=100_depth=2_lr=0.05_sub=0.8_col=1.0_l2=10.0_l1=0.1,xgboost,100,2,0.05,0.8,1.0,10.0,0.1,215,200.0,324,100 trees d=2,0.753521,0.471545,0.281976,0.079577,0.269919,0.190342
xgb_n=100_depth=2_lr=0.05_sub=1.0_col=0.8_l2=1.0_l1=0.0,xgboost,100,2,0.05,1.0,0.8,1.0,0.0,215,200.0,325,100 trees d=2,0.760563,0.455285,0.305278,0.077465,0.268293,0.190828
xgb_n=100_depth=2_lr=0.05_sub=1.0_col=0.8_l2=1.0_l1=0.1,xgboost,100,2,0.05,1.0,0.8,1.0,0.1,215,200.0,326,100 trees d=2,0.764085,0.455285,0.3088,0.075,0.273171,0.198171
xgb_n=100_depth=2_lr=0.05_sub=1.0_col=0.8_l2=5.0_l1=0.0,xgboost,100,2,0.05,1.0,0.8,5.0,0.0,215,200.0,327,100 trees d=2,0.744718,0.463415,0.281303,0.08169,0.271545,0.189855
xgb_n=100_depth=2_lr=0.05_sub=1.0_col=0.8_l2=5.0_l1=0.1,xgboost,100,2,0.05,1.0,0.8,5.0,0.1,215,200.0,328,100 trees d=2,0.748239,0.455285,0.292954,0.08169,0.269919,0.188229
xgb_n=100_depth=2_lr=0.05_sub=1.0_col=0.8_l2=10.0_l1=0.0,xgboost,100,2,0.05,1.0,0.8,10.0,0.0,215,200.0,329,100 trees d=2,0.739437,0.479675,0.259762,0.084507,0.263415,0.178908
xgb_n=100_depth=2_lr=0.05_sub=1.0_col=0.8_l2=10.0_l1=0.1,xgboost,100,2,0.05,1.0,0.8,10.0,0.1,215,200.0,330,100 trees d=2,0.739437,0.463415,0.276022,0.085915,0.281301,0.195386
xgb_n=100_depth=2_lr=0.05_sub=1.0_col=1.0_l2=1.0_l1=0.0,xgboost,100,2,0.05,1.0,1.0,1.0,0.0,215,200.0,331,100 trees d=2,0.75,0.414634,0.335366,0.080986,0.284553,0.203567
xgb_n=100_depth=2_lr=0.05_sub=1.0_col=1.0_l2=1.0_l1=0.1,xgboost,100,2,0.05,1.0,1.0,1.0,0.1,215,200.0,332,100 trees d=2,0.751761,0.463415,0.288346,0.085211,0.260163,0.174952
xgb_n=100_depth=2_lr=0.05_sub=1.0_col=1.0_l2=5.0_l1=0.0,xgboost,100,2,0.05,1.0,1.0,5.0,0.0,215,200.0,333,100 trees d=2,0.739437,0.439024,0.300413,0.085563,0.281301,0.195738
xgb_n=100_depth=2_lr=0.05_sub=1.0_col=1.0_l2=5.0_l1=0.1,xgboost,100,2,0.05,1.0,1.0,5.0,0.1,215,200.0,334,100 trees d=2,0.75,0.447154,0.302846,0.079225,0.271545,0.19232
xgb_n=100_depth=2_lr=0.05_sub=1.0_col=1.0_l2=10.0_l1=0.0,xgboost,100,2,0.05,1.0,1.0,10.0,0.0,215,200.0,335,100 trees d=2,0.760563,0.463415,0.297148,0.075352,0.266667,0.191315
xgb_n=100_depth=2_lr=0.05_sub=1.0_col=1.0_l2=10.0_l1=0.1,xgboost,100,2,0.05,1.0,1.0,10.0,0.1,215,200.0,336,100 trees d=2,0.75,0.471545,0.278455,0.078521,0.256911,0.17839
xgb_n=100_depth=2_lr=0.1_sub=0.8_col=0.8_l2=1.0_l1=0.0,xgboost,100,2,0.1,0.8,0.8,1.0,0.0,215,200.0,337,100 trees d=2,0.841549,0.422764,0.418785,0.04331,0.271545,0.228235
xgb_n=100_depth=2_lr=0.1_sub=0.8_col=0.8_l2=1.0_l1=0.1,xgboost,100,2,0.1,0.8,0.8,1.0,0.1,215,200.0,338,100 trees d=2,0.829225,0.439024,0.390201,0.046831,0.263415,0.216584
xgb_n=100_depth=2_lr=0.1_sub=0.8_col=0.8_l2=5.0_l1=0.0,xgboost,100,2,0.1,0.8,0.8,5.0,0.0,215,200.0,339,100 trees d=2,0.836268,0.447154,0.389114,0.044366,0.266667,0.222301
xgb_n=100_depth=2_lr=0.1_sub=0.8_col=0.8_l2=5.0_l1=0.1,xgboost,100,2,0.1,0.8,0.8,5.0,0.1,215,200.0,340,100 trees d=2,0.832746,0.430894,0.401852,0.044718,0.281301,0.236583
xgb_n=100_depth=2_lr=0.1_sub=0.8_col=0.8_l2=10.0_l1=0.0,xgboost,100,2,0.1,0.8,0.8,10.0,0.0,215,200.0,341,100 trees d=2,0.822183,0.439024,0.383159,0.051056,0.271545,0.220489
xgb_n=100_depth=2_lr=0.1_sub=0.8_col=0.8_l2=10.0_l1=0.1,xgboost,100,2,0.1,0.8,0.8,10.0,0.1,215,200.0,342,100 trees d=2,0.836268,0.430894,0.405374,0.047183,0.295935,0.248752
xgb_n=100_depth=2_lr=0.1_sub=0.8_col=1.0_l2=1.0_l1=0.0,xgboost,100,2,0.1,0.8,1.0,1.0,0.0,215,200.0,343,100 trees d=2,0.850352,0.463415,0.386937,0.040493,0.269919,0.229426
xgb_n=100_depth=2_lr=0.1_sub=0.8_col=1.0_l2=1.0_l1=0.1,xgboost,100,2,0.1,0.8,1.0,1.0,0.1,215,200.0,344,100 trees d=2,0.841549,0.447154,0.394395,0.042606,0.268293,0.225687
xgb_n=100_depth=2_lr=0.1_sub=0.8_col=1.0_l2=5.0_l1=0.0,xgboost,100,2,0.1,0.8,1.0,5.0,0.0,215,200.0,345,100 trees d=2,0.832746,0.487805,0.344941,0.046479,0.24878,0.202301
xgb_n=100_depth=2_lr=0.1_sub=0.8_col=1.0_l2=5.0_l1=0.1,xgboost,100,2,0.1,0.8,1.0,5.0,0.1,215,200.0,346,100 trees d=2,0.836268,0.447154,0.389114,0.046831,0.273171,0.22634
xgb_n=100_depth=2_lr=0.1_sub=0.8_col=1.0_l2=10.0_l1=0.0,xgboost,100,2,0.1,0.8,1.0,10.0,0.0,215,200.0,347,100 trees d=2,0.829225,0.430894,0.398331,0.049648,0.282927,0.233279
xgb_n=100_depth=2_lr=0.1_sub=0.8_col=1.0_l2=10.0_l1=0.1,xgboost,100,2,0.1,0.8,1.0,10.0,0.1,215,200.0,348,100 trees d=2,0.823944,0.471545,0.352399,0.049648,0.269919,0.220271
xgb_n=100_depth=2_lr=0.1_sub=1.0_col=0.8_l2=1.0_l1=0.0,xgboost,100,2,0.1,1.0,0.8,1.0,0.0,215,200.0,349,100 trees d=2,0.815141,0.463415,0.351726,0.052817,0.260163,0.207346
xgb_n=100_depth=2_lr=0.1_sub=1.0_col=0.8_l2=1.0_l1=0.1,xgboost,100,2,0.1,1.0,0.8,1.0,0.1,215,200.0,350,100 trees d=2,0.816901,0.439024,0.377877,0.052817,0.279675,0.226858
xgb_n=100_depth=2_lr=0.1_sub=1.0_col=0.8_l2=5.0_l1=0.0,xgboost,100,2,0.1,1.0,0.8,5.0,0.0,215,200.0,351,100 trees d=2,0.815141,0.447154,0.367987,0.051408,0.271545,0.220137
xgb_n=100_depth=2_lr=0.1_sub=1.0_col=0.8_l2=5.0_l1=0.1,xgboost,100,2,0.1,1.0,0.8,5.0,0.1,215,200.0,352,100 trees d=2,0.820423,0.455285,0.365138,0.052113,0.263415,0.211302
xgb_n=100_depth=2_lr=0.1_sub=1.0_col=0.8_l2=10.0_l1=0.0,xgboost,100,2,0.1,1.0,0.8,10.0,0.0,215,200.0,353,100 trees d=2,0.816901,0.455285,0.361616,0.051761,0.263415,0.211654
xgb_n=100_depth=2_lr=0.1_sub=1.0_col=0.8_l2=10.0_l1=0.1,xgboost,100,2,0.1,1.0,0.8,10.0,0.1,215,200.0,354,100 trees d=2,0.815141,0.439024,0.376117,0.05493,0.269919,0.214989
xgb_n=100_depth=2_lr=0.1_sub=1.0_col=1.0_l2=1.0_l1=0.0,xgboost,100,2,0.1,1.0,1.0,1.0,0.0,215,200.0,355,100 trees d=2,0.830986,0.463415,0.367571,0.048592,0.261789,0.213197
xgb_n=100_depth=2_lr=0.1_sub=1.0_col=1.0_l2=1.0_l1=0.1,xgboost,100,2,0.1,1.0,1.0,1.0,0.1,215,200.0,356,100 trees d=2,0.832746,0.471545,0.361201,0.046127,0.247154,0.201027
xgb_n=100_depth=2_lr=0.1_sub=1.0_col=1.0_l2=5.0_l1=0.0,xgboost,100,2,0.1,1.0,1.0,5.0,0.0,215,200.0,357,100 trees d=2,0.809859,0.463415,0.346444,0.053873,0.260163,0.20629
xgb_n=100_depth=2_lr=0.1_sub=1.0_col=1.0_l2=5.0_l1=0.1,xgboost,100,2,0.1,1.0,1.0,5.0,0.1,215,200.0,358,100 trees d=2,0.816901,0.447154,0.369747,0.051408,0.271545,0.220137
xgb_n=100_depth=2_lr=0.1_sub=1.0_col=1.0_l2=10.0_l1=0.0,xgboost,100,2,0.1,1.0,1.0,10.0,0.0,215,200.0,359,100 trees d=2,0.825704,0.487805,0.337899,0.051056,0.243902,0.192846
xgb_n=100_depth=2_lr=0.1_sub=1.0_col=1.0_l2=10.0_l1=0.1,xgboost,100,2,0.1,1.0,1.0,10.0,0.1,215,200.0,360,100 trees d=2,0.825704,0.455285,0.370419,0.048944,0.260163,0.211219
xgb_n=100_depth=3_lr=0.03_sub=0.8_col=0.8_l2=1.0_l1=0.0,xgboost,100,3,0.03,0.8,0.8,1.0,0.0,215,300.0,361,100 trees d=3,0.850352,0.487805,0.362547,0.040141,0.245528,0.205387
xgb_n=100_depth=3_lr=0.03_sub=0.8_col=0.8_l2=1.0_l1=0.1,xgboost,100,3,0.03,0.8,0.8,1.0,0.1,215,300.0,362,100 trees d=3,0.848592,0.471545,0.377047,0.039085,0.253659,0.214574
xgb_n=100_depth=3_lr=0.03_sub=0.8_col=0.8_l2=5.0_l1=0.0,xgboost,100,3,0.03,0.8,0.8,5.0,0.0,215,300.0,363,100 trees d=3,0.834507,0.495935,0.338572,0.044366,0.265041,0.220675
xgb_n=100_depth=3_lr=0.03_sub=0.8_col=0.8_l2=5.0_l1=0.1,xgboost,100,3,0.03,0.8,0.8,5.0,0.1,215,300.0,364,100 trees d=3,0.838028,0.495935,0.342093,0.04331,0.265041,0.221731
xgb_n=100_depth=3_lr=0.03_sub=0.8_col=0.8_l2=10.0_l1=0.0,xgboost,100,3,0.03,0.8,0.8,10.0,0.0,215,300.0,365,100 trees d=3,0.839789,0.504065,0.335724,0.041549,0.237398,0.195849
xgb_n=100_depth=3_lr=0.03_sub=0.8_col=0.8_l2=10.0_l1=0.1,xgboost,100,3,0.03,0.8,0.8,10.0,0.1,215,300.0,366,100 trees d=3,0.84331,0.495935,0.347375,0.041197,0.250407,0.20921
xgb_n=100_depth=3_lr=0.03_sub=0.8_col=1.0_l2=1.0_l1=0.0,xgboost,100,3,0.03,0.8,1.0,1.0,0.0,215,300.0,367,100 trees d=3,0.839789,0.455285,0.384504,0.041197,0.266667,0.22547
xgb_n=100_depth=3_lr=0.03_sub=0.8_col=1.0_l2=1.0_l1=0.1,xgboost,100,3,0.03,0.8,1.0,1.0,0.1,215,300.0,368,100 trees d=3,0.841549,0.455285,0.386264,0.041197,0.269919,0.228722
xgb_n=100_depth=3_lr=0.03_sub=0.8_col=1.0_l2=5.0_l1=0.0,xgboost,100,3,0.03,0.8,1.0,5.0,0.0,215,300.0,369,100 trees d=3,0.829225,0.455285,0.37394,0.045423,0.273171,0.227748
xgb_n=100_depth=3_lr=0.03_sub=0.8_col=1.0_l2=5.0_l1=0.1,xgboost,100,3,0.03,0.8,1.0,5.0,0.1,215,300.0,370,100 trees d=3,0.829225,0.447154,0.382071,0.045423,0.271545,0.226122
xgb_n=100_depth=3_lr=0.03_sub=0.8_col=1.0_l2=10.0_l1=0.0,xgboost,100,3,0.03,0.8,1.0,10.0,0.0,215,300.0,371,100 trees d=3,0.838028,0.471545,0.366483,0.041901,0.265041,0.22314
xgb_n=100_depth=3_lr=0.03_sub=0.8_col=1.0_l2=10.0_l1=0.1,xgboost,100,3,0.03,0.8,1.0,10.0,0.1,215,300.0,372,100 trees d=3,0.827465,0.455285,0.37218,0.046127,0.271545,0.225418
xgb_n=100_depth=3_lr=0.03_sub=1.0_col=0.8_l2=1.0_l1=0.0,xgboost,100,3,0.03,1.0,0.8,1.0,0.0,215,300.0,373,100 trees d=3,0.804577,0.430894,0.373683,0.056338,0.281301,0.224963
xgb_n=100_depth=3_lr=0.03_sub=1.0_col=0.8_l2=1.0_l1=0.1,xgboost,100,3,0.03,1.0,0.8,1.0,0.1,215,300.0,374,100 trees d=3,0.822183,0.455285,0.366898,0.048592,0.266667,0.218075
xgb_n=100_depth=3_lr=0.03_sub=1.0_col=0.8_l2=5.0_l1=0.0,xgboost,100,3,0.03,1.0,0.8,5.0,0.0,215,300.0,375,100 trees d=3,0.825704,0.487805,0.337899,0.047887,0.263415,0.215528
xgb_n=100_depth=3_lr=0.03_sub=1.0_col=0.8_l2=5.0_l1=0.1,xgboost,100,3,0.03,1.0,0.8,5.0,0.1,215,300.0,376,100 trees d=3,0.825704,0.512195,0.313509,0.045775,0.252033,0.206258
xgb_n=100_depth=3_lr=0.03_sub=1.0_col=0.8_l2=10.0_l1=0.0,xgboost,100,3,0.03,1.0,0.8,10.0,0.0,215,300.0,377,100 trees d=3,0.816901,0.495935,0.320966,0.051056,0.263415,0.212359
xgb_n=100_depth=3_lr=0.03_sub=1.0_col=0.8_l2=10.0_l1=0.1,xgboost,100,3,0.03,1.0,0.8,10.0,0.1,215,300.0,378,100 trees d=3,0.815141,0.495935,0.319206,0.051056,0.261789,0.210733
xgb_n=100_depth=3_lr=0.03_sub=1.0_col=1.0_l2=1.0_l1=0.0,xgboost,100,3,0.03,1.0,1.0,1.0,0.0,215,300.0,379,100 trees d=3,0.820423,0.430894,0.389529,0.05,0.289431,0.239431
xgb_n=100_depth=3_lr=0.03_sub=1.0_col=1.0_l2=1.0_l1=0.1,xgboost,100,3,0.03,1.0,1.0,1.0,0.1,215,300.0,380,100 trees d=3,0.830986,0.471545,0.359441,0.044366,0.260163,0.215797
xgb_n=100_depth=3_lr=0.03_sub=1.0_col=1.0_l2=5.0_l1=0.0,xgboost,100,3,0.03,1.0,1.0,5.0,0.0,215,300.0,381,100 trees d=3,0.825704,0.512195,0.313509,0.046127,0.24065,0.194523
xgb_n=100_depth=3_lr=0.03_sub=1.0_col=1.0_l2=5.0_l1=0.1,xgboost,100,3,0.03,1.0,1.0,5.0,0.1,215,300.0,382,100 trees d=3,0.820423,0.487805,0.332618,0.047887,0.266667,0.21878
xgb_n=100_depth=3_lr=0.03_sub=1.0_col=1.0_l2=10.0_l1=0.0,xgboost,100,3,0.03,1.0,1.0,10.0,0.0,215,300.0,383,100 trees d=3,0.81338,0.495935,0.317445,0.050704,0.253659,0.202955
xgb_n=100_depth=3_lr=0.03_sub=1.0_col=1.0_l2=10.0_l1=0.1,xgboost,100,3,0.03,1.0,1.0,10.0,0.1,215,300.0,384,100 trees d=3,0.816901,0.487805,0.329096,0.049296,0.256911,0.207615
xgb_n=100_depth=3_lr=0.05_sub=0.8_col=0.8_l2=1.0_l1=0.0,xgboost,100,3,0.05,0.8,0.8,1.0,0.0,215,300.0,385,100 trees d=3,0.871479,0.463415,0.408064,0.03169,0.256911,0.225221
xgb_n=100_depth=3_lr=0.05_sub=0.8_col=0.8_l2=1.0_l1=0.1,xgboost,100,3,0.05,0.8,0.8,1.0,0.1,215,300.0,386,100 trees d=3,0.875,0.447154,0.427846,0.030282,0.274797,0.244515
xgb_n=100_depth=3_lr=0.05_sub=0.8_col=0.8_l2=5.0_l1=0.0,xgboost,100,3,0.05,0.8,0.8,5.0,0.0,215,300.0,387,100 trees d=3,0.882042,0.471545,0.410497,0.029577,0.256911,0.227334
xgb_n=100_depth=3_lr=0.05_sub=0.8_col=0.8_l2=5.0_l1=0.1,xgboost,100,3,0.05,0.8,0.8,5.0,0.1,215,300.0,388,100 trees d=3,0.882042,0.455285,0.426757,0.027113,0.274797,0.247684
xgb_n=100_depth=3_lr=0.05_sub=0.8_col=0.8_l2=10.0_l1=0.0,xgboost,100,3,0.05,0.8,0.8,10.0,0.0,215,300.0,389,100 trees d=3,0.878521,0.447154,0.431367,0.030282,0.268293,0.238011
xgb_n=100_depth=3_lr=0.05_sub=0.8_col=0.8_l2=10.0_l1=0.1,xgboost,100,3,0.05,0.8,0.8,10.0,0.1,215,300.0,390,100 trees d=3,0.869718,0.455285,0.414433,0.032394,0.287805,0.255411
xgb_n=100_depth=3_lr=0.05_sub=0.8_col=1.0_l2=1.0_l1=0.0,xgboost,100,3,0.05,0.8,1.0,1.0,0.0,215,300.0,391,100 trees d=3,0.896127,0.455285,0.440842,0.023944,0.268293,0.244349
xgb_n=100_depth=3_lr=0.05_sub=0.8_col=1.0_l2=1.0_l1=0.1,xgboost,100,3,0.05,0.8,1.0,1.0,0.1,215,300.0,392,100 trees d=3,0.883803,0.471545,0.412258,0.027817,0.265041,0.237224
xgb_n=100_depth=3_lr=0.05_sub=0.8_col=1.0_l2=5.0_l1=0.0,xgboost,100,3,0.05,0.8,1.0,5.0,0.0,215,300.0,393,100 trees d=3,0.883803,0.479675,0.404128,0.027817,0.247154,0.219337
xgb_n=100_depth=3_lr=0.05_sub=0.8_col=1.0_l2=5.0_l1=0.1,xgboost,100,3,0.05,0.8,1.0,5.0,0.1,215,300.0,394,100 trees d=3,0.883803,0.447154,0.436649,0.026761,0.269919,0.243158
xgb_n=100_depth=3_lr=0.05_sub=0.8_col=1.0_l2=10.0_l1=0.0,xgboost,100,3,0.05,0.8,1.0,10.0,0.0,215,300.0,395,100 trees d=3,0.867958,0.439024,0.428934,0.032394,0.286179,0.253785
xgb_n=100_depth=3_lr=0.05_sub=0.8_col=1.0_l2=10.0_l1=0.1,xgboost,100,3,0.05,0.8,1.0,10.0,0.1,215,300.0,396,100 trees d=3,0.875,0.455285,0.419715,0.030634,0.276423,0.245789
xgb_n=100_depth=3_lr=0.05_sub=1.0_col=0.8_l2=1.0_l1=0.0,xgboost,100,3,0.05,1.0,0.8,1.0,0.0,215,300.0,397,100 trees d=3,0.862676,0.422764,0.439912,0.035563,0.287805,0.252242
xgb_n=100_depth=3_lr=0.05_sub=1.0_col=0.8_l2=1.0_l1=0.1,xgboost,100,3,0.05,1.0,0.8,1.0,0.1,215,300.0,398,100 trees d=3,0.875,0.455285,0.419715,0.030282,0.261789,0.231507
xgb_n=100_depth=3_lr=0.05_sub=1.0_col=0.8_l2=5.0_l1=0.0,xgboost,100,3,0.05,1.0,0.8,5.0,0.0,215,300.0,399,100 trees d=3,0.860915,0.455285,0.40563,0.035211,0.278049,0.242838
xgb_n=100_depth=3_lr=0.05_sub=1.0_col=0.8_l2=5.0_l1=0.1,xgboost,100,3,0.05,1.0,0.8,5.0,0.1,215,300.0,400,100 trees d=3,0.866197,0.512195,0.354002,0.033451,0.237398,0.203947
xgb_n=100_depth=3_lr=0.05_sub=1.0_col=0.8_l2=10.0_l1=0.0,xgboost,100,3,0.05,1.0,0.8,10.0,0.0,215,300.0,401,100 trees d=3,0.871479,0.495935,0.375544,0.032042,0.243902,0.21186
xgb_n=100_depth=3_lr=0.05_sub=1.0_col=0.8_l2=10.0_l1=0.1,xgboost,100,3,0.05,1.0,0.8,10.0,0.1,215,300.0,402,100 trees d=3,0.862676,0.520325,0.342351,0.035211,0.234146,0.198935
xgb_n=100_depth=3_lr=0.05_sub=1.0_col=1.0_l2=1.0_l1=0.0,xgboost,100,3,0.05,1.0,1.0,1.0,0.0,215,300.0,403,100 trees d=3,0.864437,0.447154,0.417283,0.034507,0.273171,0.238664
xgb_n=100_depth=3_lr=0.05_sub=1.0_col=1.0_l2=1.0_l1=0.1,xgboost,100,3,0.05,1.0,1.0,1.0,0.1,215,300.0,404,100 trees d=3,0.875,0.447154,0.427846,0.030986,0.273171,0.242185
xgb_n=100_depth=3_lr=0.05_sub=1.0_col=1.0_l2=5.0_l1=0.0,xgboost,100,3,0.05,1.0,1.0,5.0,0.0,215,300.0,405,100 trees d=3,0.857394,0.479675,0.377719,0.036268,0.265041,0.228773
xgb_n=100_depth=3_lr=0.05_sub=1.0_col=1.0_l2=5.0_l1=0.1,xgboost,100,3,0.05,1.0,1.0,5.0,0.1,215,300.0,406,100 trees d=3,0.871479,0.463415,0.408064,0.03169,0.266667,0.234977
xgb_n=100_depth=3_lr=0.05_sub=1.0_col=1.0_l2=10.0_l1=0.0,xgboost,100,3,0.05,1.0,1.0,10.0,0.0,215,300.0,407,100 trees d=3,0.871479,0.504065,0.367414,0.032042,0.256911,0.224869
xgb_n=100_depth=3_lr=0.05_sub=1.0_col=1.0_l2=10.0_l1=0.1,xgboost,100,3,0.05,1.0,1.0,10.0,0.1,215,300.0,408,100 trees d=3,0.857394,0.520325,0.337069,0.035563,0.258537,0.222974
xgb_n=100_depth=3_lr=0.1_sub=0.8_col=0.8_l2=1.0_l1=0.0,xgboost,100,3,0.1,0.8,0.8,1.0,0.0,215,300.0,409,100 trees d=3,0.945423,0.439024,0.506399,0.011268,0.268293,0.257025
xgb_n=100_depth=3_lr=0.1_sub=0.8_col=0.8_l2=1.0_l1=0.1,xgboost,100,3,0.1,0.8,0.8,1.0,0.1,215,300.0,410,100 trees d=3,0.93838,0.414634,0.523746,0.01338,0.273171,0.259791
xgb_n=100_depth=3_lr=0.1_sub=0.8_col=0.8_l2=5.0_l1=0.0,xgboost,100,3,0.1,0.8,0.8,5.0,0.0,215,300.0,411,100 trees d=3,0.947183,0.414634,0.532549,0.011268,0.287805,0.276537
xgb_n=100_depth=3_lr=0.1_sub=0.8_col=0.8_l2=5.0_l1=0.1,xgboost,100,3,0.1,0.8,0.8,5.0,0.1,215,300.0,412,100 trees d=3,0.929577,0.439024,0.490553,0.014437,0.279675,0.265238
xgb_n=100_depth=3_lr=0.1_sub=0.8_col=0.8_l2=10.0_l1=0.0,xgboost,100,3,0.1,0.8,0.8,10.0,0.0,215,300.0,413,100 trees d=3,0.93838,0.406504,0.531876,0.01338,0.284553,0.271173
xgb_n=100_depth=3_lr=0.1_sub=0.8_col=0.8_l2=10.0_l1=0.1,xgboost,100,3,0.1,0.8,0.8,10.0,0.1,215,300.0,414,100 trees d=3,0.924296,0.414634,0.509662,0.016197,0.284553,0.268356
xgb_n=100_depth=3_lr=0.1_sub=0.8_col=1.0_l2=1.0_l1=0.0,xgboost,100,3,0.1,0.8,1.0,1.0,0.0,215,300.0,415,100 trees d=3,0.93662,0.382114,0.554506,0.013732,0.294309,0.280577
xgb_n=100_depth=3_lr=0.1_sub=0.8_col=1.0_l2=1.0_l1=0.1,xgboost,100,3,0.1,0.8,1.0,1.0,0.1,215,300.0,416,100 trees d=3,0.940141,0.430894,0.509247,0.013028,0.291057,0.278029
xgb_n=100_depth=3_lr=0.1_sub=0.8_col=1.0_l2=5.0_l1=0.0,xgboost,100,3,0.1,0.8,1.0,5.0,0.0,215,300.0,417,100 trees d=3,0.929577,0.414634,0.514943,0.014789,0.282927,0.268138
xgb_n=100_depth=3_lr=0.1_sub=0.8_col=1.0_l2=5.0_l1=0.1,xgboost,100,3,0.1,0.8,1.0,5.0,0.1,215,300.0,418,100 trees d=3,0.934859,0.398374,0.536485,0.013732,0.300813,0.287081
xgb_n=100_depth=3_lr=0.1_sub=0.8_col=1.0_l2=10.0_l1=0.0,xgboost,100,3,0.1,0.8,1.0,10.0,0.0,215,300.0,419,100 trees d=3,0.933099,0.471545,0.461554,0.014437,0.261789,0.247352
xgb_n=100_depth=3_lr=0.1_sub=0.8_col=1.0_l2=10.0_l1=0.1,xgboost,100,3,0.1,0.8,1.0,10.0,0.1,215,300.0,420,100 trees d=3,0.940141,0.406504,0.533637,0.01338,0.292683,0.279303
xgb_n=100_depth=3_lr=0.1_sub=1.0_col=0.8_l2=1.0_l1=0.0,xgboost,100,3,0.1,1.0,0.8,1.0,0.0,215,300.0,421,100 trees d=3,0.945423,0.471545,0.473878,0.012324,0.243902,0.231578
xgb_n=100_depth=3_lr=0.1_sub=1.0_col=0.8_l2=1.0_l1=0.1,xgboost,100,3,0.1,1.0,0.8,1.0,0.1,215,300.0,422,100 trees d=3,0.940141,0.487805,0.452336,0.011972,0.263415,0.251443
xgb_n=100_depth=3_lr=0.1_sub=1.0_col=0.8_l2=5.0_l1=0.0,xgboost,100,3,0.1,1.0,0.8,5.0,0.0,215,300.0,423,100 trees d=3,0.929577,0.471545,0.458032,0.015493,0.263415,0.247922
xgb_n=100_depth=3_lr=0.1_sub=1.0_col=0.8_l2=5.0_l1=0.1,xgboost,100,3,0.1,1.0,0.8,5.0,0.1,215,300.0,424,100 trees d=3,0.941901,0.455285,0.486616,0.012676,0.271545,0.258869
xgb_n=100_depth=3_lr=0.1_sub=1.0_col=0.8_l2=10.0_l1=0.0,xgboost,100,3,0.1,1.0,0.8,10.0,0.0,215,300.0,425,100 trees d=3,0.93838,0.512195,0.426185,0.013028,0.24065,0.227622
xgb_n=100_depth=3_lr=0.1_sub=1.0_col=0.8_l2=10.0_l1=0.1,xgboost,100,3,0.1,1.0,0.8,10.0,0.1,215,300.0,426,100 trees d=3,0.927817,0.495935,0.431882,0.015493,0.256911,0.241418
xgb_n=100_depth=3_lr=0.1_sub=1.0_col=1.0_l2=1.0_l1=0.0,xgboost,100,3,0.1,1.0,1.0,1.0,0.0,215,300.0,427,100 trees d=3,0.926056,0.447154,0.478902,0.015845,0.271545,0.2557
xgb_n=100_depth=3_lr=0.1_sub=1.0_col=1.0_l2=1.0_l1=0.1,xgboost,100,3,0.1,1.0,1.0,1.0,0.1,215,300.0,428,100 trees d=3,0.93662,0.471545,0.465075,0.014085,0.245528,0.231443
xgb_n=100_depth=3_lr=0.1_sub=1.0_col=1.0_l2=5.0_l1=0.0,xgboost,100,3,0.1,1.0,1.0,5.0,0.0,215,300.0,429,100 trees d=3,0.941901,0.463415,0.478486,0.012676,0.263415,0.250739
xgb_n=100_depth=3_lr=0.1_sub=1.0_col=1.0_l2=5.0_l1=0.1,xgboost,100,3,0.1,1.0,1.0,5.0,0.1,215,300.0,430,100 trees d=3,0.945423,0.479675,0.465748,0.011268,0.250407,0.239139
xgb_n=100_depth=3_lr=0.1_sub=1.0_col=1.0_l2=10.0_l1=0.0,xgboost,100,3,0.1,1.0,1.0,10.0,0.0,215,300.0,431,100 trees d=3,0.931338,0.512195,0.419143,0.014789,0.229268,0.214479
xgb_n=100_depth=3_lr=0.1_sub=1.0_col=1.0_l2=10.0_l1=0.1,xgboost,100,3,0.1,1.0,1.0,10.0,0.1,215,300.0,432,100 trees d=3,0.93838,0.487805,0.450575,0.012676,0.250407,0.237731
xgb_n=200_depth=1_lr=0.03_sub=0.8_col=0.8_l2=1.0_l1=0.0,xgboost,200,1,0.03,0.8,0.8,1.0,0.0,215,200.0,433,200 trees d=1,0.647887,0.471545,0.176342,0.134155,0.265041,0.130886
xgb_n=200_depth=1_lr=0.03_sub=0.8_col=0.8_l2=1.0_l1=0.1,xgboost,200,1,0.03,0.8,0.8,1.0,0.1,215,200.0,434,200 trees d=1,0.65493,0.463415,0.191515,0.135915,0.269919,0.134004
xgb_n=200_depth=1_lr=0.03_sub=0.8_col=0.8_l2=5.0_l1=0.0,xgboost,200,1,0.03,0.8,0.8,5.0,0.0,215,200.0,435,200 trees d=1,0.651408,0.495935,0.155473,0.132042,0.242276,0.110234
xgb_n=200_depth=1_lr=0.03_sub=0.8_col=0.8_l2=5.0_l1=0.1,xgboost,200,1,0.03,0.8,0.8,5.0,0.1,215,200.0,436,200 trees d=1,0.647887,0.495935,0.151952,0.134859,0.242276,0.107417
xgb_n=200_depth=1_lr=0.03_sub=0.8_col=0.8_l2=10.0_l1=0.0,xgboost,200,1,0.03,0.8,0.8,10.0,0.0,215,200.0,437,200 trees d=1,0.632042,0.512195,0.119847,0.140845,0.234146,0.093301
xgb_n=200_depth=1_lr=0.03_sub=0.8_col=0.8_l2=10.0_l1=0.1,xgboost,200,1,0.03,0.8,0.8,10.0,0.1,215,200.0,438,200 trees d=1,0.635563,0.504065,0.131498,0.141197,0.237398,0.096201
xgb_n=200_depth=1_lr=0.03_sub=0.8_col=1.0_l2=1.0_l1=0.0,xgboost,200,1,0.03,0.8,1.0,1.0,0.0,215,200.0,439,200 trees d=1,0.661972,0.487805,0.174167,0.133451,0.263415,0.129964
xgb_n=200_depth=1_lr=0.03_sub=0.8_col=1.0_l2=1.0_l1=0.1,xgboost,200,1,0.03,0.8,1.0,1.0,0.1,215,200.0,440,200 trees d=1,0.653169,0.479675,0.173494,0.134859,0.256911,0.122052
xgb_n=200_depth=1_lr=0.03_sub=0.8_col=1.0_l2=5.0_l1=0.0,xgboost,200,1,0.03,0.8,1.0,5.0,0.0,215,200.0,441,200 trees d=1,0.646127,0.487805,0.158322,0.139085,0.24878,0.109695
xgb_n=200_depth=1_lr=0.03_sub=0.8_col=1.0_l2=5.0_l1=0.1,xgboost,200,1,0.03,0.8,1.0,5.0,0.1,215,200.0,442,200 trees d=1,0.651408,0.487805,0.163603,0.135563,0.24878,0.113217
xgb_n=200_depth=1_lr=0.03_sub=0.8_col=1.0_l2=10.0_l1=0.0,xgboost,200,1,0.03,0.8,1.0,10.0,0.0,215,200.0,443,200 trees d=1,0.637324,0.512195,0.125129,0.142606,0.234146,0.09154
xgb_n=200_depth=1_lr=0.03_sub=0.8_col=1.0_l2=10.0_l1=0.1,xgboost,200,1,0.03,0.8,1.0,10.0,0.1,215,200.0,444,200 trees d=1,0.637324,0.512195,0.125129,0.141901,0.23252,0.090619
xgb_n=200_depth=1_lr=0.03_sub=1.0_col=0.8_l2=1.0_l1=0.0,xgboost,200,1,0.03,1.0,0.8,1.0,0.0,215,200.0,445,200 trees d=1,0.630282,0.479675,0.150607,0.148592,0.256911,0.108319
xgb_n=200_depth=1_lr=0.03_sub=1.0_col=0.8_l2=1.0_l1=0.1,xgboost,200,1,0.03,1.0,0.8,1.0,0.1,215,200.0,446,200 trees d=1,0.633803,0.487805,0.145998,0.146831,0.253659,0.106828
xgb_n=200_depth=1_lr=0.03_sub=1.0_col=0.8_l2=5.0_l1=0.0,xgboost,200,1,0.03,1.0,0.8,5.0,0.0,215,200.0,447,200 trees d=1,0.632042,0.479675,0.152367,0.146127,0.263415,0.117288
xgb_n=200_depth=1_lr=0.03_sub=1.0_col=0.8_l2=5.0_l1=0.1,xgboost,200,1,0.03,1.0,0.8,5.0,0.1,215,200.0,448,200 trees d=1,0.628521,0.479675,0.148846,0.148239,0.265041,0.116802
xgb_n=200_depth=1_lr=0.03_sub=1.0_col=0.8_l2=10.0_l1=0.0,xgboost,200,1,0.03,1.0,0.8,10.0,0.0,215,200.0,449,200 trees d=1,0.619718,0.479675,0.140043,0.150352,0.256911,0.106559
xgb_n=200_depth=1_lr=0.03_sub=1.0_col=0.8_l2=10.0_l1=0.1,xgboost,200,1,0.03,1.0,0.8,10.0,0.1,215,200.0,450,200 trees d=1,0.625,0.487805,0.137195,0.150352,0.255285,0.104933
xgb_n=200_depth=1_lr=0.03_sub=1.0_col=1.0_l2=1.0_l1=0.0,xgboost,200,1,0.03,1.0,1.0,1.0,0.0,215,200.0,451,200 trees d=1,0.633803,0.487805,0.145998,0.148944,0.253659,0.104715
xgb_n=200_depth=1_lr=0.03_sub=1.0_col=1.0_l2=1.0_l1=0.1,xgboost,200,1,0.03,1.0,1.0,1.0,0.1,215,200.0,452,200 trees d=1,0.640845,0.487805,0.15304,0.144366,0.253659,0.109293
xgb_n=200_depth=1_lr=0.03_sub=1.0_col=1.0_l2=5.0_l1=0.0,xgboost,200,1,0.03,1.0,1.0,5.0,0.0,215,200.0,453,200 trees d=1,0.632042,0.479675,0.152367,0.146127,0.263415,0.117288
xgb_n=200_depth=1_lr=0.03_sub=1.0_col=1.0_l2=5.0_l1=0.1,xgboost,200,1,0.03,1.0,1.0,5.0,0.1,215,200.0,454,200 trees d=1,0.626761,0.471545,0.155216,0.147887,0.265041,0.117154
xgb_n=200_depth=1_lr=0.03_sub=1.0_col=1.0_l2=10.0_l1=0.0,xgboost,200,1,0.03,1.0,1.0,10.0,0.0,215,200.0,455,200 trees d=1,0.623239,0.487805,0.135434,0.150704,0.255285,0.104581
xgb_n=200_depth=1_lr=0.03_sub=1.0_col=1.0_l2=10.0_l1=0.1,xgboost,200,1,0.03,1.0,1.0,10.0,0.1,215,200.0,456,200 trees d=1,0.623239,0.487805,0.135434,0.150352,0.255285,0.104933
xgb_n=200_depth=1_lr=0.05_sub=0.8_col=0.8_l2=1.0_l1=0.0,xgboost,200,1,0.05,0.8,0.8,1.0,0.0,215,200.0,457,200 trees d=1,0.681338,0.495935,0.185403,0.11831,0.256911,0.138601
xgb_n=200_depth=1_lr=0.05_sub=0.8_col=0.8_l2=1.0_l1=0.1,xgboost,200,1,0.05,0.8,0.8,1.0,0.1,215,200.0,458,200 trees d=1,0.679577,0.495935,0.183642,0.115493,0.258537,0.143044
xgb_n=200_depth=1_lr=0.05_sub=0.8_col=0.8_l2=5.0_l1=0.0,xgboost,200,1,0.05,0.8,0.8,5.0,0.0,215,200.0,459,200 trees d=1,0.684859,0.479675,0.205184,0.121127,0.266667,0.14554
xgb_n=200_depth=1_lr=0.05_sub=0.8_col=0.8_l2=5.0_l1=0.1,xgboost,200,1,0.05,0.8,0.8,5.0,0.1,215,200.0,460,200 trees d=1,0.677817,0.487805,0.190012,0.122887,0.261789,0.138902
xgb_n=200_depth=1_lr=0.05_sub=0.8_col=0.8_l2=10.0_l1=0.0,xgboost,200,1,0.05,0.8,0.8,10.0,0.0,215,200.0,461,200 trees d=1,0.68662,0.479675,0.206945,0.119014,0.261789,0.142775
xgb_n=200_depth=1_lr=0.05_sub=0.8_col=0.8_l2=10.0_l1=0.1,xgboost,200,1,0.05,0.8,0.8,10.0,0.1,215,200.0,462,200 trees d=1,0.679577,0.479675,0.199902,0.122535,0.260163,0.137628
xgb_n=200_depth=1_lr=0.05_sub=0.8_col=1.0_l2=1.0_l1=0.0,xgboost,200,1,0.05,0.8,1.0,1.0,0.0,215,200.0,463,200 trees d=1,0.679577,0.455285,0.224292,0.119014,0.273171,0.154157
xgb_n=200_depth=1_lr=0.05_sub=0.8_col=1.0_l2=1.0_l1=0.1,xgboost,200,1,0.05,0.8,1.0,1.0,0.1,215,200.0,464,200 trees d=1,0.670775,0.463415,0.20736,0.120775,0.281301,0.160526
xgb_n=200_depth=1_lr=0.05_sub=0.8_col=1.0_l2=5.0_l1=0.0,xgboost,200,1,0.05,0.8,1.0,5.0,0.0,215,200.0,465,200 trees d=1,0.683099,0.471545,0.211554,0.12007,0.271545,0.151475
xgb_n=200_depth=1_lr=0.05_sub=0.8_col=1.0_l2=5.0_l1=0.1,xgboost,200,1,0.05,0.8,1.0,5.0,0.1,215,200.0,466,200 trees d=1,0.674296,0.487805,0.186491,0.123944,0.261789,0.137845
xgb_n=200_depth=1_lr=0.05_sub=0.8_col=1.0_l2=10.0_l1=0.0,xgboost,200,1,0.05,0.8,1.0,10.0,0.0,215,200.0,467,200 trees d=1,0.683099,0.495935,0.187164,0.119718,0.24878,0.129062
xgb_n=200_depth=1_lr=0.05_sub=0.8_col=1.0_l2=10.0_l1=0.1,xgboost,200,1,0.05,0.8,1.0,10.0,0.1,215,200.0,468,200 trees d=1,0.679577,0.487805,0.191772,0.12007,0.258537,0.138467
xgb_n=200_depth=1_lr=0.05_sub=1.0_col=0.8_l2=1.0_l1=0.0,xgboost,200,1,0.05,1.0,0.8,1.0,0.0,215,200.0,469,200 trees d=1,0.665493,0.455285,0.210208,0.12993,0.274797,0.144867
xgb_n=200_depth=1_lr=0.05_sub=1.0_col=0.8_l2=1.0_l1=0.1,xgboost,200,1,0.05,1.0,0.8,1.0,0.1,215,200.0,470,200 trees d=1,0.661972,0.455285,0.206687,0.12993,0.276423,0.146493
xgb_n=200_depth=1_lr=0.05_sub=1.0_col=0.8_l2=5.0_l1=0.0,xgboost,200,1,0.05,1.0,0.8,5.0,0.0,215,200.0,471,200 trees d=1,0.660211,0.471545,0.188666,0.128873,0.271545,0.142672
xgb_n=200_depth=1_lr=0.05_sub=1.0_col=0.8_l2=5.0_l1=0.1,xgboost,200,1,0.05,1.0,0.8,5.0,0.1,215,200.0,472,200 trees d=1,0.65669,0.463415,0.193275,0.128521,0.269919,0.141398
xgb_n=200_depth=1_lr=0.05_sub=1.0_col=0.8_l2=10.0_l1=0.0,xgboost,200,1,0.05,1.0,0.8,10.0,0.0,215,200.0,473,200 trees d=1,0.649648,0.471545,0.178103,0.132746,0.268293,0.135547
xgb_n=200_depth=1_lr=0.05_sub=1.0_col=0.8_l2=10.0_l1=0.1,xgboost,200,1,0.05,1.0,0.8,10.0,0.1,215,200.0,474,200 trees d=1,0.651408,0.471545,0.179863,0.134859,0.261789,0.12693
xgb_n=200_depth=1_lr=0.05_sub=1.0_col=1.0_l2=1.0_l1=0.0,xgboost,200,1,0.05,1.0,1.0,1.0,0.0,215,200.0,475,200 trees d=1,0.667254,0.471545,0.195709,0.129225,0.269919,0.140694
xgb_n=200_depth=1_lr=0.05_sub=1.0_col=1.0_l2=1.0_l1=0.1,xgboost,200,1,0.05,1.0,1.0,1.0,0.1,215,200.0,476,200 trees d=1,0.667254,0.463415,0.203839,0.127113,0.269919,0.142806
xgb_n=200_depth=1_lr=0.05_sub=1.0_col=1.0_l2=5.0_l1=0.0,xgboost,200,1,0.05,1.0,1.0,5.0,0.0,215,200.0,477,200 trees d=1,0.65669,0.455285,0.201405,0.129577,0.281301,0.151724
xgb_n=200_depth=1_lr=0.05_sub=1.0_col=1.0_l2=5.0_l1=0.1,xgboost,200,1,0.05,1.0,1.0,5.0,0.1,215,200.0,478,200 trees d=1,0.651408,0.455285,0.196123,0.132042,0.271545,0.139503
xgb_n=200_depth=1_lr=0.05_sub=1.0_col=1.0_l2=10.0_l1=0.0,xgboost,200,1,0.05,1.0,1.0,10.0,0.0,215,200.0,479,200 trees d=1,0.647887,0.471545,0.176342,0.134859,0.261789,0.12693
xgb_n=200_depth=1_lr=0.05_sub=1.0_col=1.0_l2=10.0_l1=0.1,xgboost,200,1,0.05,1.0,1.0,10.0,0.1,215,200.0,480,200 trees d=1,0.649648,0.471545,0.178103,0.134155,0.258537,0.124382
xgb_n=200_depth=1_lr=0.1_sub=0.8_col=0.8_l2=1.0_l1=0.0,xgboost,200,1,0.1,0.8,0.8,1.0,0.0,215,200.0,481,200 trees d=1,0.723592,0.495935,0.227657,0.095775,0.250407,0.154632
xgb_n=200_depth=1_lr=0.1_sub=0.8_col=0.8_l2=1.0_l1=0.1,xgboost,200,1,0.1,0.8,0.8,1.0,0.1,215,200.0,482,200 trees d=1,0.723592,0.504065,0.219527,0.091549,0.245528,0.153979
xgb_n=200_depth=1_lr=0.1_sub=0.8_col=0.8_l2=5.0_l1=0.0,xgboost,200,1,0.1,0.8,0.8,5.0,0.0,215,200.0,483,200 trees d=1,0.721831,0.495935,0.225896,0.096831,0.253659,0.156828
xgb_n=200_depth=1_lr=0.1_sub=0.8_col=0.8_l2=5.0_l1=0.1,xgboost,200,1,0.1,0.8,0.8,5.0,0.1,215,200.0,484,200 trees d=1,0.716549,0.495935,0.220614,0.097887,0.252033,0.154146
xgb_n=200_depth=1_lr=0.1_sub=0.8_col=0.8_l2=10.0_l1=0.0,xgboost,200,1,0.1,0.8,0.8,10.0,0.0,215,200.0,485,200 trees d=1,0.727113,0.512195,0.214918,0.095775,0.24878,0.153005
xgb_n=200_depth=1_lr=0.1_sub=0.8_col=0.8_l2=10.0_l1=0.1,xgboost,200,1,0.1,0.8,0.8,10.0,0.1,215,200.0,486,200 trees d=1,0.725352,0.512195,0.213157,0.095423,0.252033,0.15661
xgb_n=200_depth=1_lr=0.1_sub=0.8_col=1.0_l2=1.0_l1=0.0,xgboost,200,1,0.1,0.8,1.0,1.0,0.0,215,200.0,487,200 trees d=1,0.734155,0.495935,0.23822,0.085915,0.260163,0.174248
xgb_n=200_depth=1_lr=0.1_sub=0.8_col=1.0_l2=1.0_l1=0.1,xgboost,200,1,0.1,0.8,1.0,1.0,0.1,215,200.0,488,200 trees d=1,0.732394,0.479675,0.252719,0.089085,0.263415,0.17433
xgb_n=200_depth=1_lr=0.1_sub=0.8_col=1.0_l2=5.0_l1=0.0,xgboost,200,1,0.1,0.8,1.0,5.0,0.0,215,200.0,489,200 trees d=1,0.721831,0.495935,0.225896,0.097183,0.255285,0.158102
xgb_n=200_depth=1_lr=0.1_sub=0.8_col=1.0_l2=5.0_l1=0.1,xgboost,200,1,0.1,0.8,1.0,5.0,0.1,215,200.0,490,200 trees d=1,0.716549,0.479675,0.236874,0.096479,0.269919,0.17344
xgb_n=200_depth=1_lr=0.1_sub=0.8_col=1.0_l2=10.0_l1=0.0,xgboost,200,1,0.1,0.8,1.0,10.0,0.0,215,200.0,491,200 trees d=1,0.721831,0.520325,0.201506,0.096479,0.242276,0.145797
xgb_n=200_depth=1_lr=0.1_sub=0.8_col=1.0_l2=10.0_l1=0.1,xgboost,200,1,0.1,0.8,1.0,10.0,0.1,215,200.0,492,200 trees d=1,0.707746,0.512195,0.195551,0.098944,0.250407,0.151463
xgb_n=200_depth=1_lr=0.1_sub=1.0_col=0.8_l2=1.0_l1=0.0,xgboost,200,1,0.1,1.0,0.8,1.0,0.0,215,200.0,493,200 trees d=1,0.709507,0.487805,0.221702,0.102113,0.255285,0.153172
xgb_n=200_depth=1_lr=0.1_sub=1.0_col=0.8_l2=1.0_l1=0.1,xgboost,200,1,0.1,1.0,0.8,1.0,0.1,215,200.0,494,200 trees d=1,0.709507,0.487805,0.221702,0.100352,0.261789,0.161437
xgb_n=200_depth=1_lr=0.1_sub=1.0_col=0.8_l2=5.0_l1=0.0,xgboost,200,1,0.1,1.0,0.8,5.0,0.0,215,200.0,495,200 trees d=1,0.697183,0.471545,0.225638,0.10669,0.268293,0.161603
xgb_n=200_depth=1_lr=0.1_sub=1.0_col=0.8_l2=5.0_l1=0.1,xgboost,200,1,0.1,1.0,0.8,5.0,0.1,215,200.0,496,200 trees d=1,0.704225,0.479675,0.22455,0.103873,0.263415,0.159542
xgb_n=200_depth=1_lr=0.1_sub=1.0_col=0.8_l2=10.0_l1=0.0,xgboost,200,1,0.1,1.0,0.8,10.0,0.0,215,200.0,497,200 trees d=1,0.695423,0.479675,0.215748,0.108099,0.265041,0.156942
xgb_n=200_depth=1_lr=0.1_sub=1.0_col=0.8_l2=10.0_l1=0.1,xgboost,200,1,0.1,1.0,0.8,10.0,0.1,215,200.0,498,200 trees d=1,0.693662,0.471545,0.222117,0.109155,0.269919,0.160764
xgb_n=200_depth=1_lr=0.1_sub=1.0_col=1.0_l2=1.0_l1=0.0,xgboost,200,1,0.1,1.0,1.0,1.0,0.0,215,200.0,499,200 trees d=1,0.705986,0.487805,0.218181,0.103521,0.265041,0.16152
xgb_n=200_depth=1_lr=0.1_sub=1.0_col=1.0_l2=1.0_l1=0.1,xgboost,200,1,0.1,1.0,1.0,1.0,0.1,215,200.0,500,200 trees d=1,0.704225,0.487805,0.21642,0.102465,0.261789,0.159324
xgb_n=200_depth=1_lr=0.1_sub=1.0_col=1.0_l2=5.0_l1=0.0,xgboost,200,1,0.1,1.0,1.0,5.0,0.0,215,200.0,501,200 trees d=1,0.695423,0.471545,0.223878,0.110211,0.268293,0.158082
xgb_n=200_depth=1_lr=0.1_sub=1.0_col=1.0_l2=5.0_l1=0.1,xgboost,200,1,0.1,1.0,1.0,5.0,0.1,215,200.0,502,200 trees d=1,0.709507,0.471545,0.237962,0.102465,0.265041,0.162576
xgb_n=200_depth=1_lr=0.1_sub=1.0_col=1.0_l2=10.0_l1=0.0,xgboost,200,1,0.1,1.0,1.0,10.0,0.0,215,200.0,503,200 trees d=1,0.700704,0.471545,0.229159,0.10493,0.269919,0.164989
xgb_n=200_depth=1_lr=0.1_sub=1.0_col=1.0_l2=10.0_l1=0.1,xgboost,200,1,0.1,1.0,1.0,10.0,0.1,215,200.0,504,200 trees d=1,0.698944,0.471545,0.227399,0.107746,0.269919,0.162173
xgb_n=200_depth=2_lr=0.03_sub=0.8_col=0.8_l2=1.0_l1=0.0,xgboost,200,2,0.03,0.8,0.8,1.0,0.0,215,400.0,505,200 trees d=2,0.802817,0.471545,0.331272,0.058451,0.261789,0.203338
xgb_n=200_depth=2_lr=0.03_sub=0.8_col=0.8_l2=1.0_l1=0.1,xgboost,200,2,0.03,0.8,0.8,1.0,0.1,215,400.0,506,200 trees d=2,0.797535,0.455285,0.34225,0.058451,0.274797,0.216346
xgb_n=200_depth=2_lr=0.03_sub=0.8_col=0.8_l2=5.0_l1=0.0,xgboost,200,2,0.03,0.8,0.8,5.0,0.0,215,400.0,507,200 trees d=2,0.794014,0.495935,0.298079,0.063028,0.258537,0.195509
xgb_n=200_depth=2_lr=0.03_sub=0.8_col=0.8_l2=5.0_l1=0.1,xgboost,200,2,0.03,0.8,0.8,5.0,0.1,215,400.0,508,200 trees d=2,0.795775,0.479675,0.3161,0.06162,0.266667,0.205047
xgb_n=200_depth=2_lr=0.03_sub=0.8_col=0.8_l2=10.0_l1=0.0,xgboost,200,2,0.03,0.8,0.8,10.0,0.0,215,400.0,509,200 trees d=2,0.797535,0.495935,0.3016,0.061972,0.260163,0.198191
xgb_n=200_depth=2_lr=0.03_sub=0.8_col=0.8_l2=10.0_l1=0.1,xgboost,200,2,0.03,0.8,0.8,10.0,0.1,215,400.0,510,200 trees d=2,0.788732,0.495935,0.292797,0.066901,0.256911,0.19001
xgb_n=200_depth=2_lr=0.03_sub=0.8_col=1.0_l2=1.0_l1=0.0,xgboost,200,2,0.03,0.8,1.0,1.0,0.0,215,400.0,511,200 trees d=2,0.794014,0.447154,0.34686,0.060211,0.284553,0.224342
xgb_n=200_depth=2_lr=0.03_sub=0.8_col=1.0_l2=1.0_l1=0.1,xgboost,200,2,0.03,0.8,1.0,1.0,0.1,215,400.0,512,200 trees d=2,0.806338,0.471545,0.334793,0.058451,0.269919,0.211468
xgb_n=200_depth=2_lr=0.03_sub=0.8_col=1.0_l2=5.0_l1=0.0,xgboost,200,2,0.03,0.8,1.0,5.0,0.0,215,400.0,513,200 trees d=2,0.794014,0.512195,0.281819,0.06162,0.253659,0.192039
xgb_n=200_depth=2_lr=0.03_sub=0.8_col=1.0_l2=5.0_l1=0.1,xgboost,200,2,0.03,0.8,1.0,5.0,0.1,215,400.0,514,200 trees d=2,0.81338,0.495935,0.317445,0.055282,0.252033,0.196751
xgb_n=200_depth=2_lr=0.03_sub=0.8_col=1.0_l2=10.0_l1=0.0,xgboost,200,2,0.03,0.8,1.0,10.0,0.0,215,400.0,515,200 trees d=2,0.792254,0.504065,0.288189,0.062676,0.250407,0.187731
xgb_n=200_depth=2_lr=0.03_sub=0.8_col=1.0_l2=10.0_l1=0.1,xgboost,200,2,0.03,0.8,1.0,10.0,0.1,215,400.0,516,200 trees d=2,0.801056,0.495935,0.305121,0.059155,0.252033,0.192878
xgb_n=200_depth=2_lr=0.03_sub=1.0_col=0.8_l2=1.0_l1=0.0,xgboost,200,2,0.03,1.0,0.8,1.0,0.0,215,400.0,517,200 trees d=2,0.778169,0.463415,0.314754,0.069014,0.260163,0.191149
xgb_n=200_depth=2_lr=0.03_sub=1.0_col=0.8_l2=1.0_l1=0.1,xgboost,200,2,0.03,1.0,0.8,1.0,0.1,215,400.0,518,200 trees d=2,0.776408,0.479675,0.296733,0.069014,0.261789,0.192775
xgb_n=200_depth=2_lr=0.03_sub=1.0_col=0.8_l2=5.0_l1=0.0,xgboost,200,2,0.03,1.0,0.8,5.0,0.0,215,400.0,519,200 trees d=2,0.762324,0.439024,0.3233,0.073944,0.279675,0.205731
xgb_n=200_depth=2_lr=0.03_sub=1.0_col=0.8_l2=5.0_l1=0.1,xgboost,200,2,0.03,1.0,0.8,5.0,0.1,215,400.0,520,200 trees d=2,0.764085,0.455285,0.3088,0.073944,0.269919,0.195975
xgb_n=200_depth=2_lr=0.03_sub=1.0_col=0.8_l2=10.0_l1=0.0,xgboost,200,2,0.03,1.0,0.8,10.0,0.0,215,400.0,521,200 trees d=2,0.772887,0.463415,0.309472,0.069366,0.263415,0.194049
xgb_n=200_depth=2_lr=0.03_sub=1.0_col=0.8_l2=10.0_l1=0.1,xgboost,200,2,0.03,1.0,0.8,10.0,0.1,215,400.0,522,200 trees d=2,0.762324,0.455285,0.307039,0.073944,0.269919,0.195975
xgb_n=200_depth=2_lr=0.03_sub=1.0_col=1.0_l2=1.0_l1=0.0,xgboost,200,2,0.03,1.0,1.0,1.0,0.0,215,400.0,523,200 trees d=2,0.776408,0.439024,0.337384,0.067606,0.276423,0.208817
xgb_n=200_depth=2_lr=0.03_sub=1.0_col=1.0_l2=1.0_l1=0.1,xgboost,200,2,0.03,1.0,1.0,1.0,0.1,215,400.0,524,200 trees d=2,0.769366,0.447154,0.322212,0.07007,0.274797,0.204727
xgb_n=200_depth=2_lr=0.03_sub=1.0_col=1.0_l2=5.0_l1=0.0,xgboost,200,2,0.03,1.0,1.0,5.0,0.0,215,400.0,525,200 trees d=2,0.762324,0.422764,0.33956,0.071127,0.273171,0.202044
xgb_n=200_depth=2_lr=0.03_sub=1.0_col=1.0_l2=5.0_l1=0.1,xgboost,200,2,0.03,1.0,1.0,5.0,0.1,215,400.0,526,200 trees d=2,0.758803,0.447154,0.311649,0.072535,0.263415,0.19088
xgb_n=200_depth=2_lr=0.03_sub=1.0_col=1.0_l2=10.0_l1=0.0,xgboost,200,2,0.03,1.0,1.0,10.0,0.0,215,400.0,527,200 trees d=2,0.765845,0.463415,0.30243,0.073944,0.263415,0.189471
xgb_n=200_depth=2_lr=0.03_sub=1.0_col=1.0_l2=10.0_l1=0.1,xgboost,200,2,0.03,1.0,1.0,10.0,0.1,215,400.0,528,200 trees d=2,0.760563,0.463415,0.297148,0.073592,0.252033,0.178441
xgb_n=200_depth=2_lr=0.05_sub=0.8_col=0.8_l2=1.0_l1=0.0,xgboost,200,2,0.05,0.8,0.8,1.0,0.0,215,400.0,529,200 trees d=2,0.855634,0.439024,0.41661,0.03662,0.282927,0.246307
xgb_n=200_depth=2_lr=0.05_sub=0.8_col=0.8_l2=1.0_l1=0.1,xgboost,200,2,0.05,0.8,0.8,1.0,0.1,215,400.0,530,200 trees d=2,0.839789,0.463415,0.376374,0.041549,0.261789,0.22024
xgb_n=200_depth=2_lr=0.05_sub=0.8_col=0.8_l2=5.0_l1=0.0,xgboost,200,2,0.05,0.8,0.8,5.0,0.0,215,400.0,531,200 trees d=2,0.838028,0.479675,0.358353,0.041901,0.265041,0.22314
xgb_n=200_depth=2_lr=0.05_sub=0.8_col=0.8_l2=5.0_l1=0.1,xgboost,200,2,0.05,0.8,0.8,5.0,0.1,215,400.0,532,200 trees d=2,0.839789,0.479675,0.360114,0.043662,0.274797,0.231135
xgb_n=200_depth=2_lr=0.05_sub=0.8_col=0.8_l2=10.0_l1=0.0,xgboost,200,2,0.05,0.8,0.8,10.0,0.0,215,400.0,533,200 trees d=2,0.836268,0.471545,0.364723,0.044718,0.276423,0.231705
xgb_n=200_depth=2_lr=0.05_sub=0.8_col=0.8_l2=10.0_l1=0.1,xgboost,200,2,0.05,0.8,0.8,10.0,0.1,215,400.0,534,200 trees d=2,0.839789,0.520325,0.319464,0.045423,0.245528,0.200105
xgb_n=200_depth=2_lr=0.05_sub=0.8_col=1.0_l2=1.0_l1=0.0,xgboost,200,2,0.05,0.8,1.0,1.0,0.0,215,400.0,535,200 trees d=2,0.860915,0.463415,0.3975,0.03662,0.265041,0.228421
xgb_n=200_depth=2_lr=0.05_sub=0.8_col=1.0_l2=1.0_l1=0.1,xgboost,200,2,0.05,0.8,1.0,1.0,0.1,215,400.0,536,200 trees d=2,0.864437,0.487805,0.376632,0.03662,0.255285,0.218665
xgb_n=200_depth=2_lr=0.05_sub=0.8_col=1.0_l2=5.0_l1=0.0,xgboost,200,2,0.05,0.8,1.0,5.0,0.0,215,400.0,537,200 trees d=2,0.846831,0.479675,0.367156,0.041549,0.260163,0.218614
xgb_n=200_depth=2_lr=0.05_sub=0.8_col=1.0_l2=5.0_l1=0.1,xgboost,200,2,0.05,0.8,1.0,5.0,0.1,215,400.0,538,200 trees d=2,0.84507,0.495935,0.349135,0.042958,0.263415,0.220457
xgb_n=200_depth=2_lr=0.05_sub=0.8_col=1.0_l2=10.0_l1=0.0,xgboost,200,2,0.05,0.8,1.0,10.0,0.0,215,400.0,539,200 trees d=2,0.839789,0.512195,0.327594,0.043662,0.255285,0.211623
xgb_n=200_depth=2_lr=0.05_sub=0.8_col=1.0_l2=10.0_l1=0.1,xgboost,200,2,0.05,0.8,1.0,10.0,0.1,215,400.0,540,200 trees d=2,0.829225,0.504065,0.32516,0.047535,0.263415,0.21588
xgb_n=200_depth=2_lr=0.05_sub=1.0_col=0.8_l2=1.0_l1=0.0,xgboost,200,2,0.05,1.0,0.8,1.0,0.0,215,400.0,541,200 trees d=2,0.816901,0.471545,0.345356,0.052113,0.253659,0.201546
xgb_n=200_depth=2_lr=0.05_sub=1.0_col=0.8_l2=1.0_l1=0.1,xgboost,200,2,0.05,1.0,0.8,1.0,0.1,215,400.0,542,200 trees d=2,0.823944,0.463415,0.360529,0.05,0.263415,0.213415
xgb_n=200_depth=2_lr=0.05_sub=1.0_col=0.8_l2=5.0_l1=0.0,xgboost,200,2,0.05,1.0,0.8,5.0,0.0,215,400.0,543,200 trees d=2,0.81338,0.495935,0.317445,0.052817,0.245528,0.192711
xgb_n=200_depth=2_lr=0.05_sub=1.0_col=0.8_l2=5.0_l1=0.1,xgboost,200,2,0.05,1.0,0.8,5.0,0.1,215,400.0,544,200 trees d=2,0.816901,0.487805,0.329096,0.050352,0.252033,0.201681
xgb_n=200_depth=2_lr=0.05_sub=1.0_col=0.8_l2=10.0_l1=0.0,xgboost,200,2,0.05,1.0,0.8,10.0,0.0,215,400.0,545,200 trees d=2,0.823944,0.463415,0.360529,0.049648,0.253659,0.204011
xgb_n=200_depth=2_lr=0.05_sub=1.0_col=0.8_l2=10.0_l1=0.1,xgboost,200,2,0.05,1.0,0.8,10.0,0.1,215,400.0,546,200 trees d=2,0.815141,0.455285,0.359856,0.052817,0.263415,0.210598
xgb_n=200_depth=2_lr=0.05_sub=1.0_col=1.0_l2=1.0_l1=0.0,xgboost,200,2,0.05,1.0,1.0,1.0,0.0,215,400.0,547,200 trees d=2,0.822183,0.463415,0.358768,0.049296,0.263415,0.214119
xgb_n=200_depth=2_lr=0.05_sub=1.0_col=1.0_l2=1.0_l1=0.1,xgboost,200,2,0.05,1.0,1.0,1.0,0.1,215,400.0,548,200 trees d=2,0.823944,0.471545,0.352399,0.05,0.255285,0.205285
xgb_n=200_depth=2_lr=0.05_sub=1.0_col=1.0_l2=5.0_l1=0.0,xgboost,200,2,0.05,1.0,1.0,5.0,0.0,215,400.0,549,200 trees d=2,0.81162,0.463415,0.348205,0.054225,0.261789,0.207564
xgb_n=200_depth=2_lr=0.05_sub=1.0_col=1.0_l2=5.0_l1=0.1,xgboost,200,2,0.05,1.0,1.0,5.0,0.1,215,400.0,550,200 trees d=2,0.81338,0.463415,0.349965,0.053169,0.258537,0.205368
xgb_n=200_depth=2_lr=0.05_sub=1.0_col=1.0_l2=10.0_l1=0.0,xgboost,200,2,0.05,1.0,1.0,10.0,0.0,215,400.0,551,200 trees d=2,0.809859,0.471545,0.338314,0.053873,0.253659,0.199786
xgb_n=200_depth=2_lr=0.05_sub=1.0_col=1.0_l2=10.0_l1=0.1,xgboost,200,2,0.05,1.0,1.0,10.0,0.1,215,400.0,552,200 trees d=2,0.816901,0.439024,0.377877,0.051761,0.271545,0.219784
xgb_n=200_depth=2_lr=0.1_sub=0.8_col=0.8_l2=1.0_l1=0.0,xgboost,200,2,0.1,0.8,0.8,1.0,0.0,215,400.0,553,200 trees d=2,0.924296,0.463415,0.460881,0.01831,0.265041,0.246731
xgb_n=200_depth=2_lr=0.1_sub=0.8_col=0.8_l2=1.0_l1=0.1,xgboost,200,2,0.1,0.8,0.8,1.0,0.1,215,400.0,554,200 trees d=2,0.927817,0.422764,0.505053,0.015845,0.284553,0.268708
xgb_n=200_depth=2_lr=0.1_sub=0.8_col=0.8_l2=5.0_l1=0.0,xgboost,200,2,0.1,0.8,0.8,5.0,0.0,215,400.0,555,200 trees d=2,0.913732,0.447154,0.466578,0.019718,0.271545,0.251827
xgb_n=200_depth=2_lr=0.1_sub=0.8_col=0.8_l2=5.0_l1=0.1,xgboost,200,2,0.1,0.8,0.8,5.0,0.1,215,400.0,556,200 trees d=2,0.911972,0.430894,0.481078,0.019718,0.286179,0.266461
xgb_n=200_depth=2_lr=0.1_sub=0.8_col=0.8_l2=10.0_l1=0.0,xgboost,200,2,0.1,0.8,0.8,10.0,0.0,215,400.0,557,200 trees d=2,0.901408,0.422764,0.478644,0.021127,0.282927,0.2618
xgb_n=200_depth=2_lr=0.1_sub=0.8_col=0.8_l2=10.0_l1=0.1,xgboost,200,2,0.1,0.8,0.8,10.0,0.1,215,400.0,558,200 trees d=2,0.897887,0.439024,0.458863,0.022887,0.292683,0.269796
xgb_n=200_depth=2_lr=0.1_sub=0.8_col=1.0_l2=1.0_l1=0.0,xgboost,200,2,0.1,0.8,1.0,1.0,0.0,215,400.0,559,200 trees d=2,0.919014,0.447154,0.47186,0.018662,0.266667,0.248005
xgb_n=200_depth=2_lr=0.1_sub=0.8_col=1.0_l2=1.0_l1=0.1,xgboost,200,2,0.1,0.8,1.0,1.0,0.1,215,400.0,560,200 trees d=2,0.908451,0.447154,0.461297,0.021127,0.273171,0.252044
xgb_n=200_depth=2_lr=0.1_sub=0.8_col=1.0_l2=5.0_l1=0.0,xgboost,200,2,0.1,0.8,1.0,5.0,0.0,215,400.0,561,200 trees d=2,0.915493,0.471545,0.443948,0.01831,0.256911,0.238601
xgb_n=200_depth=2_lr=0.1_sub=0.8_col=1.0_l2=5.0_l1=0.1,xgboost,200,2,0.1,0.8,1.0,5.0,0.1,215,400.0,562,200 trees d=2,0.90493,0.463415,0.441515,0.021831,0.279675,0.257844
xgb_n=200_depth=2_lr=0.1_sub=0.8_col=1.0_l2=10.0_l1=0.0,xgboost,200,2,0.1,0.8,1.0,10.0,0.0,215,400.0,563,200 trees d=2,0.897887,0.463415,0.434472,0.023239,0.273171,0.249932
xgb_n=200_depth=2_lr=0.1_sub=0.8_col=1.0_l2=10.0_l1=0.1,xgboost,200,2,0.1,0.8,1.0,10.0,0.1,215,400.0,564,200 trees d=2,0.896127,0.455285,0.440842,0.024296,0.287805,0.263509
xgb_n=200_depth=2_lr=0.1_sub=1.0_col=0.8_l2=1.0_l1=0.0,xgboost,200,2,0.1,1.0,0.8,1.0,0.0,215,400.0,565,200 trees d=2,0.910211,0.455285,0.454926,0.021831,0.265041,0.24321
xgb_n=200_depth=2_lr=0.1_sub=1.0_col=0.8_l2=1.0_l1=0.1,xgboost,200,2,0.1,1.0,0.8,1.0,0.1,215,400.0,566,200 trees d=2,0.896127,0.463415,0.432712,0.025,0.258537,0.233537
xgb_n=200_depth=2_lr=0.1_sub=1.0_col=0.8_l2=5.0_l1=0.0,xgboost,200,2,0.1,1.0,0.8,5.0,0.0,215,400.0,567,200 trees d=2,0.894366,0.463415,0.430951,0.025,0.260163,0.235163
xgb_n=200_depth=2_lr=0.1_sub=1.0_col=0.8_l2=5.0_l1=0.1,xgboost,200,2,0.1,1.0,0.8,5.0,0.1,215,400.0,568,200 trees d=2,0.90669,0.463415,0.443275,0.021831,0.253659,0.231828
xgb_n=200_depth=2_lr=0.1_sub=1.0_col=0.8_l2=10.0_l1=0.0,xgboost,200,2,0.1,1.0,0.8,10.0,0.0,215,400.0,569,200 trees d=2,0.889085,0.447154,0.441931,0.027113,0.261789,0.234676
xgb_n=200_depth=2_lr=0.1_sub=1.0_col=0.8_l2=10.0_l1=0.1,xgboost,200,2,0.1,1.0,0.8,10.0,0.1,215,400.0,570,200 trees d=2,0.897887,0.471545,0.426342,0.023944,0.255285,0.231341
xgb_n=200_depth=2_lr=0.1_sub=1.0_col=1.0_l2=1.0_l1=0.0,xgboost,200,2,0.1,1.0,1.0,1.0,0.0,215,400.0,571,200 trees d=2,0.908451,0.439024,0.469427,0.020775,0.271545,0.25077
xgb_n=200_depth=2_lr=0.1_sub=1.0_col=1.0_l2=1.0_l1=0.1,xgboost,200,2,0.1,1.0,1.0,1.0,0.1,215,400.0,572,200 trees d=2,0.919014,0.471545,0.447469,0.018662,0.255285,0.236623
xgb_n=200_depth=2_lr=0.1_sub=1.0_col=1.0_l2=5.0_l1=0.0,xgboost,200,2,0.1,1.0,1.0,5.0,0.0,215,400.0,573,200 trees d=2,0.901408,0.455285,0.446123,0.024296,0.256911,0.232615
xgb_n=200_depth=2_lr=0.1_sub=1.0_col=1.0_l2=5.0_l1=0.1,xgboost,200,2,0.1,1.0,1.0,5.0,0.1,215,400.0,574,200 trees d=2,0.913732,0.455285,0.458447,0.021127,0.256911,0.235784
xgb_n=200_depth=2_lr=0.1_sub=1.0_col=1.0_l2=10.0_l1=0.0,xgboost,200,2,0.1,1.0,1.0,10.0,0.0,215,400.0,575,200 trees d=2,0.899648,0.463415,0.436233,0.024296,0.266667,0.242371
xgb_n=200_depth=2_lr=0.1_sub=1.0_col=1.0_l2=10.0_l1=0.1,xgboost,200,2,0.1,1.0,1.0,10.0,0.1,215,400.0,576,200 trees d=2,0.897887,0.455285,0.442602,0.025,0.266667,0.241667
xgb_n=200_depth=3_lr=0.03_sub=0.8_col=0.8_l2=1.0_l1=0.0,xgboost,200,3,0.03,0.8,0.8,1.0,0.0,215,600.0,577,200 trees d=3,0.913732,0.471545,0.442187,0.019366,0.269919,0.250553
xgb_n=200_depth=3_lr=0.03_sub=0.8_col=0.8_l2=1.0_l1=0.1,xgboost,200,3,0.03,0.8,0.8,1.0,0.1,215,600.0,578,200 trees d=3,0.911972,0.504065,0.407907,0.020775,0.242276,0.221501
xgb_n=200_depth=3_lr=0.03_sub=0.8_col=0.8_l2=5.0_l1=0.0,xgboost,200,3,0.03,0.8,0.8,5.0,0.0,215,600.0,579,200 trees d=3,0.919014,0.487805,0.431209,0.017958,0.266667,0.248709
xgb_n=200_depth=3_lr=0.03_sub=0.8_col=0.8_l2=5.0_l1=0.1,xgboost,200,3,0.03,0.8,0.8,5.0,0.1,215,600.0,580,200 trees d=3,0.897887,0.479675,0.418212,0.023944,0.265041,0.241097
xgb_n=200_depth=3_lr=0.03_sub=0.8_col=0.8_l2=10.0_l1=0.0,xgboost,200,3,0.03,0.8,0.8,10.0,0.0,215,600.0,581,200 trees d=3,0.897887,0.520325,0.377562,0.023944,0.253659,0.229715
xgb_n=200_depth=3_lr=0.03_sub=0.8_col=0.8_l2=10.0_l1=0.1,xgboost,200,3,0.03,0.8,0.8,10.0,0.1,215,600.0,582,200 trees d=3,0.899648,0.495935,0.403713,0.023239,0.255285,0.232046
xgb_n=200_depth=3_lr=0.03_sub=0.8_col=1.0_l2=1.0_l1=0.0,xgboost,200,3,0.03,0.8,1.0,1.0,0.0,215,600.0,583,200 trees d=3,0.908451,0.504065,0.404386,0.020775,0.253659,0.232884
xgb_n=200_depth=3_lr=0.03_sub=0.8_col=1.0_l2=1.0_l1=0.1,xgboost,200,3,0.03,0.8,1.0,1.0,0.1,215,600.0,584,200 trees d=3,0.901408,0.471545,0.429863,0.022183,0.256911,0.234728
xgb_n=200_depth=3_lr=0.03_sub=0.8_col=1.0_l2=5.0_l1=0.0,xgboost,200,3,0.03,0.8,1.0,5.0,0.0,215,600.0,585,200 trees d=3,0.892606,0.479675,0.412931,0.025,0.260163,0.235163
xgb_n=200_depth=3_lr=0.03_sub=0.8_col=1.0_l2=5.0_l1=0.1,xgboost,200,3,0.03,0.8,1.0,5.0,0.1,215,600.0,586,200 trees d=3,0.901408,0.479675,0.421733,0.023239,0.266667,0.243428
xgb_n=200_depth=3_lr=0.03_sub=0.8_col=1.0_l2=10.0_l1=0.0,xgboost,200,3,0.03,0.8,1.0,10.0,0.0,215,600.0,587,200 trees d=3,0.889085,0.495935,0.39315,0.025704,0.252033,0.226329
xgb_n=200_depth=3_lr=0.03_sub=0.8_col=1.0_l2=10.0_l1=0.1,xgboost,200,3,0.03,0.8,1.0,10.0,0.1,215,600.0,588,200 trees d=3,0.899648,0.512195,0.387453,0.023239,0.243902,0.220663
xgb_n=200_depth=3_lr=0.03_sub=1.0_col=0.8_l2=1.0_l1=0.0,xgboost,200,3,0.03,1.0,0.8,1.0,0.0,215,600.0,589,200 trees d=3,0.875,0.463415,0.411585,0.033099,0.263415,0.230316
xgb_n=200_depth=3_lr=0.03_sub=1.0_col=0.8_l2=1.0_l1=0.1,xgboost,200,3,0.03,1.0,0.8,1.0,0.1,215,600.0,590,200 trees d=3,0.871479,0.455285,0.416194,0.032394,0.263415,0.231021
xgb_n=200_depth=3_lr=0.03_sub=1.0_col=0.8_l2=5.0_l1=0.0,xgboost,200,3,0.03,1.0,0.8,5.0,0.0,215,600.0,591,200 trees d=3,0.885563,0.487805,0.397758,0.028169,0.260163,0.231994
xgb_n=200_depth=3_lr=0.03_sub=1.0_col=0.8_l2=5.0_l1=0.1,xgboost,200,3,0.03,1.0,0.8,5.0,0.1,215,600.0,592,200 trees d=3,0.892606,0.504065,0.388541,0.026761,0.250407,0.223646
xgb_n=200_depth=3_lr=0.03_sub=1.0_col=0.8_l2=10.0_l1=0.0,xgboost,200,3,0.03,1.0,0.8,10.0,0.0,215,600.0,593,200 trees d=3,0.876761,0.487805,0.388956,0.030986,0.252033,0.221047
xgb_n=200_depth=3_lr=0.03_sub=1.0_col=0.8_l2=10.0_l1=0.1,xgboost,200,3,0.03,1.0,0.8,10.0,0.1,215,600.0,594,200 trees d=3,0.882042,0.504065,0.377977,0.029225,0.252033,0.222808
xgb_n=200_depth=3_lr=0.03_sub=1.0_col=1.0_l2=1.0_l1=0.0,xgboost,200,3,0.03,1.0,1.0,1.0,0.0,215,600.0,595,200 trees d=3,0.880282,0.455285,0.424997,0.030282,0.268293,0.238011
xgb_n=200_depth=3_lr=0.03_sub=1.0_col=1.0_l2=1.0_l1=0.1,xgboost,200,3,0.03,1.0,1.0,1.0,0.1,215,600.0,596,200 trees d=3,0.876761,0.447154,0.429607,0.030282,0.258537,0.228255
xgb_n=200_depth=3_lr=0.03_sub=1.0_col=1.0_l2=5.0_l1=0.0,xgboost,200,3,0.03,1.0,1.0,5.0,0.0,215,600.0,597,200 trees d=3,0.887324,0.479675,0.407649,0.028169,0.268293,0.240124
xgb_n=200_depth=3_lr=0.03_sub=1.0_col=1.0_l2=5.0_l1=0.1,xgboost,200,3,0.03,1.0,1.0,5.0,0.1,215,600.0,598,200 trees d=3,0.882042,0.471545,0.410497,0.029225,0.265041,0.235816
xgb_n=200_depth=3_lr=0.03_sub=1.0_col=1.0_l2=10.0_l1=0.0,xgboost,200,3,0.03,1.0,1.0,10.0,0.0,215,600.0,599,200 trees d=3,0.873239,0.495935,0.377304,0.032042,0.258537,0.226495
xgb_n=200_depth=3_lr=0.03_sub=1.0_col=1.0_l2=10.0_l1=0.1,xgboost,200,3,0.03,1.0,1.0,10.0,0.1,215,600.0,600,200 trees d=3,0.873239,0.520325,0.352914,0.032042,0.255285,0.223243
xgb_n=200_depth=3_lr=0.05_sub=0.8_col=0.8_l2=1.0_l1=0.0,xgboost,200,3,0.05,0.8,0.8,1.0,0.0,215,600.0,601,200 trees d=3,0.964789,0.439024,0.525765,0.007042,0.284553,0.277511
xgb_n=200_depth=3_lr=0.05_sub=0.8_col=0.8_l2=1.0_l1=0.1,xgboost,200,3,0.05,0.8,0.8,1.0,0.1,215,600.0,602,200 trees d=3,0.954225,0.463415,0.49081,0.009155,0.265041,0.255886
xgb_n=200_depth=3_lr=0.05_sub=0.8_col=0.8_l2=5.0_l1=0.0,xgboost,200,3,0.05,0.8,0.8,5.0,0.0,215,600.0,603,200 trees d=3,0.957746,0.479675,0.478071,0.008803,0.261789,0.252986
xgb_n=200_depth=3_lr=0.05_sub=0.8_col=0.8_l2=5.0_l1=0.1,xgboost,200,3,0.05,0.8,0.8,5.0,0.1,215,600.0,604,200 trees d=3,0.948944,0.487805,0.461139,0.010563,0.255285,0.244722
xgb_n=200_depth=3_lr=0.05_sub=0.8_col=0.8_l2=10.0_l1=0.0,xgboost,200,3,0.05,0.8,0.8,10.0,0.0,215,600.0,605,200 trees d=3,0.950704,0.455285,0.495419,0.010211,0.273171,0.26296
xgb_n=200_depth=3_lr=0.05_sub=0.8_col=0.8_l2=10.0_l1=0.1,xgboost,200,3,0.05,0.8,0.8,10.0,0.1,215,600.0,606,200 trees d=3,0.941901,0.439024,0.502877,0.012324,0.291057,0.278733
xgb_n=200_depth=3_lr=0.05_sub=0.8_col=1.0_l2=1.0_l1=0.0,xgboost,200,3,0.05,0.8,1.0,1.0,0.0,215,600.0,607,200 trees d=3,0.950704,0.447154,0.50355,0.010211,0.279675,0.269464
xgb_n=200_depth=3_lr=0.05_sub=0.8_col=1.0_l2=1.0_l1=0.1,xgboost,200,3,0.05,0.8,1.0,1.0,0.1,215,600.0,608,200 trees d=3,0.955986,0.447154,0.508832,0.008803,0.274797,0.265994
xgb_n=200_depth=3_lr=0.05_sub=0.8_col=1.0_l2=5.0_l1=0.0,xgboost,200,3,0.05,0.8,1.0,5.0,0.0,215,600.0,609,200 trees d=3,0.952465,0.504065,0.4484,0.009859,0.22439,0.214531
xgb_n=200_depth=3_lr=0.05_sub=0.8_col=1.0_l2=5.0_l1=0.1,xgboost,200,3,0.05,0.8,1.0,5.0,0.1,215,600.0,610,200 trees d=3,0.952465,0.455285,0.49718,0.009507,0.261789,0.252282
xgb_n=200_depth=3_lr=0.05_sub=0.8_col=1.0_l2=10.0_l1=0.0,xgboost,200,3,0.05,0.8,1.0,10.0,0.0,215,600.0,611,200 trees d=3,0.93838,0.439024,0.499356,0.013028,0.287805,0.274777
xgb_n=200_depth=3_lr=0.05_sub=0.8_col=1.0_l2=10.0_l1=0.1,xgboost,200,3,0.05,0.8,1.0,10.0,0.1,215,600.0,612,200 trees d=3,0.954225,0.455285,0.49894,0.009507,0.276423,0.266916
xgb_n=200_depth=3_lr=0.05_sub=1.0_col=0.8_l2=1.0_l1=0.0,xgboost,200,3,0.05,1.0,0.8,1.0,0.0,215,600.0,613,200 trees d=3,0.943662,0.422764,0.520898,0.012676,0.273171,0.260495
xgb_n=200_depth=3_lr=0.05_sub=1.0_col=0.8_l2=1.0_l1=0.1,xgboost,200,3,0.05,1.0,0.8,1.0,0.1,215,600.0,614,200 trees d=3,0.947183,0.422764,0.524419,0.011268,0.281301,0.270033
xgb_n=200_depth=3_lr=0.05_sub=1.0_col=0.8_l2=5.0_l1=0.0,xgboost,200,3,0.05,1.0,0.8,5.0,0.0,215,600.0,615,200 trees d=3,0.929577,0.455285,0.474292,0.015493,0.271545,0.256052
xgb_n=200_depth=3_lr=0.05_sub=1.0_col=0.8_l2=5.0_l1=0.1,xgboost,200,3,0.05,1.0,0.8,5.0,0.1,215,600.0,616,200 trees d=3,0.933099,0.463415,0.469684,0.014437,0.271545,0.257108
xgb_n=200_depth=3_lr=0.05_sub=1.0_col=0.8_l2=10.0_l1=0.0,xgboost,200,3,0.05,1.0,0.8,10.0,0.0,215,600.0,617,200 trees d=3,0.924296,0.479675,0.444621,0.017606,0.263415,0.245809
xgb_n=200_depth=3_lr=0.05_sub=1.0_col=0.8_l2=10.0_l1=0.1,xgboost,200,3,0.05,1.0,0.8,10.0,0.1,215,600.0,618,200 trees d=3,0.924296,0.487805,0.436491,0.016197,0.247154,0.230957
xgb_n=200_depth=3_lr=0.05_sub=1.0_col=1.0_l2=1.0_l1=0.0,xgboost,200,3,0.05,1.0,1.0,1.0,0.0,215,600.0,619,200 trees d=3,0.940141,0.422764,0.517377,0.013028,0.271545,0.258517
xgb_n=200_depth=3_lr=0.05_sub=1.0_col=1.0_l2=1.0_l1=0.1,xgboost,200,3,0.05,1.0,1.0,1.0,0.1,215,600.0,620,200 trees d=3,0.948944,0.447154,0.50179,0.010915,0.258537,0.247622
xgb_n=200_depth=3_lr=0.05_sub=1.0_col=1.0_l2=5.0_l1=0.0,xgboost,200,3,0.05,1.0,1.0,5.0,0.0,215,600.0,621,200 trees d=3,0.934859,0.447154,0.487705,0.014085,0.278049,0.263964
xgb_n=200_depth=3_lr=0.05_sub=1.0_col=1.0_l2=5.0_l1=0.1,xgboost,200,3,0.05,1.0,1.0,5.0,0.1,215,600.0,622,200 trees d=3,0.93662,0.471545,0.465075,0.01338,0.265041,0.251661
xgb_n=200_depth=3_lr=0.05_sub=1.0_col=1.0_l2=10.0_l1=0.0,xgboost,200,3,0.05,1.0,1.0,10.0,0.0,215,600.0,623,200 trees d=3,0.931338,0.504065,0.427273,0.015493,0.250407,0.234914
xgb_n=200_depth=3_lr=0.05_sub=1.0_col=1.0_l2=10.0_l1=0.1,xgboost,200,3,0.05,1.0,1.0,10.0,0.1,215,600.0,624,200 trees d=3,0.934859,0.495935,0.438924,0.014437,0.247154,0.232717
xgb_n=200_depth=3_lr=0.1_sub=0.8_col=0.8_l2=1.0_l1=0.0,xgboost,200,3,0.1,0.8,0.8,1.0,0.0,215,600.0,625,200 trees d=3,0.998239,0.414634,0.583605,0.000352,0.284553,0.284201
xgb_n=200_depth=3_lr=0.1_sub=0.8_col=0.8_l2=1.0_l1=0.1,xgboost,200,3,0.1,0.8,0.8,1.0,0.1,215,600.0,626,200 trees d=3,0.994718,0.447154,0.547564,0.001056,0.255285,0.254229
xgb_n=200_depth=3_lr=0.1_sub=0.8_col=0.8_l2=5.0_l1=0.0,xgboost,200,3,0.1,0.8,0.8,5.0,0.0,215,600.0,627,200 trees d=3,0.998239,0.430894,0.567345,0.000352,0.281301,0.280949
xgb_n=200_depth=3_lr=0.1_sub=0.8_col=0.8_l2=5.0_l1=0.1,xgboost,200,3,0.1,0.8,0.8,5.0,0.1,215,600.0,628,200 trees d=3,0.989437,0.430894,0.558543,0.002113,0.276423,0.27431
xgb_n=200_depth=3_lr=0.1_sub=0.8_col=0.8_l2=10.0_l1=0.0,xgboost,200,3,0.1,0.8,0.8,10.0,0.0,215,600.0,629,200 trees d=3,0.987676,0.430894,0.556782,0.002465,0.286179,0.283714
xgb_n=200_depth=3_lr=0.1_sub=0.8_col=0.8_l2=10.0_l1=0.1,xgboost,200,3,0.1,0.8,0.8,10.0,0.1,215,600.0,630,200 trees d=3,0.989437,0.422764,0.566673,0.002113,0.292683,0.29057
xgb_n=200_depth=3_lr=0.1_sub=0.8_col=1.0_l2=1.0_l1=0.0,xgboost,200,3,0.1,0.8,1.0,1.0,0.0,215,600.0,631,200 trees d=3,0.996479,0.382114,0.614365,0.000704,0.295935,0.295231
xgb_n=200_depth=3_lr=0.1_sub=0.8_col=1.0_l2=1.0_l1=0.1,xgboost,200,3,0.1,0.8,1.0,1.0,0.1,215,600.0,632,200 trees d=3,0.992958,0.422764,0.570194,0.001408,0.289431,0.288023
xgb_n=200_depth=3_lr=0.1_sub=0.8_col=1.0_l2=5.0_l1=0.0,xgboost,200,3,0.1,0.8,1.0,5.0,0.0,215,600.0,633,200 trees d=3,0.991197,0.414634,0.576563,0.001761,0.289431,0.28767
xgb_n=200_depth=3_lr=0.1_sub=0.8_col=1.0_l2=5.0_l1=0.1,xgboost,200,3,0.1,0.8,1.0,5.0,0.1,215,600.0,634,200 trees d=3,0.994718,0.406504,0.588214,0.001056,0.305691,0.304635
xgb_n=200_depth=3_lr=0.1_sub=0.8_col=1.0_l2=10.0_l1=0.0,xgboost,200,3,0.1,0.8,1.0,10.0,0.0,215,600.0,635,200 trees d=3,0.987676,0.471545,0.516131,0.002465,0.260163,0.257698
xgb_n=200_depth=3_lr=0.1_sub=0.8_col=1.0_l2=10.0_l1=0.1,xgboost,200,3,0.1,0.8,1.0,10.0,0.1,215,600.0,636,200 trees d=3,0.991197,0.439024,0.552173,0.001761,0.269919,0.268158
xgb_n=200_depth=3_lr=0.1_sub=1.0_col=0.8_l2=1.0_l1=0.0,xgboost,200,3,0.1,1.0,0.8,1.0,0.0,215,600.0,637,200 trees d=3,0.994718,0.471545,0.523173,0.001056,0.255285,0.254229
xgb_n=200_depth=3_lr=0.1_sub=1.0_col=0.8_l2=1.0_l1=0.1,xgboost,200,3,0.1,1.0,0.8,1.0,0.1,215,600.0,638,200 trees d=3,0.996479,0.455285,0.541194,0.000704,0.282927,0.282223
xgb_n=200_depth=3_lr=0.1_sub=1.0_col=0.8_l2=5.0_l1=0.0,xgboost,200,3,0.1,1.0,0.8,5.0,0.0,215,600.0,639,200 trees d=3,0.982394,0.447154,0.53524,0.003521,0.266667,0.263146
xgb_n=200_depth=3_lr=0.1_sub=1.0_col=0.8_l2=5.0_l1=0.1,xgboost,200,3,0.1,1.0,0.8,5.0,0.1,215,600.0,640,200 trees d=3,0.991197,0.471545,0.519652,0.001761,0.255285,0.253524
xgb_n=200_depth=3_lr=0.1_sub=1.0_col=0.8_l2=10.0_l1=0.0,xgboost,200,3,0.1,1.0,0.8,10.0,0.0,215,600.0,641,200 trees d=3,0.984155,0.479675,0.50448,0.003169,0.260163,0.256994
xgb_n=200_depth=3_lr=0.1_sub=1.0_col=0.8_l2=10.0_l1=0.1,xgboost,200,3,0.1,1.0,0.8,10.0,0.1,215,600.0,642,200 trees d=3,0.987676,0.495935,0.491741,0.002465,0.253659,0.251194
xgb_n=200_depth=3_lr=0.1_sub=1.0_col=1.0_l2=1.0_l1=0.0,xgboost,200,3,0.1,1.0,1.0,1.0,0.0,215,600.0,643,200 trees d=3,0.984155,0.455285,0.52887,0.003169,0.261789,0.25862
xgb_n=200_depth=3_lr=0.1_sub=1.0_col=1.0_l2=1.0_l1=0.1,xgboost,200,3,0.1,1.0,1.0,1.0,0.1,215,600.0,644,200 trees d=3,1.0,0.447154,0.552846,0.0,0.265041,0.265041
xgb_n=200_depth=3_lr=0.1_sub=1.0_col=1.0_l2=5.0_l1=0.0,xgboost,200,3,0.1,1.0,1.0,5.0,0.0,215,600.0,645,200 trees d=3,0.987676,0.455285,0.532391,0.002465,0.260163,0.257698
xgb_n=200_depth=3_lr=0.1_sub=1.0_col=1.0_l2=5.0_l1=0.1,xgboost,200,3,0.1,1.0,1.0,5.0,0.1,215,600.0,646,200 trees d=3,0.984155,0.455285,0.52887,0.003169,0.261789,0.25862
xgb_n=200_depth=3_lr=0.1_sub=1.0_col=1.0_l2=10.0_l1=0.0,xgboost,200,3,0.1,1.0,1.0,10.0,0.0,215,600.0,647,200 trees d=3,0.985915,0.512195,0.47372,0.002817,0.229268,0.226451
xgb_n=200_depth=3_lr=0.1_sub=1.0_col=1.0_l2=10.0_l1=0.1,xgboost,200,3,0.1,1.0,1.0,10.0,0.1,215,600.0,648,200 trees d=3,0.984155,0.504065,0.48009,0.003169,0.243902,0.240733
