candidate_id,kind,n_estimators,max_depth,learning_rate,subsample,colsample_bytree,reg_lambda,reg_alpha,seed,complexity_score,complexity_order,complexity_label,train_top1_hit_rate,validation_top1_hit_rate,top1_hit_rate_gap,train_mean_regret,validation_mean_regret,mean_regret_gap
xgb_n=50_depth=1_lr=0.03_sub=0.8_col=0.8_l2=1.0_l1=0.0,xgboost,50,1,0.03,0.8,0.8,1.0,0.0,215,50.0,1,50 trees d=1,0.552817,0.447154,0.105663,0.205634,0.271545,0.065911
xgb_n=50_depth=1_lr=0.03_sub=0.8_col=0.8_l2=1.0_l1=0.1,xgboost,50,1,0.03,0.8,0.8,1.0,0.1,215,50.0,2,50 trees d=1,0.556338,0.447154,0.109184,0.207042,0.269919,0.062877
xgb_n=50_depth=1_lr=0.03_sub=0.8_col=0.8_l2=5.0_l1=0.0,xgboost,50,1,0.03,0.8,0.8,5.0,0.0,215,50.0,3,50 trees d=1,0.556338,0.455285,0.101053,0.203873,0.268293,0.06442
xgb_n=50_depth=1_lr=0.03_sub=0.8_col=0.8_l2=5.0_l1=0.1,xgboost,50,1,0.03,0.8,0.8,5.0,0.1,215,50.0,4,50 trees d=1,0.565141,0.463415,0.101726,0.200704,0.266667,0.065963
xgb_n=50_depth=1_lr=0.03_sub=0.8_col=0.8_l2=10.0_l1=0.0,xgboost,50,1,0.03,0.8,0.8,10.0,0.0,215,50.0,5,50 trees d=1,0.556338,0.471545,0.084793,0.205986,0.260163,0.054177
xgb_n=50_depth=1_lr=0.03_sub=0.8_col=0.8_l2=10.0_l1=0.1,xgboost,50,1,0.03,0.8,0.8,10.0,0.1,215,50.0,6,50 trees d=1,0.552817,0.479675,0.073142,0.208451,0.258537,0.050086
xgb_n=50_depth=1_lr=0.03_sub=0.8_col=1.0_l2=1.0_l1=0.0,xgboost,50,1,0.03,0.8,1.0,1.0,0.0,215,50.0,7,50 trees d=1,0.559859,0.455285,0.104574,0.200704,0.273171,0.072467
xgb_n=50_depth=1_lr=0.03_sub=0.8_col=1.0_l2=1.0_l1=0.1,xgboost,50,1,0.03,0.8,1.0,1.0,0.1,215,50.0,8,50 trees d=1,0.56162,0.463415,0.098205,0.198239,0.263415,0.065176
xgb_n=50_depth=1_lr=0.03_sub=0.8_col=1.0_l2=5.0_l1=0.0,xgboost,50,1,0.03,0.8,1.0,5.0,0.0,215,50.0,9,50 trees d=1,0.559859,0.439024,0.120835,0.205634,0.279675,0.074041
xgb_n=50_depth=1_lr=0.03_sub=0.8_col=1.0_l2=5.0_l1=0.1,xgboost,50,1,0.03,0.8,1.0,5.0,0.1,215,50.0,10,50 trees d=1,0.559859,0.439024,0.120835,0.205634,0.279675,0.074041
xgb_n=50_depth=1_lr=0.03_sub=0.8_col=1.0_l2=10.0_l1=0.0,xgboost,50,1,0.03,0.8,1.0,10.0,0.0,215,50.0,11,50 trees d=1,0.552817,0.487805,0.065012,0.208451,0.24878,0.040329
xgb_n=50_depth=1_lr=0.03_sub=0.8_col=1.0_l2=10.0_l1=0.1,xgboost,50,1,0.03,0.8,1.0,10.0,0.1,215,50.0,12,50 trees d=1,0.551056,0.471545,0.079511,0.209507,0.256911,0.047404
xgb_n=50_depth=1_lr=0.03_sub=1.0_col=0.8_l2=1.0_l1=0.0,xgboost,50,1,0.03,1.0,0.8,1.0,0.0,215,50.0,13,50 trees d=1,0.559859,0.471545,0.088314,0.207746,0.265041,0.057295
xgb_n=50_depth=1_lr=0.03_sub=1.0_col=0.8_l2=1.0_l1=0.1,xgboost,50,1,0.03,1.0,0.8,1.0,0.1,215,50.0,14,50 trees d=1,0.551056,0.479675,0.071381,0.211972,0.255285,0.043313
xgb_n=50_depth=1_lr=0.03_sub=1.0_col=0.8_l2=5.0_l1=0.0,xgboost,50,1,0.03,1.0,0.8,5.0,0.0,215,50.0,15,50 trees d=1,0.551056,0.504065,0.046991,0.209155,0.245528,0.036373
xgb_n=50_depth=1_lr=0.03_sub=1.0_col=0.8_l2=5.0_l1=0.1,xgboost,50,1,0.03,1.0,0.8,5.0,0.1,215,50.0,16,50 trees d=1,0.554577,0.487805,0.066772,0.207746,0.24878,0.041034
xgb_n=50_depth=1_lr=0.03_sub=1.0_col=0.8_l2=10.0_l1=0.0,xgboost,50,1,0.03,1.0,0.8,10.0,0.0,215,50.0,17,50 trees d=1,0.542254,0.487805,0.054449,0.211268,0.245528,0.03426
xgb_n=50_depth=1_lr=0.03_sub=1.0_col=0.8_l2=10.0_l1=0.1,xgboost,50,1,0.03,1.0,0.8,10.0,0.1,215,50.0,18,50 trees d=1,0.540493,0.487805,0.052688,0.21338,0.245528,0.032148
xgb_n=50_depth=1_lr=0.03_sub=1.0_col=1.0_l2=1.0_l1=0.0,xgboost,50,1,0.03,1.0,1.0,1.0,0.0,215,50.0,19,50 trees d=1,0.556338,0.479675,0.076663,0.209507,0.258537,0.04903
xgb_n=50_depth=1_lr=0.03_sub=1.0_col=1.0_l2=1.0_l1=0.1,xgboost,50,1,0.03,1.0,1.0,1.0,0.1,215,50.0,20,50 trees d=1,0.552817,0.479675,0.073142,0.211268,0.255285,0.044017
xgb_n=50_depth=1_lr=0.03_sub=1.0_col=1.0_l2=5.0_l1=0.0,xgboost,50,1,0.03,1.0,1.0,5.0,0.0,215,50.0,21,50 trees d=1,0.551056,0.504065,0.046991,0.209155,0.245528,0.036373
xgb_n=50_depth=1_lr=0.03_sub=1.0_col=1.0_l2=5.0_l1=0.1,xgboost,50,1,0.03,1.0,1.0,5.0,0.1,215,50.0,22,50 trees d=1,0.554577,0.487805,0.066772,0.207746,0.24878,0.041034
xgb_n=50_depth=1_lr=0.03_sub=1.0_col=1.0_l2=10.0_l1=0.0,xgboost,50,1,0.03,1.0,1.0,10.0,0.0,215,50.0,23,50 trees d=1,0.544014,0.487805,0.056209,0.210563,0.245528,0.034965
xgb_n=50_depth=1_lr=0.03_sub=1.0_col=1.0_l2=10.0_l1=0.1,xgboost,50,1,0.03,1.0,1.0,10.0,0.1,215,50.0,24,50 trees d=1,0.538732,0.487805,0.050927,0.214437,0.245528,0.031091
xgb_n=50_depth=1_lr=0.05_sub=0.8_col=0.8_l2=1.0_l1=0.0,xgboost,50,1,0.05,0.8,0.8,1.0,0.0,215,50.0,25,50 trees d=1,0.579225,0.471545,0.10768,0.185563,0.252033,0.06647
xgb_n=50_depth=1_lr=0.05_sub=0.8_col=0.8_l2=1.0_l1=0.1,xgboost,50,1,0.05,0.8,0.8,1.0,0.1,215,50.0,26,50 trees d=1,0.582746,0.471545,0.111201,0.183803,0.252033,0.06823
xgb_n=50_depth=1_lr=0.05_sub=0.8_col=0.8_l2=5.0_l1=0.0,xgboost,50,1,0.05,0.8,0.8,5.0,0.0,215,50.0,27,50 trees d=1,0.586268,0.471545,0.114723,0.180634,0.256911,0.076277
xgb_n=50_depth=1_lr=0.05_sub=0.8_col=0.8_l2=5.0_l1=0.1,xgboost,50,1,0.05,0.8,0.8,5.0,0.1,215,50.0,28,50 trees d=1,0.586268,0.463415,0.122853,0.180282,0.261789,0.081507
xgb_n=50_depth=1_lr=0.05_sub=0.8_col=0.8_l2=10.0_l1=0.0,xgboost,50,1,0.05,0.8,0.8,10.0,0.0,215,50.0,29,50 trees d=1,0.579225,0.463415,0.11581,0.183803,0.258537,0.074734
xgb_n=50_depth=1_lr=0.05_sub=0.8_col=0.8_l2=10.0_l1=0.1,xgboost,50,1,0.05,0.8,0.8,10.0,0.1,215,50.0,30,50 trees d=1,0.579225,0.463415,0.11581,0.184155,0.258537,0.074382
xgb_n=50_depth=1_lr=0.05_sub=0.8_col=1.0_l2=1.0_l1=0.0,xgboost,50,1,0.05,0.8,1.0,1.0,0.0,215,50.0,31,50 trees d=1,0.568662,0.471545,0.097117,0.189789,0.247154,0.057365
xgb_n=50_depth=1_lr=0.05_sub=0.8_col=1.0_l2=1.0_l1=0.1,xgboost,50,1,0.05,0.8,1.0,1.0,0.1,215,50.0,32,50 trees d=1,0.582746,0.455285,0.127461,0.185211,0.263415,0.078204
xgb_n=50_depth=1_lr=0.05_sub=0.8_col=1.0_l2=5.0_l1=0.0,xgboost,50,1,0.05,0.8,1.0,5.0,0.0,215,50.0,33,50 trees d=1,0.577465,0.463415,0.11405,0.187676,0.263415,0.075739
xgb_n=50_depth=1_lr=0.05_sub=0.8_col=1.0_l2=5.0_l1=0.1,xgboost,50,1,0.05,0.8,1.0,5.0,0.1,215,50.0,34,50 trees d=1,0.588028,0.447154,0.140874,0.183451,0.265041,0.08159
xgb_n=50_depth=1_lr=0.05_sub=0.8_col=1.0_l2=10.0_l1=0.0,xgboost,50,1,0.05,0.8,1.0,10.0,0.0,215,50.0,35,50 trees d=1,0.584507,0.471545,0.112962,0.182042,0.260163,0.078121
xgb_n=50_depth=1_lr=0.05_sub=0.8_col=1.0_l2=10.0_l1=0.1,xgboost,50,1,0.05,0.8,1.0,10.0,0.1,215,50.0,36,50 trees d=1,0.579225,0.471545,0.10768,0.185563,0.261789,0.076226
xgb_n=50_depth=1_lr=0.05_sub=1.0_col=0.8_l2=1.0_l1=0.0,xgboost,50,1,0.05,1.0,0.8,1.0,0.0,215,50.0,37,50 trees d=1,0.580986,0.512195,0.068791,0.186268,0.242276,0.056008
xgb_n=50_depth=1_lr=0.05_sub=1.0_col=0.8_l2=1.0_l1=0.1,xgboost,50,1,0.05,1.0,0.8,1.0,0.1,215,50.0,38,50 trees d=1,0.575704,0.512195,0.063509,0.189789,0.245528,0.055739
xgb_n=50_depth=1_lr=0.05_sub=1.0_col=0.8_l2=5.0_l1=0.0,xgboost,50,1,0.05,1.0,0.8,5.0,0.0,215,50.0,39,50 trees d=1,0.579225,0.487805,0.09142,0.18838,0.253659,0.065279
xgb_n=50_depth=1_lr=0.05_sub=1.0_col=0.8_l2=5.0_l1=0.1,xgboost,50,1,0.05,1.0,0.8,5.0,0.1,215,50.0,40,50 trees d=1,0.573944,0.479675,0.094269,0.191197,0.261789,0.070592
xgb_n=50_depth=1_lr=0.05_sub=1.0_col=0.8_l2=10.0_l1=0.0,xgboost,50,1,0.05,1.0,0.8,10.0,0.0,215,50.0,41,50 trees d=1,0.565141,0.463415,0.101726,0.192254,0.260163,0.067909
xgb_n=50_depth=1_lr=0.05_sub=1.0_col=0.8_l2=10.0_l1=0.1,xgboost,50,1,0.05,1.0,0.8,10.0,0.1,215,50.0,42,50 trees d=1,0.56162,0.463415,0.098205,0.195423,0.260163,0.06474
xgb_n=50_depth=1_lr=0.05_sub=1.0_col=1.0_l2=1.0_l1=0.0,xgboost,50,1,0.05,1.0,1.0,1.0,0.0,215,50.0,43,50 trees d=1,0.579225,0.512195,0.06703,0.18662,0.242276,0.055656
xgb_n=50_depth=1_lr=0.05_sub=1.0_col=1.0_l2=1.0_l1=0.1,xgboost,50,1,0.05,1.0,1.0,1.0,0.1,215,50.0,44,50 trees d=1,0.579225,0.512195,0.06703,0.186972,0.245528,0.058556
xgb_n=50_depth=1_lr=0.05_sub=1.0_col=1.0_l2=5.0_l1=0.0,xgboost,50,1,0.05,1.0,1.0,5.0,0.0,215,50.0,45,50 trees d=1,0.570423,0.487805,0.082618,0.191197,0.253659,0.062462
xgb_n=50_depth=1_lr=0.05_sub=1.0_col=1.0_l2=5.0_l1=0.1,xgboost,50,1,0.05,1.0,1.0,5.0,0.1,215,50.0,46,50 trees d=1,0.572183,0.487805,0.084378,0.191197,0.253659,0.062462
xgb_n=50_depth=1_lr=0.05_sub=1.0_col=1.0_l2=10.0_l1=0.0,xgboost,50,1,0.05,1.0,1.0,10.0,0.0,215,50.0,47,50 trees d=1,0.568662,0.471545,0.097117,0.191549,0.263415,0.071866
xgb_n=50_depth=1_lr=0.05_sub=1.0_col=1.0_l2=10.0_l1=0.1,xgboost,50,1,0.05,1.0,1.0,10.0,0.1,215,50.0,48,50 trees d=1,0.565141,0.463415,0.101726,0.19331,0.265041,0.071731
xgb_n=50_depth=1_lr=0.1_sub=0.8_col=0.8_l2=1.0_l1=0.0,xgboost,50,1,0.1,0.8,0.8,1.0,0.0,215,50.0,49,50 trees d=1,0.610915,0.479675,0.13124,0.161268,0.242276,0.081008
xgb_n=50_depth=1_lr=0.1_sub=0.8_col=0.8_l2=1.0_l1=0.1,xgboost,50,1,0.1,0.8,0.8,1.0,0.1,215,50.0,50,50 trees d=1,0.626761,0.512195,0.114566,0.15,0.243902,0.093902
xgb_n=50_depth=1_lr=0.1_sub=0.8_col=0.8_l2=5.0_l1=0.0,xgboost,50,1,0.1,0.8,0.8,5.0,0.0,215,50.0,51,50 trees d=1,0.614437,0.463415,0.151022,0.155986,0.258537,0.102551
xgb_n=50_depth=1_lr=0.1_sub=0.8_col=0.8_l2=5.0_l1=0.1,xgboost,50,1,0.1,0.8,0.8,5.0,0.1,215,50.0,52,50 trees d=1,0.614437,0.471545,0.142892,0.15493,0.258537,0.103607
xgb_n=50_depth=1_lr=0.1_sub=0.8_col=0.8_l2=10.0_l1=0.0,xgboost,50,1,0.1,0.8,0.8,10.0,0.0,215,50.0,53,50 trees d=1,0.610915,0.471545,0.13937,0.161268,0.245528,0.08426
xgb_n=50_depth=1_lr=0.1_sub=0.8_col=0.8_l2=10.0_l1=0.1,xgboost,50,1,0.1,0.8,0.8,10.0,0.1,215,50.0,54,50 trees d=1,0.607394,0.463415,0.143979,0.160915,0.255285,0.09437
xgb_n=50_depth=1_lr=0.1_sub=0.8_col=1.0_l2=1.0_l1=0.0,xgboost,50,1,0.1,0.8,1.0,1.0,0.0,215,50.0,55,50 trees d=1,0.625,0.479675,0.145325,0.152113,0.260163,0.10805
xgb_n=50_depth=1_lr=0.1_sub=0.8_col=1.0_l2=1.0_l1=0.1,xgboost,50,1,0.1,0.8,1.0,1.0,0.1,215,50.0,56,50 trees d=1,0.614437,0.479675,0.134762,0.158803,0.263415,0.104612
xgb_n=50_depth=1_lr=0.1_sub=0.8_col=1.0_l2=5.0_l1=0.0,xgboost,50,1,0.1,0.8,1.0,5.0,0.0,215,50.0,57,50 trees d=1,0.609155,0.479675,0.12948,0.159859,0.245528,0.085669
xgb_n=50_depth=1_lr=0.1_sub=0.8_col=1.0_l2=5.0_l1=0.1,xgboost,50,1,0.1,0.8,1.0,5.0,0.1,215,50.0,58,50 trees d=1,0.617958,0.463415,0.154543,0.155282,0.265041,0.109759
xgb_n=50_depth=1_lr=0.1_sub=0.8_col=1.0_l2=10.0_l1=0.0,xgboost,50,1,0.1,0.8,1.0,10.0,0.0,215,50.0,59,50 trees d=1,0.621479,0.471545,0.149934,0.157746,0.255285,0.097539
xgb_n=50_depth=1_lr=0.1_sub=0.8_col=1.0_l2=10.0_l1=0.1,xgboost,50,1,0.1,0.8,1.0,10.0,0.1,215,50.0,60,50 trees d=1,0.617958,0.471545,0.146413,0.159859,0.255285,0.095426
xgb_n=50_depth=1_lr=0.1_sub=1.0_col=0.8_l2=1.0_l1=0.0,xgboost,50,1,0.1,1.0,0.8,1.0,0.0,215,50.0,61,50 trees d=1,0.619718,0.479675,0.140043,0.161268,0.265041,0.103773
xgb_n=50_depth=1_lr=0.1_sub=1.0_col=0.8_l2=1.0_l1=0.1,xgboost,50,1,0.1,1.0,0.8,1.0,0.1,215,50.0,62,50 trees d=1,0.614437,0.471545,0.142892,0.162324,0.273171,0.110847
xgb_n=50_depth=1_lr=0.1_sub=1.0_col=0.8_l2=5.0_l1=0.0,xgboost,50,1,0.1,1.0,0.8,5.0,0.0,215,50.0,63,50 trees d=1,0.607394,0.471545,0.135849,0.166549,0.269919,0.10337
xgb_n=50_depth=1_lr=0.1_sub=1.0_col=0.8_l2=5.0_l1=0.1,xgboost,50,1,0.1,1.0,0.8,5.0,0.1,215,50.0,64,50 trees d=1,0.602113,0.471545,0.130568,0.166549,0.269919,0.10337
xgb_n=50_depth=1_lr=0.1_sub=1.0_col=0.8_l2=10.0_l1=0.0,xgboost,50,1,0.1,1.0,0.8,10.0,0.0,215,50.0,65,50 trees d=1,0.605634,0.487805,0.117829,0.163028,0.256911,0.093883
xgb_n=50_depth=1_lr=0.1_sub=1.0_col=0.8_l2=10.0_l1=0.1,xgboost,50,1,0.1,1.0,0.8,10.0,0.1,215,50.0,66,50 trees d=1,0.609155,0.495935,0.11322,0.162324,0.255285,0.092961
xgb_n=50_depth=1_lr=0.1_sub=1.0_col=1.0_l2=1.0_l1=0.0,xgboost,50,1,0.1,1.0,1.0,1.0,0.0,215,50.0,67,50 trees d=1,0.630282,0.479675,0.150607,0.155282,0.266667,0.111385
xgb_n=50_depth=1_lr=0.1_sub=1.0_col=1.0_l2=1.0_l1=0.1,xgboost,50,1,0.1,1.0,1.0,1.0,0.1,215,50.0,68,50 trees d=1,0.610915,0.479675,0.13124,0.167958,0.265041,0.097083
xgb_n=50_depth=1_lr=0.1_sub=1.0_col=1.0_l2=5.0_l1=0.0,xgboost,50,1,0.1,1.0,1.0,5.0,0.0,215,50.0,69,50 trees d=1,0.607394,0.463415,0.143979,0.169718,0.273171,0.103453
xgb_n=50_depth=1_lr=0.1_sub=1.0_col=1.0_l2=5.0_l1=0.1,xgboost,50,1,0.1,1.0,1.0,5.0,0.1,215,50.0,70,50 trees d=1,0.596831,0.471545,0.125286,0.171127,0.273171,0.102044
xgb_n=50_depth=1_lr=0.1_sub=1.0_col=1.0_l2=10.0_l1=0.0,xgboost,50,1,0.1,1.0,1.0,10.0,0.0,215,50.0,71,50 trees d=1,0.609155,0.487805,0.12135,0.16338,0.260163,0.096783
xgb_n=50_depth=1_lr=0.1_sub=1.0_col=1.0_l2=10.0_l1=0.1,xgboost,50,1,0.1,1.0,1.0,10.0,0.1,215,50.0,72,50 trees d=1,0.609155,0.495935,0.11322,0.165141,0.256911,0.09177
xgb_n=50_depth=2_lr=0.03_sub=0.8_col=0.8_l2=1.0_l1=0.0,xgboost,50,2,0.03,0.8,0.8,1.0,0.0,215,100.0,73,50 trees d=2,0.660211,0.479675,0.180536,0.131338,0.265041,0.133703
xgb_n=50_depth=2_lr=0.03_sub=0.8_col=0.8_l2=1.0_l1=0.1,xgboost,50,2,0.03,0.8,0.8,1.0,0.1,215,100.0,74,50 trees d=2,0.65493,0.504065,0.150865,0.135211,0.24878,0.113569
xgb_n=50_depth=2_lr=0.03_sub=0.8_col=0.8_l2=5.0_l1=0.0,xgboost,50,2,0.03,0.8,0.8,5.0,0.0,215,100.0,75,50 trees d=2,0.635563,0.471545,0.164018,0.141549,0.252033,0.110484
xgb_n=50_depth=2_lr=0.03_sub=0.8_col=0.8_l2=5.0_l1=0.1,xgboost,50,2,0.03,0.8,0.8,5.0,0.1,215,100.0,76,50 trees d=2,0.642606,0.463415,0.179191,0.136972,0.255285,0.118313
xgb_n=50_depth=2_lr=0.03_sub=0.8_col=0.8_l2=10.0_l1=0.0,xgboost,50,2,0.03,0.8,0.8,10.0,0.0,215,100.0,77,50 trees d=2,0.632042,0.463415,0.168627,0.144718,0.266667,0.121949
xgb_n=50_depth=2_lr=0.03_sub=0.8_col=0.8_l2=10.0_l1=0.1,xgboost,50,2,0.03,0.8,0.8,10.0,0.1,215,100.0,78,50 trees d=2,0.633803,0.463415,0.170388,0.146479,0.269919,0.12344
xgb_n=50_depth=2_lr=0.03_sub=0.8_col=1.0_l2=1.0_l1=0.0,xgboost,50,2,0.03,0.8,1.0,1.0,0.0,215,100.0,79,50 trees d=2,0.660211,0.471545,0.188666,0.128169,0.261789,0.13362
xgb_n=50_depth=2_lr=0.03_sub=0.8_col=1.0_l2=1.0_l1=0.1,xgboost,50,2,0.03,0.8,1.0,1.0,0.1,215,100.0,80,50 trees d=2,0.653169,0.463415,0.189754,0.133803,0.265041,0.131238
xgb_n=50_depth=2_lr=0.03_sub=0.8_col=1.0_l2=5.0_l1=0.0,xgboost,50,2,0.03,0.8,1.0,5.0,0.0,215,100.0,81,50 trees d=2,0.635563,0.455285,0.180278,0.140845,0.271545,0.1307
xgb_n=50_depth=2_lr=0.03_sub=0.8_col=1.0_l2=5.0_l1=0.1,xgboost,50,2,0.03,0.8,1.0,5.0,0.1,215,100.0,82,50 trees d=2,0.635563,0.455285,0.180278,0.140141,0.268293,0.128152
xgb_n=50_depth=2_lr=0.03_sub=0.8_col=1.0_l2=10.0_l1=0.0,xgboost,50,2,0.03,0.8,1.0,10.0,0.0,215,100.0,83,50 trees d=2,0.632042,0.471545,0.160497,0.14331,0.256911,0.113601
xgb_n=50_depth=2_lr=0.03_sub=0.8_col=1.0_l2=10.0_l1=0.1,xgboost,50,2,0.03,0.8,1.0,10.0,0.1,215,100.0,84,50 trees d=2,0.630282,0.463415,0.166867,0.145423,0.263415,0.117992
xgb_n=50_depth=2_lr=0.03_sub=1.0_col=0.8_l2=1.0_l1=0.0,xgboost,50,2,0.03,1.0,0.8,1.0,0.0,215,100.0,85,50 trees d=2,0.640845,0.471545,0.1693,0.140845,0.273171,0.132326
xgb_n=50_depth=2_lr=0.03_sub=1.0_col=0.8_l2=1.0_l1=0.1,xgboost,50,2,0.03,1.0,0.8,1.0,0.1,215,100.0,86,50 trees d=2,0.628521,0.471545,0.156976,0.146479,0.268293,0.121814
xgb_n=50_depth=2_lr=0.03_sub=1.0_col=0.8_l2=5.0_l1=0.0,xgboost,50,2,0.03,1.0,0.8,5.0,0.0,215,100.0,87,50 trees d=2,0.635563,0.487805,0.147758,0.14331,0.260163,0.116853
xgb_n=50_depth=2_lr=0.03_sub=1.0_col=0.8_l2=5.0_l1=0.1,xgboost,50,2,0.03,1.0,0.8,5.0,0.1,215,100.0,88,50 trees d=2,0.640845,0.487805,0.15304,0.140141,0.247154,0.107013
xgb_n=50_depth=2_lr=0.03_sub=1.0_col=0.8_l2=10.0_l1=0.0,xgboost,50,2,0.03,1.0,0.8,10.0,0.0,215,100.0,89,50 trees d=2,0.632042,0.487805,0.144237,0.144718,0.24878,0.104062
xgb_n=50_depth=2_lr=0.03_sub=1.0_col=0.8_l2=10.0_l1=0.1,xgboost,50,2,0.03,1.0,0.8,10.0,0.1,215,100.0,90,50 trees d=2,0.628521,0.495935,0.132586,0.147183,0.242276,0.095093
xgb_n=50_depth=2_lr=0.03_sub=1.0_col=1.0_l2=1.0_l1=0.0,xgboost,50,2,0.03,1.0,1.0,1.0,0.0,215,100.0,91,50 trees d=2,0.640845,0.471545,0.1693,0.142254,0.269919,0.127665
xgb_n=50_depth=2_lr=0.03_sub=1.0_col=1.0_l2=1.0_l1=0.1,xgboost,50,2,0.03,1.0,1.0,1.0,0.1,215,100.0,92,50 trees d=2,0.647887,0.471545,0.176342,0.137676,0.269919,0.132243
xgb_n=50_depth=2_lr=0.03_sub=1.0_col=1.0_l2=5.0_l1=0.0,xgboost,50,2,0.03,1.0,1.0,5.0,0.0,215,100.0,93,50 trees d=2,0.630282,0.463415,0.166867,0.148592,0.271545,0.122953
xgb_n=50_depth=2_lr=0.03_sub=1.0_col=1.0_l2=5.0_l1=0.1,xgboost,50,2,0.03,1.0,1.0,5.0,0.1,215,100.0,94,50 trees d=2,0.626761,0.479675,0.147086,0.147535,0.266667,0.119132
xgb_n=50_depth=2_lr=0.03_sub=1.0_col=1.0_l2=10.0_l1=0.0,xgboost,50,2,0.03,1.0,1.0,10.0,0.0,215,100.0,95,50 trees d=2,0.628521,0.471545,0.156976,0.145423,0.253659,0.108236
xgb_n=50_depth=2_lr=0.03_sub=1.0_col=1.0_l2=10.0_l1=0.1,xgboost,50,2,0.03,1.0,1.0,10.0,0.1,215,100.0,96,50 trees d=2,0.626761,0.479675,0.147086,0.147183,0.250407,0.103224
xgb_n=50_depth=2_lr=0.05_sub=0.8_col=0.8_l2=1.0_l1=0.0,xgboost,50,2,0.05,0.8,0.8,1.0,0.0,215,100.0,97,50 trees d=2,0.690141,0.504065,0.186076,0.111268,0.247154,0.135886
xgb_n=50_depth=2_lr=0.05_sub=0.8_col=0.8_l2=1.0_l1=0.1,xgboost,50,2,0.05,0.8,0.8,1.0,0.1,215,100.0,98,50 trees d=2,0.693662,0.495935,0.197727,0.110563,0.252033,0.14147
xgb_n=50_depth=2_lr=0.05_sub=0.8_col=0.8_l2=5.0_l1=0.0,xgboost,50,2,0.05,0.8,0.8,5.0,0.0,215,100.0,99,50 trees d=2,0.669014,0.463415,0.205599,0.12007,0.266667,0.146597
xgb_n=50_depth=2_lr=0.05_sub=0.8_col=0.8_l2=5.0_l1=0.1,xgboost,50,2,0.05,0.8,0.8,5.0,0.1,215,100.0,100,50 trees d=2,0.677817,0.455285,0.222532,0.117958,0.265041,0.147083
xgb_n=50_depth=2_lr=0.05_sub=0.8_col=0.8_l2=10.0_l1=0.0,xgboost,50,2,0.05,0.8,0.8,10.0,0.0,215,100.0,101,50 trees d=2,0.676056,0.479675,0.196381,0.11831,0.247154,0.128844
xgb_n=50_depth=2_lr=0.05_sub=0.8_col=0.8_l2=10.0_l1=0.1,xgboost,50,2,0.05,0.8,0.8,10.0,0.1,215,100.0,102,50 trees d=2,0.679577,0.479675,0.199902,0.118662,0.250407,0.131745
xgb_n=50_depth=2_lr=0.05_sub=0.8_col=1.0_l2=1.0_l1=0.0,xgboost,50,2,0.05,0.8,1.0,1.0,0.0,215,100.0,103,50 trees d=2,0.690141,0.422764,0.267377,0.110915,0.279675,0.16876
xgb_n=50_depth=2_lr=0.05_sub=0.8_col=1.0_l2=1.0_l1=0.1,xgboost,50,2,0.05,0.8,1.0,1.0,0.1,215,100.0,104,50 trees d=2,0.691901,0.471545,0.220356,0.11162,0.256911,0.145291
xgb_n=50_depth=2_lr=0.05_sub=0.8_col=1.0_l2=5.0_l1=0.0,xgboost,50,2,0.05,0.8,1.0,5.0,0.0,215,100.0,105,50 trees d=2,0.677817,0.455285,0.222532,0.116197,0.268293,0.152096
xgb_n=50_depth=2_lr=0.05_sub=0.8_col=1.0_l2=5.0_l1=0.1,xgboost,50,2,0.05,0.8,1.0,5.0,0.1,215,100.0,106,50 trees d=2,0.681338,0.479675,0.201663,0.113732,0.261789,0.148057
xgb_n=50_depth=2_lr=0.05_sub=0.8_col=1.0_l2=10.0_l1=0.0,xgboost,50,2,0.05,0.8,1.0,10.0,0.0,215,100.0,107,50 trees d=2,0.670775,0.487805,0.18297,0.12007,0.261789,0.141719
xgb_n=50_depth=2_lr=0.05_sub=0.8_col=1.0_l2=10.0_l1=0.1,xgboost,50,2,0.05,0.8,1.0,10.0,0.1,215,100.0,108,50 trees d=2,0.670775,0.471545,0.19923,0.12007,0.266667,0.146597
xgb_n=50_depth=2_lr=0.05_sub=1.0_col=0.8_l2=1.0_l1=0.0,xgboost,50,2,0.05,1.0,0.8,1.0,0.0,215,100.0,109,50 trees d=2,0.683099,0.479675,0.203424,0.11338,0.269919,0.156539
xgb_n=50_depth=2_lr=0.05_sub=1.0_col=0.8_l2=1.0_l1=0.1,xgboost,50,2,0.05,1.0,0.8,1.0,0.1,215,100.0,110,50 trees d=2,0.679577,0.504065,0.175512,0.116197,0.258537,0.14234
xgb_n=50_depth=2_lr=0.05_sub=1.0_col=0.8_l2=5.0_l1=0.0,xgboost,50,2,0.05,1.0,0.8,5.0,0.0,215,100.0,111,50 trees d=2,0.676056,0.487805,0.188251,0.122887,0.263415,0.140528
xgb_n=50_depth=2_lr=0.05_sub=1.0_col=0.8_l2=5.0_l1=0.1,xgboost,50,2,0.05,1.0,0.8,5.0,0.1,215,100.0,112,50 trees d=2,0.667254,0.495935,0.171319,0.121479,0.263415,0.141936
xgb_n=50_depth=2_lr=0.05_sub=1.0_col=0.8_l2=10.0_l1=0.0,xgboost,50,2,0.05,1.0,0.8,10.0,0.0,215,100.0,113,50 trees d=2,0.65669,0.495935,0.160755,0.122535,0.255285,0.13275
xgb_n=50_depth=2_lr=0.05_sub=1.0_col=0.8_l2=10.0_l1=0.1,xgboost,50,2,0.05,1.0,0.8,10.0,0.1,215,100.0,114,50 trees d=2,0.665493,0.512195,0.153298,0.122183,0.253659,0.131476
xgb_n=50_depth=2_lr=0.05_sub=1.0_col=1.0_l2=1.0_l1=0.0,xgboost,50,2,0.05,1.0,1.0,1.0,0.0,215,100.0,115,50 trees d=2,0.68838,0.495935,0.192445,0.11162,0.256911,0.145291
xgb_n=50_depth=2_lr=0.05_sub=1.0_col=1.0_l2=1.0_l1=0.1,xgboost,50,2,0.05,1.0,1.0,1.0,0.1,215,100.0,116,50 trees d=2,0.691901,0.487805,0.204096,0.108803,0.268293,0.15949
xgb_n=50_depth=2_lr=0.05_sub=1.0_col=1.0_l2=5.0_l1=0.0,xgboost,50,2,0.05,1.0,1.0,5.0,0.0,215,100.0,117,50 trees d=2,0.647887,0.479675,0.168212,0.128521,0.266667,0.138146
xgb_n=50_depth=2_lr=0.05_sub=1.0_col=1.0_l2=5.0_l1=0.1,xgboost,50,2,0.05,1.0,1.0,5.0,0.1,215,100.0,118,50 trees d=2,0.674296,0.471545,0.202751,0.12007,0.273171,0.153101
xgb_n=50_depth=2_lr=0.05_sub=1.0_col=1.0_l2=10.0_l1=0.0,xgboost,50,2,0.05,1.0,1.0,10.0,0.0,215,100.0,119,50 trees d=2,0.663732,0.495935,0.167797,0.122887,0.252033,0.129146
xgb_n=50_depth=2_lr=0.05_sub=1.0_col=1.0_l2=10.0_l1=0.1,xgboost,50,2,0.05,1.0,1.0,10.0,0.1,215,100.0,120,50 trees d=2,0.663732,0.495935,0.167797,0.125704,0.261789,0.136085
xgb_n=50_depth=2_lr=0.1_sub=0.8_col=0.8_l2=1.0_l1=0.0,xgboost,50,2,0.1,0.8,0.8,1.0,0.0,215,100.0,121,50 trees d=2,0.757042,0.487805,0.269237,0.080282,0.266667,0.186385
xgb_n=50_depth=2_lr=0.1_sub=0.8_col=0.8_l2=1.0_l1=0.1,xgboost,50,2,0.1,0.8,0.8,1.0,0.1,215,100.0,122,50 trees d=2,0.737676,0.471545,0.266131,0.089085,0.271545,0.18246
xgb_n=50_depth=2_lr=0.1_sub=0.8_col=0.8_l2=5.0_l1=0.0,xgboost,50,2,0.1,0.8,0.8,5.0,0.0,215,100.0,123,50 trees d=2,0.744718,0.495935,0.248783,0.083099,0.253659,0.17056
xgb_n=50_depth=2_lr=0.1_sub=0.8_col=0.8_l2=5.0_l1=0.1,xgboost,50,2,0.1,0.8,0.8,5.0,0.1,215,100.0,124,50 trees d=2,0.723592,0.479675,0.243917,0.089789,0.265041,0.175252
xgb_n=50_depth=2_lr=0.1_sub=0.8_col=0.8_l2=10.0_l1=0.0,xgboost,50,2,0.1,0.8,0.8,10.0,0.0,215,100.0,125,50 trees d=2,0.723592,0.487805,0.235787,0.089437,0.252033,0.162596
xgb_n=50_depth=2_lr=0.1_sub=0.8_col=0.8_l2=10.0_l1=0.1,xgboost,50,2,0.1,0.8,0.8,10.0,0.1,215,100.0,126,50 trees d=2,0.721831,0.471545,0.250286,0.091197,0.268293,0.177096
xgb_n=50_depth=2_lr=0.1_sub=0.8_col=1.0_l2=1.0_l1=0.0,xgboost,50,2,0.1,0.8,1.0,1.0,0.0,215,100.0,127,50 trees d=2,0.746479,0.463415,0.283064,0.083803,0.273171,0.189368
xgb_n=50_depth=2_lr=0.1_sub=0.8_col=1.0_l2=1.0_l1=0.1,xgboost,50,2,0.1,0.8,1.0,1.0,0.1,215,100.0,128,50 trees d=2,0.725352,0.471545,0.253807,0.097183,0.273171,0.175988
xgb_n=50_depth=2_lr=0.1_sub=0.8_col=1.0_l2=5.0_l1=0.0,xgboost,50,2,0.1,0.8,1.0,5.0,0.0,215,100.0,129,50 trees d=2,0.741197,0.487805,0.253392,0.083803,0.255285,0.171482
xgb_n=50_depth=2_lr=0.1_sub=0.8_col=1.0_l2=5.0_l1=0.1,xgboost,50,2,0.1,0.8,1.0,5.0,0.1,215,100.0,130,50 trees d=2,0.730634,0.455285,0.275349,0.090845,0.274797,0.183952
xgb_n=50_depth=2_lr=0.1_sub=0.8_col=1.0_l2=10.0_l1=0.0,xgboost,50,2,0.1,0.8,1.0,10.0,0.0,215,100.0,131,50 trees d=2,0.721831,0.455285,0.266546,0.089789,0.276423,0.186634
xgb_n=50_depth=2_lr=0.1_sub=0.8_col=1.0_l2=10.0_l1=0.1,xgboost,50,2,0.1,0.8,1.0,10.0,0.1,215,100.0,132,50 trees d=2,0.721831,0.422764,0.299067,0.092254,0.289431,0.197177
xgb_n=50_depth=2_lr=0.1_sub=1.0_col=0.8_l2=1.0_l1=0.0,xgboost,50,2,0.1,1.0,0.8,1.0,0.0,215,100.0,133,50 trees d=2,0.72007,0.504065,0.216005,0.095775,0.255285,0.15951
xgb_n=50_depth=2_lr=0.1_sub=1.0_col=0.8_l2=1.0_l1=0.1,xgboost,50,2,0.1,1.0,0.8,1.0,0.1,215,100.0,134,50 trees d=2,0.730634,0.520325,0.210309,0.086972,0.242276,0.155304
xgb_n=50_depth=2_lr=0.1_sub=1.0_col=0.8_l2=5.0_l1=0.0,xgboost,50,2,0.1,1.0,0.8,5.0,0.0,215,100.0,135,50 trees d=2,0.721831,0.528455,0.193376,0.090845,0.237398,0.146553
xgb_n=50_depth=2_lr=0.1_sub=1.0_col=0.8_l2=5.0_l1=0.1,xgboost,50,2,0.1,1.0,0.8,5.0,0.1,215,100.0,136,50 trees d=2,0.728873,0.512195,0.216678,0.088732,0.258537,0.169805
xgb_n=50_depth=2_lr=0.1_sub=1.0_col=0.8_l2=10.0_l1=0.0,xgboost,50,2,0.1,1.0,0.8,10.0,0.0,215,100.0,137,50 trees d=2,0.721831,0.520325,0.201506,0.091901,0.243902,0.152001
xgb_n=50_depth=2_lr=0.1_sub=1.0_col=0.8_l2=10.0_l1=0.1,xgboost,50,2,0.1,1.0,0.8,10.0,0.1,215,100.0,138,50 trees d=2,0.705986,0.495935,0.210051,0.096127,0.250407,0.15428
xgb_n=50_depth=2_lr=0.1_sub=1.0_col=1.0_l2=1.0_l1=0.0,xgboost,50,2,0.1,1.0,1.0,1.0,0.0,215,100.0,139,50 trees d=2,0.742958,0.560976,0.181982,0.084507,0.229268,0.144761
xgb_n=50_depth=2_lr=0.1_sub=1.0_col=1.0_l2=1.0_l1=0.1,xgboost,50,2,0.1,1.0,1.0,1.0,0.1,215,100.0,140,50 trees d=2,0.735915,0.512195,0.22372,0.086972,0.243902,0.15693
xgb_n=50_depth=2_lr=0.1_sub=1.0_col=1.0_l2=5.0_l1=0.0,xgboost,50,2,0.1,1.0,1.0,5.0,0.0,215,100.0,141,50 trees d=2,0.72007,0.479675,0.240395,0.089085,0.260163,0.171078
xgb_n=50_depth=2_lr=0.1_sub=1.0_col=1.0_l2=5.0_l1=0.1,xgboost,50,2,0.1,1.0,1.0,5.0,0.1,215,100.0,142,50 trees d=2,0.714789,0.495935,0.218854,0.094014,0.255285,0.161271
xgb_n=50_depth=2_lr=0.1_sub=1.0_col=1.0_l2=10.0_l1=0.0,xgboost,50,2,0.1,1.0,1.0,10.0,0.0,215,100.0,143,50 trees d=2,0.707746,0.487805,0.219941,0.096127,0.250407,0.15428
xgb_n=50_depth=2_lr=0.1_sub=1.0_col=1.0_l2=10.0_l1=0.1,xgboost,50,2,0.1,1.0,1.0,10.0,0.1,215,100.0,144,50 trees d=2,0.714789,0.471545,0.243244,0.09507,0.253659,0.158589
xgb_n=50_depth=3_lr=0.03_sub=0.8_col=0.8_l2=1.0_l1=0.0,xgboost,50,3,0.03,0.8,0.8,1.0,0.0,215,150.0,145,50 trees d=3,0.751761,0.487805,0.263956,0.075,0.250407,0.175407
xgb_n=50_depth=3_lr=0.03_sub=0.8_col=0.8_l2=1.0_l1=0.1,xgboost,50,3,0.03,0.8,0.8,1.0,0.1,215,150.0,146,50 trees d=3,0.755282,0.487805,0.267477,0.074648,0.243902,0.169254
xgb_n=50_depth=3_lr=0.03_sub=0.8_col=0.8_l2=5.0_l1=0.0,xgboost,50,3,0.03,0.8,0.8,5.0,0.0,215,150.0,147,50 trees d=3,0.753521,0.471545,0.281976,0.076056,0.258537,0.182481
xgb_n=50_depth=3_lr=0.03_sub=0.8_col=0.8_l2=5.0_l1=0.1,xgboost,50,3,0.03,0.8,0.8,5.0,0.1,215,150.0,148,50 trees d=3,0.730634,0.487805,0.242829,0.085563,0.247154,0.161591
xgb_n=50_depth=3_lr=0.03_sub=0.8_col=0.8_l2=10.0_l1=0.0,xgboost,50,3,0.03,0.8,0.8,10.0,0.0,215,150.0,149,50 trees d=3,0.730634,0.471545,0.259089,0.089085,0.252033,0.162948
xgb_n=50_depth=3_lr=0.03_sub=0.8_col=0.8_l2=10.0_l1=0.1,xgboost,50,3,0.03,0.8,0.8,10.0,0.1,215,150.0,150,50 trees d=3,0.71831,0.463415,0.254895,0.092958,0.255285,0.162327
xgb_n=50_depth=3_lr=0.03_sub=0.8_col=1.0_l2=1.0_l1=0.0,xgboost,50,3,0.03,0.8,1.0,1.0,0.0,215,150.0,151,50 trees d=3,0.751761,0.504065,0.247696,0.078169,0.24878,0.170611
xgb_n=50_depth=3_lr=0.03_sub=0.8_col=1.0_l2=1.0_l1=0.1,xgboost,50,3,0.03,0.8,1.0,1.0,0.1,215,150.0,152,50 trees d=3,0.764085,0.495935,0.26815,0.072535,0.255285,0.18275
xgb_n=50_depth=3_lr=0.03_sub=0.8_col=1.0_l2=5.0_l1=0.0,xgboost,50,3,0.03,0.8,1.0,5.0,0.0,215,150.0,153,50 trees d=3,0.760563,0.504065,0.256498,0.075352,0.247154,0.171802
xgb_n=50_depth=3_lr=0.03_sub=0.8_col=1.0_l2=5.0_l1=0.1,xgboost,50,3,0.03,0.8,1.0,5.0,0.1,215,150.0,154,50 trees d=3,0.748239,0.487805,0.260434,0.078169,0.242276,0.164107
xgb_n=50_depth=3_lr=0.03_sub=0.8_col=1.0_l2=10.0_l1=0.0,xgboost,50,3,0.03,0.8,1.0,10.0,0.0,215,150.0,155,50 trees d=3,0.748239,0.479675,0.268564,0.078873,0.255285,0.176412
xgb_n=50_depth=3_lr=0.03_sub=0.8_col=1.0_l2=10.0_l1=0.1,xgboost,50,3,0.03,0.8,1.0,10.0,0.1,215,150.0,156,50 trees d=3,0.742958,0.504065,0.238893,0.082746,0.242276,0.15953
xgb_n=50_depth=3_lr=0.03_sub=1.0_col=0.8_l2=1.0_l1=0.0,xgboost,50,3,0.03,1.0,0.8,1.0,0.0,215,150.0,157,50 trees d=3,0.741197,0.479675,0.261522,0.084859,0.252033,0.167174
xgb_n=50_depth=3_lr=0.03_sub=1.0_col=0.8_l2=1.0_l1=0.1,xgboost,50,3,0.03,1.0,0.8,1.0,0.1,215,150.0,158,50 trees d=3,0.751761,0.495935,0.255826,0.080634,0.245528,0.164894
xgb_n=50_depth=3_lr=0.03_sub=1.0_col=0.8_l2=5.0_l1=0.0,xgboost,50,3,0.03,1.0,0.8,5.0,0.0,215,150.0,159,50 trees d=3,0.744718,0.504065,0.240653,0.084859,0.243902,0.159043
xgb_n=50_depth=3_lr=0.03_sub=1.0_col=0.8_l2=5.0_l1=0.1,xgboost,50,3,0.03,1.0,0.8,5.0,0.1,215,150.0,160,50 trees d=3,0.734155,0.495935,0.23822,0.089085,0.24878,0.159695
xgb_n=50_depth=3_lr=0.03_sub=1.0_col=0.8_l2=10.0_l1=0.0,xgboost,50,3,0.03,1.0,0.8,10.0,0.0,215,150.0,161,50 trees d=3,0.742958,0.463415,0.279543,0.086268,0.258537,0.172269
xgb_n=50_depth=3_lr=0.03_sub=1.0_col=0.8_l2=10.0_l1=0.1,xgboost,50,3,0.03,1.0,0.8,10.0,0.1,215,150.0,162,50 trees d=3,0.735915,0.504065,0.23185,0.088732,0.234146,0.145414
xgb_n=50_depth=3_lr=0.03_sub=1.0_col=1.0_l2=1.0_l1=0.0,xgboost,50,3,0.03,1.0,1.0,1.0,0.0,215,150.0,163,50 trees d=3,0.746479,0.487805,0.258674,0.084507,0.256911,0.172404
xgb_n=50_depth=3_lr=0.03_sub=1.0_col=1.0_l2=1.0_l1=0.1,xgboost,50,3,0.03,1.0,1.0,1.0,0.1,215,150.0,164,50 trees d=3,0.739437,0.471545,0.267892,0.08662,0.255285,0.168665
xgb_n=50_depth=3_lr=0.03_sub=1.0_col=1.0_l2=5.0_l1=0.0,xgboost,50,3,0.03,1.0,1.0,5.0,0.0,215,150.0,165,50 trees d=3,0.75,0.495935,0.254065,0.083099,0.243902,0.160803
xgb_n=50_depth=3_lr=0.03_sub=1.0_col=1.0_l2=5.0_l1=0.1,xgboost,50,3,0.03,1.0,1.0,5.0,0.1,215,150.0,166,50 trees d=3,0.762324,0.504065,0.258259,0.077465,0.24065,0.163185
xgb_n=50_depth=3_lr=0.03_sub=1.0_col=1.0_l2=10.0_l1=0.0,xgboost,50,3,0.03,1.0,1.0,10.0,0.0,215,150.0,167,50 trees d=3,0.744718,0.447154,0.297564,0.085563,0.261789,0.176226
xgb_n=50_depth=3_lr=0.03_sub=1.0_col=1.0_l2=10.0_l1=0.1,xgboost,50,3,0.03,1.0,1.0,10.0,0.1,215,150.0,168,50 trees d=3,0.746479,0.479675,0.266804,0.083451,0.255285,0.171834
xgb_n=50_depth=3_lr=0.05_sub=0.8_col=0.8_l2=1.0_l1=0.0,xgboost,50,3,0.05,0.8,0.8,1.0,0.0,215,150.0,169,50 trees d=3,0.797535,0.471545,0.32599,0.057746,0.261789,0.204043
xgb_n=50_depth=3_lr=0.05_sub=0.8_col=0.8_l2=1.0_l1=0.1,xgboost,50,3,0.05,0.8,0.8,1.0,0.1,215,150.0,170,50 trees d=3,0.772887,0.528455,0.244432,0.066901,0.234146,0.167245
xgb_n=50_depth=3_lr=0.05_sub=0.8_col=0.8_l2=5.0_l1=0.0,xgboost,50,3,0.05,0.8,0.8,5.0,0.0,215,150.0,171,50 trees d=3,0.769366,0.479675,0.289691,0.065493,0.258537,0.193044
xgb_n=50_depth=3_lr=0.05_sub=0.8_col=0.8_l2=5.0_l1=0.1,xgboost,50,3,0.05,0.8,0.8,5.0,0.1,215,150.0,172,50 trees d=3,0.767606,0.463415,0.304191,0.065141,0.261789,0.196648
xgb_n=50_depth=3_lr=0.05_sub=0.8_col=0.8_l2=10.0_l1=0.0,xgboost,50,3,0.05,0.8,0.8,10.0,0.0,215,150.0,173,50 trees d=3,0.767606,0.463415,0.304191,0.067254,0.261789,0.194535
xgb_n=50_depth=3_lr=0.05_sub=0.8_col=0.8_l2=10.0_l1=0.1,xgboost,50,3,0.05,0.8,0.8,10.0,0.1,215,150.0,174,50 trees d=3,0.755282,0.455285,0.299997,0.074648,0.258537,0.183889
xgb_n=50_depth=3_lr=0.05_sub=0.8_col=1.0_l2=1.0_l1=0.0,xgboost,50,3,0.05,0.8,1.0,1.0,0.0,215,150.0,175,50 trees d=3,0.797535,0.479675,0.31786,0.058099,0.261789,0.20369
xgb_n=50_depth=3_lr=0.05_sub=0.8_col=1.0_l2=1.0_l1=0.1,xgboost,50,3,0.05,0.8,1.0,1.0,0.1,215,150.0,176,50 trees d=3,0.778169,0.447154,0.331015,0.064437,0.281301,0.216864
xgb_n=50_depth=3_lr=0.05_sub=0.8_col=1.0_l2=5.0_l1=0.0,xgboost,50,3,0.05,0.8,1.0,5.0,0.0,215,150.0,177,50 trees d=3,0.795775,0.528455,0.26732,0.06162,0.242276,0.180656
xgb_n=50_depth=3_lr=0.05_sub=0.8_col=1.0_l2=5.0_l1=0.1,xgboost,50,3,0.05,0.8,1.0,5.0,0.1,215,150.0,178,50 trees d=3,0.785211,0.447154,0.338057,0.064437,0.278049,0.213612
xgb_n=50_depth=3_lr=0.05_sub=0.8_col=1.0_l2=10.0_l1=0.0,xgboost,50,3,0.05,0.8,1.0,10.0,0.0,215,150.0,179,50 trees d=3,0.77993,0.447154,0.332776,0.065141,0.274797,0.209656
xgb_n=50_depth=3_lr=0.05_sub=0.8_col=1.0_l2=10.0_l1=0.1,xgboost,50,3,0.05,0.8,1.0,10.0,0.1,215,150.0,180,50 trees d=3,0.77993,0.504065,0.275865,0.065845,0.24878,0.182935
xgb_n=50_depth=3_lr=0.05_sub=1.0_col=0.8_l2=1.0_l1=0.0,xgboost,50,3,0.05,1.0,0.8,1.0,0.0,215,150.0,181,50 trees d=3,0.795775,0.487805,0.30797,0.058099,0.247154,0.189055
xgb_n=50_depth=3_lr=0.05_sub=1.0_col=0.8_l2=1.0_l1=0.1,xgboost,50,3,0.05,1.0,0.8,1.0,0.1,215,150.0,182,50 trees d=3,0.778169,0.495935,0.282234,0.064437,0.255285,0.190848
xgb_n=50_depth=3_lr=0.05_sub=1.0_col=0.8_l2=5.0_l1=0.0,xgboost,50,3,0.05,1.0,0.8,5.0,0.0,215,150.0,183,50 trees d=3,0.765845,0.487805,0.27804,0.069014,0.256911,0.187897
xgb_n=50_depth=3_lr=0.05_sub=1.0_col=0.8_l2=5.0_l1=0.1,xgboost,50,3,0.05,1.0,0.8,5.0,0.1,215,150.0,184,50 trees d=3,0.78169,0.479675,0.302015,0.063732,0.252033,0.188301
xgb_n=50_depth=3_lr=0.05_sub=1.0_col=0.8_l2=10.0_l1=0.0,xgboost,50,3,0.05,1.0,0.8,10.0,0.0,215,150.0,185,50 trees d=3,0.765845,0.552846,0.212999,0.068662,0.21626,0.147598
xgb_n=50_depth=3_lr=0.05_sub=1.0_col=0.8_l2=10.0_l1=0.1,xgboost,50,3,0.05,1.0,0.8,10.0,0.1,215,150.0,186,50 trees d=3,0.772887,0.512195,0.260692,0.070775,0.24065,0.169875
xgb_n=50_depth=3_lr=0.05_sub=1.0_col=1.0_l2=1.0_l1=0.0,xgboost,50,3,0.05,1.0,1.0,1.0,0.0,215,150.0,187,50 trees d=3,0.799296,0.487805,0.311491,0.057394,0.247154,0.18976
xgb_n=50_depth=3_lr=0.05_sub=1.0_col=1.0_l2=1.0_l1=0.1,xgboost,50,3,0.05,1.0,1.0,1.0,0.1,215,150.0,188,50 trees d=3,0.790493,0.504065,0.286428,0.058803,0.24065,0.181847
xgb_n=50_depth=3_lr=0.05_sub=1.0_col=1.0_l2=5.0_l1=0.0,xgboost,50,3,0.05,1.0,1.0,5.0,0.0,215,150.0,189,50 trees d=3,0.785211,0.528455,0.256756,0.062324,0.229268,0.166944
xgb_n=50_depth=3_lr=0.05_sub=1.0_col=1.0_l2=5.0_l1=0.1,xgboost,50,3,0.05,1.0,1.0,5.0,0.1,215,150.0,190,50 trees d=3,0.776408,0.487805,0.288603,0.067254,0.250407,0.183153
xgb_n=50_depth=3_lr=0.05_sub=1.0_col=1.0_l2=10.0_l1=0.0,xgboost,50,3,0.05,1.0,1.0,10.0,0.0,215,150.0,191,50 trees d=3,0.778169,0.528455,0.249714,0.066901,0.234146,0.167245
xgb_n=50_depth=3_lr=0.05_sub=1.0_col=1.0_l2=10.0_l1=0.1,xgboost,50,3,0.05,1.0,1.0,10.0,0.1,215,150.0,192,50 trees d=3,0.788732,0.487805,0.300927,0.064085,0.256911,0.192826
xgb_n=50_depth=3_lr=0.1_sub=0.8_col=0.8_l2=1.0_l1=0.0,xgboost,50,3,0.1,0.8,0.8,1.0,0.0,215,150.0,193,50 trees d=3,0.841549,0.463415,0.378134,0.042254,0.273171,0.230917
xgb_n=50_depth=3_lr=0.1_sub=0.8_col=0.8_l2=1.0_l1=0.1,xgboost,50,3,0.1,0.8,0.8,1.0,0.1,215,150.0,194,50 trees d=3,0.850352,0.487805,0.362547,0.038028,0.261789,0.223761
xgb_n=50_depth=3_lr=0.1_sub=0.8_col=0.8_l2=5.0_l1=0.0,xgboost,50,3,0.1,0.8,0.8,5.0,0.0,215,150.0,195,50 trees d=3,0.827465,0.414634,0.412831,0.044366,0.287805,0.243439
xgb_n=50_depth=3_lr=0.1_sub=0.8_col=0.8_l2=5.0_l1=0.1,xgboost,50,3,0.1,0.8,0.8,5.0,0.1,215,150.0,196,50 trees d=3,0.829225,0.406504,0.422721,0.044014,0.291057,0.247043
xgb_n=50_depth=3_lr=0.1_sub=0.8_col=0.8_l2=10.0_l1=0.0,xgboost,50,3,0.1,0.8,0.8,10.0,0.0,215,150.0,197,50 trees d=3,0.809859,0.455285,0.354574,0.052113,0.281301,0.229188
xgb_n=50_depth=3_lr=0.1_sub=0.8_col=0.8_l2=10.0_l1=0.1,xgboost,50,3,0.1,0.8,0.8,10.0,0.1,215,150.0,198,50 trees d=3,0.81338,0.504065,0.309315,0.050704,0.245528,0.194824
xgb_n=50_depth=3_lr=0.1_sub=0.8_col=1.0_l2=1.0_l1=0.0,xgboost,50,3,0.1,0.8,1.0,1.0,0.0,215,150.0,199,50 trees d=3,0.866197,0.479675,0.386522,0.035211,0.261789,0.226578
xgb_n=50_depth=3_lr=0.1_sub=0.8_col=1.0_l2=1.0_l1=0.1,xgboost,50,3,0.1,0.8,1.0,1.0,0.1,215,150.0,200,50 trees d=3,0.839789,0.430894,0.408895,0.043662,0.286179,0.242517
xgb_n=50_depth=3_lr=0.1_sub=0.8_col=1.0_l2=5.0_l1=0.0,xgboost,50,3,0.1,0.8,1.0,5.0,0.0,215,150.0,201,50 trees d=3,0.827465,0.471545,0.35592,0.041197,0.260163,0.218966
xgb_n=50_depth=3_lr=0.1_sub=0.8_col=1.0_l2=5.0_l1=0.1,xgboost,50,3,0.1,0.8,1.0,5.0,0.1,215,150.0,202,50 trees d=3,0.829225,0.447154,0.382071,0.045775,0.263415,0.21764
xgb_n=50_depth=3_lr=0.1_sub=0.8_col=1.0_l2=10.0_l1=0.0,xgboost,50,3,0.1,0.8,1.0,10.0,0.0,215,150.0,203,50 trees d=3,0.808099,0.479675,0.328424,0.05493,0.266667,0.211737
xgb_n=50_depth=3_lr=0.1_sub=0.8_col=1.0_l2=10.0_l1=0.1,xgboost,50,3,0.1,0.8,1.0,10.0,0.1,215,150.0,204,50 trees d=3,0.820423,0.406504,0.413919,0.046127,0.310569,0.264442
xgb_n=50_depth=3_lr=0.1_sub=1.0_col=0.8_l2=1.0_l1=0.0,xgboost,50,3,0.1,1.0,0.8,1.0,0.0,215,150.0,205,50 trees d=3,0.830986,0.528455,0.302531,0.045775,0.23252,0.186745
xgb_n=50_depth=3_lr=0.1_sub=1.0_col=0.8_l2=1.0_l1=0.1,xgboost,50,3,0.1,1.0,0.8,1.0,0.1,215,150.0,206,50 trees d=3,0.853873,0.487805,0.366068,0.038028,0.256911,0.218883
xgb_n=50_depth=3_lr=0.1_sub=1.0_col=0.8_l2=5.0_l1=0.0,xgboost,50,3,0.1,1.0,0.8,5.0,0.0,215,150.0,207,50 trees d=3,0.838028,0.536585,0.301443,0.043662,0.222764,0.179102
xgb_n=50_depth=3_lr=0.1_sub=1.0_col=0.8_l2=5.0_l1=0.1,xgboost,50,3,0.1,1.0,0.8,5.0,0.1,215,150.0,208,50 trees d=3,0.827465,0.504065,0.3234,0.04507,0.235772,0.190702
xgb_n=50_depth=3_lr=0.1_sub=1.0_col=0.8_l2=10.0_l1=0.0,xgboost,50,3,0.1,1.0,0.8,10.0,0.0,215,150.0,209,50 trees d=3,0.832746,0.479675,0.353071,0.04507,0.253659,0.208589
xgb_n=50_depth=3_lr=0.1_sub=1.0_col=0.8_l2=10.0_l1=0.1,xgboost,50,3,0.1,1.0,0.8,10.0,0.1,215,150.0,210,50 trees d=3,0.830986,0.552846,0.27814,0.045423,0.221138,0.175715
xgb_n=50_depth=3_lr=0.1_sub=1.0_col=1.0_l2=1.0_l1=0.0,xgboost,50,3,0.1,1.0,1.0,1.0,0.0,215,150.0,211,50 trees d=3,0.850352,0.536585,0.313767,0.039085,0.234146,0.195061
xgb_n=50_depth=3_lr=0.1_sub=1.0_col=1.0_l2=1.0_l1=0.1,xgboost,50,3,0.1,1.0,1.0,1.0,0.1,215,150.0,212,50 trees d=3,0.839789,0.495935,0.343854,0.041197,0.256911,0.215714
xgb_n=50_depth=3_lr=0.1_sub=1.0_col=1.0_l2=5.0_l1=0.0,xgboost,50,3,0.1,1.0,1.0,5.0,0.0,215,150.0,213,50 trees d=3,0.834507,0.504065,0.330442,0.043662,0.252033,0.208371
xgb_n=50_depth=3_lr=0.1_sub=1.0_col=1.0_l2=5.0_l1=0.1,xgboost,50,3,0.1,1.0,1.0,5.0,0.1,215,150.0,214,50 trees d=3,0.827465,0.528455,0.29901,0.044014,0.243902,0.199888
xgb_n=50_depth=3_lr=0.1_sub=1.0_col=1.0_l2=10.0_l1=0.0,xgboost,50,3,0.1,1.0,1.0,10.0,0.0,215,150.0,215,50 trees d=3,0.825704,0.520325,0.305379,0.045775,0.245528,0.199753
xgb_n=50_depth=3_lr=0.1_sub=1.0_col=1.0_l2=10.0_l1=0.1,xgboost,50,3,0.1,1.0,1.0,10.0,0.1,215,150.0,216,50 trees d=3,0.829225,0.479675,0.34955,0.044366,0.271545,0.227179
xgb_n=100_depth=1_lr=0.03_sub=0.8_col=0.8_l2=1.0_l1=0.0,xgboost,100,1,0.03,0.8,0.8,1.0,0.0,215,100.0,217,100 trees d=1,0.605634,0.504065,0.101569,0.167254,0.253659,0.086405
xgb_n=100_depth=1_lr=0.03_sub=0.8_col=0.8_l2=1.0_l1=0.1,xgboost,100,1,0.03,0.8,0.8,1.0,0.1,215,100.0,218,100 trees d=1,0.605634,0.495935,0.109699,0.166901,0.255285,0.088384
xgb_n=100_depth=1_lr=0.03_sub=0.8_col=0.8_l2=5.0_l1=0.0,xgboost,100,1,0.03,0.8,0.8,5.0,0.0,215,100.0,219,100 trees d=1,0.59507,0.479675,0.115395,0.171831,0.253659,0.081828
xgb_n=100_depth=1_lr=0.03_sub=0.8_col=0.8_l2=5.0_l1=0.1,xgboost,100,1,0.03,0.8,0.8,5.0,0.1,215,100.0,220,100 trees d=1,0.602113,0.479675,0.122438,0.168662,0.255285,0.086623
xgb_n=100_depth=1_lr=0.03_sub=0.8_col=0.8_l2=10.0_l1=0.0,xgboost,100,1,0.03,0.8,0.8,10.0,0.0,215,100.0,221,100 trees d=1,0.607394,0.471545,0.135849,0.166901,0.258537,0.091636
xgb_n=100_depth=1_lr=0.03_sub=0.8_col=0.8_l2=10.0_l1=0.1,xgboost,100,1,0.03,0.8,0.8,10.0,0.1,215,100.0,222,100 trees d=1,0.609155,0.479675,0.12948,0.167606,0.253659,0.086053
xgb_n=100_depth=1_lr=0.03_sub=0.8_col=1.0_l2=1.0_l1=0.0,xgboost,100,1,0.03,0.8,1.0,1.0,0.0,215,100.0,223,100 trees d=1,0.609155,0.471545,0.13761,0.167254,0.268293,0.101039
xgb_n=100_depth=1_lr=0.03_sub=0.8_col=1.0_l2=1.0_l1=0.1,xgboost,100,1,0.03,0.8,1.0,1.0,0.1,215,100.0,224,100 trees d=1,0.610915,0.479675,0.13124,0.165493,0.265041,0.099548
xgb_n=100_depth=1_lr=0.03_sub=0.8_col=1.0_l2=5.0_l1=0.0,xgboost,100,1,0.03,0.8,1.0,5.0,0.0,215,100.0,225,100 trees d=1,0.589789,0.463415,0.126374,0.173944,0.265041,0.091097
xgb_n=100_depth=1_lr=0.03_sub=0.8_col=1.0_l2=5.0_l1=0.1,xgboost,100,1,0.03,0.8,1.0,5.0,0.1,215,100.0,226,100 trees d=1,0.591549,0.463415,0.128134,0.176408,0.265041,0.088633
xgb_n=100_depth=1_lr=0.03_sub=0.8_col=1.0_l2=10.0_l1=0.0,xgboost,100,1,0.03,0.8,1.0,10.0,0.0,215,100.0,227,100 trees d=1,0.580986,0.463415,0.117571,0.180634,0.274797,0.094163
xgb_n=100_depth=1_lr=0.03_sub=0.8_col=1.0_l2=10.0_l1=0.1,xgboost,100,1,0.03,0.8,1.0,10.0,0.1,215,100.0,228,100 trees d=1,0.589789,0.463415,0.126374,0.176056,0.271545,0.095489
xgb_n=100_depth=1_lr=0.03_sub=1.0_col=0.8_l2=1.0_l1=0.0,xgboost,100,1,0.03,1.0,0.8,1.0,0.0,215,100.0,229,100 trees d=1,0.588028,0.487805,0.100223,0.180282,0.255285,0.075003
xgb_n=100_depth=1_lr=0.03_sub=1.0_col=0.8_l2=1.0_l1=0.1,xgboost,100,1,0.03,1.0,0.8,1.0,0.1,215,100.0,230,100 trees d=1,0.586268,0.479675,0.106593,0.180282,0.260163,0.079881
xgb_n=100_depth=1_lr=0.03_sub=1.0_col=0.8_l2=5.0_l1=0.0,xgboost,100,1,0.03,1.0,0.8,5.0,0.0,215,100.0,231,100 trees d=1,0.582746,0.479675,0.103071,0.185211,0.253659,0.068448
xgb_n=100_depth=1_lr=0.03_sub=1.0_col=0.8_l2=5.0_l1=0.1,xgboost,100,1,0.03,1.0,0.8,5.0,0.1,215,100.0,232,100 trees d=1,0.582746,0.487805,0.094941,0.185915,0.24878,0.062865
xgb_n=100_depth=1_lr=0.03_sub=1.0_col=0.8_l2=10.0_l1=0.0,xgboost,100,1,0.03,1.0,0.8,10.0,0.0,215,100.0,233,100 trees d=1,0.580986,0.487805,0.093181,0.182042,0.24878,0.066738
xgb_n=100_depth=1_lr=0.03_sub=1.0_col=0.8_l2=10.0_l1=0.1,xgboost,100,1,0.03,1.0,0.8,10.0,0.1,215,100.0,234,100 trees d=1,0.584507,0.479675,0.104832,0.180634,0.256911,0.076277
xgb_n=100_depth=1_lr=0.03_sub=1.0_col=1.0_l2=1.0_l1=0.0,xgboost,100,1,0.03,1.0,1.0,1.0,0.0,215,100.0,235,100 trees d=1,0.588028,0.487805,0.100223,0.180282,0.255285,0.075003
xgb_n=100_depth=1_lr=0.03_sub=1.0_col=1.0_l2=1.0_l1=0.1,xgboost,100,1,0.03,1.0,1.0,1.0,0.1,215,100.0,236,100 trees d=1,0.584507,0.479675,0.104832,0.181338,0.260163,0.078825
xgb_n=100_depth=1_lr=0.03_sub=1.0_col=1.0_l2=5.0_l1=0.0,xgboost,100,1,0.03,1.0,1.0,5.0,0.0,215,100.0,237,100 trees d=1,0.582746,0.479675,0.103071,0.186268,0.253659,0.067391
xgb_n=100_depth=1_lr=0.03_sub=1.0_col=1.0_l2=5.0_l1=0.1,xgboost,100,1,0.03,1.0,1.0,5.0,0.1,215,100.0,238,100 trees d=1,0.584507,0.487805,0.096702,0.183803,0.24878,0.064977
xgb_n=100_depth=1_lr=0.03_sub=1.0_col=1.0_l2=10.0_l1=0.0,xgboost,100,1,0.03,1.0,1.0,10.0,0.0,215,100.0,239,100 trees d=1,0.580986,0.487805,0.093181,0.183099,0.24878,0.065681
xgb_n=100_depth=1_lr=0.03_sub=1.0_col=1.0_l2=10.0_l1=0.1,xgboost,100,1,0.03,1.0,1.0,10.0,0.1,215,100.0,240,100 trees d=1,0.582746,0.479675,0.103071,0.181338,0.256911,0.075573
xgb_n=100_depth=1_lr=0.05_sub=0.8_col=0.8_l2=1.0_l1=0.0,xgboost,100,1,0.05,0.8,0.8,1.0,0.0,215,100.0,241,100 trees d=1,0.623239,0.495935,0.127304,0.151056,0.260163,0.109107
xgb_n=100_depth=1_lr=0.05_sub=0.8_col=0.8_l2=1.0_l1=0.1,xgboost,100,1,0.05,0.8,0.8,1.0,0.1,215,100.0,242,100 trees d=1,0.616197,0.487805,0.128392,0.153169,0.253659,0.10049
xgb_n=100_depth=1_lr=0.05_sub=0.8_col=0.8_l2=5.0_l1=0.0,xgboost,100,1,0.05,0.8,0.8,5.0,0.0,215,100.0,243,100 trees d=1,0.612676,0.504065,0.108611,0.151761,0.24065,0.088889
xgb_n=100_depth=1_lr=0.05_sub=0.8_col=0.8_l2=5.0_l1=0.1,xgboost,100,1,0.05,0.8,0.8,5.0,0.1,215,100.0,244,100 trees d=1,0.617958,0.512195,0.105763,0.150704,0.237398,0.086694
xgb_n=100_depth=1_lr=0.05_sub=0.8_col=0.8_l2=10.0_l1=0.0,xgboost,100,1,0.05,0.8,0.8,10.0,0.0,215,100.0,245,100 trees d=1,0.619718,0.487805,0.131913,0.154577,0.250407,0.09583
xgb_n=100_depth=1_lr=0.05_sub=0.8_col=0.8_l2=10.0_l1=0.1,xgboost,100,1,0.05,0.8,0.8,10.0,0.1,215,100.0,246,100 trees d=1,0.616197,0.487805,0.128392,0.153873,0.253659,0.099786
xgb_n=100_depth=1_lr=0.05_sub=0.8_col=1.0_l2=1.0_l1=0.0,xgboost,100,1,0.05,0.8,1.0,1.0,0.0,215,100.0,247,100 trees d=1,0.619718,0.471545,0.148173,0.154577,0.256911,0.102334
xgb_n=100_depth=1_lr=0.05_sub=0.8_col=1.0_l2=1.0_l1=0.1,xgboost,100,1,0.05,0.8,1.0,1.0,0.1,215,100.0,248,100 trees d=1,0.619718,0.495935,0.123783,0.152465,0.24878,0.096315
xgb_n=100_depth=1_lr=0.05_sub=0.8_col=1.0_l2=5.0_l1=0.0,xgboost,100,1,0.05,0.8,1.0,5.0,0.0,215,100.0,249,100 trees d=1,0.623239,0.487805,0.135434,0.153521,0.256911,0.10339
xgb_n=100_depth=1_lr=0.05_sub=0.8_col=1.0_l2=5.0_l1=0.1,xgboost,100,1,0.05,0.8,1.0,5.0,0.1,215,100.0,250,100 trees d=1,0.621479,0.471545,0.149934,0.150352,0.274797,0.124445
xgb_n=100_depth=1_lr=0.05_sub=0.8_col=1.0_l2=10.0_l1=0.0,xgboost,100,1,0.05,0.8,1.0,10.0,0.0,215,100.0,251,100 trees d=1,0.609155,0.504065,0.10509,0.158803,0.245528,0.086725
xgb_n=100_depth=1_lr=0.05_sub=0.8_col=1.0_l2=10.0_l1=0.1,xgboost,100,1,0.05,0.8,1.0,10.0,0.1,215,100.0,252,100 trees d=1,0.616197,0.504065,0.112132,0.156338,0.247154,0.090816
xgb_n=100_depth=1_lr=0.05_sub=1.0_col=0.8_l2=1.0_l1=0.0,xgboost,100,1,0.05,1.0,0.8,1.0,0.0,215,100.0,253,100 trees d=1,0.616197,0.455285,0.160912,0.160211,0.276423,0.116212
xgb_n=100_depth=1_lr=0.05_sub=1.0_col=0.8_l2=1.0_l1=0.1,xgboost,100,1,0.05,1.0,0.8,1.0,0.1,215,100.0,254,100 trees d=1,0.619718,0.447154,0.172564,0.159859,0.279675,0.119816
xgb_n=100_depth=1_lr=0.05_sub=1.0_col=0.8_l2=5.0_l1=0.0,xgboost,100,1,0.05,1.0,0.8,5.0,0.0,215,100.0,255,100 trees d=1,0.603873,0.463415,0.140458,0.166197,0.279675,0.113478
xgb_n=100_depth=1_lr=0.05_sub=1.0_col=0.8_l2=5.0_l1=0.1,xgboost,100,1,0.05,1.0,0.8,5.0,0.1,215,100.0,256,100 trees d=1,0.603873,0.487805,0.116068,0.166549,0.258537,0.091988
xgb_n=100_depth=1_lr=0.05_sub=1.0_col=0.8_l2=10.0_l1=0.0,xgboost,100,1,0.05,1.0,0.8,10.0,0.0,215,100.0,257,100 trees d=1,0.598592,0.479675,0.118917,0.173239,0.268293,0.095054
xgb_n=100_depth=1_lr=0.05_sub=1.0_col=0.8_l2=10.0_l1=0.1,xgboost,100,1,0.05,1.0,0.8,10.0,0.1,215,100.0,258,100 trees d=1,0.598592,0.479675,0.118917,0.171479,0.268293,0.096814
xgb_n=100_depth=1_lr=0.05_sub=1.0_col=1.0_l2=1.0_l1=0.0,xgboost,100,1,0.05,1.0,1.0,1.0,0.0,215,100.0,259,100 trees d=1,0.609155,0.463415,0.14574,0.164789,0.273171,0.108382
xgb_n=100_depth=1_lr=0.05_sub=1.0_col=1.0_l2=1.0_l1=0.1,xgboost,100,1,0.05,1.0,1.0,1.0,0.1,215,100.0,260,100 trees d=1,0.614437,0.463415,0.151022,0.161972,0.268293,0.106321
xgb_n=100_depth=1_lr=0.05_sub=1.0_col=1.0_l2=5.0_l1=0.0,xgboost,100,1,0.05,1.0,1.0,5.0,0.0,215,100.0,261,100 trees d=1,0.603873,0.471545,0.132328,0.164085,0.274797,0.110712
xgb_n=100_depth=1_lr=0.05_sub=1.0_col=1.0_l2=5.0_l1=0.1,xgboost,100,1,0.05,1.0,1.0,5.0,0.1,215,100.0,262,100 trees d=1,0.603873,0.487805,0.116068,0.166197,0.260163,0.093966
xgb_n=100_depth=1_lr=0.05_sub=1.0_col=1.0_l2=10.0_l1=0.0,xgboost,100,1,0.05,1.0,1.0,10.0,0.0,215,100.0,263,100 trees d=1,0.598592,0.471545,0.127047,0.172183,0.276423,0.10424
xgb_n=100_depth=1_lr=0.05_sub=1.0_col=1.0_l2=10.0_l1=0.1,xgboost,100,1,0.05,1.0,1.0,10.0,0.1,215,100.0,264,100 trees d=1,0.600352,0.479675,0.120677,0.169014,0.268293,0.099279
xgb_n=100_depth=1_lr=0.1_sub=0.8_col=0.8_l2=1.0_l1=0.0,xgboost,100,1,0.1,0.8,0.8,1.0,0.0,215,100.0,265,100 trees d=1,0.665493,0.495935,0.169558,0.124648,0.243902,0.119254
xgb_n=100_depth=1_lr=0.1_sub=0.8_col=0.8_l2=1.0_l1=0.1,xgboost,100,1,0.1,0.8,0.8,1.0,0.1,215,100.0,266,100 trees d=1,0.667254,0.512195,0.155059,0.126761,0.24065,0.113889
xgb_n=100_depth=1_lr=0.1_sub=0.8_col=0.8_l2=5.0_l1=0.0,xgboost,100,1,0.1,0.8,0.8,5.0,0.0,215,100.0,267,100 trees d=1,0.658451,0.495935,0.162516,0.12993,0.250407,0.120477
xgb_n=100_depth=1_lr=0.1_sub=0.8_col=0.8_l2=5.0_l1=0.1,xgboost,100,1,0.1,0.8,0.8,5.0,0.1,215,100.0,268,100 trees d=1,0.651408,0.504065,0.147343,0.133451,0.24065,0.107199
xgb_n=100_depth=1_lr=0.1_sub=0.8_col=0.8_l2=10.0_l1=0.0,xgboost,100,1,0.1,0.8,0.8,10.0,0.0,215,100.0,269,100 trees d=1,0.658451,0.471545,0.186906,0.126761,0.256911,0.13015
xgb_n=100_depth=1_lr=0.1_sub=0.8_col=0.8_l2=10.0_l1=0.1,xgboost,100,1,0.1,0.8,0.8,10.0,0.1,215,100.0,270,100 trees d=1,0.649648,0.504065,0.145583,0.132394,0.252033,0.119639
xgb_n=100_depth=1_lr=0.1_sub=0.8_col=1.0_l2=1.0_l1=0.0,xgboost,100,1,0.1,0.8,1.0,1.0,0.0,215,100.0,271,100 trees d=1,0.651408,0.520325,0.131083,0.135563,0.242276,0.106713
xgb_n=100_depth=1_lr=0.1_sub=0.8_col=1.0_l2=1.0_l1=0.1,xgboost,100,1,0.1,0.8,1.0,1.0,0.1,215,100.0,272,100 trees d=1,0.65669,0.504065,0.152625,0.134155,0.243902,0.109747
xgb_n=100_depth=1_lr=0.1_sub=0.8_col=1.0_l2=5.0_l1=0.0,xgboost,100,1,0.1,0.8,1.0,5.0,0.0,215,100.0,273,100 trees d=1,0.658451,0.487805,0.170646,0.128169,0.247154,0.118985
xgb_n=100_depth=1_lr=0.1_sub=0.8_col=1.0_l2=5.0_l1=0.1,xgboost,100,1,0.1,0.8,1.0,5.0,0.1,215,100.0,274,100 trees d=1,0.642606,0.471545,0.171061,0.133803,0.256911,0.123108
xgb_n=100_depth=1_lr=0.1_sub=0.8_col=1.0_l2=10.0_l1=0.0,xgboost,100,1,0.1,0.8,1.0,10.0,0.0,215,100.0,275,100 trees d=1,0.661972,0.495935,0.166037,0.127113,0.242276,0.115163
xgb_n=100_depth=1_lr=0.1_sub=0.8_col=1.0_l2=10.0_l1=0.1,xgboost,100,1,0.1,0.8,1.0,10.0,0.1,215,100.0,276,100 trees d=1,0.653169,0.463415,0.189754,0.131338,0.255285,0.123947
xgb_n=100_depth=1_lr=0.1_sub=1.0_col=0.8_l2=1.0_l1=0.0,xgboost,100,1,0.1,1.0,0.8,1.0,0.0,215,100.0,277,100 trees d=1,0.649648,0.455285,0.194363,0.134507,0.281301,0.146794
xgb_n=100_depth=1_lr=0.1_sub=1.0_col=0.8_l2=1.0_l1=0.1,xgboost,100,1,0.1,1.0,0.8,1.0,0.1,215,100.0,278,100 trees d=1,0.651408,0.471545,0.179863,0.134859,0.273171,0.138312
xgb_n=100_depth=1_lr=0.1_sub=1.0_col=0.8_l2=5.0_l1=0.0,xgboost,100,1,0.1,1.0,0.8,5.0,0.0,215,100.0,279,100 trees d=1,0.639085,0.495935,0.14315,0.142254,0.256911,0.114657
xgb_n=100_depth=1_lr=0.1_sub=1.0_col=0.8_l2=5.0_l1=0.1,xgboost,100,1,0.1,1.0,0.8,5.0,0.1,215,100.0,280,100 trees d=1,0.635563,0.495935,0.139628,0.144014,0.258537,0.114523
xgb_n=100_depth=1_lr=0.1_sub=1.0_col=0.8_l2=10.0_l1=0.0,xgboost,100,1,0.1,1.0,0.8,10.0,0.0,215,100.0,281,100 trees d=1,0.635563,0.495935,0.139628,0.141901,0.258537,0.116636
xgb_n=100_depth=1_lr=0.1_sub=1.0_col=0.8_l2=10.0_l1=0.1,xgboost,100,1,0.1,1.0,0.8,10.0,0.1,215,100.0,282,100 trees d=1,0.637324,0.495935,0.141389,0.142606,0.260163,0.117557
xgb_n=100_depth=1_lr=0.1_sub=1.0_col=1.0_l2=1.0_l1=0.0,xgboost,100,1,0.1,1.0,1.0,1.0,0.0,215,100.0,283,100 trees d=1,0.653169,0.495935,0.157234,0.13169,0.260163,0.128473
xgb_n=100_depth=1_lr=0.1_sub=1.0_col=1.0_l2=1.0_l1=0.1,xgboost,100,1,0.1,1.0,1.0,1.0,0.1,215,100.0,284,100 trees d=1,0.649648,0.471545,0.178103,0.134859,0.274797,0.139938
xgb_n=100_depth=1_lr=0.1_sub=1.0_col=1.0_l2=5.0_l1=0.0,xgboost,100,1,0.1,1.0,1.0,5.0,0.0,215,100.0,285,100 trees d=1,0.640845,0.504065,0.13678,0.139085,0.255285,0.1162
xgb_n=100_depth=1_lr=0.1_sub=1.0_col=1.0_l2=5.0_l1=0.1,xgboost,100,1,0.1,1.0,1.0,5.0,0.1,215,100.0,286,100 trees d=1,0.640845,0.512195,0.12865,0.141197,0.255285,0.114088
xgb_n=100_depth=1_lr=0.1_sub=1.0_col=1.0_l2=10.0_l1=0.0,xgboost,100,1,0.1,1.0,1.0,10.0,0.0,215,100.0,287,100 trees d=1,0.632042,0.495935,0.136107,0.144718,0.258537,0.113819
xgb_n=100_depth=1_lr=0.1_sub=1.0_col=1.0_l2=10.0_l1=0.1,xgboost,100,1,0.1,1.0,1.0,10.0,0.1,215,100.0,288,100 trees d=1,0.632042,0.495935,0.136107,0.143662,0.260163,0.116501
xgb_n=100_depth=2_lr=0.03_sub=0.8_col=0.8_l2=1.0_l1=0.0,xgboost,100,2,0.03,0.8,0.8,1.0,0.0,215,200.0,289,100 trees d=2,0.714789,0.528455,0.186334,0.100352,0.24878,0.148428
xgb_n=100_depth=2_lr=0.03_sub=0.8_col=0.8_l2=1.0_l1=0.1,xgboost,100,2,0.03,0.8,0.8,1.0,0.1,215,200.0,290,100 trees d=2,0.713028,0.528455,0.184573,0.100704,0.255285,0.154581
xgb_n=100_depth=2_lr=0.03_sub=0.8_col=0.8_l2=5.0_l1=0.0,xgboost,100,2,0.03,0.8,0.8,5.0,0.0,215,200.0,291,100 trees d=2,0.698944,0.528455,0.170489,0.104577,0.250407,0.14583
xgb_n=100_depth=2_lr=0.03_sub=0.8_col=0.8_l2=5.0_l1=0.1,xgboost,100,2,0.03,0.8,0.8,5.0,0.1,215,200.0,292,100 trees d=2,0.707746,0.536585,0.171161,0.101056,0.245528,0.144472
xgb_n=100_depth=2_lr=0.03_sub=0.8_col=0.8_l2=10.0_l1=0.0,xgboost,100,2,0.03,0.8,0.8,10.0,0.0,215,200.0,293,100 trees d=2,0.700704,0.495935,0.204769,0.104225,0.253659,0.149434
xgb_n=100_depth=2_lr=0.03_sub=0.8_col=0.8_l2=10.0_l1=0.1,xgboost,100,2,0.03,0.8,0.8,10.0,0.1,215,200.0,294,100 trees d=2,0.691901,0.487805,0.204096,0.107746,0.258537,0.150791
xgb_n=100_depth=2_lr=0.03_sub=0.8_col=1.0_l2=1.0_l1=0.0,xgboost,100,2,0.03,0.8,1.0,1.0,0.0,215,200.0,295,100 trees d=2,0.707746,0.512195,0.195551,0.104577,0.245528,0.140951
xgb_n=100_depth=2_lr=0.03_sub=0.8_col=1.0_l2=1.0_l1=0.1,xgboost,100,2,0.03,0.8,1.0,1.0,0.1,215,200.0,296,100 trees d=2,0.714789,0.495935,0.218854,0.097183,0.256911,0.159728
xgb_n=100_depth=2_lr=0.03_sub=0.8_col=1.0_l2=5.0_l1=0.0,xgboost,100,2,0.03,0.8,1.0,5.0,0.0,215,200.0,297,100 trees d=2,0.697183,0.544715,0.152468,0.10493,0.242276,0.137346
xgb_n=100_depth=2_lr=0.03_sub=0.8_col=1.0_l2=5.0_l1=0.1,xgboost,100,2,0.03,0.8,1.0,5.0,0.1,215,200.0,298,100 trees d=2,0.702465,0.512195,0.19027,0.102113,0.253659,0.151546
xgb_n=100_depth=2_lr=0.03_sub=0.8_col=1.0_l2=10.0_l1=0.0,xgboost,100,2,0.03,0.8,1.0,10.0,0.0,215,200.0,299,100 trees d=2,0.704225,0.512195,0.19203,0.102817,0.252033,0.149216
xgb_n=100_depth=2_lr=0.03_sub=0.8_col=1.0_l2=10.0_l1=0.1,xgboost,100,2,0.03,0.8,1.0,10.0,0.1,215,200.0,300,100 trees d=2,0.695423,0.528455,0.166968,0.106338,0.24065,0.134312
xgb_n=100_depth=2_lr=0.03_sub=1.0_col=0.8_l2=1.0_l1=0.0,xgboost,100,2,0.03,1.0,0.8,1.0,0.0,215,200.0,301,100 trees d=2,0.68838,0.495935,0.192445,0.110563,0.261789,0.151226
xgb_n=100_depth=2_lr=0.03_sub=1.0_col=0.8_l2=1.0_l1=0.1,xgboost,100,2,0.03,1.0,0.8,1.0,0.1,215,200.0,302,100 trees d=2,0.690141,0.479675,0.210466,0.111268,0.271545,0.160277
xgb_n=100_depth=2_lr=0.03_sub=1.0_col=0.8_l2=5.0_l1=0.0,xgboost,100,2,0.03,1.0,0.8,5.0,0.0,215,200.0,303,100 trees d=2,0.679577,0.512195,0.167382,0.113732,0.256911,0.143179
xgb_n=100_depth=2_lr=0.03_sub=1.0_col=0.8_l2=5.0_l1=0.1,xgboost,100,2,0.03,1.0,0.8,5.0,0.1,215,200.0,304,100 trees d=2,0.667254,0.479675,0.187579,0.119718,0.266667,0.146949
xgb_n=100_depth=2_lr=0.03_sub=1.0_col=0.8_l2=10.0_l1=0.0,xgboost,100,2,0.03,1.0,0.8,10.0,0.0,215,200.0,305,100 trees d=2,0.677817,0.487805,0.190012,0.115845,0.258537,0.142692
xgb_n=100_depth=2_lr=0.03_sub=1.0_col=0.8_l2=10.0_l1=0.1,xgboost,100,2,0.03,1.0,0.8,10.0,0.1,215,200.0,306,100 trees d=2,0.677817,0.495935,0.181882,0.11338,0.24878,0.1354
xgb_n=100_depth=2_lr=0.03_sub=1.0_col=1.0_l2=1.0_l1=0.0,xgboost,100,2,0.03,1.0,1.0,1.0,0.0,215,200.0,307,100 trees d=2,0.691901,0.512195,0.179706,0.107394,0.253659,0.146265
xgb_n=100_depth=2_lr=0.03_sub=1.0_col=1.0_l2=1.0_l1=0.1,xgboost,100,2,0.03,1.0,1.0,1.0,0.1,215,200.0,308,100 trees d=2,0.693662,0.471545,0.222117,0.109155,0.266667,0.157512
xgb_n=100_depth=2_lr=0.03_sub=1.0_col=1.0_l2=5.0_l1=0.0,xgboost,100,2,0.03,1.0,1.0,5.0,0.0,215,200.0,309,100 trees d=2,0.674296,0.471545,0.202751,0.114437,0.271545,0.157108
xgb_n=100_depth=2_lr=0.03_sub=1.0_col=1.0_l2=5.0_l1=0.1,xgboost,100,2,0.03,1.0,1.0,5.0,0.1,215,200.0,310,100 trees d=2,0.676056,0.479675,0.196381,0.116197,0.263415,0.147218
xgb_n=100_depth=2_lr=0.03_sub=1.0_col=1.0_l2=10.0_l1=0.0,xgboost,100,2,0.03,1.0,1.0,10.0,0.0,215,200.0,311,100 trees d=2,0.674296,0.471545,0.202751,0.116901,0.256911,0.14001
xgb_n=100_depth=2_lr=0.03_sub=1.0_col=1.0_l2=10.0_l1=0.1,xgboost,100,2,0.03,1.0,1.0,10.0,0.1,215,200.0,312,100 trees d=2,0.669014,0.479675,0.189339,0.116549,0.260163,0.143614
xgb_n=100_depth=2_lr=0.05_sub=0.8_col=0.8_l2=1.0_l1=0.0,xgboost,100,2,0.05,0.8,0.8,1.0,0.0,215,200.0,313,100 trees d=2,0.748239,0.520325,0.227914,0.080282,0.24065,0.160368
xgb_n=100_depth=2_lr=0.05_sub=0.8_col=0.8_l2=1.0_l1=0.1,xgboost,100,2,0.05,0.8,0.8,1.0,0.1,215,200.0,314,100 trees d=2,0.75,0.512195,0.237805,0.077817,0.250407,0.17259
xgb_n=100_depth=2_lr=0.05_sub=0.8_col=0.8_l2=5.0_l1=0.0,xgboost,100,2,0.05,0.8,0.8,5.0,0.0,215,200.0,315,100 trees d=2,0.748239,0.512195,0.236044,0.079225,0.24878,0.169555
xgb_n=100_depth=2_lr=0.05_sub=0.8_col=0.8_l2=5.0_l1=0.1,xgboost,100,2,0.05,0.8,0.8,5.0,0.1,215,200.0,316,100 trees d=2,0.748239,0.504065,0.244174,0.080986,0.24878,0.167794
xgb_n=100_depth=2_lr=0.05_sub=0.8_col=0.8_l2=10.0_l1=0.0,xgboost,100,2,0.05,0.8,0.8,10.0,0.0,215,200.0,317,100 trees d=2,0.725352,0.504065,0.221287,0.089085,0.24878,0.159695
xgb_n=100_depth=2_lr=0.05_sub=0.8_col=0.8_l2=10.0_l1=0.1,xgboost,100,2,0.05,0.8,0.8,10.0,0.1,215,200.0,318,100 trees d=2,0.711268,0.520325,0.190943,0.095775,0.242276,0.146501
xgb_n=100_depth=2_lr=0.05_sub=0.8_col=1.0_l2=1.0_l1=0.0,xgboost,100,2,0.05,0.8,1.0,1.0,0.0,215,200.0,319,100 trees d=2,0.746479,0.504065,0.242414,0.079225,0.250407,0.171182
xgb_n=100_depth=2_lr=0.05_sub=0.8_col=1.0_l2=1.0_l1=0.1,xgboost,100,2,0.05,0.8,1.0,1.0,0.1,215,200.0,320,100 trees d=2,0.753521,0.495935,0.257586,0.076761,0.256911,0.18015
xgb_n=100_depth=2_lr=0.05_sub=0.8_col=1.0_l2=5.0_l1=0.0,xgboost,100,2,0.05,0.8,1.0,5.0,0.0,215,200.0,321,100 trees d=2,0.741197,0.520325,0.220872,0.078521,0.242276,0.163755
xgb_n=100_depth=2_lr=0.05_sub=0.8_col=1.0_l2=5.0_l1=0.1,xgboost,100,2,0.05,0.8,1.0,5.0,0.1,215,200.0,322,100 trees d=2,0.72007,0.520325,0.199745,0.090845,0.239024,0.148179
xgb_n=100_depth=2_lr=0.05_sub=0.8_col=1.0_l2=10.0_l1=0.0,xgboost,100,2,0.05,0.8,1.0,10.0,0.0,215,200.0,323,100 trees d=2,0.734155,0.495935,0.23822,0.085563,0.253659,0.168096
xgb_n=100_depth=2_lr=0.05_sub=0.8_col=1.0_l2=10.0_l1=0.1,xgboost,100,2,0.05,0.8,1.0,10.0,0.1,215,200.0,324,100 trees d=2,0.735915,0.495935,0.23998,0.085211,0.258537,0.173326
xgb_n=100_depth=2_lr=0.05_sub=1.0_col=0.8_l2=1.0_l1=0.0,xgboost,100,2,0.05,1.0,0.8,1.0,0.0,215,200.0,325,100 trees d=2,0.739437,0.504065,0.235372,0.082746,0.243902,0.161156
xgb_n=100_depth=2_lr=0.05_sub=1.0_col=0.8_l2=1.0_l1=0.1,xgboost,100,2,0.05,1.0,0.8,1.0,0.1,215,200.0,326,100 trees d=2,0.734155,0.487805,0.24635,0.087324,0.253659,0.166335
xgb_n=100_depth=2_lr=0.05_sub=1.0_col=0.8_l2=5.0_l1=0.0,xgboost,100,2,0.05,1.0,0.8,5.0,0.0,215,200.0,327,100 trees d=2,0.728873,0.520325,0.208548,0.085211,0.24878,0.163569
xgb_n=100_depth=2_lr=0.05_sub=1.0_col=0.8_l2=5.0_l1=0.1,xgboost,100,2,0.05,1.0,0.8,5.0,0.1,215,200.0,328,100 trees d=2,0.721831,0.487805,0.234026,0.088028,0.255285,0.167257
xgb_n=100_depth=2_lr=0.05_sub=1.0_col=0.8_l2=10.0_l1=0.0,xgboost,100,2,0.05,1.0,0.8,10.0,0.0,215,200.0,329,100 trees d=2,0.711268,0.512195,0.199073,0.096127,0.250407,0.15428
xgb_n=100_depth=2_lr=0.05_sub=1.0_col=0.8_l2=10.0_l1=0.1,xgboost,100,2,0.05,1.0,0.8,10.0,0.1,215,200.0,330,100 trees d=2,0.711268,0.512195,0.199073,0.094366,0.245528,0.151162
xgb_n=100_depth=2_lr=0.05_sub=1.0_col=1.0_l2=1.0_l1=0.0,xgboost,100,2,0.05,1.0,1.0,1.0,0.0,215,200.0,331,100 trees d=2,0.735915,0.544715,0.1912,0.085211,0.237398,0.152187
xgb_n=100_depth=2_lr=0.05_sub=1.0_col=1.0_l2=1.0_l1=0.1,xgboost,100,2,0.05,1.0,1.0,1.0,0.1,215,200.0,332,100 trees d=2,0.744718,0.544715,0.200003,0.082394,0.237398,0.155004
xgb_n=100_depth=2_lr=0.05_sub=1.0_col=1.0_l2=5.0_l1=0.0,xgboost,100,2,0.05,1.0,1.0,5.0,0.0,215,200.0,333,100 trees d=2,0.723592,0.479675,0.243917,0.090493,0.263415,0.172922
xgb_n=100_depth=2_lr=0.05_sub=1.0_col=1.0_l2=5.0_l1=0.1,xgboost,100,2,0.05,1.0,1.0,5.0,0.1,215,200.0,334,100 trees d=2,0.711268,0.504065,0.207203,0.092958,0.255285,0.162327
xgb_n=100_depth=2_lr=0.05_sub=1.0_col=1.0_l2=10.0_l1=0.0,xgboost,100,2,0.05,1.0,1.0,10.0,0.0,215,200.0,335,100 trees d=2,0.707746,0.504065,0.203681,0.095775,0.250407,0.154632
xgb_n=100_depth=2_lr=0.05_sub=1.0_col=1.0_l2=10.0_l1=0.1,xgboost,100,2,0.05,1.0,1.0,10.0,0.1,215,200.0,336,100 trees d=2,0.707746,0.471545,0.236201,0.097183,0.255285,0.158102
xgb_n=100_depth=2_lr=0.1_sub=0.8_col=0.8_l2=1.0_l1=0.0,xgboost,100,2,0.1,0.8,0.8,1.0,0.0,215,200.0,337,100 trees d=2,0.820423,0.455285,0.365138,0.052113,0.289431,0.237318
xgb_n=100_depth=2_lr=0.1_sub=0.8_col=0.8_l2=1.0_l1=0.1,xgboost,100,2,0.1,0.8,0.8,1.0,0.1,215,200.0,338,100 trees d=2,0.818662,0.479675,0.338987,0.054225,0.269919,0.215694
xgb_n=100_depth=2_lr=0.1_sub=0.8_col=0.8_l2=5.0_l1=0.0,xgboost,100,2,0.1,0.8,0.8,5.0,0.0,215,200.0,339,100 trees d=2,0.799296,0.487805,0.311491,0.054577,0.260163,0.205586
xgb_n=100_depth=2_lr=0.1_sub=0.8_col=0.8_l2=5.0_l1=0.1,xgboost,100,2,0.1,0.8,0.8,5.0,0.1,215,200.0,340,100 trees d=2,0.799296,0.471545,0.327751,0.05493,0.256911,0.201981
xgb_n=100_depth=2_lr=0.1_sub=0.8_col=0.8_l2=10.0_l1=0.0,xgboost,100,2,0.1,0.8,0.8,10.0,0.0,215,200.0,341,100 trees d=2,0.774648,0.471545,0.303103,0.063028,0.256911,0.193883
xgb_n=100_depth=2_lr=0.1_sub=0.8_col=0.8_l2=10.0_l1=0.1,xgboost,100,2,0.1,0.8,0.8,10.0,0.1,215,200.0,342,100 trees d=2,0.772887,0.479675,0.293212,0.066197,0.269919,0.203722
xgb_n=100_depth=2_lr=0.1_sub=0.8_col=1.0_l2=1.0_l1=0.0,xgboost,100,2,0.1,0.8,1.0,1.0,0.0,215,200.0,343,100 trees d=2,0.81338,0.455285,0.358095,0.053873,0.278049,0.224176
xgb_n=100_depth=2_lr=0.1_sub=0.8_col=1.0_l2=1.0_l1=0.1,xgboost,100,2,0.1,0.8,1.0,1.0,0.1,215,200.0,344,100 trees d=2,0.804577,0.463415,0.341162,0.055282,0.276423,0.221141
xgb_n=100_depth=2_lr=0.1_sub=0.8_col=1.0_l2=5.0_l1=0.0,xgboost,100,2,0.1,0.8,1.0,5.0,0.0,215,200.0,345,100 trees d=2,0.799296,0.455285,0.344011,0.051408,0.266667,0.215259
xgb_n=100_depth=2_lr=0.1_sub=0.8_col=1.0_l2=5.0_l1=0.1,xgboost,100,2,0.1,0.8,1.0,5.0,0.1,215,200.0,346,100 trees d=2,0.792254,0.463415,0.328839,0.058451,0.273171,0.21472
xgb_n=100_depth=2_lr=0.1_sub=0.8_col=1.0_l2=10.0_l1=0.0,xgboost,100,2,0.1,0.8,1.0,10.0,0.0,215,200.0,347,100 trees d=2,0.772887,0.439024,0.333863,0.065845,0.279675,0.21383
xgb_n=100_depth=2_lr=0.1_sub=0.8_col=1.0_l2=10.0_l1=0.1,xgboost,100,2,0.1,0.8,1.0,10.0,0.1,215,200.0,348,100 trees d=2,0.783451,0.439024,0.344427,0.06162,0.291057,0.229437
xgb_n=100_depth=2_lr=0.1_sub=1.0_col=0.8_l2=1.0_l1=0.0,xgboost,100,2,0.1,1.0,0.8,1.0,0.0,215,200.0,349,100 trees d=2,0.792254,0.487805,0.304449,0.061972,0.260163,0.198191
xgb_n=100_depth=2_lr=0.1_sub=1.0_col=0.8_l2=1.0_l1=0.1,xgboost,100,2,0.1,1.0,0.8,1.0,0.1,215,200.0,350,100 trees d=2,0.790493,0.504065,0.286428,0.063028,0.24878,0.185752
xgb_n=100_depth=2_lr=0.1_sub=1.0_col=0.8_l2=5.0_l1=0.0,xgboost,100,2,0.1,1.0,0.8,5.0,0.0,215,200.0,351,100 trees d=2,0.778169,0.512195,0.265974,0.064085,0.253659,0.189574
xgb_n=100_depth=2_lr=0.1_sub=1.0_col=0.8_l2=5.0_l1=0.1,xgboost,100,2,0.1,1.0,0.8,5.0,0.1,215,200.0,352,100 trees d=2,0.786972,0.479675,0.307297,0.062324,0.266667,0.204343
xgb_n=100_depth=2_lr=0.1_sub=1.0_col=0.8_l2=10.0_l1=0.0,xgboost,100,2,0.1,1.0,0.8,10.0,0.0,215,200.0,353,100 trees d=2,0.77993,0.504065,0.275865,0.064437,0.261789,0.197352
xgb_n=100_depth=2_lr=0.1_sub=1.0_col=0.8_l2=10.0_l1=0.1,xgboost,100,2,0.1,1.0,0.8,10.0,0.1,215,200.0,354,100 trees d=2,0.785211,0.463415,0.321796,0.06162,0.279675,0.218055
xgb_n=100_depth=2_lr=0.1_sub=1.0_col=1.0_l2=1.0_l1=0.0,xgboost,100,2,0.1,1.0,1.0,1.0,0.0,215,200.0,355,100 trees d=2,0.792254,0.520325,0.271929,0.060915,0.24065,0.179735
xgb_n=100_depth=2_lr=0.1_sub=1.0_col=1.0_l2=1.0_l1=0.1,xgboost,100,2,0.1,1.0,1.0,1.0,0.1,215,200.0,356,100 trees d=2,0.815141,0.487805,0.327336,0.056338,0.243902,0.187564
xgb_n=100_depth=2_lr=0.1_sub=1.0_col=1.0_l2=5.0_l1=0.0,xgboost,100,2,0.1,1.0,1.0,5.0,0.0,215,200.0,357,100 trees d=2,0.78169,0.495935,0.285755,0.06162,0.256911,0.195291
xgb_n=100_depth=2_lr=0.1_sub=1.0_col=1.0_l2=5.0_l1=0.1,xgboost,100,2,0.1,1.0,1.0,5.0,0.1,215,200.0,358,100 trees d=2,0.786972,0.479675,0.307297,0.061268,0.260163,0.198895
xgb_n=100_depth=2_lr=0.1_sub=1.0_col=1.0_l2=10.0_l1=0.0,xgboost,100,2,0.1,1.0,1.0,10.0,0.0,215,200.0,359,100 trees d=2,0.78169,0.495935,0.285755,0.065845,0.245528,0.179683
xgb_n=100_depth=2_lr=0.1_sub=1.0_col=1.0_l2=10.0_l1=0.1,xgboost,100,2,0.1,1.0,1.0,10.0,0.1,215,200.0,360,100 trees d=2,0.783451,0.495935,0.287516,0.06162,0.255285,0.193665
xgb_n=100_depth=3_lr=0.03_sub=0.8_col=0.8_l2=1.0_l1=0.0,xgboost,100,3,0.03,0.8,0.8,1.0,0.0,215,300.0,361,100 trees d=3,0.809859,0.504065,0.305794,0.051056,0.255285,0.204229
xgb_n=100_depth=3_lr=0.03_sub=0.8_col=0.8_l2=1.0_l1=0.1,xgboost,100,3,0.03,0.8,0.8,1.0,0.1,215,300.0,362,100 trees d=3,0.809859,0.520325,0.289534,0.050704,0.245528,0.194824
xgb_n=100_depth=3_lr=0.03_sub=0.8_col=0.8_l2=5.0_l1=0.0,xgboost,100,3,0.03,0.8,0.8,5.0,0.0,215,300.0,363,100 trees d=3,0.799296,0.544715,0.254581,0.057042,0.234146,0.177104
xgb_n=100_depth=3_lr=0.03_sub=0.8_col=0.8_l2=5.0_l1=0.1,xgboost,100,3,0.03,0.8,0.8,5.0,0.1,215,300.0,364,100 trees d=3,0.795775,0.520325,0.27545,0.058099,0.256911,0.198812
xgb_n=100_depth=3_lr=0.03_sub=0.8_col=0.8_l2=10.0_l1=0.0,xgboost,100,3,0.03,0.8,0.8,10.0,0.0,215,300.0,365,100 trees d=3,0.801056,0.504065,0.296991,0.055986,0.253659,0.197673
xgb_n=100_depth=3_lr=0.03_sub=0.8_col=0.8_l2=10.0_l1=0.1,xgboost,100,3,0.03,0.8,0.8,10.0,0.1,215,300.0,366,100 trees d=3,0.794014,0.504065,0.289949,0.059507,0.253659,0.194152
xgb_n=100_depth=3_lr=0.03_sub=0.8_col=1.0_l2=1.0_l1=0.0,xgboost,100,3,0.03,0.8,1.0,1.0,0.0,215,300.0,367,100 trees d=3,0.818662,0.512195,0.306467,0.047535,0.250407,0.202872
xgb_n=100_depth=3_lr=0.03_sub=0.8_col=1.0_l2=1.0_l1=0.1,xgboost,100,3,0.03,0.8,1.0,1.0,0.1,215,300.0,368,100 trees d=3,0.802817,0.528455,0.274362,0.051408,0.242276,0.190868
xgb_n=100_depth=3_lr=0.03_sub=0.8_col=1.0_l2=5.0_l1=0.0,xgboost,100,3,0.03,0.8,1.0,5.0,0.0,215,300.0,369,100 trees d=3,0.818662,0.536585,0.282077,0.049648,0.243902,0.194254
xgb_n=100_depth=3_lr=0.03_sub=0.8_col=1.0_l2=5.0_l1=0.1,xgboost,100,3,0.03,0.8,1.0,5.0,0.1,215,300.0,370,100 trees d=3,0.81162,0.504065,0.307555,0.051408,0.245528,0.19412
xgb_n=100_depth=3_lr=0.03_sub=0.8_col=1.0_l2=10.0_l1=0.0,xgboost,100,3,0.03,0.8,1.0,10.0,0.0,215,300.0,371,100 trees d=3,0.806338,0.520325,0.286013,0.05669,0.247154,0.190464
xgb_n=100_depth=3_lr=0.03_sub=0.8_col=1.0_l2=10.0_l1=0.1,xgboost,100,3,0.03,0.8,1.0,10.0,0.1,215,300.0,372,100 trees d=3,0.816901,0.536585,0.280316,0.051761,0.239024,0.187263
xgb_n=100_depth=3_lr=0.03_sub=1.0_col=0.8_l2=1.0_l1=0.0,xgboost,100,3,0.03,1.0,0.8,1.0,0.0,215,300.0,373,100 trees d=3,0.808099,0.512195,0.295904,0.052113,0.247154,0.195041
xgb_n=100_depth=3_lr=0.03_sub=1.0_col=0.8_l2=1.0_l1=0.1,xgboost,100,3,0.03,1.0,0.8,1.0,0.1,215,300.0,374,100 trees d=3,0.802817,0.471545,0.331272,0.052465,0.261789,0.209324
xgb_n=100_depth=3_lr=0.03_sub=1.0_col=0.8_l2=5.0_l1=0.0,xgboost,100,3,0.03,1.0,0.8,5.0,0.0,215,300.0,375,100 trees d=3,0.795775,0.512195,0.28358,0.059155,0.24065,0.181495
xgb_n=100_depth=3_lr=0.03_sub=1.0_col=0.8_l2=5.0_l1=0.1,xgboost,100,3,0.03,1.0,0.8,5.0,0.1,215,300.0,376,100 trees d=3,0.799296,0.495935,0.303361,0.057394,0.250407,0.193013
xgb_n=100_depth=3_lr=0.03_sub=1.0_col=0.8_l2=10.0_l1=0.0,xgboost,100,3,0.03,1.0,0.8,10.0,0.0,215,300.0,377,100 trees d=3,0.802817,0.528455,0.274362,0.059155,0.235772,0.176617
xgb_n=100_depth=3_lr=0.03_sub=1.0_col=0.8_l2=10.0_l1=0.1,xgboost,100,3,0.03,1.0,0.8,10.0,0.1,215,300.0,378,100 trees d=3,0.790493,0.495935,0.294558,0.061972,0.24878,0.186808
xgb_n=100_depth=3_lr=0.03_sub=1.0_col=1.0_l2=1.0_l1=0.0,xgboost,100,3,0.03,1.0,1.0,1.0,0.0,215,300.0,379,100 trees d=3,0.81338,0.512195,0.301185,0.049296,0.237398,0.188102
xgb_n=100_depth=3_lr=0.03_sub=1.0_col=1.0_l2=1.0_l1=0.1,xgboost,100,3,0.03,1.0,1.0,1.0,0.1,215,300.0,380,100 trees d=3,0.808099,0.512195,0.295904,0.051056,0.239024,0.187968
xgb_n=100_depth=3_lr=0.03_sub=1.0_col=1.0_l2=5.0_l1=0.0,xgboost,100,3,0.03,1.0,1.0,5.0,0.0,215,300.0,381,100 trees d=3,0.795775,0.479675,0.3161,0.057394,0.252033,0.194639
xgb_n=100_depth=3_lr=0.03_sub=1.0_col=1.0_l2=5.0_l1=0.1,xgboost,100,3,0.03,1.0,1.0,5.0,0.1,215,300.0,382,100 trees d=3,0.801056,0.495935,0.305121,0.055282,0.255285,0.200003
xgb_n=100_depth=3_lr=0.03_sub=1.0_col=1.0_l2=10.0_l1=0.0,xgboost,100,3,0.03,1.0,1.0,10.0,0.0,215,300.0,383,100 trees d=3,0.792254,0.528455,0.263799,0.060563,0.234146,0.173583
xgb_n=100_depth=3_lr=0.03_sub=1.0_col=1.0_l2=10.0_l1=0.1,xgboost,100,3,0.03,1.0,1.0,10.0,0.1,215,300.0,384,100 trees d=3,0.794014,0.528455,0.265559,0.061268,0.23252,0.171252
xgb_n=100_depth=3_lr=0.05_sub=0.8_col=0.8_l2=1.0_l1=0.0,xgboost,100,3,0.05,0.8,0.8,1.0,0.0,215,300.0,385,100 trees d=3,0.855634,0.495935,0.359699,0.035211,0.247154,0.211943
xgb_n=100_depth=3_lr=0.05_sub=0.8_col=0.8_l2=1.0_l1=0.1,xgboost,100,3,0.05,0.8,0.8,1.0,0.1,215,300.0,386,100 trees d=3,0.846831,0.536585,0.310246,0.039437,0.239024,0.199587
xgb_n=100_depth=3_lr=0.05_sub=0.8_col=0.8_l2=5.0_l1=0.0,xgboost,100,3,0.05,0.8,0.8,5.0,0.0,215,300.0,387,100 trees d=3,0.841549,0.512195,0.329354,0.040141,0.256911,0.21677
xgb_n=100_depth=3_lr=0.05_sub=0.8_col=0.8_l2=5.0_l1=0.1,xgboost,100,3,0.05,0.8,0.8,5.0,0.1,215,300.0,388,100 trees d=3,0.838028,0.455285,0.382743,0.039789,0.274797,0.235008
xgb_n=100_depth=3_lr=0.05_sub=0.8_col=0.8_l2=10.0_l1=0.0,xgboost,100,3,0.05,0.8,0.8,10.0,0.0,215,300.0,389,100 trees d=3,0.823944,0.463415,0.360529,0.04507,0.281301,0.236231
xgb_n=100_depth=3_lr=0.05_sub=0.8_col=0.8_l2=10.0_l1=0.1,xgboost,100,3,0.05,0.8,0.8,10.0,0.1,215,300.0,390,100 trees d=3,0.832746,0.487805,0.344941,0.044366,0.255285,0.210919
xgb_n=100_depth=3_lr=0.05_sub=0.8_col=1.0_l2=1.0_l1=0.0,xgboost,100,3,0.05,0.8,1.0,1.0,0.0,215,300.0,391,100 trees d=3,0.862676,0.447154,0.415522,0.034507,0.286179,0.251672
xgb_n=100_depth=3_lr=0.05_sub=0.8_col=1.0_l2=1.0_l1=0.1,xgboost,100,3,0.05,0.8,1.0,1.0,0.1,215,300.0,392,100 trees d=3,0.855634,0.479675,0.375959,0.034859,0.278049,0.24319
xgb_n=100_depth=3_lr=0.05_sub=0.8_col=1.0_l2=5.0_l1=0.0,xgboost,100,3,0.05,0.8,1.0,5.0,0.0,215,300.0,393,100 trees d=3,0.864437,0.495935,0.368502,0.031338,0.266667,0.235329
xgb_n=100_depth=3_lr=0.05_sub=0.8_col=1.0_l2=5.0_l1=0.1,xgboost,100,3,0.05,0.8,1.0,5.0,0.1,215,300.0,394,100 trees d=3,0.853873,0.495935,0.357938,0.034859,0.258537,0.223678
xgb_n=100_depth=3_lr=0.05_sub=0.8_col=1.0_l2=10.0_l1=0.0,xgboost,100,3,0.05,0.8,1.0,10.0,0.0,215,300.0,395,100 trees d=3,0.84331,0.528455,0.314855,0.039085,0.24878,0.209695
xgb_n=100_depth=3_lr=0.05_sub=0.8_col=1.0_l2=10.0_l1=0.1,xgboost,100,3,0.05,0.8,1.0,10.0,0.1,215,300.0,396,100 trees d=3,0.838028,0.504065,0.333963,0.041901,0.256911,0.21501
xgb_n=100_depth=3_lr=0.05_sub=1.0_col=0.8_l2=1.0_l1=0.0,xgboost,100,3,0.05,1.0,0.8,1.0,0.0,215,300.0,397,100 trees d=3,0.850352,0.479675,0.370677,0.039437,0.256911,0.217474
xgb_n=100_depth=3_lr=0.05_sub=1.0_col=0.8_l2=1.0_l1=0.1,xgboost,100,3,0.05,1.0,0.8,1.0,0.1,215,300.0,398,100 trees d=3,0.838028,0.504065,0.333963,0.042606,0.245528,0.202922
xgb_n=100_depth=3_lr=0.05_sub=1.0_col=0.8_l2=5.0_l1=0.0,xgboost,100,3,0.05,1.0,0.8,5.0,0.0,215,300.0,399,100 trees d=3,0.830986,0.536585,0.294401,0.04507,0.24065,0.19558
xgb_n=100_depth=3_lr=0.05_sub=1.0_col=0.8_l2=5.0_l1=0.1,xgboost,100,3,0.05,1.0,0.8,5.0,0.1,215,300.0,400,100 trees d=3,0.832746,0.520325,0.312421,0.044366,0.242276,0.19791
xgb_n=100_depth=3_lr=0.05_sub=1.0_col=0.8_l2=10.0_l1=0.0,xgboost,100,3,0.05,1.0,0.8,10.0,0.0,215,300.0,401,100 trees d=3,0.815141,0.536585,0.278556,0.049296,0.226016,0.17672
xgb_n=100_depth=3_lr=0.05_sub=1.0_col=0.8_l2=10.0_l1=0.1,xgboost,100,3,0.05,1.0,0.8,10.0,0.1,215,300.0,402,100 trees d=3,0.825704,0.512195,0.313509,0.048239,0.24065,0.192411
xgb_n=100_depth=3_lr=0.05_sub=1.0_col=1.0_l2=1.0_l1=0.0,xgboost,100,3,0.05,1.0,1.0,1.0,0.0,215,300.0,403,100 trees d=3,0.834507,0.504065,0.330442,0.041549,0.237398,0.195849
xgb_n=100_depth=3_lr=0.05_sub=1.0_col=1.0_l2=1.0_l1=0.1,xgboost,100,3,0.05,1.0,1.0,1.0,0.1,215,300.0,404,100 trees d=3,0.859155,0.487805,0.37135,0.034859,0.24878,0.213921
xgb_n=100_depth=3_lr=0.05_sub=1.0_col=1.0_l2=5.0_l1=0.0,xgboost,100,3,0.05,1.0,1.0,5.0,0.0,215,300.0,405,100 trees d=3,0.839789,0.504065,0.335724,0.040845,0.247154,0.206309
xgb_n=100_depth=3_lr=0.05_sub=1.0_col=1.0_l2=5.0_l1=0.1,xgboost,100,3,0.05,1.0,1.0,5.0,0.1,215,300.0,406,100 trees d=3,0.830986,0.520325,0.310661,0.045423,0.247154,0.201731
xgb_n=100_depth=3_lr=0.05_sub=1.0_col=1.0_l2=10.0_l1=0.0,xgboost,100,3,0.05,1.0,1.0,10.0,0.0,215,300.0,407,100 trees d=3,0.822183,0.544715,0.277468,0.046831,0.22439,0.177559
xgb_n=100_depth=3_lr=0.05_sub=1.0_col=1.0_l2=10.0_l1=0.1,xgboost,100,3,0.05,1.0,1.0,10.0,0.1,215,300.0,408,100 trees d=3,0.829225,0.512195,0.31703,0.045775,0.245528,0.199753
xgb_n=100_depth=3_lr=0.1_sub=0.8_col=0.8_l2=1.0_l1=0.0,xgboost,100,3,0.1,0.8,0.8,1.0,0.0,215,300.0,409,100 trees d=3,0.919014,0.414634,0.50438,0.016901,0.278049,0.261148
xgb_n=100_depth=3_lr=0.1_sub=0.8_col=0.8_l2=1.0_l1=0.1,xgboost,100,3,0.1,0.8,0.8,1.0,0.1,215,300.0,410,100 trees d=3,0.917254,0.439024,0.47823,0.017254,0.282927,0.265673
xgb_n=100_depth=3_lr=0.1_sub=0.8_col=0.8_l2=5.0_l1=0.0,xgboost,100,3,0.1,0.8,0.8,5.0,0.0,215,300.0,411,100 trees d=3,0.917254,0.495935,0.421319,0.017606,0.268293,0.250687
xgb_n=100_depth=3_lr=0.1_sub=0.8_col=0.8_l2=5.0_l1=0.1,xgboost,100,3,0.1,0.8,0.8,5.0,0.1,215,300.0,412,100 trees d=3,0.911972,0.512195,0.399777,0.018662,0.256911,0.238249
xgb_n=100_depth=3_lr=0.1_sub=0.8_col=0.8_l2=10.0_l1=0.0,xgboost,100,3,0.1,0.8,0.8,10.0,0.0,215,300.0,413,100 trees d=3,0.901408,0.471545,0.429863,0.021831,0.258537,0.236706
xgb_n=100_depth=3_lr=0.1_sub=0.8_col=0.8_l2=10.0_l1=0.1,xgboost,100,3,0.1,0.8,0.8,10.0,0.1,215,300.0,414,100 trees d=3,0.901408,0.479675,0.421733,0.021479,0.245528,0.224049
xgb_n=100_depth=3_lr=0.1_sub=0.8_col=1.0_l2=1.0_l1=0.0,xgboost,100,3,0.1,0.8,1.0,1.0,0.0,215,300.0,415,100 trees d=3,0.913732,0.455285,0.458447,0.017958,0.273171,0.255213
xgb_n=100_depth=3_lr=0.1_sub=0.8_col=1.0_l2=1.0_l1=0.1,xgboost,100,3,0.1,0.8,1.0,1.0,0.1,215,300.0,416,100 trees d=3,0.922535,0.430894,0.491641,0.016197,0.287805,0.271608
xgb_n=100_depth=3_lr=0.1_sub=0.8_col=1.0_l2=5.0_l1=0.0,xgboost,100,3,0.1,0.8,1.0,5.0,0.0,215,300.0,417,100 trees d=3,0.917254,0.495935,0.421319,0.017606,0.260163,0.242557
xgb_n=100_depth=3_lr=0.1_sub=0.8_col=1.0_l2=5.0_l1=0.1,xgboost,100,3,0.1,0.8,1.0,5.0,0.1,215,300.0,418,100 trees d=3,0.908451,0.463415,0.445036,0.019366,0.274797,0.255431
xgb_n=100_depth=3_lr=0.1_sub=0.8_col=1.0_l2=10.0_l1=0.0,xgboost,100,3,0.1,0.8,1.0,10.0,0.0,215,300.0,419,100 trees d=3,0.897887,0.504065,0.393822,0.021479,0.258537,0.237058
xgb_n=100_depth=3_lr=0.1_sub=0.8_col=1.0_l2=10.0_l1=0.1,xgboost,100,3,0.1,0.8,1.0,10.0,0.1,215,300.0,420,100 trees d=3,0.913732,0.447154,0.466578,0.01831,0.279675,0.261365
xgb_n=100_depth=3_lr=0.1_sub=1.0_col=0.8_l2=1.0_l1=0.0,xgboost,100,3,0.1,1.0,0.8,1.0,0.0,215,300.0,421,100 trees d=3,0.917254,0.504065,0.413189,0.018662,0.247154,0.228492
xgb_n=100_depth=3_lr=0.1_sub=1.0_col=0.8_l2=1.0_l1=0.1,xgboost,100,3,0.1,1.0,0.8,1.0,0.1,215,300.0,422,100 trees d=3,0.922535,0.471545,0.45099,0.016901,0.253659,0.236758
xgb_n=100_depth=3_lr=0.1_sub=1.0_col=0.8_l2=5.0_l1=0.0,xgboost,100,3,0.1,1.0,0.8,5.0,0.0,215,300.0,423,100 trees d=3,0.910211,0.552846,0.357365,0.02007,0.201626,0.181556
xgb_n=100_depth=3_lr=0.1_sub=1.0_col=0.8_l2=5.0_l1=0.1,xgboost,100,3,0.1,1.0,0.8,5.0,0.1,215,300.0,424,100 trees d=3,0.901408,0.463415,0.437993,0.021127,0.258537,0.23741
xgb_n=100_depth=3_lr=0.1_sub=1.0_col=0.8_l2=10.0_l1=0.0,xgboost,100,3,0.1,1.0,0.8,10.0,0.0,215,300.0,425,100 trees d=3,0.890845,0.504065,0.38678,0.026056,0.256911,0.230855
xgb_n=100_depth=3_lr=0.1_sub=1.0_col=0.8_l2=10.0_l1=0.1,xgboost,100,3,0.1,1.0,0.8,10.0,0.1,215,300.0,426,100 trees d=3,0.887324,0.495935,0.391389,0.026056,0.250407,0.224351
xgb_n=100_depth=3_lr=0.1_sub=1.0_col=1.0_l2=1.0_l1=0.0,xgboost,100,3,0.1,1.0,1.0,1.0,0.0,215,300.0,427,100 trees d=3,0.908451,0.512195,0.396256,0.019718,0.23252,0.212802
xgb_n=100_depth=3_lr=0.1_sub=1.0_col=1.0_l2=1.0_l1=0.1,xgboost,100,3,0.1,1.0,1.0,1.0,0.1,215,300.0,428,100 trees d=3,0.910211,0.455285,0.454926,0.019366,0.266667,0.247301
xgb_n=100_depth=3_lr=0.1_sub=1.0_col=1.0_l2=5.0_l1=0.0,xgboost,100,3,0.1,1.0,1.0,5.0,0.0,215,300.0,429,100 trees d=3,0.908451,0.487805,0.420646,0.019014,0.255285,0.236271
xgb_n=100_depth=3_lr=0.1_sub=1.0_col=1.0_l2=5.0_l1=0.1,xgboost,100,3,0.1,1.0,1.0,5.0,0.1,215,300.0,430,100 trees d=3,0.901408,0.447154,0.454254,0.022887,0.279675,0.256788
xgb_n=100_depth=3_lr=0.1_sub=1.0_col=1.0_l2=10.0_l1=0.0,xgboost,100,3,0.1,1.0,1.0,10.0,0.0,215,300.0,431,100 trees d=3,0.890845,0.512195,0.37865,0.024648,0.242276,0.217628
xgb_n=100_depth=3_lr=0.1_sub=1.0_col=1.0_l2=10.0_l1=0.1,xgboost,100,3,0.1,1.0,1.0,10.0,0.1,215,300.0,432,100 trees d=3,0.887324,0.471545,0.415779,0.025704,0.276423,0.250719
xgb_n=200_depth=1_lr=0.03_sub=0.8_col=0.8_l2=1.0_l1=0.0,xgboost,200,1,0.03,0.8,0.8,1.0,0.0,215,200.0,433,200 trees d=1,0.635563,0.479675,0.155888,0.143662,0.258537,0.114875
xgb_n=200_depth=1_lr=0.03_sub=0.8_col=0.8_l2=1.0_l1=0.1,xgboost,200,1,0.03,0.8,0.8,1.0,0.1,215,200.0,434,200 trees d=1,0.635563,0.495935,0.139628,0.144014,0.247154,0.10314
xgb_n=200_depth=1_lr=0.03_sub=0.8_col=0.8_l2=5.0_l1=0.0,xgboost,200,1,0.03,0.8,0.8,5.0,0.0,215,200.0,435,200 trees d=1,0.617958,0.495935,0.122023,0.151408,0.253659,0.102251
xgb_n=200_depth=1_lr=0.03_sub=0.8_col=0.8_l2=5.0_l1=0.1,xgboost,200,1,0.03,0.8,0.8,5.0,0.1,215,200.0,436,200 trees d=1,0.623239,0.487805,0.135434,0.147887,0.253659,0.105772
xgb_n=200_depth=1_lr=0.03_sub=0.8_col=0.8_l2=10.0_l1=0.0,xgboost,200,1,0.03,0.8,0.8,10.0,0.0,215,200.0,437,200 trees d=1,0.628521,0.504065,0.124456,0.148592,0.245528,0.096936
xgb_n=200_depth=1_lr=0.03_sub=0.8_col=0.8_l2=10.0_l1=0.1,xgboost,200,1,0.03,0.8,0.8,10.0,0.1,215,200.0,438,200 trees d=1,0.616197,0.512195,0.104002,0.153873,0.239024,0.085151
xgb_n=200_depth=1_lr=0.03_sub=0.8_col=1.0_l2=1.0_l1=0.0,xgboost,200,1,0.03,0.8,1.0,1.0,0.0,215,200.0,439,200 trees d=1,0.628521,0.504065,0.124456,0.144366,0.243902,0.099536
xgb_n=200_depth=1_lr=0.03_sub=0.8_col=1.0_l2=1.0_l1=0.1,xgboost,200,1,0.03,0.8,1.0,1.0,0.1,215,200.0,440,200 trees d=1,0.621479,0.520325,0.101154,0.151761,0.237398,0.085637
xgb_n=200_depth=1_lr=0.03_sub=0.8_col=1.0_l2=5.0_l1=0.0,xgboost,200,1,0.03,0.8,1.0,5.0,0.0,215,200.0,441,200 trees d=1,0.633803,0.495935,0.137868,0.146831,0.252033,0.105202
xgb_n=200_depth=1_lr=0.03_sub=0.8_col=1.0_l2=5.0_l1=0.1,xgboost,200,1,0.03,0.8,1.0,5.0,0.1,215,200.0,442,200 trees d=1,0.633803,0.504065,0.129738,0.145423,0.247154,0.101731
xgb_n=200_depth=1_lr=0.03_sub=0.8_col=1.0_l2=10.0_l1=0.0,xgboost,200,1,0.03,0.8,1.0,10.0,0.0,215,200.0,443,200 trees d=1,0.621479,0.487805,0.133674,0.151408,0.255285,0.103877
xgb_n=200_depth=1_lr=0.03_sub=0.8_col=1.0_l2=10.0_l1=0.1,xgboost,200,1,0.03,0.8,1.0,10.0,0.1,215,200.0,444,200 trees d=1,0.617958,0.512195,0.105763,0.15493,0.247154,0.092224
xgb_n=200_depth=1_lr=0.03_sub=1.0_col=0.8_l2=1.0_l1=0.0,xgboost,200,1,0.03,1.0,0.8,1.0,0.0,215,200.0,445,200 trees d=1,0.630282,0.463415,0.166867,0.150704,0.274797,0.124093
xgb_n=200_depth=1_lr=0.03_sub=1.0_col=0.8_l2=1.0_l1=0.1,xgboost,200,1,0.03,1.0,0.8,1.0,0.1,215,200.0,446,200 trees d=1,0.619718,0.463415,0.156303,0.159155,0.276423,0.117268
xgb_n=200_depth=1_lr=0.03_sub=1.0_col=0.8_l2=5.0_l1=0.0,xgboost,200,1,0.03,1.0,0.8,5.0,0.0,215,200.0,447,200 trees d=1,0.605634,0.471545,0.134089,0.164789,0.271545,0.106756
xgb_n=200_depth=1_lr=0.03_sub=1.0_col=0.8_l2=5.0_l1=0.1,xgboost,200,1,0.03,1.0,0.8,5.0,0.1,215,200.0,448,200 trees d=1,0.609155,0.471545,0.13761,0.161972,0.268293,0.106321
xgb_n=200_depth=1_lr=0.03_sub=1.0_col=0.8_l2=10.0_l1=0.0,xgboost,200,1,0.03,1.0,0.8,10.0,0.0,215,200.0,449,200 trees d=1,0.609155,0.487805,0.12135,0.16162,0.263415,0.101795
xgb_n=200_depth=1_lr=0.03_sub=1.0_col=0.8_l2=10.0_l1=0.1,xgboost,200,1,0.03,1.0,0.8,10.0,0.1,215,200.0,450,200 trees d=1,0.605634,0.479675,0.125959,0.164437,0.265041,0.100604
xgb_n=200_depth=1_lr=0.03_sub=1.0_col=1.0_l2=1.0_l1=0.0,xgboost,200,1,0.03,1.0,1.0,1.0,0.0,215,200.0,451,200 trees d=1,0.630282,0.463415,0.166867,0.150352,0.274797,0.124445
xgb_n=200_depth=1_lr=0.03_sub=1.0_col=1.0_l2=1.0_l1=0.1,xgboost,200,1,0.03,1.0,1.0,1.0,0.1,215,200.0,452,200 trees d=1,0.621479,0.455285,0.166194,0.155986,0.278049,0.122063
xgb_n=200_depth=1_lr=0.03_sub=1.0_col=1.0_l2=5.0_l1=0.0,xgboost,200,1,0.03,1.0,1.0,5.0,0.0,215,200.0,453,200 trees d=1,0.605634,0.471545,0.134089,0.165141,0.271545,0.106404
xgb_n=200_depth=1_lr=0.03_sub=1.0_col=1.0_l2=5.0_l1=0.1,xgboost,200,1,0.03,1.0,1.0,5.0,0.1,215,200.0,454,200 trees d=1,0.609155,0.479675,0.12948,0.160563,0.268293,0.10773
xgb_n=200_depth=1_lr=0.03_sub=1.0_col=1.0_l2=10.0_l1=0.0,xgboost,200,1,0.03,1.0,1.0,10.0,0.0,215,200.0,455,200 trees d=1,0.609155,0.479675,0.12948,0.16162,0.265041,0.103421
xgb_n=200_depth=1_lr=0.03_sub=1.0_col=1.0_l2=10.0_l1=0.1,xgboost,200,1,0.03,1.0,1.0,10.0,0.1,215,200.0,456,200 trees d=1,0.603873,0.479675,0.124198,0.165493,0.266667,0.101174
xgb_n=200_depth=1_lr=0.05_sub=0.8_col=0.8_l2=1.0_l1=0.0,xgboost,200,1,0.05,0.8,0.8,1.0,0.0,215,200.0,457,200 trees d=1,0.677817,0.512195,0.165622,0.117254,0.235772,0.118518
xgb_n=200_depth=1_lr=0.05_sub=0.8_col=0.8_l2=1.0_l1=0.1,xgboost,200,1,0.05,0.8,0.8,1.0,0.1,215,200.0,458,200 trees d=1,0.676056,0.528455,0.147601,0.119014,0.234146,0.115132
xgb_n=200_depth=1_lr=0.05_sub=0.8_col=0.8_l2=5.0_l1=0.0,xgboost,200,1,0.05,0.8,0.8,5.0,0.0,215,200.0,459,200 trees d=1,0.663732,0.528455,0.135277,0.126056,0.230894,0.104838
xgb_n=200_depth=1_lr=0.05_sub=0.8_col=0.8_l2=5.0_l1=0.1,xgboost,200,1,0.05,0.8,0.8,5.0,0.1,215,200.0,460,200 trees d=1,0.663732,0.520325,0.143407,0.125352,0.23252,0.107168
xgb_n=200_depth=1_lr=0.05_sub=0.8_col=0.8_l2=10.0_l1=0.0,xgboost,200,1,0.05,0.8,0.8,10.0,0.0,215,200.0,461,200 trees d=1,0.658451,0.528455,0.129996,0.127817,0.227642,0.099825
xgb_n=200_depth=1_lr=0.05_sub=0.8_col=0.8_l2=10.0_l1=0.1,xgboost,200,1,0.05,0.8,0.8,10.0,0.1,215,200.0,462,200 trees d=1,0.660211,0.512195,0.148016,0.129225,0.24065,0.111425
xgb_n=200_depth=1_lr=0.05_sub=0.8_col=1.0_l2=1.0_l1=0.0,xgboost,200,1,0.05,0.8,1.0,1.0,0.0,215,200.0,463,200 trees d=1,0.661972,0.536585,0.125387,0.124296,0.23252,0.108224
xgb_n=200_depth=1_lr=0.05_sub=0.8_col=1.0_l2=1.0_l1=0.1,xgboost,200,1,0.05,0.8,1.0,1.0,0.1,215,200.0,464,200 trees d=1,0.660211,0.536585,0.123626,0.126408,0.23252,0.106112
xgb_n=200_depth=1_lr=0.05_sub=0.8_col=1.0_l2=5.0_l1=0.0,xgboost,200,1,0.05,0.8,1.0,5.0,0.0,215,200.0,465,200 trees d=1,0.660211,0.512195,0.148016,0.125,0.242276,0.117276
xgb_n=200_depth=1_lr=0.05_sub=0.8_col=1.0_l2=5.0_l1=0.1,xgboost,200,1,0.05,0.8,1.0,5.0,0.1,215,200.0,466,200 trees d=1,0.65493,0.528455,0.126475,0.127817,0.24065,0.112833
xgb_n=200_depth=1_lr=0.05_sub=0.8_col=1.0_l2=10.0_l1=0.0,xgboost,200,1,0.05,0.8,1.0,10.0,0.0,215,200.0,467,200 trees d=1,0.676056,0.552846,0.12321,0.120423,0.227642,0.107219
xgb_n=200_depth=1_lr=0.05_sub=0.8_col=1.0_l2=10.0_l1=0.1,xgboost,200,1,0.05,0.8,1.0,10.0,0.1,215,200.0,468,200 trees d=1,0.660211,0.512195,0.148016,0.126408,0.242276,0.115868
xgb_n=200_depth=1_lr=0.05_sub=1.0_col=0.8_l2=1.0_l1=0.0,xgboost,200,1,0.05,1.0,0.8,1.0,0.0,215,200.0,469,200 trees d=1,0.642606,0.479675,0.162931,0.138732,0.266667,0.127935
xgb_n=200_depth=1_lr=0.05_sub=1.0_col=0.8_l2=1.0_l1=0.1,xgboost,200,1,0.05,1.0,0.8,1.0,0.1,215,200.0,470,200 trees d=1,0.647887,0.463415,0.184472,0.136972,0.274797,0.137825
xgb_n=200_depth=1_lr=0.05_sub=1.0_col=0.8_l2=5.0_l1=0.0,xgboost,200,1,0.05,1.0,0.8,5.0,0.0,215,200.0,471,200 trees d=1,0.633803,0.487805,0.145998,0.142606,0.265041,0.122435
xgb_n=200_depth=1_lr=0.05_sub=1.0_col=0.8_l2=5.0_l1=0.1,xgboost,200,1,0.05,1.0,0.8,5.0,0.1,215,200.0,472,200 trees d=1,0.640845,0.487805,0.15304,0.138732,0.263415,0.124683
xgb_n=200_depth=1_lr=0.05_sub=1.0_col=0.8_l2=10.0_l1=0.0,xgboost,200,1,0.05,1.0,0.8,10.0,0.0,215,200.0,473,200 trees d=1,0.637324,0.504065,0.133259,0.142606,0.256911,0.114305
xgb_n=200_depth=1_lr=0.05_sub=1.0_col=0.8_l2=10.0_l1=0.1,xgboost,200,1,0.05,1.0,0.8,10.0,0.1,215,200.0,474,200 trees d=1,0.639085,0.495935,0.14315,0.141901,0.260163,0.118262
xgb_n=200_depth=1_lr=0.05_sub=1.0_col=1.0_l2=1.0_l1=0.0,xgboost,200,1,0.05,1.0,1.0,1.0,0.0,215,200.0,475,200 trees d=1,0.646127,0.479675,0.166452,0.137676,0.271545,0.133869
xgb_n=200_depth=1_lr=0.05_sub=1.0_col=1.0_l2=1.0_l1=0.1,xgboost,200,1,0.05,1.0,1.0,1.0,0.1,215,200.0,476,200 trees d=1,0.646127,0.463415,0.182712,0.136268,0.274797,0.138529
xgb_n=200_depth=1_lr=0.05_sub=1.0_col=1.0_l2=5.0_l1=0.0,xgboost,200,1,0.05,1.0,1.0,5.0,0.0,215,200.0,477,200 trees d=1,0.639085,0.479675,0.15941,0.141549,0.266667,0.125118
xgb_n=200_depth=1_lr=0.05_sub=1.0_col=1.0_l2=5.0_l1=0.1,xgboost,200,1,0.05,1.0,1.0,5.0,0.1,215,200.0,478,200 trees d=1,0.637324,0.495935,0.141389,0.141197,0.260163,0.118966
xgb_n=200_depth=1_lr=0.05_sub=1.0_col=1.0_l2=10.0_l1=0.0,xgboost,200,1,0.05,1.0,1.0,10.0,0.0,215,200.0,479,200 trees d=1,0.637324,0.512195,0.125129,0.143662,0.255285,0.111623
xgb_n=200_depth=1_lr=0.05_sub=1.0_col=1.0_l2=10.0_l1=0.1,xgboost,200,1,0.05,1.0,1.0,10.0,0.1,215,200.0,480,200 trees d=1,0.637324,0.504065,0.133259,0.144014,0.260163,0.116149
xgb_n=200_depth=1_lr=0.1_sub=0.8_col=0.8_l2=1.0_l1=0.0,xgboost,200,1,0.1,0.8,0.8,1.0,0.0,215,200.0,481,200 trees d=1,0.716549,0.536585,0.179964,0.097887,0.22439,0.126503
xgb_n=200_depth=1_lr=0.1_sub=0.8_col=0.8_l2=1.0_l1=0.1,xgboost,200,1,0.1,0.8,0.8,1.0,0.1,215,200.0,482,200 trees d=1,0.707746,0.544715,0.163031,0.102113,0.226016,0.123903
xgb_n=200_depth=1_lr=0.1_sub=0.8_col=0.8_l2=5.0_l1=0.0,xgboost,200,1,0.1,0.8,0.8,5.0,0.0,215,200.0,483,200 trees d=1,0.707746,0.528455,0.179291,0.101408,0.23252,0.131112
xgb_n=200_depth=1_lr=0.1_sub=0.8_col=0.8_l2=5.0_l1=0.1,xgboost,200,1,0.1,0.8,0.8,5.0,0.1,215,200.0,484,200 trees d=1,0.68838,0.504065,0.184315,0.107746,0.239024,0.131278
xgb_n=200_depth=1_lr=0.1_sub=0.8_col=0.8_l2=10.0_l1=0.0,xgboost,200,1,0.1,0.8,0.8,10.0,0.0,215,200.0,485,200 trees d=1,0.698944,0.495935,0.203009,0.105634,0.245528,0.139894
xgb_n=200_depth=1_lr=0.1_sub=0.8_col=0.8_l2=10.0_l1=0.1,xgboost,200,1,0.1,0.8,0.8,10.0,0.1,215,200.0,486,200 trees d=1,0.68838,0.495935,0.192445,0.108099,0.245528,0.137429
xgb_n=200_depth=1_lr=0.1_sub=0.8_col=1.0_l2=1.0_l1=0.0,xgboost,200,1,0.1,0.8,1.0,1.0,0.0,215,200.0,487,200 trees d=1,0.705986,0.512195,0.193791,0.099648,0.24065,0.141002
xgb_n=200_depth=1_lr=0.1_sub=0.8_col=1.0_l2=1.0_l1=0.1,xgboost,200,1,0.1,0.8,1.0,1.0,0.1,215,200.0,488,200 trees d=1,0.714789,0.528455,0.186334,0.098592,0.24065,0.142058
xgb_n=200_depth=1_lr=0.1_sub=0.8_col=1.0_l2=5.0_l1=0.0,xgboost,200,1,0.1,0.8,1.0,5.0,0.0,215,200.0,489,200 trees d=1,0.700704,0.528455,0.172249,0.102817,0.226016,0.123199
xgb_n=200_depth=1_lr=0.1_sub=0.8_col=1.0_l2=5.0_l1=0.1,xgboost,200,1,0.1,0.8,1.0,5.0,0.1,215,200.0,490,200 trees d=1,0.684859,0.495935,0.188924,0.109507,0.250407,0.1409
xgb_n=200_depth=1_lr=0.1_sub=0.8_col=1.0_l2=10.0_l1=0.0,xgboost,200,1,0.1,0.8,1.0,10.0,0.0,215,200.0,491,200 trees d=1,0.700704,0.504065,0.196639,0.102817,0.243902,0.141085
xgb_n=200_depth=1_lr=0.1_sub=0.8_col=1.0_l2=10.0_l1=0.1,xgboost,200,1,0.1,0.8,1.0,10.0,0.1,215,200.0,492,200 trees d=1,0.702465,0.479675,0.22279,0.102465,0.24878,0.146315
xgb_n=200_depth=1_lr=0.1_sub=1.0_col=0.8_l2=1.0_l1=0.0,xgboost,200,1,0.1,1.0,0.8,1.0,0.0,215,200.0,493,200 trees d=1,0.72007,0.487805,0.232265,0.099648,0.256911,0.157263
xgb_n=200_depth=1_lr=0.1_sub=1.0_col=0.8_l2=1.0_l1=0.1,xgboost,200,1,0.1,1.0,0.8,1.0,0.1,215,200.0,494,200 trees d=1,0.702465,0.479675,0.22279,0.109859,0.261789,0.15193
xgb_n=200_depth=1_lr=0.1_sub=1.0_col=0.8_l2=5.0_l1=0.0,xgboost,200,1,0.1,1.0,0.8,5.0,0.0,215,200.0,495,200 trees d=1,0.700704,0.487805,0.212899,0.109155,0.263415,0.15426
xgb_n=200_depth=1_lr=0.1_sub=1.0_col=0.8_l2=5.0_l1=0.1,xgboost,200,1,0.1,1.0,0.8,5.0,0.1,215,200.0,496,200 trees d=1,0.693662,0.495935,0.197727,0.11338,0.261789,0.148409
xgb_n=200_depth=1_lr=0.1_sub=1.0_col=0.8_l2=10.0_l1=0.0,xgboost,200,1,0.1,1.0,0.8,10.0,0.0,215,200.0,497,200 trees d=1,0.690141,0.504065,0.186076,0.113732,0.256911,0.143179
xgb_n=200_depth=1_lr=0.1_sub=1.0_col=0.8_l2=10.0_l1=0.1,xgboost,200,1,0.1,1.0,0.8,10.0,0.1,215,200.0,498,200 trees d=1,0.697183,0.512195,0.184988,0.111972,0.245528,0.133556
xgb_n=200_depth=1_lr=0.1_sub=1.0_col=1.0_l2=1.0_l1=0.0,xgboost,200,1,0.1,1.0,1.0,1.0,0.0,215,200.0,499,200 trees d=1,0.72007,0.504065,0.216005,0.100352,0.24878,0.148428
xgb_n=200_depth=1_lr=0.1_sub=1.0_col=1.0_l2=1.0_l1=0.1,xgboost,200,1,0.1,1.0,1.0,1.0,0.1,215,200.0,500,200 trees d=1,0.711268,0.487805,0.223463,0.107746,0.260163,0.152417
xgb_n=200_depth=1_lr=0.1_sub=1.0_col=1.0_l2=5.0_l1=0.0,xgboost,200,1,0.1,1.0,1.0,5.0,0.0,215,200.0,501,200 trees d=1,0.695423,0.495935,0.199488,0.110915,0.261789,0.150874
xgb_n=200_depth=1_lr=0.1_sub=1.0_col=1.0_l2=5.0_l1=0.1,xgboost,200,1,0.1,1.0,1.0,5.0,0.1,215,200.0,502,200 trees d=1,0.693662,0.487805,0.205857,0.113028,0.265041,0.152013
xgb_n=200_depth=1_lr=0.1_sub=1.0_col=1.0_l2=10.0_l1=0.0,xgboost,200,1,0.1,1.0,1.0,10.0,0.0,215,200.0,503,200 trees d=1,0.68662,0.504065,0.182555,0.116901,0.253659,0.136758
xgb_n=200_depth=1_lr=0.1_sub=1.0_col=1.0_l2=10.0_l1=0.1,xgboost,200,1,0.1,1.0,1.0,10.0,0.1,215,200.0,504,200 trees d=1,0.690141,0.495935,0.194206,0.114437,0.255285,0.140848
xgb_n=200_depth=2_lr=0.03_sub=0.8_col=0.8_l2=1.0_l1=0.0,xgboost,200,2,0.03,0.8,0.8,1.0,0.0,215,400.0,505,200 trees d=2,0.785211,0.512195,0.273016,0.065141,0.24878,0.183639
xgb_n=200_depth=2_lr=0.03_sub=0.8_col=0.8_l2=1.0_l1=0.1,xgboost,200,2,0.03,0.8,0.8,1.0,0.1,215,400.0,506,200 trees d=2,0.778169,0.487805,0.290364,0.064437,0.260163,0.195726
xgb_n=200_depth=2_lr=0.03_sub=0.8_col=0.8_l2=5.0_l1=0.0,xgboost,200,2,0.03,0.8,0.8,5.0,0.0,215,400.0,507,200 trees d=2,0.746479,0.520325,0.226154,0.077817,0.242276,0.164459
xgb_n=200_depth=2_lr=0.03_sub=0.8_col=0.8_l2=5.0_l1=0.1,xgboost,200,2,0.03,0.8,0.8,5.0,0.1,215,400.0,508,200 trees d=2,0.741197,0.520325,0.220872,0.078169,0.243902,0.165733
xgb_n=200_depth=2_lr=0.03_sub=0.8_col=0.8_l2=10.0_l1=0.0,xgboost,200,2,0.03,0.8,0.8,10.0,0.0,215,400.0,509,200 trees d=2,0.732394,0.544715,0.187679,0.084155,0.235772,0.151617
xgb_n=200_depth=2_lr=0.03_sub=0.8_col=0.8_l2=10.0_l1=0.1,xgboost,200,2,0.03,0.8,0.8,10.0,0.1,215,400.0,510,200 trees d=2,0.735915,0.520325,0.21559,0.082394,0.237398,0.155004
xgb_n=200_depth=2_lr=0.03_sub=0.8_col=1.0_l2=1.0_l1=0.0,xgboost,200,2,0.03,0.8,1.0,1.0,0.0,215,400.0,511,200 trees d=2,0.769366,0.520325,0.249041,0.069014,0.24065,0.171636
xgb_n=200_depth=2_lr=0.03_sub=0.8_col=1.0_l2=1.0_l1=0.1,xgboost,200,2,0.03,0.8,1.0,1.0,0.1,215,400.0,512,200 trees d=2,0.778169,0.520325,0.257844,0.064789,0.250407,0.185618
xgb_n=200_depth=2_lr=0.03_sub=0.8_col=1.0_l2=5.0_l1=0.0,xgboost,200,2,0.03,0.8,1.0,5.0,0.0,215,400.0,513,200 trees d=2,0.757042,0.536585,0.220457,0.073944,0.237398,0.163454
xgb_n=200_depth=2_lr=0.03_sub=0.8_col=1.0_l2=5.0_l1=0.1,xgboost,200,2,0.03,0.8,1.0,5.0,0.1,215,400.0,514,200 trees d=2,0.758803,0.504065,0.254738,0.073944,0.247154,0.17321
xgb_n=200_depth=2_lr=0.03_sub=0.8_col=1.0_l2=10.0_l1=0.0,xgboost,200,2,0.03,0.8,1.0,10.0,0.0,215,400.0,515,200 trees d=2,0.742958,0.528455,0.214503,0.079225,0.245528,0.166303
xgb_n=200_depth=2_lr=0.03_sub=0.8_col=1.0_l2=10.0_l1=0.1,xgboost,200,2,0.03,0.8,1.0,10.0,0.1,215,400.0,516,200 trees d=2,0.741197,0.536585,0.204612,0.079577,0.239024,0.159447
xgb_n=200_depth=2_lr=0.03_sub=1.0_col=0.8_l2=1.0_l1=0.0,xgboost,200,2,0.03,1.0,0.8,1.0,0.0,215,400.0,517,200 trees d=2,0.758803,0.512195,0.246608,0.072887,0.245528,0.172641
xgb_n=200_depth=2_lr=0.03_sub=1.0_col=0.8_l2=1.0_l1=0.1,xgboost,200,2,0.03,1.0,0.8,1.0,0.1,215,400.0,518,200 trees d=2,0.739437,0.504065,0.235372,0.080282,0.243902,0.16362
xgb_n=200_depth=2_lr=0.03_sub=1.0_col=0.8_l2=5.0_l1=0.0,xgboost,200,2,0.03,1.0,0.8,5.0,0.0,215,400.0,519,200 trees d=2,0.734155,0.495935,0.23822,0.083451,0.255285,0.171834
xgb_n=200_depth=2_lr=0.03_sub=1.0_col=0.8_l2=5.0_l1=0.1,xgboost,200,2,0.03,1.0,0.8,5.0,0.1,215,400.0,520,200 trees d=2,0.734155,0.504065,0.23009,0.084155,0.252033,0.167878
xgb_n=200_depth=2_lr=0.03_sub=1.0_col=0.8_l2=10.0_l1=0.0,xgboost,200,2,0.03,1.0,0.8,10.0,0.0,215,400.0,521,200 trees d=2,0.746479,0.504065,0.242414,0.079577,0.24878,0.169203
xgb_n=200_depth=2_lr=0.03_sub=1.0_col=0.8_l2=10.0_l1=0.1,xgboost,200,2,0.03,1.0,0.8,10.0,0.1,215,400.0,522,200 trees d=2,0.741197,0.504065,0.237132,0.07993,0.247154,0.167224
xgb_n=200_depth=2_lr=0.03_sub=1.0_col=1.0_l2=1.0_l1=0.0,xgboost,200,2,0.03,1.0,1.0,1.0,0.0,215,400.0,523,200 trees d=2,0.744718,0.528455,0.216263,0.080634,0.24065,0.160016
xgb_n=200_depth=2_lr=0.03_sub=1.0_col=1.0_l2=1.0_l1=0.1,xgboost,200,2,0.03,1.0,1.0,1.0,0.1,215,400.0,524,200 trees d=2,0.75,0.520325,0.229675,0.077113,0.24065,0.163537
xgb_n=200_depth=2_lr=0.03_sub=1.0_col=1.0_l2=5.0_l1=0.0,xgboost,200,2,0.03,1.0,1.0,5.0,0.0,215,400.0,525,200 trees d=2,0.728873,0.495935,0.232938,0.085915,0.253659,0.167744
xgb_n=200_depth=2_lr=0.03_sub=1.0_col=1.0_l2=5.0_l1=0.1,xgboost,200,2,0.03,1.0,1.0,5.0,0.1,215,400.0,526,200 trees d=2,0.725352,0.504065,0.221287,0.08662,0.252033,0.165413
xgb_n=200_depth=2_lr=0.03_sub=1.0_col=1.0_l2=10.0_l1=0.0,xgboost,200,2,0.03,1.0,1.0,10.0,0.0,215,400.0,527,200 trees d=2,0.728873,0.512195,0.216678,0.084155,0.242276,0.158121
xgb_n=200_depth=2_lr=0.03_sub=1.0_col=1.0_l2=10.0_l1=0.1,xgboost,200,2,0.03,1.0,1.0,10.0,0.1,215,400.0,528,200 trees d=2,0.725352,0.504065,0.221287,0.085211,0.252033,0.166822
xgb_n=200_depth=2_lr=0.05_sub=0.8_col=0.8_l2=1.0_l1=0.0,xgboost,200,2,0.05,0.8,0.8,1.0,0.0,215,400.0,529,200 trees d=2,0.830986,0.520325,0.310661,0.049296,0.245528,0.196232
xgb_n=200_depth=2_lr=0.05_sub=0.8_col=0.8_l2=1.0_l1=0.1,xgboost,200,2,0.05,0.8,0.8,1.0,0.1,215,400.0,530,200 trees d=2,0.827465,0.495935,0.33153,0.047887,0.256911,0.209024
xgb_n=200_depth=2_lr=0.05_sub=0.8_col=0.8_l2=5.0_l1=0.0,xgboost,200,2,0.05,0.8,0.8,5.0,0.0,215,400.0,531,200 trees d=2,0.809859,0.504065,0.305794,0.053873,0.253659,0.199786
xgb_n=200_depth=2_lr=0.05_sub=0.8_col=0.8_l2=5.0_l1=0.1,xgboost,200,2,0.05,0.8,0.8,5.0,0.1,215,400.0,532,200 trees d=2,0.81162,0.495935,0.315685,0.054577,0.247154,0.192577
xgb_n=200_depth=2_lr=0.05_sub=0.8_col=0.8_l2=10.0_l1=0.0,xgboost,200,2,0.05,0.8,0.8,10.0,0.0,215,400.0,533,200 trees d=2,0.801056,0.504065,0.296991,0.05669,0.256911,0.200221
xgb_n=200_depth=2_lr=0.05_sub=0.8_col=0.8_l2=10.0_l1=0.1,xgboost,200,2,0.05,0.8,0.8,10.0,0.1,215,400.0,534,200 trees d=2,0.792254,0.495935,0.296319,0.059859,0.258537,0.198678
xgb_n=200_depth=2_lr=0.05_sub=0.8_col=1.0_l2=1.0_l1=0.0,xgboost,200,2,0.05,0.8,1.0,1.0,0.0,215,400.0,535,200 trees d=2,0.816901,0.504065,0.312836,0.05,0.253659,0.203659
xgb_n=200_depth=2_lr=0.05_sub=0.8_col=1.0_l2=1.0_l1=0.1,xgboost,200,2,0.05,0.8,1.0,1.0,0.1,215,400.0,536,200 trees d=2,0.818662,0.495935,0.322727,0.048592,0.260163,0.211571
xgb_n=200_depth=2_lr=0.05_sub=0.8_col=1.0_l2=5.0_l1=0.0,xgboost,200,2,0.05,0.8,1.0,5.0,0.0,215,400.0,537,200 trees d=2,0.808099,0.495935,0.312164,0.053521,0.253659,0.200138
xgb_n=200_depth=2_lr=0.05_sub=0.8_col=1.0_l2=5.0_l1=0.1,xgboost,200,2,0.05,0.8,1.0,5.0,0.1,215,400.0,538,200 trees d=2,0.804577,0.512195,0.292382,0.053521,0.24878,0.195259
xgb_n=200_depth=2_lr=0.05_sub=0.8_col=1.0_l2=10.0_l1=0.0,xgboost,200,2,0.05,0.8,1.0,10.0,0.0,215,400.0,539,200 trees d=2,0.808099,0.487805,0.320294,0.054577,0.253659,0.199082
xgb_n=200_depth=2_lr=0.05_sub=0.8_col=1.0_l2=10.0_l1=0.1,xgboost,200,2,0.05,0.8,1.0,10.0,0.1,215,400.0,540,200 trees d=2,0.795775,0.487805,0.30797,0.060211,0.269919,0.209708
xgb_n=200_depth=2_lr=0.05_sub=1.0_col=0.8_l2=1.0_l1=0.0,xgboost,200,2,0.05,1.0,0.8,1.0,0.0,215,400.0,541,200 trees d=2,0.806338,0.495935,0.310403,0.055634,0.24878,0.193146
xgb_n=200_depth=2_lr=0.05_sub=1.0_col=0.8_l2=1.0_l1=0.1,xgboost,200,2,0.05,1.0,0.8,1.0,0.1,215,400.0,542,200 trees d=2,0.801056,0.495935,0.305121,0.055634,0.255285,0.199651
xgb_n=200_depth=2_lr=0.05_sub=1.0_col=0.8_l2=5.0_l1=0.0,xgboost,200,2,0.05,1.0,0.8,5.0,0.0,215,400.0,543,200 trees d=2,0.788732,0.495935,0.292797,0.060211,0.24878,0.188569
xgb_n=200_depth=2_lr=0.05_sub=1.0_col=0.8_l2=5.0_l1=0.1,xgboost,200,2,0.05,1.0,0.8,5.0,0.1,215,400.0,544,200 trees d=2,0.794014,0.479675,0.314339,0.058099,0.260163,0.202064
xgb_n=200_depth=2_lr=0.05_sub=1.0_col=0.8_l2=10.0_l1=0.0,xgboost,200,2,0.05,1.0,0.8,10.0,0.0,215,400.0,545,200 trees d=2,0.78169,0.512195,0.269495,0.063028,0.239024,0.175996
xgb_n=200_depth=2_lr=0.05_sub=1.0_col=0.8_l2=10.0_l1=0.1,xgboost,200,2,0.05,1.0,0.8,10.0,0.1,215,400.0,546,200 trees d=2,0.767606,0.463415,0.304191,0.067606,0.260163,0.192557
xgb_n=200_depth=2_lr=0.05_sub=1.0_col=1.0_l2=1.0_l1=0.0,xgboost,200,2,0.05,1.0,1.0,1.0,0.0,215,400.0,547,200 trees d=2,0.802817,0.504065,0.298752,0.059155,0.242276,0.183121
xgb_n=200_depth=2_lr=0.05_sub=1.0_col=1.0_l2=1.0_l1=0.1,xgboost,200,2,0.05,1.0,1.0,1.0,0.1,215,400.0,548,200 trees d=2,0.799296,0.512195,0.287101,0.059859,0.242276,0.182417
xgb_n=200_depth=2_lr=0.05_sub=1.0_col=1.0_l2=5.0_l1=0.0,xgboost,200,2,0.05,1.0,1.0,5.0,0.0,215,400.0,549,200 trees d=2,0.77993,0.463415,0.316515,0.064789,0.271545,0.206756
xgb_n=200_depth=2_lr=0.05_sub=1.0_col=1.0_l2=5.0_l1=0.1,xgboost,200,2,0.05,1.0,1.0,5.0,0.1,215,400.0,550,200 trees d=2,0.78169,0.463415,0.318275,0.063732,0.258537,0.194805
xgb_n=200_depth=2_lr=0.05_sub=1.0_col=1.0_l2=10.0_l1=0.0,xgboost,200,2,0.05,1.0,1.0,10.0,0.0,215,400.0,551,200 trees d=2,0.769366,0.504065,0.265301,0.067958,0.24878,0.180822
xgb_n=200_depth=2_lr=0.05_sub=1.0_col=1.0_l2=10.0_l1=0.1,xgboost,200,2,0.05,1.0,1.0,10.0,0.1,215,400.0,552,200 trees d=2,0.786972,0.495935,0.291037,0.06162,0.256911,0.195291
xgb_n=200_depth=2_lr=0.1_sub=0.8_col=0.8_l2=1.0_l1=0.0,xgboost,200,2,0.1,0.8,0.8,1.0,0.0,215,400.0,553,200 trees d=2,0.894366,0.471545,0.422821,0.025,0.284553,0.259553
xgb_n=200_depth=2_lr=0.1_sub=0.8_col=0.8_l2=1.0_l1=0.1,xgboost,200,2,0.1,0.8,0.8,1.0,0.1,215,400.0,554,200 trees d=2,0.890845,0.463415,0.42743,0.026056,0.282927,0.256871
xgb_n=200_depth=2_lr=0.1_sub=0.8_col=0.8_l2=5.0_l1=0.0,xgboost,200,2,0.1,0.8,0.8,5.0,0.0,215,400.0,555,200 trees d=2,0.876761,0.487805,0.388956,0.028169,0.255285,0.227116
xgb_n=200_depth=2_lr=0.1_sub=0.8_col=0.8_l2=5.0_l1=0.1,xgboost,200,2,0.1,0.8,0.8,5.0,0.1,215,400.0,556,200 trees d=2,0.867958,0.455285,0.412673,0.030634,0.282927,0.252293
xgb_n=200_depth=2_lr=0.1_sub=0.8_col=0.8_l2=10.0_l1=0.0,xgboost,200,2,0.1,0.8,0.8,10.0,0.0,215,400.0,557,200 trees d=2,0.880282,0.487805,0.392477,0.028169,0.261789,0.23362
xgb_n=200_depth=2_lr=0.1_sub=0.8_col=0.8_l2=10.0_l1=0.1,xgboost,200,2,0.1,0.8,0.8,10.0,0.1,215,400.0,558,200 trees d=2,0.857394,0.463415,0.393979,0.033451,0.273171,0.23972
xgb_n=200_depth=2_lr=0.1_sub=0.8_col=1.0_l2=1.0_l1=0.0,xgboost,200,2,0.1,0.8,1.0,1.0,0.0,215,400.0,559,200 trees d=2,0.896127,0.447154,0.448973,0.023592,0.273171,0.249579
xgb_n=200_depth=2_lr=0.1_sub=0.8_col=1.0_l2=1.0_l1=0.1,xgboost,200,2,0.1,0.8,1.0,1.0,0.1,215,400.0,560,200 trees d=2,0.892606,0.504065,0.388541,0.024648,0.252033,0.227385
xgb_n=200_depth=2_lr=0.1_sub=0.8_col=1.0_l2=5.0_l1=0.0,xgboost,200,2,0.1,0.8,1.0,5.0,0.0,215,400.0,561,200 trees d=2,0.869718,0.520325,0.349393,0.029225,0.243902,0.214677
xgb_n=200_depth=2_lr=0.1_sub=0.8_col=1.0_l2=5.0_l1=0.1,xgboost,200,2,0.1,0.8,1.0,5.0,0.1,215,400.0,562,200 trees d=2,0.878521,0.487805,0.390716,0.028873,0.268293,0.23942
xgb_n=200_depth=2_lr=0.1_sub=0.8_col=1.0_l2=10.0_l1=0.0,xgboost,200,2,0.1,0.8,1.0,10.0,0.0,215,400.0,563,200 trees d=2,0.867958,0.455285,0.412673,0.030634,0.266667,0.236033
xgb_n=200_depth=2_lr=0.1_sub=0.8_col=1.0_l2=10.0_l1=0.1,xgboost,200,2,0.1,0.8,1.0,10.0,0.1,215,400.0,564,200 trees d=2,0.871479,0.463415,0.408064,0.028873,0.276423,0.24755
xgb_n=200_depth=2_lr=0.1_sub=1.0_col=0.8_l2=1.0_l1=0.0,xgboost,200,2,0.1,1.0,0.8,1.0,0.0,215,400.0,565,200 trees d=2,0.885563,0.422764,0.462799,0.027817,0.292683,0.264866
xgb_n=200_depth=2_lr=0.1_sub=1.0_col=0.8_l2=1.0_l1=0.1,xgboost,200,2,0.1,1.0,0.8,1.0,0.1,215,400.0,566,200 trees d=2,0.880282,0.463415,0.416867,0.027817,0.265041,0.237224
xgb_n=200_depth=2_lr=0.1_sub=1.0_col=0.8_l2=5.0_l1=0.0,xgboost,200,2,0.1,1.0,0.8,5.0,0.0,215,400.0,567,200 trees d=2,0.852113,0.504065,0.348048,0.038028,0.255285,0.217257
xgb_n=200_depth=2_lr=0.1_sub=1.0_col=0.8_l2=5.0_l1=0.1,xgboost,200,2,0.1,1.0,0.8,5.0,0.1,215,400.0,568,200 trees d=2,0.876761,0.455285,0.421476,0.030634,0.281301,0.250667
xgb_n=200_depth=2_lr=0.1_sub=1.0_col=0.8_l2=10.0_l1=0.0,xgboost,200,2,0.1,1.0,0.8,10.0,0.0,215,400.0,569,200 trees d=2,0.852113,0.463415,0.388698,0.039085,0.281301,0.242216
xgb_n=200_depth=2_lr=0.1_sub=1.0_col=0.8_l2=10.0_l1=0.1,xgboost,200,2,0.1,1.0,0.8,10.0,0.1,215,400.0,570,200 trees d=2,0.84331,0.455285,0.388025,0.040845,0.291057,0.250212
xgb_n=200_depth=2_lr=0.1_sub=1.0_col=1.0_l2=1.0_l1=0.0,xgboost,200,2,0.1,1.0,1.0,1.0,0.0,215,400.0,571,200 trees d=2,0.871479,0.504065,0.367414,0.030986,0.261789,0.230803
xgb_n=200_depth=2_lr=0.1_sub=1.0_col=1.0_l2=1.0_l1=0.1,xgboost,200,2,0.1,1.0,1.0,1.0,0.1,215,400.0,572,200 trees d=2,0.885563,0.463415,0.422148,0.026761,0.273171,0.24641
xgb_n=200_depth=2_lr=0.1_sub=1.0_col=1.0_l2=5.0_l1=0.0,xgboost,200,2,0.1,1.0,1.0,5.0,0.0,215,400.0,573,200 trees d=2,0.875,0.504065,0.370935,0.031338,0.247154,0.215816
xgb_n=200_depth=2_lr=0.1_sub=1.0_col=1.0_l2=5.0_l1=0.1,xgboost,200,2,0.1,1.0,1.0,5.0,0.1,215,400.0,574,200 trees d=2,0.873239,0.479675,0.393564,0.031338,0.265041,0.233703
xgb_n=200_depth=2_lr=0.1_sub=1.0_col=1.0_l2=10.0_l1=0.0,xgboost,200,2,0.1,1.0,1.0,10.0,0.0,215,400.0,575,200 trees d=2,0.84331,0.471545,0.371765,0.040493,0.263415,0.222922
xgb_n=200_depth=2_lr=0.1_sub=1.0_col=1.0_l2=10.0_l1=0.1,xgboost,200,2,0.1,1.0,1.0,10.0,0.1,215,400.0,576,200 trees d=2,0.850352,0.504065,0.346287,0.038028,0.258537,0.220509
xgb_n=200_depth=3_lr=0.03_sub=0.8_col=0.8_l2=1.0_l1=0.0,xgboost,200,3,0.03,0.8,0.8,1.0,0.0,215,600.0,577,200 trees d=3,0.873239,0.487805,0.385434,0.029225,0.260163,0.230938
xgb_n=200_depth=3_lr=0.03_sub=0.8_col=0.8_l2=1.0_l1=0.1,xgboost,200,3,0.03,0.8,0.8,1.0,0.1,215,600.0,578,200 trees d=3,0.882042,0.512195,0.369847,0.026056,0.253659,0.227603
xgb_n=200_depth=3_lr=0.03_sub=0.8_col=0.8_l2=5.0_l1=0.0,xgboost,200,3,0.03,0.8,0.8,5.0,0.0,215,600.0,579,200 trees d=3,0.857394,0.520325,0.337069,0.032746,0.242276,0.20953
xgb_n=200_depth=3_lr=0.03_sub=0.8_col=0.8_l2=5.0_l1=0.1,xgboost,200,3,0.03,0.8,0.8,5.0,0.1,215,600.0,580,200 trees d=3,0.860915,0.536585,0.32433,0.030282,0.243902,0.21362
xgb_n=200_depth=3_lr=0.03_sub=0.8_col=0.8_l2=10.0_l1=0.0,xgboost,200,3,0.03,0.8,0.8,10.0,0.0,215,600.0,581,200 trees d=3,0.857394,0.520325,0.337069,0.033803,0.247154,0.213351
xgb_n=200_depth=3_lr=0.03_sub=0.8_col=0.8_l2=10.0_l1=0.1,xgboost,200,3,0.03,0.8,0.8,10.0,0.1,215,600.0,582,200 trees d=3,0.855634,0.504065,0.351569,0.035915,0.252033,0.216118
xgb_n=200_depth=3_lr=0.03_sub=0.8_col=1.0_l2=1.0_l1=0.0,xgboost,200,3,0.03,0.8,1.0,1.0,0.0,215,600.0,583,200 trees d=3,0.878521,0.495935,0.382586,0.027817,0.265041,0.237224
xgb_n=200_depth=3_lr=0.03_sub=0.8_col=1.0_l2=1.0_l1=0.1,xgboost,200,3,0.03,0.8,1.0,1.0,0.1,215,600.0,584,200 trees d=3,0.885563,0.487805,0.397758,0.025704,0.253659,0.227955
xgb_n=200_depth=3_lr=0.03_sub=0.8_col=1.0_l2=5.0_l1=0.0,xgboost,200,3,0.03,0.8,1.0,5.0,0.0,215,600.0,585,200 trees d=3,0.866197,0.528455,0.337742,0.032042,0.243902,0.21186
xgb_n=200_depth=3_lr=0.03_sub=0.8_col=1.0_l2=5.0_l1=0.1,xgboost,200,3,0.03,0.8,1.0,5.0,0.1,215,600.0,586,200 trees d=3,0.859155,0.504065,0.35509,0.03169,0.24878,0.21709
xgb_n=200_depth=3_lr=0.03_sub=0.8_col=1.0_l2=10.0_l1=0.0,xgboost,200,3,0.03,0.8,1.0,10.0,0.0,215,600.0,587,200 trees d=3,0.852113,0.504065,0.348048,0.036972,0.260163,0.223191
xgb_n=200_depth=3_lr=0.03_sub=0.8_col=1.0_l2=10.0_l1=0.1,xgboost,200,3,0.03,0.8,1.0,10.0,0.1,215,600.0,588,200 trees d=3,0.860915,0.504065,0.35685,0.033803,0.24878,0.214977
xgb_n=200_depth=3_lr=0.03_sub=1.0_col=0.8_l2=1.0_l1=0.0,xgboost,200,3,0.03,1.0,0.8,1.0,0.0,215,600.0,589,200 trees d=3,0.864437,0.528455,0.335982,0.033099,0.235772,0.202673
xgb_n=200_depth=3_lr=0.03_sub=1.0_col=0.8_l2=1.0_l1=0.1,xgboost,200,3,0.03,1.0,0.8,1.0,0.1,215,600.0,590,200 trees d=3,0.866197,0.512195,0.354002,0.032746,0.24065,0.207904
xgb_n=200_depth=3_lr=0.03_sub=1.0_col=0.8_l2=5.0_l1=0.0,xgboost,200,3,0.03,1.0,0.8,5.0,0.0,215,600.0,591,200 trees d=3,0.84507,0.512195,0.332875,0.039085,0.237398,0.198313
xgb_n=200_depth=3_lr=0.03_sub=1.0_col=0.8_l2=5.0_l1=0.1,xgboost,200,3,0.03,1.0,0.8,5.0,0.1,215,600.0,592,200 trees d=3,0.853873,0.512195,0.341678,0.035915,0.239024,0.203109
xgb_n=200_depth=3_lr=0.03_sub=1.0_col=0.8_l2=10.0_l1=0.0,xgboost,200,3,0.03,1.0,0.8,10.0,0.0,215,600.0,593,200 trees d=3,0.839789,0.528455,0.311334,0.039437,0.23252,0.193083
xgb_n=200_depth=3_lr=0.03_sub=1.0_col=0.8_l2=10.0_l1=0.1,xgboost,200,3,0.03,1.0,0.8,10.0,0.1,215,600.0,594,200 trees d=3,0.852113,0.487805,0.364308,0.03662,0.252033,0.215413
xgb_n=200_depth=3_lr=0.03_sub=1.0_col=1.0_l2=1.0_l1=0.0,xgboost,200,3,0.03,1.0,1.0,1.0,0.0,215,600.0,595,200 trees d=3,0.864437,0.479675,0.384762,0.033451,0.252033,0.218582
xgb_n=200_depth=3_lr=0.03_sub=1.0_col=1.0_l2=1.0_l1=0.1,xgboost,200,3,0.03,1.0,1.0,1.0,0.1,215,600.0,596,200 trees d=3,0.867958,0.520325,0.347633,0.032394,0.235772,0.203378
xgb_n=200_depth=3_lr=0.03_sub=1.0_col=1.0_l2=5.0_l1=0.0,xgboost,200,3,0.03,1.0,1.0,5.0,0.0,215,600.0,597,200 trees d=3,0.848592,0.520325,0.328267,0.03838,0.243902,0.205522
xgb_n=200_depth=3_lr=0.03_sub=1.0_col=1.0_l2=5.0_l1=0.1,xgboost,200,3,0.03,1.0,1.0,5.0,0.1,215,600.0,598,200 trees d=3,0.848592,0.512195,0.336397,0.036268,0.239024,0.202756
xgb_n=200_depth=3_lr=0.03_sub=1.0_col=1.0_l2=10.0_l1=0.0,xgboost,200,3,0.03,1.0,1.0,10.0,0.0,215,600.0,599,200 trees d=3,0.838028,0.487805,0.350223,0.040845,0.263415,0.22257
xgb_n=200_depth=3_lr=0.03_sub=1.0_col=1.0_l2=10.0_l1=0.1,xgboost,200,3,0.03,1.0,1.0,10.0,0.1,215,600.0,600,200 trees d=3,0.838028,0.504065,0.333963,0.041549,0.255285,0.213736
xgb_n=200_depth=3_lr=0.05_sub=0.8_col=0.8_l2=1.0_l1=0.0,xgboost,200,3,0.05,0.8,0.8,1.0,0.0,215,600.0,601,200 trees d=3,0.93662,0.495935,0.440685,0.014085,0.247154,0.233069
xgb_n=200_depth=3_lr=0.05_sub=0.8_col=0.8_l2=1.0_l1=0.1,xgboost,200,3,0.05,0.8,0.8,1.0,0.1,215,600.0,602,200 trees d=3,0.933099,0.495935,0.437164,0.013732,0.260163,0.246431
xgb_n=200_depth=3_lr=0.05_sub=0.8_col=0.8_l2=5.0_l1=0.0,xgboost,200,3,0.05,0.8,0.8,5.0,0.0,215,600.0,603,200 trees d=3,0.913732,0.487805,0.425927,0.017958,0.265041,0.247083
xgb_n=200_depth=3_lr=0.05_sub=0.8_col=0.8_l2=5.0_l1=0.1,xgboost,200,3,0.05,0.8,0.8,5.0,0.1,215,600.0,604,200 trees d=3,0.919014,0.479675,0.439339,0.016901,0.261789,0.244888
xgb_n=200_depth=3_lr=0.05_sub=0.8_col=0.8_l2=10.0_l1=0.0,xgboost,200,3,0.05,0.8,0.8,10.0,0.0,215,600.0,605,200 trees d=3,0.915493,0.463415,0.452078,0.017254,0.273171,0.255917
xgb_n=200_depth=3_lr=0.05_sub=0.8_col=0.8_l2=10.0_l1=0.1,xgboost,200,3,0.05,0.8,0.8,10.0,0.1,215,600.0,606,200 trees d=3,0.910211,0.495935,0.414276,0.019014,0.261789,0.242775
xgb_n=200_depth=3_lr=0.05_sub=0.8_col=1.0_l2=1.0_l1=0.0,xgboost,200,3,0.05,0.8,1.0,1.0,0.0,215,600.0,607,200 trees d=3,0.933099,0.455285,0.477814,0.013732,0.276423,0.262691
xgb_n=200_depth=3_lr=0.05_sub=0.8_col=1.0_l2=1.0_l1=0.1,xgboost,200,3,0.05,0.8,1.0,1.0,0.1,215,600.0,608,200 trees d=3,0.931338,0.471545,0.459793,0.013732,0.268293,0.254561
xgb_n=200_depth=3_lr=0.05_sub=0.8_col=1.0_l2=5.0_l1=0.0,xgboost,200,3,0.05,0.8,1.0,5.0,0.0,215,600.0,609,200 trees d=3,0.920775,0.487805,0.43297,0.016197,0.253659,0.237462
xgb_n=200_depth=3_lr=0.05_sub=0.8_col=1.0_l2=5.0_l1=0.1,xgboost,200,3,0.05,0.8,1.0,5.0,0.1,215,600.0,610,200 trees d=3,0.915493,0.479675,0.435818,0.017606,0.258537,0.240931
xgb_n=200_depth=3_lr=0.05_sub=0.8_col=1.0_l2=10.0_l1=0.0,xgboost,200,3,0.05,0.8,1.0,10.0,0.0,215,600.0,611,200 trees d=3,0.911972,0.520325,0.391647,0.017958,0.243902,0.225944
xgb_n=200_depth=3_lr=0.05_sub=0.8_col=1.0_l2=10.0_l1=0.1,xgboost,200,3,0.05,0.8,1.0,10.0,0.1,215,600.0,612,200 trees d=3,0.910211,0.479675,0.430536,0.01831,0.266667,0.248357
xgb_n=200_depth=3_lr=0.05_sub=1.0_col=0.8_l2=1.0_l1=0.0,xgboost,200,3,0.05,1.0,0.8,1.0,0.0,215,600.0,613,200 trees d=3,0.910211,0.479675,0.430536,0.019014,0.255285,0.236271
xgb_n=200_depth=3_lr=0.05_sub=1.0_col=0.8_l2=1.0_l1=0.1,xgboost,200,3,0.05,1.0,0.8,1.0,0.1,215,600.0,614,200 trees d=3,0.920775,0.512195,0.40858,0.016549,0.235772,0.219223
xgb_n=200_depth=3_lr=0.05_sub=1.0_col=0.8_l2=5.0_l1=0.0,xgboost,200,3,0.05,1.0,0.8,5.0,0.0,215,600.0,615,200 trees d=3,0.897887,0.504065,0.393822,0.022183,0.245528,0.223345
xgb_n=200_depth=3_lr=0.05_sub=1.0_col=0.8_l2=5.0_l1=0.1,xgboost,200,3,0.05,1.0,0.8,5.0,0.1,215,600.0,616,200 trees d=3,0.908451,0.471545,0.436906,0.019718,0.261789,0.242071
xgb_n=200_depth=3_lr=0.05_sub=1.0_col=0.8_l2=10.0_l1=0.0,xgboost,200,3,0.05,1.0,0.8,10.0,0.0,215,600.0,617,200 trees d=3,0.894366,0.520325,0.374041,0.022183,0.235772,0.213589
xgb_n=200_depth=3_lr=0.05_sub=1.0_col=0.8_l2=10.0_l1=0.1,xgboost,200,3,0.05,1.0,0.8,10.0,0.1,215,600.0,618,200 trees d=3,0.90669,0.487805,0.418885,0.021127,0.252033,0.230906
xgb_n=200_depth=3_lr=0.05_sub=1.0_col=1.0_l2=1.0_l1=0.0,xgboost,200,3,0.05,1.0,1.0,1.0,0.0,215,600.0,619,200 trees d=3,0.908451,0.495935,0.412516,0.020423,0.255285,0.234862
xgb_n=200_depth=3_lr=0.05_sub=1.0_col=1.0_l2=1.0_l1=0.1,xgboost,200,3,0.05,1.0,1.0,1.0,0.1,215,600.0,620,200 trees d=3,0.920775,0.495935,0.42484,0.017254,0.239024,0.22177
xgb_n=200_depth=3_lr=0.05_sub=1.0_col=1.0_l2=5.0_l1=0.0,xgboost,200,3,0.05,1.0,1.0,5.0,0.0,215,600.0,621,200 trees d=3,0.90493,0.487805,0.417125,0.020775,0.247154,0.226379
xgb_n=200_depth=3_lr=0.05_sub=1.0_col=1.0_l2=5.0_l1=0.1,xgboost,200,3,0.05,1.0,1.0,5.0,0.1,215,600.0,622,200 trees d=3,0.899648,0.471545,0.428103,0.022887,0.255285,0.232398
xgb_n=200_depth=3_lr=0.05_sub=1.0_col=1.0_l2=10.0_l1=0.0,xgboost,200,3,0.05,1.0,1.0,10.0,0.0,215,600.0,623,200 trees d=3,0.890845,0.536585,0.35426,0.025,0.235772,0.210772
xgb_n=200_depth=3_lr=0.05_sub=1.0_col=1.0_l2=10.0_l1=0.1,xgboost,200,3,0.05,1.0,1.0,10.0,0.1,215,600.0,624,200 trees d=3,0.894366,0.471545,0.422821,0.024296,0.266667,0.242371
xgb_n=200_depth=3_lr=0.1_sub=0.8_col=0.8_l2=1.0_l1=0.0,xgboost,200,3,0.1,0.8,0.8,1.0,0.0,215,600.0,625,200 trees d=3,0.984155,0.455285,0.52887,0.003169,0.261789,0.25862
xgb_n=200_depth=3_lr=0.1_sub=0.8_col=0.8_l2=1.0_l1=0.1,xgboost,200,3,0.1,0.8,0.8,1.0,0.1,215,600.0,626,200 trees d=3,0.987676,0.471545,0.516131,0.002465,0.269919,0.267454
xgb_n=200_depth=3_lr=0.1_sub=0.8_col=0.8_l2=5.0_l1=0.0,xgboost,200,3,0.1,0.8,0.8,5.0,0.0,215,600.0,627,200 trees d=3,0.978873,0.495935,0.482938,0.004225,0.24065,0.236425
xgb_n=200_depth=3_lr=0.1_sub=0.8_col=0.8_l2=5.0_l1=0.1,xgboost,200,3,0.1,0.8,0.8,5.0,0.1,215,600.0,628,200 trees d=3,0.984155,0.495935,0.48822,0.003169,0.260163,0.256994
xgb_n=200_depth=3_lr=0.1_sub=0.8_col=0.8_l2=10.0_l1=0.0,xgboost,200,3,0.1,0.8,0.8,10.0,0.0,215,600.0,629,200 trees d=3,0.982394,0.463415,0.518979,0.003521,0.271545,0.268024
xgb_n=200_depth=3_lr=0.1_sub=0.8_col=0.8_l2=10.0_l1=0.1,xgboost,200,3,0.1,0.8,0.8,10.0,0.1,215,600.0,630,200 trees d=3,0.977113,0.447154,0.529959,0.004577,0.261789,0.257212
xgb_n=200_depth=3_lr=0.1_sub=0.8_col=1.0_l2=1.0_l1=0.0,xgboost,200,3,0.1,0.8,1.0,1.0,0.0,215,600.0,631,200 trees d=3,0.984155,0.447154,0.537001,0.003169,0.284553,0.281384
xgb_n=200_depth=3_lr=0.1_sub=0.8_col=1.0_l2=1.0_l1=0.1,xgboost,200,3,0.1,0.8,1.0,1.0,0.1,215,600.0,632,200 trees d=3,0.991197,0.430894,0.560303,0.001761,0.282927,0.281166
xgb_n=200_depth=3_lr=0.1_sub=0.8_col=1.0_l2=5.0_l1=0.0,xgboost,200,3,0.1,0.8,1.0,5.0,0.0,215,600.0,633,200 trees d=3,0.980634,0.520325,0.460309,0.003873,0.242276,0.238403
xgb_n=200_depth=3_lr=0.1_sub=0.8_col=1.0_l2=5.0_l1=0.1,xgboost,200,3,0.1,0.8,1.0,5.0,0.1,215,600.0,634,200 trees d=3,0.984155,0.463415,0.52074,0.003169,0.276423,0.273254
xgb_n=200_depth=3_lr=0.1_sub=0.8_col=1.0_l2=10.0_l1=0.0,xgboost,200,3,0.1,0.8,1.0,10.0,0.0,215,600.0,635,200 trees d=3,0.980634,0.495935,0.484699,0.003873,0.261789,0.257916
xgb_n=200_depth=3_lr=0.1_sub=0.8_col=1.0_l2=10.0_l1=0.1,xgboost,200,3,0.1,0.8,1.0,10.0,0.1,215,600.0,636,200 trees d=3,0.978873,0.455285,0.523588,0.004225,0.274797,0.270572
xgb_n=200_depth=3_lr=0.1_sub=1.0_col=0.8_l2=1.0_l1=0.0,xgboost,200,3,0.1,1.0,0.8,1.0,0.0,215,600.0,637,200 trees d=3,0.982394,0.447154,0.53524,0.003521,0.263415,0.259894
xgb_n=200_depth=3_lr=0.1_sub=1.0_col=0.8_l2=1.0_l1=0.1,xgboost,200,3,0.1,1.0,0.8,1.0,0.1,215,600.0,638,200 trees d=3,0.982394,0.471545,0.510849,0.003521,0.265041,0.26152
xgb_n=200_depth=3_lr=0.1_sub=1.0_col=0.8_l2=5.0_l1=0.0,xgboost,200,3,0.1,1.0,0.8,5.0,0.0,215,600.0,639,200 trees d=3,0.96831,0.520325,0.447985,0.006338,0.234146,0.227808
xgb_n=200_depth=3_lr=0.1_sub=1.0_col=0.8_l2=5.0_l1=0.1,xgboost,200,3,0.1,1.0,0.8,5.0,0.1,215,600.0,640,200 trees d=3,0.982394,0.463415,0.518979,0.003521,0.253659,0.250138
xgb_n=200_depth=3_lr=0.1_sub=1.0_col=0.8_l2=10.0_l1=0.0,xgboost,200,3,0.1,1.0,0.8,10.0,0.0,215,600.0,641,200 trees d=3,0.966549,0.447154,0.519395,0.00669,0.282927,0.276237
xgb_n=200_depth=3_lr=0.1_sub=1.0_col=0.8_l2=10.0_l1=0.1,xgboost,200,3,0.1,1.0,0.8,10.0,0.1,215,600.0,642,200 trees d=3,0.97007,0.504065,0.466005,0.005986,0.250407,0.244421
xgb_n=200_depth=3_lr=0.1_sub=1.0_col=1.0_l2=1.0_l1=0.0,xgboost,200,3,0.1,1.0,1.0,1.0,0.0,215,600.0,643,200 trees d=3,0.980634,0.455285,0.525349,0.003873,0.260163,0.25629
xgb_n=200_depth=3_lr=0.1_sub=1.0_col=1.0_l2=1.0_l1=0.1,xgboost,200,3,0.1,1.0,1.0,1.0,0.1,215,600.0,644,200 trees d=3,0.991197,0.495935,0.495262,0.001761,0.239024,0.237263
xgb_n=200_depth=3_lr=0.1_sub=1.0_col=1.0_l2=5.0_l1=0.0,xgboost,200,3,0.1,1.0,1.0,5.0,0.0,215,600.0,645,200 trees d=3,0.975352,0.495935,0.479417,0.00493,0.255285,0.250355
xgb_n=200_depth=3_lr=0.1_sub=1.0_col=1.0_l2=5.0_l1=0.1,xgboost,200,3,0.1,1.0,1.0,5.0,0.1,215,600.0,646,200 trees d=3,0.975352,0.439024,0.536328,0.00493,0.281301,0.276371
xgb_n=200_depth=3_lr=0.1_sub=1.0_col=1.0_l2=10.0_l1=0.0,xgboost,200,3,0.1,1.0,1.0,10.0,0.0,215,600.0,647,200 trees d=3,0.966549,0.520325,0.446224,0.00669,0.23252,0.22583
xgb_n=200_depth=3_lr=0.1_sub=1.0_col=1.0_l2=10.0_l1=0.1,xgboost,200,3,0.1,1.0,1.0,10.0,0.1,215,600.0,648,200 trees d=3,0.977113,0.463415,0.513698,0.004577,0.276423,0.271846
