item_id,dim_code,n_passes,mode,mean,min,max
scev_val_fig_0001,AS,1,2,2,2,2
scev_val_fig_0001,AT,1,3,3,3,3
scev_val_fig_0001,CL,1,0,0,0,0
scev_val_fig_0001,GS,1,2,2,2,2
scev_val_fig_0001,KNf,1,2,2,2,2
scev_val_fig_0001,MA,1,1,1,1,1
scev_val_fig_0001,MCr,1,1,1,1,1
scev_val_fig_0001,MCu,1,2,2,2,2
scev_val_fig_0001,QLl,1,1,1,1,1
scev_val_fig_0001,QLq,1,1,1,1,1
scev_val_fig_0001,VL,1,2,2,2,2
scev_val_fig_0001,VO,1,1,1,1,1
scev_val_fig_0002,AS,1,3,3,3,3
scev_val_fig_0002,AT,1,3,3,3,3
scev_val_fig_0002,CL,1,1,1,1,1
scev_val_fig_0002,GS,1,3,3,3,3
scev_val_fig_0002,KNf,1,1,1,1,1
scev_val_fig_0002,MA,1,3,3,3,3
scev_val_fig_0002,MCr,1,3,3,3,3
scev_val_fig_0002,MCu,1,2,2,2,2
scev_val_fig_0002,QLl,1,3,3,3,3
scev_val_fig_0002,QLq,1,2,2,2,2
scev_val_fig_0002,VL,1,2,2,2,2
scev_val_fig_0002,VO,1,2,2,2,2
scev_val_fig_0003,AS,1,3,3,3,3
scev_val_fig_0003,AT,1,3,3,3,3
scev_val_fig_0003,CL,1,1,1,1,1
scev_val_fig_0003,GS,1,3,3,3,3
scev_val_fig_0003,KNf,1,0,0,0,0
scev_val_fig_0003,MA,1,3,3,3,3
scev_val_fig_0003,MCr,1,2,2,2,2
scev_val_fig_0003,MCu,1,3,3,3,3
scev_val_fig_0003,QLl,1,2,2,2,2
scev_val_fig_0003,QLq,1,2,2,2,2
scev_val_fig_0003,VL,1,2,2,2,2
scev_val_fig_0003,VO,1,1,1,1,1
scev_val_fig_0004,AS,1,3,3,3,3
scev_val_fig_0004,AT,1,3,3,3,3
scev_val_fig_0004,CL,1,1,1,1,1
scev_val_fig_0004,GS,1,2,2,2,2
scev_val_fig_0004,KNf,1,1,1,1,1
scev_val_fig_0004,MA,1,2,2,2,2
scev_val_fig_0004,MCr,1,2,2,2,2
scev_val_fig_0004,MCu,1,2,2,2,2
scev_val_fig_0004,QLl,1,3,3,3,3
scev_val_fig_0004,QLq,1,2,2,2,2
scev_val_fig_0004,VL,1,2,2,2,2
scev_val_fig_0004,VO,1,1,1,1,1
scev_val_fig_0005,AS,1,2,2,2,2
scev_val_fig_0005,AT,1,3,3,3,3
scev_val_fig_0005,CL,1,0,0,0,0
scev_val_fig_0005,GS,1,0,0,0,0
scev_val_fig_0005,KNf,1,4,4,4,4
scev_val_fig_0005,MA,1,1,1,1,1
scev_val_fig_0005,MCr,1,1,1,1,1
scev_val_fig_0005,MCu,1,0,0,0,0
scev_val_fig_0005,QLl,1,1,1,1,1
scev_val_fig_0005,QLq,1,1,1,1,1
scev_val_fig_0005,VL,1,1,1,1,1
scev_val_fig_0005,VO,1,1,1,1,1
scev_val_fig_0006,AS,1,2,2,2,2
scev_val_fig_0006,AT,1,3,3,3,3
scev_val_fig_0006,CL,1,0,0,0,0
scev_val_fig_0006,GS,1,0,0,0,0
scev_val_fig_0006,KNf,1,4,4,4,4
scev_val_fig_0006,MA,1,1,1,1,1
scev_val_fig_0006,MCr,1,1,1,1,1
scev_val_fig_0006,MCu,1,1,1,1,1
scev_val_fig_0006,QLl,1,1,1,1,1
scev_val_fig_0006,QLq,1,1,1,1,1
scev_val_fig_0006,VL,1,2,2,2,2
scev_val_fig_0006,VO,1,1,1,1,1
scev_val_fig_0007,AS,1,3,3,3,3
scev_val_fig_0007,AT,1,3,3,3,3
scev_val_fig_0007,CL,1,0,0,0,0
scev_val_fig_0007,GS,1,1,1,1,1
scev_val_fig_0007,KNf,1,3,3,3,3
scev_val_fig_0007,MA,1,1,1,1,1
scev_val_fig_0007,MCr,1,2,2,2,2
scev_val_fig_0007,MCu,1,2,2,2,2
scev_val_fig_0007,QLl,1,1,1,1,1
scev_val_fig_0007,QLq,1,2,2,2,2
scev_val_fig_0007,VL,1,2,2,2,2
scev_val_fig_0007,VO,1,2,2,2,2
scev_val_fig_0008,AS,1,3,3,3,3
scev_val_fig_0008,AT,1,4,4,4,4
scev_val_fig_0008,CL,1,0,0,0,0
scev_val_fig_0008,GS,1,3,3,3,3
scev_val_fig_0008,KNf,1,1,1,1,1
scev_val_fig_0008,MA,1,1,1,1,1
scev_val_fig_0008,MCr,1,3,3,3,3
scev_val_fig_0008,MCu,1,3,3,3,3
scev_val_fig_0008,QLl,1,1,1,1,1
scev_val_fig_0008,QLq,1,2,2,2,2
scev_val_fig_0008,VL,1,2,2,2,2
scev_val_fig_0008,VO,1,1,1,1,1
scev_val_fig_0010,AS,1,3,3,3,3
scev_val_fig_0010,AT,1,3,3,3,3
scev_val_fig_0010,CL,1,1,1,1,1
scev_val_fig_0010,GS,1,5,5,5,5
scev_val_fig_0010,KNf,1,4,4,4,4
scev_val_fig_0010,MA,1,3,3,3,3
scev_val_fig_0010,MCr,1,2,2,2,2
scev_val_fig_0010,MCu,1,3,3,3,3
scev_val_fig_0010,QLl,1,1,1,1,1
scev_val_fig_0010,QLq,1,2,2,2,2
scev_val_fig_0010,VL,1,2,2,2,2
scev_val_fig_0010,VO,1,2,2,2,2
scev_val_fig_0011,AS,1,2,2,2,2
scev_val_fig_0011,AT,1,3,3,3,3
scev_val_fig_0011,CL,1,0,0,0,0
scev_val_fig_0011,GS,1,0,0,0,0
scev_val_fig_0011,KNf,1,1,1,1,1
scev_val_fig_0011,MA,1,1,1,1,1
scev_val_fig_0011,MCr,1,2,2,2,2
scev_val_fig_0011,MCu,1,2,2,2,2
scev_val_fig_0011,QLl,1,1,1,1,1
scev_val_fig_0011,QLq,1,2,2,2,2
scev_val_fig_0011,VL,1,4,4,4,4
scev_val_fig_0011,VO,1,1,1,1,1
scev_val_fig_0014,AS,1,3,3,3,3
scev_val_fig_0014,AT,1,3,3,3,3
scev_val_fig_0014,CL,1,0,0,0,0
scev_val_fig_0014,GS,1,2,2,2,2
scev_val_fig_0014,KNf,1,2,2,2,2
scev_val_fig_0014,MA,1,1,1,1,1
scev_val_fig_0014,MCr,1,2,2,2,2
scev_val_fig_0014,MCu,1,2,2,2,2
scev_val_fig_0014,QLl,1,1,1,1,1
scev_val_fig_0014,QLq,1,2,2,2,2
scev_val_fig_0014,VL,1,2,2,2,2
scev_val_fig_0014,VO,1,2,2,2,2
scev_val_fig_0015,AS,1,3,3,3,3
scev_val_fig_0015,AT,1,3,3,3,3
scev_val_fig_0015,CL,1,1,1,1,1
scev_val_fig_0015,GS,1,3,3,3,3
scev_val_fig_0015,KNf,1,2,2,2,2
scev_val_fig_0015,MA,1,2,2,2,2
scev_val_fig_0015,MCr,1,1,1,1,1
scev_val_fig_0015,MCu,1,2,2,2,2
scev_val_fig_0015,QLl,1,2,2,2,2
scev_val_fig_0015,QLq,1,2,2,2,2
scev_val_fig_0015,VL,1,2,2,2,2
scev_val_fig_0015,VO,1,1,1,1,1
scev_val_fig_0016,AS,1,2,2,2,2
scev_val_fig_0016,AT,1,3,3,3,3
scev_val_fig_0016,CL,1,0,0,0,0
scev_val_fig_0016,GS,1,4,4,4,4
scev_val_fig_0016,KNf,1,2,2,2,2
scev_val_fig_0016,MA,1,1,1,1,1
scev_val_fig_0016,MCr,1,1,1,1,1
scev_val_fig_0016,MCu,1,1,1,1,1
scev_val_fig_0016,QLl,1,1,1,1,1
scev_val_fig_0016,QLq,1,2,2,2,2
scev_val_fig_0016,VL,1,2,2,2,2
scev_val_fig_0016,VO,1,1,1,1,1
scev_val_fig_0017,AS,1,1,1,1,1
scev_val_fig_0017,AT,1,3,3,3,3
scev_val_fig_0017,CL,1,0,0,0,0
scev_val_fig_0017,GS,1,2,2,2,2
scev_val_fig_0017,KNf,1,3,3,3,3
scev_val_fig_0017,MA,1,1,1,1,1
scev_val_fig_0017,MCr,1,2,2,2,2
scev_val_fig_0017,MCu,1,2,2,2,2
scev_val_fig_0017,QLl,1,2,2,2,2
scev_val_fig_0017,QLq,1,2,2,2,2
scev_val_fig_0017,VL,1,2,2,2,2
scev_val_fig_0017,VO,1,2,2,2,2
scev_val_fig_0018,AS,1,3,3,3,3
scev_val_fig_0018,AT,1,3,3,3,3
scev_val_fig_0018,CL,1,0,0,0,0
scev_val_fig_0018,GS,1,0,0,0,0
scev_val_fig_0018,KNf,1,2,2,2,2
scev_val_fig_0018,MA,1,4,4,4,4
scev_val_fig_0018,MCr,1,3,3,3,3
scev_val_fig_0018,MCu,1,3,3,3,3
scev_val_fig_0018,QLl,1,4,4,4,4
scev_val_fig_0018,QLq,1,3,3,3,3
scev_val_fig_0018,VL,1,2,2,2,2
scev_val_fig_0018,VO,1,2,2,2,2
scev_val_fig_0019,AS,1,3,3,3,3
scev_val_fig_0019,AT,1,3,3,3,3
scev_val_fig_0019,CL,1,1,1,1,1
scev_val_fig_0019,GS,1,2,2,2,2
scev_val_fig_0019,KNf,1,1,1,1,1
scev_val_fig_0019,MA,1,5,5,5,5
scev_val_fig_0019,MCr,1,3,3,3,3
scev_val_fig_0019,MCu,1,3,3,3,3
scev_val_fig_0019,QLl,1,3,3,3,3
scev_val_fig_0019,QLq,1,3,3,3,3
scev_val_fig_0019,VL,1,2,2,2,2
scev_val_fig_0019,VO,1,2,2,2,2
scev_val_fig_0020,AS,1,2,2,2,2
scev_val_fig_0020,AT,1,3,3,3,3
scev_val_fig_0020,CL,1,0,0,0,0
scev_val_fig_0020,GS,1,2,2,2,2
scev_val_fig_0020,KNf,1,1,1,1,1
scev_val_fig_0020,MA,1,2,2,2,2
scev_val_fig_0020,MCr,1,2,2,2,2
scev_val_fig_0020,MCu,1,0,0,0,0
scev_val_fig_0020,QLl,1,1,1,1,1
scev_val_fig_0020,QLq,1,2,2,2,2
scev_val_fig_0020,VL,1,2,2,2,2
scev_val_fig_0020,VO,1,1,1,1,1
scev_val_fig_0021,AS,1,2,2,2,2
scev_val_fig_0021,AT,1,3,3,3,3
scev_val_fig_0021,CL,1,0,0,0,0
scev_val_fig_0021,GS,1,2,2,2,2
scev_val_fig_0021,KNf,1,2,2,2,2
scev_val_fig_0021,MA,1,2,2,2,2
scev_val_fig_0021,MCr,1,2,2,2,2
scev_val_fig_0021,MCu,1,1,1,1,1
scev_val_fig_0021,QLl,1,1,1,1,1
scev_val_fig_0021,QLq,1,2,2,2,2
scev_val_fig_0021,VL,1,2,2,2,2
scev_val_fig_0021,VO,1,1,1,1,1
scev_val_fig_0029,AS,1,2,2,2,2
scev_val_fig_0029,AT,1,3,3,3,3
scev_val_fig_0029,CL,1,0,0,0,0
scev_val_fig_0029,GS,1,5,5,5,5
scev_val_fig_0029,KNf,1,1,1,1,1
scev_val_fig_0029,MA,1,3,3,3,3
scev_val_fig_0029,MCr,1,1,1,1,1
scev_val_fig_0029,MCu,1,1,1,1,1
scev_val_fig_0029,QLl,1,2,2,2,2
scev_val_fig_0029,QLq,1,2,2,2,2
scev_val_fig_0029,VL,1,1,1,1,1
scev_val_fig_0029,VO,1,1,1,1,1
scev_val_fig_0032,AS,1,2,2,2,2
scev_val_fig_0032,AT,1,3,3,3,3
scev_val_fig_0032,CL,1,1,1,1,1
scev_val_fig_0032,GS,1,2,2,2,2
scev_val_fig_0032,KNf,1,2,2,2,2
scev_val_fig_0032,MA,1,3,3,3,3
scev_val_fig_0032,MCr,1,3,3,3,3
scev_val_fig_0032,MCu,1,2,2,2,2
scev_val_fig_0032,QLl,1,1,1,1,1
scev_val_fig_0032,QLq,1,2,2,2,2
scev_val_fig_0032,VL,1,4,4,4,4
scev_val_fig_0032,VO,1,1,1,1,1
scev_val_fig_0033,AS,1,1,1,1,1
scev_val_fig_0033,AT,1,3,3,3,3
scev_val_fig_0033,CL,1,0,0,0,0
scev_val_fig_0033,GS,1,1,1,1,1
scev_val_fig_0033,KNf,1,4,4,4,4
scev_val_fig_0033,MA,1,2,2,2,2
scev_val_fig_0033,MCr,1,1,1,1,1
scev_val_fig_0033,MCu,1,1,1,1,1
scev_val_fig_0033,QLl,1,1,1,1,1
scev_val_fig_0033,QLq,1,1,1,1,1
scev_val_fig_0033,VL,1,2,2,2,2
scev_val_fig_0033,VO,1,1,1,1,1
scev_val_fig_0035,AS,1,2,2,2,2
scev_val_fig_0035,AT,1,3,3,3,3
scev_val_fig_0035,CL,1,0,0,0,0
scev_val_fig_0035,GS,1,0,0,0,0
scev_val_fig_0035,KNf,1,1,1,1,1
scev_val_fig_0035,MA,1,3,3,3,3
scev_val_fig_0035,MCr,1,2,2,2,2
scev_val_fig_0035,MCu,1,2,2,2,2
scev_val_fig_0035,QLl,1,2,2,2,2
scev_val_fig_0035,QLq,1,2,2,2,2
scev_val_fig_0035,VL,1,2,2,2,2
scev_val_fig_0035,VO,1,2,2,2,2
scev_val_fig_0036,AS,1,2,2,2,2
scev_val_fig_0036,AT,1,3,3,3,3
scev_val_fig_0036,CL,1,0,0,0,0
scev_val_fig_0036,GS,1,0,0,0,0
scev_val_fig_0036,KNf,1,1,1,1,1
scev_val_fig_0036,MA,1,2,2,2,2
scev_val_fig_0036,MCr,1,1,1,1,1
scev_val_fig_0036,MCu,1,1,1,1,1
scev_val_fig_0036,QLl,1,1,1,1,1
scev_val_fig_0036,QLq,1,1,1,1,1
scev_val_fig_0036,VL,1,2,2,2,2
scev_val_fig_0036,VO,1,2,2,2,2
scev_val_fig_0042,AS,1,2,2,2,2
scev_val_fig_0042,AT,1,3,3,3,3
scev_val_fig_0042,CL,1,0,0,0,0
scev_val_fig_0042,GS,1,0,0,0,0
scev_val_fig_0042,KNf,1,1,1,1,1
scev_val_fig_0042,MA,1,1,1,1,1
scev_val_fig_0042,MCr,1,2,2,2,2
scev_val_fig_0042,MCu,1,2,2,2,2
scev_val_fig_0042,QLl,1,1,1,1,1
scev_val_fig_0042,QLq,1,2,2,2,2
scev_val_fig_0042,VL,1,2,2,2,2
scev_val_fig_0042,VO,1,1,1,1,1
scev_val_fig_0043,AS,1,3,3,3,3
scev_val_fig_0043,AT,1,3,3,3,3
scev_val_fig_0043,CL,1,0,0,0,0
scev_val_fig_0043,GS,1,0,0,0,0
scev_val_fig_0043,KNf,1,1,1,1,1
scev_val_fig_0043,MA,1,1,1,1,1
scev_val_fig_0043,MCr,1,2,2,2,2
scev_val_fig_0043,MCu,1,3,3,3,3
scev_val_fig_0043,QLl,1,1,1,1,1
scev_val_fig_0043,QLq,1,2,2,2,2
scev_val_fig_0043,VL,1,2,2,2,2
scev_val_fig_0043,VO,1,1,1,1,1
scev_val_fig_0045,AS,1,2,2,2,2
scev_val_fig_0045,AT,1,3,3,3,3
scev_val_fig_0045,CL,1,1,1,1,1
scev_val_fig_0045,GS,1,0,0,0,0
scev_val_fig_0045,KNf,1,1,1,1,1
scev_val_fig_0045,MA,1,1,1,1,1
scev_val_fig_0045,MCr,1,2,2,2,2
scev_val_fig_0045,MCu,1,1,1,1,1
scev_val_fig_0045,QLl,1,1,1,1,1
scev_val_fig_0045,QLq,1,2,2,2,2
scev_val_fig_0045,VL,1,2,2,2,2
scev_val_fig_0045,VO,1,1,1,1,1
scev_val_fig_0046,AS,1,2,2,2,2
scev_val_fig_0046,AT,1,3,3,3,3
scev_val_fig_0046,CL,1,0,0,0,0
scev_val_fig_0046,GS,1,0,0,0,0
scev_val_fig_0046,KNf,1,1,1,1,1
scev_val_fig_0046,MA,1,1,1,1,1
scev_val_fig_0046,MCr,1,2,2,2,2
scev_val_fig_0046,MCu,1,2,2,2,2
scev_val_fig_0046,QLl,1,1,1,1,1
scev_val_fig_0046,QLq,1,2,2,2,2
scev_val_fig_0046,VL,1,2,2,2,2
scev_val_fig_0046,VO,1,1,1,1,1
scev_val_fig_0047,AS,1,3,3,3,3
scev_val_fig_0047,AT,1,3,3,3,3
scev_val_fig_0047,CL,1,0,0,0,0
scev_val_fig_0047,GS,1,2,2,2,2
scev_val_fig_0047,KNf,1,1,1,1,1
scev_val_fig_0047,MA,1,2,2,2,2
scev_val_fig_0047,MCr,1,2,2,2,2
scev_val_fig_0047,MCu,1,2,2,2,2
scev_val_fig_0047,QLl,1,2,2,2,2
scev_val_fig_0047,QLq,1,2,2,2,2
scev_val_fig_0047,VL,1,2,2,2,2
scev_val_fig_0047,VO,1,1,1,1,1
scev_val_fig_0048,AS,1,3,3,3,3
scev_val_fig_0048,AT,1,3,3,3,3
scev_val_fig_0048,CL,1,0,0,0,0
scev_val_fig_0048,GS,1,0,0,0,0
scev_val_fig_0048,KNf,1,0,0,0,0
scev_val_fig_0048,MA,1,3,3,3,3
scev_val_fig_0048,MCr,1,2,2,2,2
scev_val_fig_0048,MCu,1,2,2,2,2
scev_val_fig_0048,QLl,1,2,2,2,2
scev_val_fig_0048,QLq,1,2,2,2,2
scev_val_fig_0048,VL,1,2,2,2,2
scev_val_fig_0048,VO,1,1,1,1,1
scev_val_fig_0049,AS,1,3,3,3,3
scev_val_fig_0049,AT,1,3,3,3,3
scev_val_fig_0049,CL,1,1,1,1,1
scev_val_fig_0049,GS,1,2,2,2,2
scev_val_fig_0049,KNf,1,1,1,1,1
scev_val_fig_0049,MA,1,3,3,3,3
scev_val_fig_0049,MCr,1,2,2,2,2
scev_val_fig_0049,MCu,1,3,3,3,3
scev_val_fig_0049,QLl,1,2,2,2,2
scev_val_fig_0049,QLq,1,3,3,3,3
scev_val_fig_0049,VL,1,2,2,2,2
scev_val_fig_0049,VO,1,2,2,2,2
scev_val_fig_0050,AS,1,3,3,3,3
scev_val_fig_0050,AT,1,3,3,3,3
scev_val_fig_0050,CL,1,0,0,0,0
scev_val_fig_0050,GS,1,2,2,2,2
scev_val_fig_0050,KNf,1,2,2,2,2
scev_val_fig_0050,MA,1,3,3,3,3
scev_val_fig_0050,MCr,1,2,2,2,2
scev_val_fig_0050,MCu,1,3,3,3,3
scev_val_fig_0050,QLl,1,2,2,2,2
scev_val_fig_0050,QLq,1,2,2,2,2
scev_val_fig_0050,VL,1,2,2,2,2
scev_val_fig_0050,VO,1,2,2,2,2
scev_val_fig_0051,AS,1,3,3,3,3
scev_val_fig_0051,AT,1,3,3,3,3
scev_val_fig_0051,CL,1,1,1,1,1
scev_val_fig_0051,GS,1,2,2,2,2
scev_val_fig_0051,KNf,1,1,1,1,1
scev_val_fig_0051,MA,1,3,3,3,3
scev_val_fig_0051,MCr,1,2,2,2,2
scev_val_fig_0051,MCu,1,3,3,3,3
scev_val_fig_0051,QLl,1,2,2,2,2
scev_val_fig_0051,QLq,1,2,2,2,2
scev_val_fig_0051,VL,1,2,2,2,2
scev_val_fig_0051,VO,1,1,1,1,1
scev_val_fig_0052,AS,1,3,3,3,3
scev_val_fig_0052,AT,1,3,3,3,3
scev_val_fig_0052,CL,1,1,1,1,1
scev_val_fig_0052,GS,1,0,0,0,0
scev_val_fig_0052,KNf,1,1,1,1,1
scev_val_fig_0052,MA,1,1,1,1,1
scev_val_fig_0052,MCr,1,2,2,2,2
scev_val_fig_0052,MCu,1,2,2,2,2
scev_val_fig_0052,QLl,1,1,1,1,1
scev_val_fig_0052,QLq,1,1,1,1,1
scev_val_fig_0052,VL,1,2,2,2,2
scev_val_fig_0052,VO,1,1,1,1,1
scev_val_fig_0053,AS,1,3,3,3,3
scev_val_fig_0053,AT,1,3,3,3,3
scev_val_fig_0053,CL,1,1,1,1,1
scev_val_fig_0053,GS,1,2,2,2,2
scev_val_fig_0053,KNf,1,0,0,0,0
scev_val_fig_0053,MA,1,2,2,2,2
scev_val_fig_0053,MCr,1,1,1,1,1
scev_val_fig_0053,MCu,1,1,1,1,1
scev_val_fig_0053,QLl,1,1,1,1,1
scev_val_fig_0053,QLq,1,1,1,1,1
scev_val_fig_0053,VL,1,2,2,2,2
scev_val_fig_0053,VO,1,1,1,1,1
scev_val_fig_0054,AS,1,3,3,3,3
scev_val_fig_0054,AT,1,3,3,3,3
scev_val_fig_0054,CL,1,1,1,1,1
scev_val_fig_0054,GS,1,2,2,2,2
scev_val_fig_0054,KNf,1,1,1,1,1
scev_val_fig_0054,MA,1,2,2,2,2
scev_val_fig_0054,MCr,1,3,3,3,3
scev_val_fig_0054,MCu,1,1,1,1,1
scev_val_fig_0054,QLl,1,1,1,1,1
scev_val_fig_0054,QLq,1,2,2,2,2
scev_val_fig_0054,VL,1,2,2,2,2
scev_val_fig_0054,VO,1,1,1,1,1
scev_val_fig_0056,AS,1,2,2,2,2
scev_val_fig_0056,AT,1,3,3,3,3
scev_val_fig_0056,CL,1,1,1,1,1
scev_val_fig_0056,GS,1,3,3,3,3
scev_val_fig_0056,KNf,1,1,1,1,1
scev_val_fig_0056,MA,1,2,2,2,2
scev_val_fig_0056,MCr,1,1,1,1,1
scev_val_fig_0056,MCu,1,2,2,2,2
scev_val_fig_0056,QLl,1,1,1,1,1
scev_val_fig_0056,QLq,1,2,2,2,2
scev_val_fig_0056,VL,1,2,2,2,2
scev_val_fig_0056,VO,1,1,1,1,1
scev_val_fig_0057,AS,1,3,3,3,3
scev_val_fig_0057,AT,1,3,3,3,3
scev_val_fig_0057,CL,1,0,0,0,0
scev_val_fig_0057,GS,1,0,0,0,0
scev_val_fig_0057,KNf,1,1,1,1,1
scev_val_fig_0057,MA,1,2,2,2,2
scev_val_fig_0057,MCr,1,2,2,2,2
scev_val_fig_0057,MCu,1,2,2,2,2
scev_val_fig_0057,QLl,1,2,2,2,2
scev_val_fig_0057,QLq,1,1,1,1,1
scev_val_fig_0057,VL,1,3,3,3,3
scev_val_fig_0057,VO,1,1,1,1,1
scev_val_fig_0058,AS,1,3,3,3,3
scev_val_fig_0058,AT,1,3,3,3,3
scev_val_fig_0058,CL,1,0,0,0,0
scev_val_fig_0058,GS,1,0,0,0,0
scev_val_fig_0058,KNf,1,1,1,1,1
scev_val_fig_0058,MA,1,2,2,2,2
scev_val_fig_0058,MCr,1,2,2,2,2
scev_val_fig_0058,MCu,1,1,1,1,1
scev_val_fig_0058,QLl,1,1,1,1,1
scev_val_fig_0058,QLq,1,1,1,1,1
scev_val_fig_0058,VL,1,3,3,3,3
scev_val_fig_0058,VO,1,1,1,1,1
scev_val_fig_0059,AS,1,2,2,2,2
scev_val_fig_0059,AT,1,3,3,3,3
scev_val_fig_0059,CL,1,0,0,0,0
scev_val_fig_0059,GS,1,0,0,0,0
scev_val_fig_0059,KNf,1,1,1,1,1
scev_val_fig_0059,MA,1,1,1,1,1
scev_val_fig_0059,MCr,1,2,2,2,2
scev_val_fig_0059,MCu,1,3,3,3,3
scev_val_fig_0059,QLl,1,1,1,1,1
scev_val_fig_0059,QLq,1,2,2,2,2
scev_val_fig_0059,VL,1,2,2,2,2
scev_val_fig_0059,VO,1,1,1,1,1
scev_val_fig_0060,AS,1,2,2,2,2
scev_val_fig_0060,AT,1,3,3,3,3
scev_val_fig_0060,CL,1,0,0,0,0
scev_val_fig_0060,GS,1,0,0,0,0
scev_val_fig_0060,KNf,1,1,1,1,1
scev_val_fig_0060,MA,1,3,3,3,3
scev_val_fig_0060,MCr,1,2,2,2,2
scev_val_fig_0060,MCu,1,3,3,3,3
scev_val_fig_0060,QLl,1,1,1,1,1
scev_val_fig_0060,QLq,1,2,2,2,2
scev_val_fig_0060,VL,1,2,2,2,2
scev_val_fig_0060,VO,1,1,1,1,1
scev_val_fig_0062,AS,1,2,2,2,2
scev_val_fig_0062,AT,1,4,4,4,4
scev_val_fig_0062,CL,1,1,1,1,1
scev_val_fig_0062,GS,1,2,2,2,2
scev_val_fig_0062,KNf,1,4,4,4,4
scev_val_fig_0062,MA,1,2,2,2,2
scev_val_fig_0062,MCr,1,2,2,2,2
scev_val_fig_0062,MCu,1,2,2,2,2
scev_val_fig_0062,QLl,1,1,1,1,1
scev_val_fig_0062,QLq,1,2,2,2,2
scev_val_fig_0062,VL,1,2,2,2,2
scev_val_fig_0062,VO,1,2,2,2,2
scev_val_fig_0063,AS,1,3,3,3,3
scev_val_fig_0063,AT,1,4,4,4,4
scev_val_fig_0063,CL,1,2,2,2,2
scev_val_fig_0063,GS,1,4,4,4,4
scev_val_fig_0063,KNf,1,5,5,5,5
scev_val_fig_0063,MA,1,1,1,1,1
scev_val_fig_0063,MCr,1,2,2,2,2
scev_val_fig_0063,MCu,1,4,4,4,4
scev_val_fig_0063,QLl,1,3,3,3,3
scev_val_fig_0063,QLq,1,3,3,3,3
scev_val_fig_0063,VL,1,3,3,3,3
scev_val_fig_0063,VO,1,2,2,2,2
scev_val_fig_0064,AS,1,3,3,3,3
scev_val_fig_0064,AT,1,3,3,3,3
scev_val_fig_0064,CL,1,3,3,3,3
scev_val_fig_0064,GS,1,4,4,4,4
scev_val_fig_0064,KNf,1,1,1,1,1
scev_val_fig_0064,MA,1,3,3,3,3
scev_val_fig_0064,MCr,1,3,3,3,3
scev_val_fig_0064,MCu,1,3,3,3,3
scev_val_fig_0064,QLl,1,3,3,3,3
scev_val_fig_0064,QLq,1,1,1,1,1
scev_val_fig_0064,VL,1,2,2,2,2
scev_val_fig_0064,VO,1,2,2,2,2
scev_val_fig_0065,AS,1,3,3,3,3
scev_val_fig_0065,AT,1,3,3,3,3
scev_val_fig_0065,CL,1,2,2,2,2
scev_val_fig_0065,GS,1,5,5,5,5
scev_val_fig_0065,KNf,1,4,4,4,4
scev_val_fig_0065,MA,1,3,3,3,3
scev_val_fig_0065,MCr,1,3,3,3,3
scev_val_fig_0065,MCu,1,3,3,3,3
scev_val_fig_0065,QLl,1,3,3,3,3
scev_val_fig_0065,QLq,1,3,3,3,3
scev_val_fig_0065,VL,1,2,2,2,2
scev_val_fig_0065,VO,1,2,2,2,2
scev_val_fig_0066,AS,1,2,2,2,2
scev_val_fig_0066,AT,1,3,3,3,3
scev_val_fig_0066,CL,1,0,0,0,0
scev_val_fig_0066,GS,1,0,0,0,0
scev_val_fig_0066,KNf,1,1,1,1,1
scev_val_fig_0066,MA,1,3,3,3,3
scev_val_fig_0066,MCr,1,1,1,1,1
scev_val_fig_0066,MCu,1,1,1,1,1
scev_val_fig_0066,QLl,1,1,1,1,1
scev_val_fig_0066,QLq,1,2,2,2,2
scev_val_fig_0066,VL,1,2,2,2,2
scev_val_fig_0066,VO,1,1,1,1,1
scev_val_fig_0067,AS,1,2,2,2,2
scev_val_fig_0067,AT,1,3,3,3,3
scev_val_fig_0067,CL,1,0,0,0,0
scev_val_fig_0067,GS,1,0,0,0,0
scev_val_fig_0067,KNf,1,2,2,2,2
scev_val_fig_0067,MA,1,3,3,3,3
scev_val_fig_0067,MCr,1,1,1,1,1
scev_val_fig_0067,MCu,1,1,1,1,1
scev_val_fig_0067,QLl,1,1,1,1,1
scev_val_fig_0067,QLq,1,2,2,2,2
scev_val_fig_0067,VL,1,1,1,1,1
scev_val_fig_0067,VO,1,1,1,1,1
scev_val_fig_0069,AS,1,2,2,2,2
scev_val_fig_0069,AT,1,3,3,3,3
scev_val_fig_0069,CL,1,0,0,0,0
scev_val_fig_0069,GS,1,1,1,1,1
scev_val_fig_0069,KNf,1,0,0,0,0
scev_val_fig_0069,MA,1,1,1,1,1
scev_val_fig_0069,MCr,1,1,1,1,1
scev_val_fig_0069,MCu,1,0,0,0,0
scev_val_fig_0069,QLl,1,1,1,1,1
scev_val_fig_0069,QLq,1,1,1,1,1
scev_val_fig_0069,VL,1,2,2,2,2
scev_val_fig_0069,VO,1,1,1,1,1
scev_val_fig_0070,AS,1,1,1,1,1
scev_val_fig_0070,AT,1,3,3,3,3
scev_val_fig_0070,CL,1,1,1,1,1
scev_val_fig_0070,GS,1,1,1,1,1
scev_val_fig_0070,KNf,1,4,4,4,4
scev_val_fig_0070,MA,1,2,2,2,2
scev_val_fig_0070,MCr,1,2,2,2,2
scev_val_fig_0070,MCu,1,0,0,0,0
scev_val_fig_0070,QLl,1,1,1,1,1
scev_val_fig_0070,QLq,1,1,1,1,1
scev_val_fig_0070,VL,1,2,2,2,2
scev_val_fig_0070,VO,1,1,1,1,1
scev_val_fig_0071,AS,1,2,2,2,2
scev_val_fig_0071,AT,1,3,3,3,3
scev_val_fig_0071,CL,1,1,1,1,1
scev_val_fig_0071,GS,1,4,4,4,4
scev_val_fig_0071,KNf,1,4,4,4,4
scev_val_fig_0071,MA,1,3,3,3,3
scev_val_fig_0071,MCr,1,2,2,2,2
scev_val_fig_0071,MCu,1,2,2,2,2
scev_val_fig_0071,QLl,1,2,2,2,2
scev_val_fig_0071,QLq,1,2,2,2,2
scev_val_fig_0071,VL,1,2,2,2,2
scev_val_fig_0071,VO,1,2,2,2,2
scev_val_fig_0073,AS,1,3,3,3,3
scev_val_fig_0073,AT,1,3,3,3,3
scev_val_fig_0073,CL,1,1,1,1,1
scev_val_fig_0073,GS,1,2,2,2,2
scev_val_fig_0073,KNf,1,4,4,4,4
scev_val_fig_0073,MA,1,4,4,4,4
scev_val_fig_0073,MCr,1,3,3,3,3
scev_val_fig_0073,MCu,1,3,3,3,3
scev_val_fig_0073,QLl,1,1,1,1,1
scev_val_fig_0073,QLq,1,2,2,2,2
scev_val_fig_0073,VL,1,2,2,2,2
scev_val_fig_0073,VO,1,2,2,2,2
scev_val_fig_0074,AS,1,3,3,3,3
scev_val_fig_0074,AT,1,3,3,3,3
scev_val_fig_0074,CL,1,1,1,1,1
scev_val_fig_0074,GS,1,2,2,2,2
scev_val_fig_0074,KNf,1,2,2,2,2
scev_val_fig_0074,MA,1,4,4,4,4
scev_val_fig_0074,MCr,1,2,2,2,2
scev_val_fig_0074,MCu,1,3,3,3,3
scev_val_fig_0074,QLl,1,3,3,3,3
scev_val_fig_0074,QLq,1,2,2,2,2
scev_val_fig_0074,VL,1,2,2,2,2
scev_val_fig_0074,VO,1,2,2,2,2
scev_val_fig_0075,AS,1,2,2,2,2
scev_val_fig_0075,AT,1,3,3,3,3
scev_val_fig_0075,CL,1,3,3,3,3
scev_val_fig_0075,GS,1,2,2,2,2
scev_val_fig_0075,KNf,1,4,4,4,4
scev_val_fig_0075,MA,1,0,0,0,0
scev_val_fig_0075,MCr,1,1,1,1,1
scev_val_fig_0075,MCu,1,3,3,3,3
scev_val_fig_0075,QLl,1,1,1,1,1
scev_val_fig_0075,QLq,1,0,0,0,0
scev_val_fig_0075,VL,1,2,2,2,2
scev_val_fig_0075,VO,1,1,1,1,1
scev_val_fig_0076,AS,1,2,2,2,2
scev_val_fig_0076,AT,1,3,3,3,3
scev_val_fig_0076,CL,1,2,2,2,2
scev_val_fig_0076,GS,1,2,2,2,2
scev_val_fig_0076,KNf,1,5,5,5,5
scev_val_fig_0076,MA,1,0,0,0,0
scev_val_fig_0076,MCr,1,2,2,2,2
scev_val_fig_0076,MCu,1,3,3,3,3
scev_val_fig_0076,QLl,1,1,1,1,1
scev_val_fig_0076,QLq,1,0,0,0,0
scev_val_fig_0076,VL,1,2,2,2,2
scev_val_fig_0076,VO,1,1,1,1,1
scev_val_fig_0077,AS,1,2,2,2,2
scev_val_fig_0077,AT,1,3,3,3,3
scev_val_fig_0077,CL,1,1,1,1,1
scev_val_fig_0077,GS,1,2,2,2,2
scev_val_fig_0077,KNf,1,2,2,2,2
scev_val_fig_0077,MA,1,1,1,1,1
scev_val_fig_0077,MCr,1,1,1,1,1
scev_val_fig_0077,MCu,1,1,1,1,1
scev_val_fig_0077,QLl,1,1,1,1,1
scev_val_fig_0077,QLq,1,2,2,2,2
scev_val_fig_0077,VL,1,2,2,2,2
scev_val_fig_0077,VO,1,1,1,1,1
scev_val_fig_0078,AS,1,2,2,2,2
scev_val_fig_0078,AT,1,3,3,3,3
scev_val_fig_0078,CL,1,0,0,0,0
scev_val_fig_0078,GS,1,2,2,2,2
scev_val_fig_0078,KNf,1,1,1,1,1
scev_val_fig_0078,MA,1,1,1,1,1
scev_val_fig_0078,MCr,1,1,1,1,1
scev_val_fig_0078,MCu,1,1,1,1,1
scev_val_fig_0078,QLl,1,1,1,1,1
scev_val_fig_0078,QLq,1,1,1,1,1
scev_val_fig_0078,VL,1,2,2,2,2
scev_val_fig_0078,VO,1,1,1,1,1
scev_val_fig_0079,AS,1,2,2,2,2
scev_val_fig_0079,AT,1,3,3,3,3
scev_val_fig_0079,CL,1,1,1,1,1
scev_val_fig_0079,GS,1,2,2,2,2
scev_val_fig_0079,KNf,1,5,5,5,5
scev_val_fig_0079,MA,1,1,1,1,1
scev_val_fig_0079,MCr,1,2,2,2,2
scev_val_fig_0079,MCu,1,3,3,3,3
scev_val_fig_0079,QLl,1,2,2,2,2
scev_val_fig_0079,QLq,1,3,3,3,3
scev_val_fig_0079,VL,1,2,2,2,2
scev_val_fig_0079,VO,1,2,2,2,2
scev_val_fig_0080,AS,1,2,2,2,2
scev_val_fig_0080,AT,1,3,3,3,3
scev_val_fig_0080,CL,1,1,1,1,1
scev_val_fig_0080,GS,1,4,4,4,4
scev_val_fig_0080,KNf,1,4,4,4,4
scev_val_fig_0080,MA,1,0,0,0,0
scev_val_fig_0080,MCr,1,2,2,2,2
scev_val_fig_0080,MCu,1,3,3,3,3
scev_val_fig_0080,QLl,1,1,1,1,1
scev_val_fig_0080,QLq,1,1,1,1,1
scev_val_fig_0080,VL,1,2,2,2,2
scev_val_fig_0080,VO,1,1,1,1,1
scev_val_fig_0081,AS,1,2,2,2,2
scev_val_fig_0081,AT,1,3,3,3,3
scev_val_fig_0081,CL,1,1,1,1,1
scev_val_fig_0081,GS,1,2,2,2,2
scev_val_fig_0081,KNf,1,4,4,4,4
scev_val_fig_0081,MA,1,1,1,1,1
scev_val_fig_0081,MCr,1,2,2,2,2
scev_val_fig_0081,MCu,1,1,1,1,1
scev_val_fig_0081,QLl,1,1,1,1,1
scev_val_fig_0081,QLq,1,1,1,1,1
scev_val_fig_0081,VL,1,2,2,2,2
scev_val_fig_0081,VO,1,1,1,1,1
scev_val_fig_0093,AS,1,3,3,3,3
scev_val_fig_0093,AT,1,3,3,3,3
scev_val_fig_0093,CL,1,3,3,3,3
scev_val_fig_0093,GS,1,2,2,2,2
scev_val_fig_0093,KNf,1,2,2,2,2
scev_val_fig_0093,MA,1,3,3,3,3
scev_val_fig_0093,MCr,1,3,3,3,3
scev_val_fig_0093,MCu,1,3,3,3,3
scev_val_fig_0093,QLl,1,3,3,3,3
scev_val_fig_0093,QLq,1,2,2,2,2
scev_val_fig_0093,VL,1,2,2,2,2
scev_val_fig_0093,VO,1,2,2,2,2
scev_val_fig_0094,AS,1,3,3,3,3
scev_val_fig_0094,AT,1,3,3,3,3
scev_val_fig_0094,CL,1,2,2,2,2
scev_val_fig_0094,GS,1,2,2,2,2
scev_val_fig_0094,KNf,1,1,1,1,1
scev_val_fig_0094,MA,1,3,3,3,3
scev_val_fig_0094,MCr,1,3,3,3,3
scev_val_fig_0094,MCu,1,3,3,3,3
scev_val_fig_0094,QLl,1,3,3,3,3
scev_val_fig_0094,QLq,1,3,3,3,3
scev_val_fig_0094,VL,1,3,3,3,3
scev_val_fig_0094,VO,1,2,2,2,2
scev_val_fig_0096,AS,1,3,3,3,3
scev_val_fig_0096,AT,1,3,3,3,3
scev_val_fig_0096,CL,1,1,1,1,1
scev_val_fig_0096,GS,1,2,2,2,2
scev_val_fig_0096,KNf,1,1,1,1,1
scev_val_fig_0096,MA,1,4,4,4,4
scev_val_fig_0096,MCr,1,2,2,2,2
scev_val_fig_0096,MCu,1,2,2,2,2
scev_val_fig_0096,QLl,1,2,2,2,2
scev_val_fig_0096,QLq,1,2,2,2,2
scev_val_fig_0096,VL,1,2,2,2,2
scev_val_fig_0096,VO,1,2,2,2,2
scev_val_fig_0097,AS,1,2,2,2,2
scev_val_fig_0097,AT,1,3,3,3,3
scev_val_fig_0097,CL,1,0,0,0,0
scev_val_fig_0097,GS,1,0,0,0,0
scev_val_fig_0097,KNf,1,4,4,4,4
scev_val_fig_0097,MA,1,2,2,2,2
scev_val_fig_0097,MCr,1,2,2,2,2
scev_val_fig_0097,MCu,1,2,2,2,2
scev_val_fig_0097,QLl,1,2,2,2,2
scev_val_fig_0097,QLq,1,2,2,2,2
scev_val_fig_0097,VL,1,2,2,2,2
scev_val_fig_0097,VO,1,1,1,1,1
scev_val_fig_0098,AS,1,2,2,2,2
scev_val_fig_0098,AT,1,3,3,3,3
scev_val_fig_0098,CL,1,1,1,1,1
scev_val_fig_0098,GS,1,0,0,0,0
scev_val_fig_0098,KNf,1,4,4,4,4
scev_val_fig_0098,MA,1,2,2,2,2
scev_val_fig_0098,MCr,1,2,2,2,2
scev_val_fig_0098,MCu,1,2,2,2,2
scev_val_fig_0098,QLl,1,1,1,1,1
scev_val_fig_0098,QLq,1,2,2,2,2
scev_val_fig_0098,VL,1,2,2,2,2
scev_val_fig_0098,VO,1,1,1,1,1
scev_val_fig_0099,AS,1,2,2,2,2
scev_val_fig_0099,AT,1,3,3,3,3
scev_val_fig_0099,CL,1,1,1,1,1
scev_val_fig_0099,GS,1,2,2,2,2
scev_val_fig_0099,KNf,1,2,2,2,2
scev_val_fig_0099,MA,1,1,1,1,1
scev_val_fig_0099,MCr,1,1,1,1,1
scev_val_fig_0099,MCu,1,1,1,1,1
scev_val_fig_0099,QLl,1,1,1,1,1
scev_val_fig_0099,QLq,1,2,2,2,2
scev_val_fig_0099,VL,1,1,1,1,1
scev_val_fig_0099,VO,1,1,1,1,1
scev_val_fig_0100,AS,1,2,2,2,2
scev_val_fig_0100,AT,1,3,3,3,3
scev_val_fig_0100,CL,1,1,1,1,1
scev_val_fig_0100,GS,1,4,4,4,4
scev_val_fig_0100,KNf,1,1,1,1,1
scev_val_fig_0100,MA,1,1,1,1,1
scev_val_fig_0100,MCr,1,2,2,2,2
scev_val_fig_0100,MCu,1,1,1,1,1
scev_val_fig_0100,QLl,1,1,1,1,1
scev_val_fig_0100,QLq,1,2,2,2,2
scev_val_fig_0100,VL,1,2,2,2,2
scev_val_fig_0100,VO,1,1,1,1,1
scev_val_fig_0106,AS,1,3,3,3,3
scev_val_fig_0106,AT,1,3,3,3,3
scev_val_fig_0106,CL,1,1,1,1,1
scev_val_fig_0106,GS,1,2,2,2,2
scev_val_fig_0106,KNf,1,2,2,2,2
scev_val_fig_0106,MA,1,4,4,4,4
scev_val_fig_0106,MCr,1,1,1,1,1
scev_val_fig_0106,MCu,1,1,1,1,1
scev_val_fig_0106,QLl,1,1,1,1,1
scev_val_fig_0106,QLq,1,1,1,1,1
scev_val_fig_0106,VL,1,2,2,2,2
scev_val_fig_0106,VO,1,1,1,1,1
scev_val_fig_0109,AS,1,3,3,3,3
scev_val_fig_0109,AT,1,3,3,3,3
scev_val_fig_0109,CL,1,1,1,1,1
scev_val_fig_0109,GS,1,4,4,4,4
scev_val_fig_0109,KNf,1,1,1,1,1
scev_val_fig_0109,MA,1,1,1,1,1
scev_val_fig_0109,MCr,1,3,3,3,3
scev_val_fig_0109,MCu,1,3,3,3,3
scev_val_fig_0109,QLl,1,1,1,1,1
scev_val_fig_0109,QLq,1,2,2,2,2
scev_val_fig_0109,VL,1,4,4,4,4
scev_val_fig_0109,VO,1,2,2,2,2
scev_val_fig_0112,AS,1,2,2,2,2
scev_val_fig_0112,AT,1,3,3,3,3
scev_val_fig_0112,CL,1,0,0,0,0
scev_val_fig_0112,GS,1,2,2,2,2
scev_val_fig_0112,KNf,1,1,1,1,1
scev_val_fig_0112,MA,1,2,2,2,2
scev_val_fig_0112,MCr,1,3,3,3,3
scev_val_fig_0112,MCu,1,3,3,3,3
scev_val_fig_0112,QLl,1,1,1,1,1
scev_val_fig_0112,QLq,1,2,2,2,2
scev_val_fig_0112,VL,1,2,2,2,2
scev_val_fig_0112,VO,1,1,1,1,1
scev_val_fig_0113,AS,1,2,2,2,2
scev_val_fig_0113,AT,1,3,3,3,3
scev_val_fig_0113,CL,1,1,1,1,1
scev_val_fig_0113,GS,1,2,2,2,2
scev_val_fig_0113,KNf,1,2,2,2,2
scev_val_fig_0113,MA,1,1,1,1,1
scev_val_fig_0113,MCr,1,1,1,1,1
scev_val_fig_0113,MCu,1,1,1,1,1
scev_val_fig_0113,QLl,1,2,2,2,2
scev_val_fig_0113,QLq,1,2,2,2,2
scev_val_fig_0113,VL,1,2,2,2,2
scev_val_fig_0113,VO,1,1,1,1,1
scev_val_fig_0114,AS,1,3,3,3,3
scev_val_fig_0114,AT,1,3,3,3,3
scev_val_fig_0114,CL,1,0,0,0,0
scev_val_fig_0114,GS,1,2,2,2,2
scev_val_fig_0114,KNf,1,2,2,2,2
scev_val_fig_0114,MA,1,1,1,1,1
scev_val_fig_0114,MCr,1,2,2,2,2
scev_val_fig_0114,MCu,1,3,3,3,3
scev_val_fig_0114,QLl,1,2,2,2,2
scev_val_fig_0114,QLq,1,1,1,1,1
scev_val_fig_0114,VL,1,2,2,2,2
scev_val_fig_0114,VO,1,1,1,1,1
scev_val_fig_0116,AS,1,2,2,2,2
scev_val_fig_0116,AT,1,2,2,2,2
scev_val_fig_0116,CL,1,1,1,1,1
scev_val_fig_0116,GS,1,1,1,1,1
scev_val_fig_0116,KNf,1,2,2,2,2
scev_val_fig_0116,MA,1,4,4,4,4
scev_val_fig_0116,MCr,1,2,2,2,2
scev_val_fig_0116,MCu,1,1,1,1,1
scev_val_fig_0116,QLl,1,1,1,1,1
scev_val_fig_0116,QLq,1,2,2,2,2
scev_val_fig_0116,VL,1,0,0,0,0
scev_val_fig_0116,VO,1,1,1,1,1
scev_val_fig_0117,AS,1,2,2,2,2
scev_val_fig_0117,AT,1,3,3,3,3
scev_val_fig_0117,CL,1,1,1,1,1
scev_val_fig_0117,GS,1,3,3,3,3
scev_val_fig_0117,KNf,1,2,2,2,2
scev_val_fig_0117,MA,1,1,1,1,1
scev_val_fig_0117,MCr,1,2,2,2,2
scev_val_fig_0117,MCu,1,1,1,1,1
scev_val_fig_0117,QLl,1,1,1,1,1
scev_val_fig_0117,QLq,1,2,2,2,2
scev_val_fig_0117,VL,1,4,4,4,4
scev_val_fig_0117,VO,1,2,2,2,2
scev_val_fig_0118,AS,1,2,2,2,2
scev_val_fig_0118,AT,1,3,3,3,3
scev_val_fig_0118,CL,1,1,1,1,1
scev_val_fig_0118,GS,1,3,3,3,3
scev_val_fig_0118,KNf,1,2,2,2,2
scev_val_fig_0118,MA,1,0,0,0,0
scev_val_fig_0118,MCr,1,3,3,3,3
scev_val_fig_0118,MCu,1,2,2,2,2
scev_val_fig_0118,QLl,1,2,2,2,2
scev_val_fig_0118,QLq,1,1,1,1,1
scev_val_fig_0118,VL,1,4,4,4,4
scev_val_fig_0118,VO,1,1,1,1,1
scev_val_fig_0120,AS,1,3,3,3,3
scev_val_fig_0120,AT,1,3,3,3,3
scev_val_fig_0120,CL,1,1,1,1,1
scev_val_fig_0120,GS,1,2,2,2,2
scev_val_fig_0120,KNf,1,1,1,1,1
scev_val_fig_0120,MA,1,3,3,3,3
scev_val_fig_0120,MCr,1,2,2,2,2
scev_val_fig_0120,MCu,1,3,3,3,3
scev_val_fig_0120,QLl,1,1,1,1,1
scev_val_fig_0120,QLq,1,1,1,1,1
scev_val_fig_0120,VL,1,2,2,2,2
scev_val_fig_0120,VO,1,2,2,2,2
scev_val_fig_0121,AS,1,3,3,3,3
scev_val_fig_0121,AT,1,3,3,3,3
scev_val_fig_0121,CL,1,0,0,0,0
scev_val_fig_0121,GS,1,2,2,2,2
scev_val_fig_0121,KNf,1,1,1,1,1
scev_val_fig_0121,MA,1,4,4,4,4
scev_val_fig_0121,MCr,1,2,2,2,2
scev_val_fig_0121,MCu,1,3,3,3,3
scev_val_fig_0121,QLl,1,2,2,2,2
scev_val_fig_0121,QLq,1,2,2,2,2
scev_val_fig_0121,VL,1,3,3,3,3
scev_val_fig_0121,VO,1,2,2,2,2
scev_val_fig_0122,AS,1,3,3,3,3
scev_val_fig_0122,AT,1,3,3,3,3
scev_val_fig_0122,CL,1,0,0,0,0
scev_val_fig_0122,GS,1,1,1,1,1
scev_val_fig_0122,KNf,1,1,1,1,1
scev_val_fig_0122,MA,1,4,4,4,4
scev_val_fig_0122,MCr,1,2,2,2,2
scev_val_fig_0122,MCu,1,3,3,3,3
scev_val_fig_0122,QLl,1,3,3,3,3
scev_val_fig_0122,QLq,1,2,2,2,2
scev_val_fig_0122,VL,1,2,2,2,2
scev_val_fig_0122,VO,1,2,2,2,2
scev_val_fig_0123,AS,1,3,3,3,3
scev_val_fig_0123,AT,1,3,3,3,3
scev_val_fig_0123,CL,1,1,1,1,1
scev_val_fig_0123,GS,1,1,1,1,1
scev_val_fig_0123,KNf,1,0,0,0,0
scev_val_fig_0123,MA,1,4,4,4,4
scev_val_fig_0123,MCr,1,3,3,3,3
scev_val_fig_0123,MCu,1,2,2,2,2
scev_val_fig_0123,QLl,1,2,2,2,2
scev_val_fig_0123,QLq,1,2,2,2,2
scev_val_fig_0123,VL,1,2,2,2,2
scev_val_fig_0123,VO,1,2,2,2,2
scev_val_fig_0124,AS,1,2,2,2,2
scev_val_fig_0124,AT,1,3,3,3,3
scev_val_fig_0124,CL,1,0,0,0,0
scev_val_fig_0124,GS,1,0,0,0,0
scev_val_fig_0124,KNf,1,1,1,1,1
scev_val_fig_0124,MA,1,1,1,1,1
scev_val_fig_0124,MCr,1,2,2,2,2
scev_val_fig_0124,MCu,1,1,1,1,1
scev_val_fig_0124,QLl,1,1,1,1,1
scev_val_fig_0124,QLq,1,1,1,1,1
scev_val_fig_0124,VL,1,2,2,2,2
scev_val_fig_0124,VO,1,2,2,2,2
scev_val_fig_0125,AS,1,3,3,3,3
scev_val_fig_0125,AT,1,3,3,3,3
scev_val_fig_0125,CL,1,0,0,0,0
scev_val_fig_0125,GS,1,0,0,0,0
scev_val_fig_0125,KNf,1,0,0,0,0
scev_val_fig_0125,MA,1,0,0,0,0
scev_val_fig_0125,MCr,1,2,2,2,2
scev_val_fig_0125,MCu,1,3,3,3,3
scev_val_fig_0125,QLl,1,1,1,1,1
scev_val_fig_0125,QLq,1,1,1,1,1
scev_val_fig_0125,VL,1,2,2,2,2
scev_val_fig_0125,VO,1,1,1,1,1
scev_val_fig_0126,AS,1,2,2,2,2
scev_val_fig_0126,AT,1,3,3,3,3
scev_val_fig_0126,CL,1,0,0,0,0
scev_val_fig_0126,GS,1,0,0,0,0
scev_val_fig_0126,KNf,1,0,0,0,0
scev_val_fig_0126,MA,1,1,1,1,1
scev_val_fig_0126,MCr,1,2,2,2,2
scev_val_fig_0126,MCu,1,1,1,1,1
scev_val_fig_0126,QLl,1,2,2,2,2
scev_val_fig_0126,QLq,1,2,2,2,2
scev_val_fig_0126,VL,1,2,2,2,2
scev_val_fig_0126,VO,1,2,2,2,2
scev_val_fig_0127,AS,1,2,2,2,2
scev_val_fig_0127,AT,1,3,3,3,3
scev_val_fig_0127,CL,1,1,1,1,1
scev_val_fig_0127,GS,1,0,0,0,0
scev_val_fig_0127,KNf,1,1,1,1,1
scev_val_fig_0127,MA,1,3,3,3,3
scev_val_fig_0127,MCr,1,2,2,2,2
scev_val_fig_0127,MCu,1,2,2,2,2
scev_val_fig_0127,QLl,1,2,2,2,2
scev_val_fig_0127,QLq,1,2,2,2,2
scev_val_fig_0127,VL,1,2,2,2,2
scev_val_fig_0127,VO,1,2,2,2,2
scev_val_fig_0128,AS,1,2,2,2,2
scev_val_fig_0128,AT,1,3,3,3,3
scev_val_fig_0128,CL,1,1,1,1,1
scev_val_fig_0128,GS,1,0,0,0,0
scev_val_fig_0128,KNf,1,1,1,1,1
scev_val_fig_0128,MA,1,3,3,3,3
scev_val_fig_0128,MCr,1,2,2,2,2
scev_val_fig_0128,MCu,1,2,2,2,2
scev_val_fig_0128,QLl,1,2,2,2,2
scev_val_fig_0128,QLq,1,2,2,2,2
scev_val_fig_0128,VL,1,2,2,2,2
scev_val_fig_0128,VO,1,2,2,2,2
scev_val_fig_0129,AS,1,2,2,2,2
scev_val_fig_0129,AT,1,3,3,3,3
scev_val_fig_0129,CL,1,2,2,2,2
scev_val_fig_0129,GS,1,4,4,4,4
scev_val_fig_0129,KNf,1,3,3,3,3
scev_val_fig_0129,MA,1,0,0,0,0
scev_val_fig_0129,MCr,1,2,2,2,2
scev_val_fig_0129,MCu,1,2,2,2,2
scev_val_fig_0129,QLl,1,2,2,2,2
scev_val_fig_0129,QLq,1,1,1,1,1
scev_val_fig_0129,VL,1,3,3,3,3
scev_val_fig_0129,VO,1,1,1,1,1
scev_val_fig_0130,AS,1,3,3,3,3
scev_val_fig_0130,AT,1,3,3,3,3
scev_val_fig_0130,CL,1,1,1,1,1
scev_val_fig_0130,GS,1,2,2,2,2
scev_val_fig_0130,KNf,1,2,2,2,2
scev_val_fig_0130,MA,1,4,4,4,4
scev_val_fig_0130,MCr,1,2,2,2,2
scev_val_fig_0130,MCu,1,3,3,3,3
scev_val_fig_0130,QLl,1,2,2,2,2
scev_val_fig_0130,QLq,1,1,1,1,1
scev_val_fig_0130,VL,1,2,2,2,2
scev_val_fig_0130,VO,1,2,2,2,2
scev_val_fig_0131,AS,1,3,3,3,3
scev_val_fig_0131,AT,1,3,3,3,3
scev_val_fig_0131,CL,1,2,2,2,2
scev_val_fig_0131,GS,1,5,5,5,5
scev_val_fig_0131,KNf,1,4,4,4,4
scev_val_fig_0131,MA,1,4,4,4,4
scev_val_fig_0131,MCr,1,2,2,2,2
scev_val_fig_0131,MCu,1,3,3,3,3
scev_val_fig_0131,QLl,1,1,1,1,1
scev_val_fig_0131,QLq,1,1,1,1,1
scev_val_fig_0131,VL,1,2,2,2,2
scev_val_fig_0131,VO,1,2,2,2,2
scev_val_fig_0137,AS,1,3,3,3,3
scev_val_fig_0137,AT,1,3,3,3,3
scev_val_fig_0137,CL,1,2,2,2,2
scev_val_fig_0137,GS,1,2,2,2,2
scev_val_fig_0137,KNf,1,1,1,1,1
scev_val_fig_0137,MA,1,2,2,2,2
scev_val_fig_0137,MCr,1,2,2,2,2
scev_val_fig_0137,MCu,1,2,2,2,2
scev_val_fig_0137,QLl,1,3,3,3,3
scev_val_fig_0137,QLq,1,2,2,2,2
scev_val_fig_0137,VL,1,2,2,2,2
scev_val_fig_0137,VO,1,1,1,1,1
scev_val_fig_0138,AS,1,3,3,3,3
scev_val_fig_0138,AT,1,3,3,3,3
scev_val_fig_0138,CL,1,1,1,1,1
scev_val_fig_0138,GS,1,2,2,2,2
scev_val_fig_0138,KNf,1,2,2,2,2
scev_val_fig_0138,MA,1,2,2,2,2
scev_val_fig_0138,MCr,1,1,1,1,1
scev_val_fig_0138,MCu,1,3,3,3,3
scev_val_fig_0138,QLl,1,3,3,3,3
scev_val_fig_0138,QLq,1,2,2,2,2
scev_val_fig_0138,VL,1,2,2,2,2
scev_val_fig_0138,VO,1,2,2,2,2
scev_val_fig_0139,AS,1,2,2,2,2
scev_val_fig_0139,AT,1,3,3,3,3
scev_val_fig_0139,CL,1,1,1,1,1
scev_val_fig_0139,GS,1,2,2,2,2
scev_val_fig_0139,KNf,1,1,1,1,1
scev_val_fig_0139,MA,1,3,3,3,3
scev_val_fig_0139,MCr,1,1,1,1,1
scev_val_fig_0139,MCu,1,1,1,1,1
scev_val_fig_0139,QLl,1,2,2,2,2
scev_val_fig_0139,QLq,1,2,2,2,2
scev_val_fig_0139,VL,1,2,2,2,2
scev_val_fig_0139,VO,1,1,1,1,1
scev_val_fig_0140,AS,1,2,2,2,2
scev_val_fig_0140,AT,1,3,3,3,3
scev_val_fig_0140,CL,1,1,1,1,1
scev_val_fig_0140,GS,1,0,0,0,0
scev_val_fig_0140,KNf,1,1,1,1,1
scev_val_fig_0140,MA,1,1,1,1,1
scev_val_fig_0140,MCr,1,3,3,3,3
scev_val_fig_0140,MCu,1,2,2,2,2
scev_val_fig_0140,QLl,1,1,1,1,1
scev_val_fig_0140,QLq,1,2,2,2,2
scev_val_fig_0140,VL,1,2,2,2,2
scev_val_fig_0140,VO,1,1,1,1,1
scev_val_fig_0141,AS,1,2,2,2,2
scev_val_fig_0141,AT,1,3,3,3,3
scev_val_fig_0141,CL,1,2,2,2,2
scev_val_fig_0141,GS,1,1,1,1,1
scev_val_fig_0141,KNf,1,4,4,4,4
scev_val_fig_0141,MA,1,0,0,0,0
scev_val_fig_0141,MCr,1,1,1,1,1
scev_val_fig_0141,MCu,1,1,1,1,1
scev_val_fig_0141,QLl,1,1,1,1,1
scev_val_fig_0141,QLq,1,2,2,2,2
scev_val_fig_0141,VL,1,1,1,1,1
scev_val_fig_0141,VO,1,1,1,1,1
scev_val_fig_0142,AS,1,2,2,2,2
scev_val_fig_0142,AT,1,3,3,3,3
scev_val_fig_0142,CL,1,3,3,3,3
scev_val_fig_0142,GS,1,3,3,3,3
scev_val_fig_0142,KNf,1,4,4,4,4
scev_val_fig_0142,MA,1,3,3,3,3
scev_val_fig_0142,MCr,1,2,2,2,2
scev_val_fig_0142,MCu,1,3,3,3,3
scev_val_fig_0142,QLl,1,3,3,3,3
scev_val_fig_0142,QLq,1,3,3,3,3
scev_val_fig_0142,VL,1,2,2,2,2
scev_val_fig_0142,VO,1,2,2,2,2
scev_val_fig_0144,AS,1,3,3,3,3
scev_val_fig_0144,AT,1,3,3,3,3
scev_val_fig_0144,CL,1,0,0,0,0
scev_val_fig_0144,GS,1,0,0,0,0
scev_val_fig_0144,KNf,1,1,1,1,1
scev_val_fig_0144,MA,1,3,3,3,3
scev_val_fig_0144,MCr,1,2,2,2,2
scev_val_fig_0144,MCu,1,1,1,1,1
scev_val_fig_0144,QLl,1,2,2,2,2
scev_val_fig_0144,QLq,1,2,2,2,2
scev_val_fig_0144,VL,1,1,1,1,1
scev_val_fig_0144,VO,1,1,1,1,1
scev_val_fig_0145,AS,1,3,3,3,3
scev_val_fig_0145,AT,1,3,3,3,3
scev_val_fig_0145,CL,1,1,1,1,1
scev_val_fig_0145,GS,1,2,2,2,2
scev_val_fig_0145,KNf,1,2,2,2,2
scev_val_fig_0145,MA,1,2,2,2,2
scev_val_fig_0145,MCr,1,3,3,3,3
scev_val_fig_0145,MCu,1,3,3,3,3
scev_val_fig_0145,QLl,1,1,1,1,1
scev_val_fig_0145,QLq,1,2,2,2,2
scev_val_fig_0145,VL,1,2,2,2,2
scev_val_fig_0145,VO,1,1,1,1,1
scev_val_fig_0146,AS,1,2,2,2,2
scev_val_fig_0146,AT,1,3,3,3,3
scev_val_fig_0146,CL,1,0,0,0,0
scev_val_fig_0146,GS,1,0,0,0,0
scev_val_fig_0146,KNf,1,2,2,2,2
scev_val_fig_0146,MA,1,0,0,0,0
scev_val_fig_0146,MCr,1,2,2,2,2
scev_val_fig_0146,MCu,1,3,3,3,3
scev_val_fig_0146,QLl,1,1,1,1,1
scev_val_fig_0146,QLq,1,2,2,2,2
scev_val_fig_0146,VL,1,3,3,3,3
scev_val_fig_0146,VO,1,1,1,1,1
scev_val_fig_0147,AS,1,2,2,2,2
scev_val_fig_0147,AT,1,3,3,3,3
scev_val_fig_0147,CL,1,1,1,1,1
scev_val_fig_0147,GS,1,1,1,1,1
scev_val_fig_0147,KNf,1,2,2,2,2
scev_val_fig_0147,MA,1,1,1,1,1
scev_val_fig_0147,MCr,1,1,1,1,1
scev_val_fig_0147,MCu,1,1,1,1,1
scev_val_fig_0147,QLl,1,1,1,1,1
scev_val_fig_0147,QLq,1,1,1,1,1
scev_val_fig_0147,VL,1,2,2,2,2
scev_val_fig_0147,VO,1,1,1,1,1
scev_val_fig_0148,AS,1,2,2,2,2
scev_val_fig_0148,AT,1,3,3,3,3
scev_val_fig_0148,CL,1,1,1,1,1
scev_val_fig_0148,GS,1,1,1,1,1
scev_val_fig_0148,KNf,1,3,3,3,3
scev_val_fig_0148,MA,1,4,4,4,4
scev_val_fig_0148,MCr,1,1,1,1,1
scev_val_fig_0148,MCu,1,2,2,2,2
scev_val_fig_0148,QLl,1,1,1,1,1
scev_val_fig_0148,QLq,1,1,1,1,1
scev_val_fig_0148,VL,1,2,2,2,2
scev_val_fig_0148,VO,1,1,1,1,1
scev_val_fig_0154,AS,1,2,2,2,2
scev_val_fig_0154,AT,1,3,3,3,3
scev_val_fig_0154,CL,1,1,1,1,1
scev_val_fig_0154,GS,1,1,1,1,1
scev_val_fig_0154,KNf,1,1,1,1,1
scev_val_fig_0154,MA,1,3,3,3,3
scev_val_fig_0154,MCr,1,3,3,3,3
scev_val_fig_0154,MCu,1,3,3,3,3
scev_val_fig_0154,QLl,1,2,2,2,2
scev_val_fig_0154,QLq,1,2,2,2,2
scev_val_fig_0154,VL,1,5,5,5,5
scev_val_fig_0154,VO,1,2,2,2,2
scev_val_fig_0155,AS,1,2,2,2,2
scev_val_fig_0155,AT,1,3,3,3,3
scev_val_fig_0155,CL,1,0,0,0,0
scev_val_fig_0155,GS,1,0,0,0,0
scev_val_fig_0155,KNf,1,1,1,1,1
scev_val_fig_0155,MA,1,3,3,3,3
scev_val_fig_0155,MCr,1,3,3,3,3
scev_val_fig_0155,MCu,1,3,3,3,3
scev_val_fig_0155,QLl,1,3,3,3,3
scev_val_fig_0155,QLq,1,2,2,2,2
scev_val_fig_0155,VL,1,2,2,2,2
scev_val_fig_0155,VO,1,2,2,2,2
scev_val_fig_0156,AS,1,3,3,3,3
scev_val_fig_0156,AT,1,3,3,3,3
scev_val_fig_0156,CL,1,2,2,2,2
scev_val_fig_0156,GS,1,0,0,0,0
scev_val_fig_0156,KNf,1,1,1,1,1
scev_val_fig_0156,MA,1,3,3,3,3
scev_val_fig_0156,MCr,1,3,3,3,3
scev_val_fig_0156,MCu,1,3,3,3,3
scev_val_fig_0156,QLl,1,3,3,3,3
scev_val_fig_0156,QLq,1,2,2,2,2
scev_val_fig_0156,VL,1,2,2,2,2
scev_val_fig_0156,VO,1,1,1,1,1
scev_val_fig_0158,AS,1,2,2,2,2
scev_val_fig_0158,AT,1,3,3,3,3
scev_val_fig_0158,CL,1,1,1,1,1
scev_val_fig_0158,GS,1,0,0,0,0
scev_val_fig_0158,KNf,1,1,1,1,1
scev_val_fig_0158,MA,1,1,1,1,1
scev_val_fig_0158,MCr,1,1,1,1,1
scev_val_fig_0158,MCu,1,2,2,2,2
scev_val_fig_0158,QLl,1,2,2,2,2
scev_val_fig_0158,QLq,1,1,1,1,1
scev_val_fig_0158,VL,1,2,2,2,2
scev_val_fig_0158,VO,1,2,2,2,2
scev_val_fig_0159,AS,1,2,2,2,2
scev_val_fig_0159,AT,1,3,3,3,3
scev_val_fig_0159,CL,1,0,0,0,0
scev_val_fig_0159,GS,1,0,0,0,0
scev_val_fig_0159,KNf,1,1,1,1,1
scev_val_fig_0159,MA,1,1,1,1,1
scev_val_fig_0159,MCr,1,2,2,2,2
scev_val_fig_0159,MCu,1,1,1,1,1
scev_val_fig_0159,QLl,1,3,3,3,3
scev_val_fig_0159,QLq,1,1,1,1,1
scev_val_fig_0159,VL,1,2,2,2,2
scev_val_fig_0159,VO,1,2,2,2,2
scev_val_fig_0160,AS,1,3,3,3,3
scev_val_fig_0160,AT,1,3,3,3,3
scev_val_fig_0160,CL,1,1,1,1,1
scev_val_fig_0160,GS,1,2,2,2,2
scev_val_fig_0160,KNf,1,1,1,1,1
scev_val_fig_0160,MA,1,4,4,4,4
scev_val_fig_0160,MCr,1,2,2,2,2
scev_val_fig_0160,MCu,1,3,3,3,3
scev_val_fig_0160,QLl,1,2,2,2,2
scev_val_fig_0160,QLq,1,2,2,2,2
scev_val_fig_0160,VL,1,2,2,2,2
scev_val_fig_0160,VO,1,2,2,2,2
scev_val_fig_0161,AS,1,3,3,3,3
scev_val_fig_0161,AT,1,3,3,3,3
scev_val_fig_0161,CL,1,2,2,2,2
scev_val_fig_0161,GS,1,2,2,2,2
scev_val_fig_0161,KNf,1,2,2,2,2
scev_val_fig_0161,MA,1,4,4,4,4
scev_val_fig_0161,MCr,1,2,2,2,2
scev_val_fig_0161,MCu,1,3,3,3,3
scev_val_fig_0161,QLl,1,1,1,1,1
scev_val_fig_0161,QLq,1,2,2,2,2
scev_val_fig_0161,VL,1,2,2,2,2
scev_val_fig_0161,VO,1,2,2,2,2
scev_val_fig_0163,AS,1,2,2,2,2
scev_val_fig_0163,AT,1,3,3,3,3
scev_val_fig_0163,CL,1,2,2,2,2
scev_val_fig_0163,GS,1,0,0,0,0
scev_val_fig_0163,KNf,1,3,3,3,3
scev_val_fig_0163,MA,1,1,1,1,1
scev_val_fig_0163,MCr,1,2,2,2,2
scev_val_fig_0163,MCu,1,2,2,2,2
scev_val_fig_0163,QLl,1,3,3,3,3
scev_val_fig_0163,QLq,1,2,2,2,2
scev_val_fig_0163,VL,1,2,2,2,2
scev_val_fig_0163,VO,1,1,1,1,1
scev_val_fig_0165,AS,1,2,2,2,2
scev_val_fig_0165,AT,1,3,3,3,3
scev_val_fig_0165,CL,1,1,1,1,1
scev_val_fig_0165,GS,1,1,1,1,1
scev_val_fig_0165,KNf,1,1,1,1,1
scev_val_fig_0165,MA,1,3,3,3,3
scev_val_fig_0165,MCr,1,3,3,3,3
scev_val_fig_0165,MCu,1,2,2,2,2
scev_val_fig_0165,QLl,1,2,2,2,2
scev_val_fig_0165,QLq,1,2,2,2,2
scev_val_fig_0165,VL,1,2,2,2,2
scev_val_fig_0165,VO,1,2,2,2,2
scev_val_fig_0167,AS,1,1,1,1,1
scev_val_fig_0167,AT,1,3,3,3,3
scev_val_fig_0167,CL,1,1,1,1,1
scev_val_fig_0167,GS,1,1,1,1,1
scev_val_fig_0167,KNf,1,2,2,2,2
scev_val_fig_0167,MA,1,0,0,0,0
scev_val_fig_0167,MCr,1,1,1,1,1
scev_val_fig_0167,MCu,1,1,1,1,1
scev_val_fig_0167,QLl,1,1,1,1,1
scev_val_fig_0167,QLq,1,2,2,2,2
scev_val_fig_0167,VL,1,1,1,1,1
scev_val_fig_0167,VO,1,1,1,1,1
scev_val_fig_0168,AS,1,2,2,2,2
scev_val_fig_0168,AT,1,3,3,3,3
scev_val_fig_0168,CL,1,1,1,1,1
scev_val_fig_0168,GS,1,4,4,4,4
scev_val_fig_0168,KNf,1,3,3,3,3
scev_val_fig_0168,MA,1,3,3,3,3
scev_val_fig_0168,MCr,1,2,2,2,2
scev_val_fig_0168,MCu,1,1,1,1,1
scev_val_fig_0168,QLl,1,1,1,1,1
scev_val_fig_0168,QLq,1,1,1,1,1
scev_val_fig_0168,VL,1,2,2,2,2
scev_val_fig_0168,VO,1,1,1,1,1
scev_val_fig_0169,AS,1,2,2,2,2
scev_val_fig_0169,AT,1,3,3,3,3
scev_val_fig_0169,CL,1,0,0,0,0
scev_val_fig_0169,GS,1,0,0,0,0
scev_val_fig_0169,KNf,1,1,1,1,1
scev_val_fig_0169,MA,1,0,0,0,0
scev_val_fig_0169,MCr,1,2,2,2,2
scev_val_fig_0169,MCu,1,3,3,3,3
scev_val_fig_0169,QLl,1,1,1,1,1
scev_val_fig_0169,QLq,1,2,2,2,2
scev_val_fig_0169,VL,1,4,4,4,4
scev_val_fig_0169,VO,1,1,1,1,1
scev_val_fig_0171,AS,1,3,3,3,3
scev_val_fig_0171,AT,1,3,3,3,3
scev_val_fig_0171,CL,1,0,0,0,0
scev_val_fig_0171,GS,1,0,0,0,0
scev_val_fig_0171,KNf,1,2,2,2,2
scev_val_fig_0171,MA,1,4,4,4,4
scev_val_fig_0171,MCr,1,1,1,1,1
scev_val_fig_0171,MCu,1,1,1,1,1
scev_val_fig_0171,QLl,1,2,2,2,2
scev_val_fig_0171,QLq,1,2,2,2,2
scev_val_fig_0171,VL,1,2,2,2,2
scev_val_fig_0171,VO,1,1,1,1,1
scev_val_fig_0173,AS,1,1,1,1,1
scev_val_fig_0173,AT,1,3,3,3,3
scev_val_fig_0173,CL,1,0,0,0,0
scev_val_fig_0173,GS,1,0,0,0,0
scev_val_fig_0173,KNf,1,1,1,1,1
scev_val_fig_0173,MA,1,1,1,1,1
scev_val_fig_0173,MCr,1,1,1,1,1
scev_val_fig_0173,MCu,1,1,1,1,1
scev_val_fig_0173,QLl,1,1,1,1,1
scev_val_fig_0173,QLq,1,2,2,2,2
scev_val_fig_0173,VL,1,2,2,2,2
scev_val_fig_0173,VO,1,1,1,1,1
scev_val_fig_0174,AS,1,2,2,2,2
scev_val_fig_0174,AT,1,3,3,3,3
scev_val_fig_0174,CL,1,0,0,0,0
scev_val_fig_0174,GS,1,0,0,0,0
scev_val_fig_0174,KNf,1,1,1,1,1
scev_val_fig_0174,MA,1,1,1,1,1
scev_val_fig_0174,MCr,1,1,1,1,1
scev_val_fig_0174,MCu,1,1,1,1,1
scev_val_fig_0174,QLl,1,1,1,1,1
scev_val_fig_0174,QLq,1,1,1,1,1
scev_val_fig_0174,VL,1,3,3,3,3
scev_val_fig_0174,VO,1,1,1,1,1
scev_val_fig_0175,AS,1,2,2,2,2
scev_val_fig_0175,AT,1,3,3,3,3
scev_val_fig_0175,CL,1,0,0,0,0
scev_val_fig_0175,GS,1,0,0,0,0
scev_val_fig_0175,KNf,1,1,1,1,1
scev_val_fig_0175,MA,1,4,4,4,4
scev_val_fig_0175,MCr,1,1,1,1,1
scev_val_fig_0175,MCu,1,1,1,1,1
scev_val_fig_0175,QLl,1,1,1,1,1
scev_val_fig_0175,QLq,1,2,2,2,2
scev_val_fig_0175,VL,1,1,1,1,1
scev_val_fig_0175,VO,1,1,1,1,1
scev_val_fig_0178,AS,1,2,2,2,2
scev_val_fig_0178,AT,1,3,3,3,3
scev_val_fig_0178,CL,1,1,1,1,1
scev_val_fig_0178,GS,1,0,0,0,0
scev_val_fig_0178,KNf,1,1,1,1,1
scev_val_fig_0178,MA,1,3,3,3,3
scev_val_fig_0178,MCr,1,2,2,2,2
scev_val_fig_0178,MCu,1,1,1,1,1
scev_val_fig_0178,QLl,1,2,2,2,2
scev_val_fig_0178,QLq,1,2,2,2,2
scev_val_fig_0178,VL,1,2,2,2,2
scev_val_fig_0178,VO,1,1,1,1,1
scev_val_fig_0179,AS,1,2,2,2,2
scev_val_fig_0179,AT,1,3,3,3,3
scev_val_fig_0179,CL,1,1,1,1,1
scev_val_fig_0179,GS,1,0,0,0,0
scev_val_fig_0179,KNf,1,1,1,1,1
scev_val_fig_0179,MA,1,3,3,3,3
scev_val_fig_0179,MCr,1,3,3,3,3
scev_val_fig_0179,MCu,1,1,1,1,1
scev_val_fig_0179,QLl,1,2,2,2,2
scev_val_fig_0179,QLq,1,2,2,2,2
scev_val_fig_0179,VL,1,4,4,4,4
scev_val_fig_0179,VO,1,1,1,1,1
scev_val_fig_0180,AS,1,3,3,3,3
scev_val_fig_0180,AT,1,3,3,3,3
scev_val_fig_0180,CL,1,0,0,0,0
scev_val_fig_0180,GS,1,2,2,2,2
scev_val_fig_0180,KNf,1,1,1,1,1
scev_val_fig_0180,MA,1,4,4,4,4
scev_val_fig_0180,MCr,1,2,2,2,2
scev_val_fig_0180,MCu,1,3,3,3,3
scev_val_fig_0180,QLl,1,2,2,2,2
scev_val_fig_0180,QLq,1,2,2,2,2
scev_val_fig_0180,VL,1,3,3,3,3
scev_val_fig_0180,VO,1,2,2,2,2
scev_val_fig_0181,AS,1,3,3,3,3
scev_val_fig_0181,AT,1,3,3,3,3
scev_val_fig_0181,CL,1,1,1,1,1
scev_val_fig_0181,GS,1,2,2,2,2
scev_val_fig_0181,KNf,1,0,0,0,0
scev_val_fig_0181,MA,1,4,4,4,4
scev_val_fig_0181,MCr,1,3,3,3,3
scev_val_fig_0181,MCu,1,2,2,2,2
scev_val_fig_0181,QLl,1,3,3,3,3
scev_val_fig_0181,QLq,1,1,1,1,1
scev_val_fig_0181,VL,1,2,2,2,2
scev_val_fig_0181,VO,1,2,2,2,2
scev_val_fig_0182,AS,1,3,3,3,3
scev_val_fig_0182,AT,1,3,3,3,3
scev_val_fig_0182,CL,1,1,1,1,1
scev_val_fig_0182,GS,1,3,3,3,3
scev_val_fig_0182,KNf,1,2,2,2,2
scev_val_fig_0182,MA,1,4,4,4,4
scev_val_fig_0182,MCr,1,2,2,2,2
scev_val_fig_0182,MCu,1,3,3,3,3
scev_val_fig_0182,QLl,1,3,3,3,3
scev_val_fig_0182,QLq,1,2,2,2,2
scev_val_fig_0182,VL,1,2,2,2,2
scev_val_fig_0182,VO,1,2,2,2,2
scev_val_fig_0183,AS,1,3,3,3,3
scev_val_fig_0183,AT,1,3,3,3,3
scev_val_fig_0183,CL,1,3,3,3,3
scev_val_fig_0183,GS,1,3,3,3,3
scev_val_fig_0183,KNf,1,0,0,0,0
scev_val_fig_0183,MA,1,3,3,3,3
scev_val_fig_0183,MCr,1,2,2,2,2
scev_val_fig_0183,MCu,1,3,3,3,3
scev_val_fig_0183,QLl,1,3,3,3,3
scev_val_fig_0183,QLq,1,1,1,1,1
scev_val_fig_0183,VL,1,2,2,2,2
scev_val_fig_0183,VO,1,2,2,2,2
scev_val_fig_0184,AS,1,1,1,1,1
scev_val_fig_0184,AT,1,3,3,3,3
scev_val_fig_0184,CL,1,0,0,0,0
scev_val_fig_0184,GS,1,0,0,0,0
scev_val_fig_0184,KNf,1,1,1,1,1
scev_val_fig_0184,MA,1,1,1,1,1
scev_val_fig_0184,MCr,1,1,1,1,1
scev_val_fig_0184,MCu,1,1,1,1,1
scev_val_fig_0184,QLl,1,1,1,1,1
scev_val_fig_0184,QLq,1,1,1,1,1
scev_val_fig_0184,VL,1,2,2,2,2
scev_val_fig_0184,VO,1,1,1,1,1
scev_val_fig_0186,AS,1,2,2,2,2
scev_val_fig_0186,AT,1,3,3,3,3
scev_val_fig_0186,CL,1,1,1,1,1
scev_val_fig_0186,GS,1,2,2,2,2
scev_val_fig_0186,KNf,1,1,1,1,1
scev_val_fig_0186,MA,1,3,3,3,3
scev_val_fig_0186,MCr,1,2,2,2,2
scev_val_fig_0186,MCu,1,3,3,3,3
scev_val_fig_0186,QLl,1,2,2,2,2
scev_val_fig_0186,QLq,1,2,2,2,2
scev_val_fig_0186,VL,1,4,4,4,4
scev_val_fig_0186,VO,1,1,1,1,1
scev_val_fig_0187,AS,1,2,2,2,2
scev_val_fig_0187,AT,1,3,3,3,3
scev_val_fig_0187,CL,1,0,0,0,0
scev_val_fig_0187,GS,1,0,0,0,0
scev_val_fig_0187,KNf,1,1,1,1,1
scev_val_fig_0187,MA,1,3,3,3,3
scev_val_fig_0187,MCr,1,2,2,2,2
scev_val_fig_0187,MCu,1,1,1,1,1
scev_val_fig_0187,QLl,1,1,1,1,1
scev_val_fig_0187,QLq,1,2,2,2,2
scev_val_fig_0187,VL,1,2,2,2,2
scev_val_fig_0187,VO,1,1,1,1,1
scev_val_fig_0188,AS,1,2,2,2,2
scev_val_fig_0188,AT,1,2,2,2,2
scev_val_fig_0188,CL,1,0,0,0,0
scev_val_fig_0188,GS,1,0,0,0,0
scev_val_fig_0188,KNf,1,1,1,1,1
scev_val_fig_0188,MA,1,4,4,4,4
scev_val_fig_0188,MCr,1,2,2,2,2
scev_val_fig_0188,MCu,1,1,1,1,1
scev_val_fig_0188,QLl,1,2,2,2,2
scev_val_fig_0188,QLq,1,2,2,2,2
scev_val_fig_0188,VL,1,2,2,2,2
scev_val_fig_0188,VO,1,2,2,2,2
scev_val_fig_0191,AS,1,3,3,3,3
scev_val_fig_0191,AT,1,3,3,3,3
scev_val_fig_0191,CL,1,0,0,0,0
scev_val_fig_0191,GS,1,2,2,2,2
scev_val_fig_0191,KNf,1,0,0,0,0
scev_val_fig_0191,MA,1,3,3,3,3
scev_val_fig_0191,MCr,1,2,2,2,2
scev_val_fig_0191,MCu,1,3,3,3,3
scev_val_fig_0191,QLl,1,2,2,2,2
scev_val_fig_0191,QLq,1,2,2,2,2
scev_val_fig_0191,VL,1,2,2,2,2
scev_val_fig_0191,VO,1,1,1,1,1
scev_val_fig_0197,AS,1,3,3,3,3
scev_val_fig_0197,AT,1,3,3,3,3
scev_val_fig_0197,CL,1,0,0,0,0
scev_val_fig_0197,GS,1,4,4,4,4
scev_val_fig_0197,KNf,1,4,4,4,4
scev_val_fig_0197,MA,1,0,0,0,0
scev_val_fig_0197,MCr,1,1,1,1,1
scev_val_fig_0197,MCu,1,1,1,1,1
scev_val_fig_0197,QLl,1,1,1,1,1
scev_val_fig_0197,QLq,1,2,2,2,2
scev_val_fig_0197,VL,1,2,2,2,2
scev_val_fig_0197,VO,1,1,1,1,1
scev_val_fig_0198,AS,1,3,3,3,3
scev_val_fig_0198,AT,1,3,3,3,3
scev_val_fig_0198,CL,1,1,1,1,1
scev_val_fig_0198,GS,1,4,4,4,4
scev_val_fig_0198,KNf,1,4,4,4,4
scev_val_fig_0198,MA,1,0,0,0,0
scev_val_fig_0198,MCr,1,2,2,2,2
scev_val_fig_0198,MCu,1,2,2,2,2
scev_val_fig_0198,QLl,1,1,1,1,1
scev_val_fig_0198,QLq,1,3,3,3,3
scev_val_fig_0198,VL,1,2,2,2,2
scev_val_fig_0198,VO,1,1,1,1,1
scev_val_fig_0199,AS,1,3,3,3,3
scev_val_fig_0199,AT,1,3,3,3,3
scev_val_fig_0199,CL,1,1,1,1,1
scev_val_fig_0199,GS,1,4,4,4,4
scev_val_fig_0199,KNf,1,4,4,4,4
scev_val_fig_0199,MA,1,3,3,3,3
scev_val_fig_0199,MCr,1,3,3,3,3
scev_val_fig_0199,MCu,1,3,3,3,3
scev_val_fig_0199,QLl,1,3,3,3,3
scev_val_fig_0199,QLq,1,2,2,2,2
scev_val_fig_0199,VL,1,2,2,2,2
scev_val_fig_0199,VO,1,1,1,1,1
scev_val_fig_0200,AS,1,3,3,3,3
scev_val_fig_0200,AT,1,3,3,3,3
scev_val_fig_0200,CL,1,1,1,1,1
scev_val_fig_0200,GS,1,0,0,0,0
scev_val_fig_0200,KNf,1,1,1,1,1
scev_val_fig_0200,MA,1,2,2,2,2
scev_val_fig_0200,MCr,1,2,2,2,2
scev_val_fig_0200,MCu,1,3,3,3,3
scev_val_fig_0200,QLl,1,2,2,2,2
scev_val_fig_0200,QLq,1,3,3,3,3
scev_val_fig_0200,VL,1,2,2,2,2
scev_val_fig_0200,VO,1,1,1,1,1
scev_val_fig_0201,AS,1,2,2,2,2
scev_val_fig_0201,AT,1,3,3,3,3
scev_val_fig_0201,CL,1,0,0,0,0
scev_val_fig_0201,GS,1,1,1,1,1
scev_val_fig_0201,KNf,1,1,1,1,1
scev_val_fig_0201,MA,1,3,3,3,3
scev_val_fig_0201,MCr,1,2,2,2,2
scev_val_fig_0201,MCu,1,3,3,3,3
scev_val_fig_0201,QLl,1,2,2,2,2
scev_val_fig_0201,QLq,1,3,3,3,3
scev_val_fig_0201,VL,1,2,2,2,2
scev_val_fig_0201,VO,1,1,1,1,1
scev_val_fig_0202,AS,1,3,3,3,3
scev_val_fig_0202,AT,1,3,3,3,3
scev_val_fig_0202,CL,1,0,0,0,0
scev_val_fig_0202,GS,1,0,0,0,0
scev_val_fig_0202,KNf,1,2,2,2,2
scev_val_fig_0202,MA,1,1,1,1,1
scev_val_fig_0202,MCr,1,3,3,3,3
scev_val_fig_0202,MCu,1,2,2,2,2
scev_val_fig_0202,QLl,1,1,1,1,1
scev_val_fig_0202,QLq,1,3,3,3,3
scev_val_fig_0202,VL,1,2,2,2,2
scev_val_fig_0202,VO,1,2,2,2,2
scev_val_fig_0205,AS,1,2,2,2,2
scev_val_fig_0205,AT,1,3,3,3,3
scev_val_fig_0205,CL,1,0,0,0,0
scev_val_fig_0205,GS,1,0,0,0,0
scev_val_fig_0205,KNf,1,1,1,1,1
scev_val_fig_0205,MA,1,3,3,3,3
scev_val_fig_0205,MCr,1,2,2,2,2
scev_val_fig_0205,MCu,1,3,3,3,3
scev_val_fig_0205,QLl,1,2,2,2,2
scev_val_fig_0205,QLq,1,2,2,2,2
scev_val_fig_0205,VL,1,2,2,2,2
scev_val_fig_0205,VO,1,1,1,1,1
scev_val_fig_0206,AS,1,2,2,2,2
scev_val_fig_0206,AT,1,3,3,3,3
scev_val_fig_0206,CL,1,0,0,0,0
scev_val_fig_0206,GS,1,0,0,0,0
scev_val_fig_0206,KNf,1,2,2,2,2
scev_val_fig_0206,MA,1,3,3,3,3
scev_val_fig_0206,MCr,1,2,2,2,2
scev_val_fig_0206,MCu,1,1,1,1,1
scev_val_fig_0206,QLl,1,1,1,1,1
scev_val_fig_0206,QLq,1,2,2,2,2
scev_val_fig_0206,VL,1,2,2,2,2
scev_val_fig_0206,VO,1,1,1,1,1
scev_val_fig_0207,AS,1,2,2,2,2
scev_val_fig_0207,AT,1,3,3,3,3
scev_val_fig_0207,CL,1,1,1,1,1
scev_val_fig_0207,GS,1,2,2,2,2
scev_val_fig_0207,KNf,1,1,1,1,1
scev_val_fig_0207,MA,1,3,3,3,3
scev_val_fig_0207,MCr,1,2,2,2,2
scev_val_fig_0207,MCu,1,2,2,2,2
scev_val_fig_0207,QLl,1,2,2,2,2
scev_val_fig_0207,QLq,1,2,2,2,2
scev_val_fig_0207,VL,1,4,4,4,4
scev_val_fig_0207,VO,1,2,2,2,2
scev_val_fig_0208,AS,1,3,3,3,3
scev_val_fig_0208,AT,1,3,3,3,3
scev_val_fig_0208,CL,1,0,0,0,0
scev_val_fig_0208,GS,1,0,0,0,0
scev_val_fig_0208,KNf,1,0,0,0,0
scev_val_fig_0208,MA,1,2,2,2,2
scev_val_fig_0208,MCr,1,1,1,1,1
scev_val_fig_0208,MCu,1,2,2,2,2
scev_val_fig_0208,QLl,1,1,1,1,1
scev_val_fig_0208,QLq,1,1,1,1,1
scev_val_fig_0208,VL,1,2,2,2,2
scev_val_fig_0208,VO,1,1,1,1,1
scev_val_fig_0209,AS,1,3,3,3,3
scev_val_fig_0209,AT,1,3,3,3,3
scev_val_fig_0209,CL,1,0,0,0,0
scev_val_fig_0209,GS,1,0,0,0,0
scev_val_fig_0209,KNf,1,1,1,1,1
scev_val_fig_0209,MA,1,2,2,2,2
scev_val_fig_0209,MCr,1,2,2,2,2
scev_val_fig_0209,MCu,1,2,2,2,2
scev_val_fig_0209,QLl,1,1,1,1,1
scev_val_fig_0209,QLq,1,1,1,1,1
scev_val_fig_0209,VL,1,2,2,2,2
scev_val_fig_0209,VO,1,1,1,1,1
scev_val_fig_0210,AS,1,3,3,3,3
scev_val_fig_0210,AT,1,3,3,3,3
scev_val_fig_0210,CL,1,0,0,0,0
scev_val_fig_0210,GS,1,0,0,0,0
scev_val_fig_0210,KNf,1,4,4,4,4
scev_val_fig_0210,MA,1,3,3,3,3
scev_val_fig_0210,MCr,1,2,2,2,2
scev_val_fig_0210,MCu,1,1,1,1,1
scev_val_fig_0210,QLl,1,1,1,1,1
scev_val_fig_0210,QLq,1,2,2,2,2
scev_val_fig_0210,VL,1,2,2,2,2
scev_val_fig_0210,VO,1,1,1,1,1
scev_val_fig_0215,AS,1,3,3,3,3
scev_val_fig_0215,AT,1,3,3,3,3
scev_val_fig_0215,CL,1,0,0,0,0
scev_val_fig_0215,GS,1,0,0,0,0
scev_val_fig_0215,KNf,1,1,1,1,1
scev_val_fig_0215,MA,1,2,2,2,2
scev_val_fig_0215,MCr,1,3,3,3,3
scev_val_fig_0215,MCu,1,3,3,3,3
scev_val_fig_0215,QLl,1,1,1,1,1
scev_val_fig_0215,QLq,1,2,2,2,2
scev_val_fig_0215,VL,1,4,4,4,4
scev_val_fig_0215,VO,1,2,2,2,2
scev_val_fig_0216,AS,1,3,3,3,3
scev_val_fig_0216,AT,1,3,3,3,3
scev_val_fig_0216,CL,1,0,0,0,0
scev_val_fig_0216,GS,1,0,0,0,0
scev_val_fig_0216,KNf,1,1,1,1,1
scev_val_fig_0216,MA,1,2,2,2,2
scev_val_fig_0216,MCr,1,3,3,3,3
scev_val_fig_0216,MCu,1,2,2,2,2
scev_val_fig_0216,QLl,1,1,1,1,1
scev_val_fig_0216,QLq,1,2,2,2,2
scev_val_fig_0216,VL,1,4,4,4,4
scev_val_fig_0216,VO,1,1,1,1,1
scev_val_fig_0217,AS,1,2,2,2,2
scev_val_fig_0217,AT,1,3,3,3,3
scev_val_fig_0217,CL,1,0,0,0,0
scev_val_fig_0217,GS,1,0,0,0,0
scev_val_fig_0217,KNf,1,0,0,0,0
scev_val_fig_0217,MA,1,0,0,0,0
scev_val_fig_0217,MCr,1,1,1,1,1
scev_val_fig_0217,MCu,1,1,1,1,1
scev_val_fig_0217,QLl,1,1,1,1,1
scev_val_fig_0217,QLq,1,1,1,1,1
scev_val_fig_0217,VL,1,2,2,2,2
scev_val_fig_0217,VO,1,1,1,1,1
scev_val_fig_0218,AS,1,3,3,3,3
scev_val_fig_0218,AT,1,3,3,3,3
scev_val_fig_0218,CL,1,0,0,0,0
scev_val_fig_0218,GS,1,0,0,0,0
scev_val_fig_0218,KNf,1,1,1,1,1
scev_val_fig_0218,MA,1,0,0,0,0
scev_val_fig_0218,MCr,1,3,3,3,3
scev_val_fig_0218,MCu,1,1,1,1,1
scev_val_fig_0218,QLl,1,1,1,1,1
scev_val_fig_0218,QLq,1,1,1,1,1
scev_val_fig_0218,VL,1,2,2,2,2
scev_val_fig_0218,VO,1,1,1,1,1
scev_val_fig_0219,AS,1,2,2,2,2
scev_val_fig_0219,AT,1,3,3,3,3
scev_val_fig_0219,CL,1,0,0,0,0
scev_val_fig_0219,GS,1,0,0,0,0
scev_val_fig_0219,KNf,1,1,1,1,1
scev_val_fig_0219,MA,1,0,0,0,0
scev_val_fig_0219,MCr,1,2,2,2,2
scev_val_fig_0219,MCu,1,2,2,2,2
scev_val_fig_0219,QLl,1,1,1,1,1
scev_val_fig_0219,QLq,1,1,1,1,1
scev_val_fig_0219,VL,1,2,2,2,2
scev_val_fig_0219,VO,1,1,1,1,1
scev_val_fig_0220,AS,1,2,2,2,2
scev_val_fig_0220,AT,1,3,3,3,3
scev_val_fig_0220,CL,1,1,1,1,1
scev_val_fig_0220,GS,1,0,0,0,0
scev_val_fig_0220,KNf,1,0,0,0,0
scev_val_fig_0220,MA,1,0,0,0,0
scev_val_fig_0220,MCr,1,3,3,3,3
scev_val_fig_0220,MCu,1,2,2,2,2
scev_val_fig_0220,QLl,1,1,1,1,1
scev_val_fig_0220,QLq,1,1,1,1,1
scev_val_fig_0220,VL,1,2,2,2,2
scev_val_fig_0220,VO,1,2,2,2,2
scev_val_fig_0224,AS,1,2,2,2,2
scev_val_fig_0224,AT,1,3,3,3,3
scev_val_fig_0224,CL,1,0,0,0,0
scev_val_fig_0224,GS,1,1,1,1,1
scev_val_fig_0224,KNf,1,1,1,1,1
scev_val_fig_0224,MA,1,1,1,1,1
scev_val_fig_0224,MCr,1,2,2,2,2
scev_val_fig_0224,MCu,1,2,2,2,2
scev_val_fig_0224,QLl,1,1,1,1,1
scev_val_fig_0224,QLq,1,2,2,2,2
scev_val_fig_0224,VL,1,2,2,2,2
scev_val_fig_0224,VO,1,1,1,1,1
scev_val_fig_0225,AS,1,2,2,2,2
scev_val_fig_0225,AT,1,3,3,3,3
scev_val_fig_0225,CL,1,0,0,0,0
scev_val_fig_0225,GS,1,0,0,0,0
scev_val_fig_0225,KNf,1,1,1,1,1
scev_val_fig_0225,MA,1,1,1,1,1
scev_val_fig_0225,MCr,1,2,2,2,2
scev_val_fig_0225,MCu,1,1,1,1,1
scev_val_fig_0225,QLl,1,1,1,1,1
scev_val_fig_0225,QLq,1,2,2,2,2
scev_val_fig_0225,VL,1,2,2,2,2
scev_val_fig_0225,VO,1,1,1,1,1
scev_val_fig_0226,AS,1,3,3,3,3
scev_val_fig_0226,AT,1,3,3,3,3
scev_val_fig_0226,CL,1,1,1,1,1
scev_val_fig_0226,GS,1,0,0,0,0
scev_val_fig_0226,KNf,1,2,2,2,2
scev_val_fig_0226,MA,1,2,2,2,2
scev_val_fig_0226,MCr,1,3,3,3,3
scev_val_fig_0226,MCu,1,3,3,3,3
scev_val_fig_0226,QLl,1,1,1,1,1
scev_val_fig_0226,QLq,1,2,2,2,2
scev_val_fig_0226,VL,1,2,2,2,2
scev_val_fig_0226,VO,1,2,2,2,2
scev_val_fig_0227,AS,1,2,2,2,2
scev_val_fig_0227,AT,1,3,3,3,3
scev_val_fig_0227,CL,1,1,1,1,1
scev_val_fig_0227,GS,1,2,2,2,2
scev_val_fig_0227,KNf,1,3,3,3,3
scev_val_fig_0227,MA,1,3,3,3,3
scev_val_fig_0227,MCr,1,1,1,1,1
scev_val_fig_0227,MCu,1,2,2,2,2
scev_val_fig_0227,QLl,1,1,1,1,1
scev_val_fig_0227,QLq,1,1,1,1,1
scev_val_fig_0227,VL,1,2,2,2,2
scev_val_fig_0227,VO,1,2,2,2,2
scev_val_fig_0228,AS,1,2,2,2,2
scev_val_fig_0228,AT,1,3,3,3,3
scev_val_fig_0228,CL,1,0,0,0,0
scev_val_fig_0228,GS,1,0,0,0,0
scev_val_fig_0228,KNf,1,1,1,1,1
scev_val_fig_0228,MA,1,4,4,4,4
scev_val_fig_0228,MCr,1,1,1,1,1
scev_val_fig_0228,MCu,1,1,1,1,1
scev_val_fig_0228,QLl,1,1,1,1,1
scev_val_fig_0228,QLq,1,2,2,2,2
scev_val_fig_0228,VL,1,2,2,2,2
scev_val_fig_0228,VO,1,1,1,1,1
scev_val_fig_0229,AS,1,3,3,3,3
scev_val_fig_0229,AT,1,3,3,3,3
scev_val_fig_0229,CL,1,0,0,0,0
scev_val_fig_0229,GS,1,0,0,0,0
scev_val_fig_0229,KNf,1,1,1,1,1
scev_val_fig_0229,MA,1,4,4,4,4
scev_val_fig_0229,MCr,1,2,2,2,2
scev_val_fig_0229,MCu,1,3,3,3,3
scev_val_fig_0229,QLl,1,1,1,1,1
scev_val_fig_0229,QLq,1,3,3,3,3
scev_val_fig_0229,VL,1,3,3,3,3
scev_val_fig_0229,VO,1,2,2,2,2
scev_val_fig_0230,AS,1,3,3,3,3
scev_val_fig_0230,AT,1,3,3,3,3
scev_val_fig_0230,CL,1,0,0,0,0
scev_val_fig_0230,GS,1,0,0,0,0
scev_val_fig_0230,KNf,1,1,1,1,1
scev_val_fig_0230,MA,1,4,4,4,4
scev_val_fig_0230,MCr,1,3,3,3,3
scev_val_fig_0230,MCu,1,3,3,3,3
scev_val_fig_0230,QLl,1,1,1,1,1
scev_val_fig_0230,QLq,1,2,2,2,2
scev_val_fig_0230,VL,1,3,3,3,3
scev_val_fig_0230,VO,1,2,2,2,2
scev_val_fig_0232,AS,1,2,2,2,2
scev_val_fig_0232,AT,1,3,3,3,3
scev_val_fig_0232,CL,1,0,0,0,0
scev_val_fig_0232,GS,1,0,0,0,0
scev_val_fig_0232,KNf,1,0,0,0,0
scev_val_fig_0232,MA,1,3,3,3,3
scev_val_fig_0232,MCr,1,2,2,2,2
scev_val_fig_0232,MCu,1,1,1,1,1
scev_val_fig_0232,QLl,1,1,1,1,1
scev_val_fig_0232,QLq,1,0,0,0,0
scev_val_fig_0232,VL,1,2,2,2,2
scev_val_fig_0232,VO,1,1,1,1,1
scev_val_fig_0233,AS,1,2,2,2,2
scev_val_fig_0233,AT,1,3,3,3,3
scev_val_fig_0233,CL,1,0,0,0,0
scev_val_fig_0233,GS,1,0,0,0,0
scev_val_fig_0233,KNf,1,4,4,4,4
scev_val_fig_0233,MA,1,3,3,3,3
scev_val_fig_0233,MCr,1,2,2,2,2
scev_val_fig_0233,MCu,1,3,3,3,3
scev_val_fig_0233,QLl,1,1,1,1,1
scev_val_fig_0233,QLq,1,2,2,2,2
scev_val_fig_0233,VL,1,2,2,2,2
scev_val_fig_0233,VO,1,1,1,1,1
scev_val_fig_0234,AS,1,2,2,2,2
scev_val_fig_0234,AT,1,3,3,3,3
scev_val_fig_0234,CL,1,0,0,0,0
scev_val_fig_0234,GS,1,1,1,1,1
scev_val_fig_0234,KNf,1,4,4,4,4
scev_val_fig_0234,MA,1,1,1,1,1
scev_val_fig_0234,MCr,1,2,2,2,2
scev_val_fig_0234,MCu,1,0,0,0,0
scev_val_fig_0234,QLl,1,1,1,1,1
scev_val_fig_0234,QLq,1,2,2,2,2
scev_val_fig_0234,VL,1,2,2,2,2
scev_val_fig_0234,VO,1,2,2,2,2
scev_val_fig_0235,AS,1,2,2,2,2
scev_val_fig_0235,AT,1,3,3,3,3
scev_val_fig_0235,CL,1,0,0,0,0
scev_val_fig_0235,GS,1,1,1,1,1
scev_val_fig_0235,KNf,1,4,4,4,4
scev_val_fig_0235,MA,1,1,1,1,1
scev_val_fig_0235,MCr,1,1,1,1,1
scev_val_fig_0235,MCu,1,1,1,1,1
scev_val_fig_0235,QLl,1,1,1,1,1
scev_val_fig_0235,QLq,1,1,1,1,1
scev_val_fig_0235,VL,1,2,2,2,2
scev_val_fig_0235,VO,1,2,2,2,2
scev_val_fig_0236,AS,1,2,2,2,2
scev_val_fig_0236,AT,1,3,3,3,3
scev_val_fig_0236,CL,1,0,0,0,0
scev_val_fig_0236,GS,1,1,1,1,1
scev_val_fig_0236,KNf,1,3,3,3,3
scev_val_fig_0236,MA,1,2,2,2,2
scev_val_fig_0236,MCr,1,2,2,2,2
scev_val_fig_0236,MCu,1,1,1,1,1
scev_val_fig_0236,QLl,1,2,2,2,2
scev_val_fig_0236,QLq,1,1,1,1,1
scev_val_fig_0236,VL,1,2,2,2,2
scev_val_fig_0236,VO,1,1,1,1,1
scev_val_fig_0237,AS,1,3,3,3,3
scev_val_fig_0237,AT,1,3,3,3,3
scev_val_fig_0237,CL,1,0,0,0,0
scev_val_fig_0237,GS,1,1,1,1,1
scev_val_fig_0237,KNf,1,4,4,4,4
scev_val_fig_0237,MA,1,1,1,1,1
scev_val_fig_0237,MCr,1,1,1,1,1
scev_val_fig_0237,MCu,1,1,1,1,1
scev_val_fig_0237,QLl,1,1,1,1,1
scev_val_fig_0237,QLq,1,1,1,1,1
scev_val_fig_0237,VL,1,3,3,3,3
scev_val_fig_0237,VO,1,1,1,1,1
scev_val_fig_0238,AS,1,2,2,2,2
scev_val_fig_0238,AT,1,3,3,3,3
scev_val_fig_0238,CL,1,0,0,0,0
scev_val_fig_0238,GS,1,3,3,3,3
scev_val_fig_0238,KNf,1,3,3,3,3
scev_val_fig_0238,MA,1,0,0,0,0
scev_val_fig_0238,MCr,1,1,1,1,1
scev_val_fig_0238,MCu,1,1,1,1,1
scev_val_fig_0238,QLl,1,1,1,1,1
scev_val_fig_0238,QLq,1,1,1,1,1
scev_val_fig_0238,VL,1,2,2,2,2
scev_val_fig_0238,VO,1,1,1,1,1
scev_val_fig_0239,AS,1,2,2,2,2
scev_val_fig_0239,AT,1,3,3,3,3
scev_val_fig_0239,CL,1,0,0,0,0
scev_val_fig_0239,GS,1,2,2,2,2
scev_val_fig_0239,KNf,1,4,4,4,4
scev_val_fig_0239,MA,1,1,1,1,1
scev_val_fig_0239,MCr,1,1,1,1,1
scev_val_fig_0239,MCu,1,2,2,2,2
scev_val_fig_0239,QLl,1,2,2,2,2
scev_val_fig_0239,QLq,1,2,2,2,2
scev_val_fig_0239,VL,1,2,2,2,2
scev_val_fig_0239,VO,1,1,1,1,1
scev_val_fig_0240,AS,1,2,2,2,2
scev_val_fig_0240,AT,1,3,3,3,3
scev_val_fig_0240,CL,1,0,0,0,0
scev_val_fig_0240,GS,1,0,0,0,0
scev_val_fig_0240,KNf,1,3,3,3,3
scev_val_fig_0240,MA,1,2,2,2,2
scev_val_fig_0240,MCr,1,1,1,1,1
scev_val_fig_0240,MCu,1,1,1,1,1
scev_val_fig_0240,QLl,1,1,1,1,1
scev_val_fig_0240,QLq,1,1,1,1,1
scev_val_fig_0240,VL,1,2,2,2,2
scev_val_fig_0240,VO,1,2,2,2,2
scev_val_fig_0241,AS,1,3,3,3,3
scev_val_fig_0241,AT,1,3,3,3,3
scev_val_fig_0241,CL,1,0,0,0,0
scev_val_fig_0241,GS,1,0,0,0,0
scev_val_fig_0241,KNf,1,1,1,1,1
scev_val_fig_0241,MA,1,2,2,2,2
scev_val_fig_0241,MCr,1,2,2,2,2
scev_val_fig_0241,MCu,1,1,1,1,1
scev_val_fig_0241,QLl,1,1,1,1,1
scev_val_fig_0241,QLq,1,2,2,2,2
scev_val_fig_0241,VL,1,2,2,2,2
scev_val_fig_0241,VO,1,1,1,1,1
scev_val_fig_0245,AS,1,2,2,2,2
scev_val_fig_0245,AT,1,3,3,3,3
scev_val_fig_0245,CL,1,0,0,0,0
scev_val_fig_0245,GS,1,2,2,2,2
scev_val_fig_0245,KNf,1,2,2,2,2
scev_val_fig_0245,MA,1,2,2,2,2
scev_val_fig_0245,MCr,1,2,2,2,2
scev_val_fig_0245,MCu,1,2,2,2,2
scev_val_fig_0245,QLl,1,2,2,2,2
scev_val_fig_0245,QLq,1,1,1,1,1
scev_val_fig_0245,VL,1,2,2,2,2
scev_val_fig_0245,VO,1,1,1,1,1
scev_val_fig_0246,AS,1,2,2,2,2
scev_val_fig_0246,AT,1,3,3,3,3
scev_val_fig_0246,CL,1,0,0,0,0
scev_val_fig_0246,GS,1,2,2,2,2
scev_val_fig_0246,KNf,1,3,3,3,3
scev_val_fig_0246,MA,1,2,2,2,2
scev_val_fig_0246,MCr,1,2,2,2,2
scev_val_fig_0246,MCu,1,1,1,1,1
scev_val_fig_0246,QLl,1,1,1,1,1
scev_val_fig_0246,QLq,1,1,1,1,1
scev_val_fig_0246,VL,1,2,2,2,2
scev_val_fig_0246,VO,1,1,1,1,1
scev_val_fig_0247,AS,1,2,2,2,2
scev_val_fig_0247,AT,1,3,3,3,3
scev_val_fig_0247,CL,1,1,1,1,1
scev_val_fig_0247,GS,1,3,3,3,3
scev_val_fig_0247,KNf,1,4,4,4,4
scev_val_fig_0247,MA,1,3,3,3,3
scev_val_fig_0247,MCr,1,2,2,2,2
scev_val_fig_0247,MCu,1,3,3,3,3
scev_val_fig_0247,QLl,1,2,2,2,2
scev_val_fig_0247,QLq,1,3,3,3,3
scev_val_fig_0247,VL,1,2,2,2,2
scev_val_fig_0247,VO,1,2,2,2,2
scev_val_fig_0248,AS,1,2,2,2,2
scev_val_fig_0248,AT,1,3,3,3,3
scev_val_fig_0248,CL,1,3,3,3,3
scev_val_fig_0248,GS,1,0,0,0,0
scev_val_fig_0248,KNf,1,2,2,2,2
scev_val_fig_0248,MA,1,1,1,1,1
scev_val_fig_0248,MCr,1,2,2,2,2
scev_val_fig_0248,MCu,1,3,3,3,3
scev_val_fig_0248,QLl,1,1,1,1,1
scev_val_fig_0248,QLq,1,2,2,2,2
scev_val_fig_0248,VL,1,2,2,2,2
scev_val_fig_0248,VO,1,2,2,2,2
scev_val_fig_0249,AS,1,2,2,2,2
scev_val_fig_0249,AT,1,3,3,3,3
scev_val_fig_0249,CL,1,0,0,0,0
scev_val_fig_0249,GS,1,2,2,2,2
scev_val_fig_0249,KNf,1,4,4,4,4
scev_val_fig_0249,MA,1,2,2,2,2
scev_val_fig_0249,MCr,1,1,1,1,1
scev_val_fig_0249,MCu,1,1,1,1,1
scev_val_fig_0249,QLl,1,1,1,1,1
scev_val_fig_0249,QLq,1,2,2,2,2
scev_val_fig_0249,VL,1,2,2,2,2
scev_val_fig_0249,VO,1,2,2,2,2
scev_val_fig_0250,AS,1,3,3,3,3
scev_val_fig_0250,AT,1,3,3,3,3
scev_val_fig_0250,CL,1,0,0,0,0
scev_val_fig_0250,GS,1,0,0,0,0
scev_val_fig_0250,KNf,1,3,3,3,3
scev_val_fig_0250,MA,1,3,3,3,3
scev_val_fig_0250,MCr,1,2,2,2,2
scev_val_fig_0250,MCu,1,3,3,3,3
scev_val_fig_0250,QLl,1,2,2,2,2
scev_val_fig_0250,QLq,1,2,2,2,2
scev_val_fig_0250,VL,1,3,3,3,3
scev_val_fig_0250,VO,1,2,2,2,2
scev_val_fig_0251,AS,1,3,3,3,3
scev_val_fig_0251,AT,1,3,3,3,3
scev_val_fig_0251,CL,1,0,0,0,0
scev_val_fig_0251,GS,1,0,0,0,0
scev_val_fig_0251,KNf,1,3,3,3,3
scev_val_fig_0251,MA,1,3,3,3,3
scev_val_fig_0251,MCr,1,1,1,1,1
scev_val_fig_0251,MCu,1,3,3,3,3
scev_val_fig_0251,QLl,1,2,2,2,2
scev_val_fig_0251,QLq,1,2,2,2,2
scev_val_fig_0251,VL,1,2,2,2,2
scev_val_fig_0251,VO,1,2,2,2,2
scev_val_fig_0254,AS,1,3,3,3,3
scev_val_fig_0254,AT,1,3,3,3,3
scev_val_fig_0254,CL,1,0,0,0,0
scev_val_fig_0254,GS,1,0,0,0,0
scev_val_fig_0254,KNf,1,2,2,2,2
scev_val_fig_0254,MA,1,2,2,2,2
scev_val_fig_0254,MCr,1,3,3,3,3
scev_val_fig_0254,MCu,1,3,3,3,3
scev_val_fig_0254,QLl,1,2,2,2,2
scev_val_fig_0254,QLq,1,1,1,1,1
scev_val_fig_0254,VL,1,3,3,3,3
scev_val_fig_0254,VO,1,2,2,2,2
scev_val_fig_0255,AS,1,3,3,3,3
scev_val_fig_0255,AT,1,3,3,3,3
scev_val_fig_0255,CL,1,0,0,0,0
scev_val_fig_0255,GS,1,0,0,0,0
scev_val_fig_0255,KNf,1,2,2,2,2
scev_val_fig_0255,MA,1,1,1,1,1
scev_val_fig_0255,MCr,1,2,2,2,2
scev_val_fig_0255,MCu,1,2,2,2,2
scev_val_fig_0255,QLl,1,1,1,1,1
scev_val_fig_0255,QLq,1,2,2,2,2
scev_val_fig_0255,VL,1,3,3,3,3
scev_val_fig_0255,VO,1,2,2,2,2
scev_val_fig_0256,AS,1,4,4,4,4
scev_val_fig_0256,AT,1,3,3,3,3
scev_val_fig_0256,CL,1,0,0,0,0
scev_val_fig_0256,GS,1,0,0,0,0
scev_val_fig_0256,KNf,1,2,2,2,2
scev_val_fig_0256,MA,1,3,3,3,3
scev_val_fig_0256,MCr,1,3,3,3,3
scev_val_fig_0256,MCu,1,3,3,3,3
scev_val_fig_0256,QLl,1,1,1,1,1
scev_val_fig_0256,QLq,1,1,1,1,1
scev_val_fig_0256,VL,1,3,3,3,3
scev_val_fig_0256,VO,1,2,2,2,2
scev_val_fig_0257,AS,1,4,4,4,4
scev_val_fig_0257,AT,1,3,3,3,3
scev_val_fig_0257,CL,1,1,1,1,1
scev_val_fig_0257,GS,1,0,0,0,0
scev_val_fig_0257,KNf,1,2,2,2,2
scev_val_fig_0257,MA,1,3,3,3,3
scev_val_fig_0257,MCr,1,3,3,3,3
scev_val_fig_0257,MCu,1,3,3,3,3
scev_val_fig_0257,QLl,1,2,2,2,2
scev_val_fig_0257,QLq,1,1,1,1,1
scev_val_fig_0257,VL,1,3,3,3,3
scev_val_fig_0257,VO,1,2,2,2,2
scev_val_fig_0259,AS,1,3,3,3,3
scev_val_fig_0259,AT,1,3,3,3,3
scev_val_fig_0259,CL,1,0,0,0,0
scev_val_fig_0259,GS,1,0,0,0,0
scev_val_fig_0259,KNf,1,2,2,2,2
scev_val_fig_0259,MA,1,3,3,3,3
scev_val_fig_0259,MCr,1,3,3,3,3
scev_val_fig_0259,MCu,1,3,3,3,3
scev_val_fig_0259,QLl,1,2,2,2,2
scev_val_fig_0259,QLq,1,1,1,1,1
scev_val_fig_0259,VL,1,3,3,3,3
scev_val_fig_0259,VO,1,2,2,2,2
scev_val_fig_0260,AS,1,4,4,4,4
scev_val_fig_0260,AT,1,3,3,3,3
scev_val_fig_0260,CL,1,0,0,0,0
scev_val_fig_0260,GS,1,0,0,0,0
scev_val_fig_0260,KNf,1,2,2,2,2
scev_val_fig_0260,MA,1,3,3,3,3
scev_val_fig_0260,MCr,1,3,3,3,3
scev_val_fig_0260,MCu,1,3,3,3,3
scev_val_fig_0260,QLl,1,1,1,1,1
scev_val_fig_0260,QLq,1,1,1,1,1
scev_val_fig_0260,VL,1,3,3,3,3
scev_val_fig_0260,VO,1,2,2,2,2
scev_val_fig_0261,AS,1,3,3,3,3
scev_val_fig_0261,AT,1,3,3,3,3
scev_val_fig_0261,CL,1,0,0,0,0
scev_val_fig_0261,GS,1,0,0,0,0
scev_val_fig_0261,KNf,1,2,2,2,2
scev_val_fig_0261,MA,1,2,2,2,2
scev_val_fig_0261,MCr,1,3,3,3,3
scev_val_fig_0261,MCu,1,3,3,3,3
scev_val_fig_0261,QLl,1,1,1,1,1
scev_val_fig_0261,QLq,1,1,1,1,1
scev_val_fig_0261,VL,1,3,3,3,3
scev_val_fig_0261,VO,1,2,2,2,2
scev_val_fig_0262,AS,1,3,3,3,3
scev_val_fig_0262,AT,1,3,3,3,3
scev_val_fig_0262,CL,1,0,0,0,0
scev_val_fig_0262,GS,1,0,0,0,0
scev_val_fig_0262,KNf,1,2,2,2,2
scev_val_fig_0262,MA,1,3,3,3,3
scev_val_fig_0262,MCr,1,3,3,3,3
scev_val_fig_0262,MCu,1,3,3,3,3
scev_val_fig_0262,QLl,1,2,2,2,2
scev_val_fig_0262,QLq,1,2,2,2,2
scev_val_fig_0262,VL,1,3,3,3,3
scev_val_fig_0262,VO,1,2,2,2,2
scev_val_fig_0263,AS,1,4,4,4,4
scev_val_fig_0263,AT,1,3,3,3,3
scev_val_fig_0263,CL,1,0,0,0,0
scev_val_fig_0263,GS,1,0,0,0,0
scev_val_fig_0263,KNf,1,2,2,2,2
scev_val_fig_0263,MA,1,3,3,3,3
scev_val_fig_0263,MCr,1,3,3,3,3
scev_val_fig_0263,MCu,1,2,2,2,2
scev_val_fig_0263,QLl,1,1,1,1,1
scev_val_fig_0263,QLq,1,1,1,1,1
scev_val_fig_0263,VL,1,3,3,3,3
scev_val_fig_0263,VO,1,2,2,2,2
scev_val_fig_0264,AS,1,3,3,3,3
scev_val_fig_0264,AT,1,3,3,3,3
scev_val_fig_0264,CL,1,0,0,0,0
scev_val_fig_0264,GS,1,0,0,0,0
scev_val_fig_0264,KNf,1,1,1,1,1
scev_val_fig_0264,MA,1,3,3,3,3
scev_val_fig_0264,MCr,1,2,2,2,2
scev_val_fig_0264,MCu,1,3,3,3,3
scev_val_fig_0264,QLl,1,2,2,2,2
scev_val_fig_0264,QLq,1,2,2,2,2
scev_val_fig_0264,VL,1,2,2,2,2
scev_val_fig_0264,VO,1,2,2,2,2
scev_val_fig_0265,AS,1,3,3,3,3
scev_val_fig_0265,AT,1,3,3,3,3
scev_val_fig_0265,CL,1,0,0,0,0
scev_val_fig_0265,GS,1,0,0,0,0
scev_val_fig_0265,KNf,1,2,2,2,2
scev_val_fig_0265,MA,1,3,3,3,3
scev_val_fig_0265,MCr,1,2,2,2,2
scev_val_fig_0265,MCu,1,1,1,1,1
scev_val_fig_0265,QLl,1,1,1,1,1
scev_val_fig_0265,QLq,1,3,3,3,3
scev_val_fig_0265,VL,1,2,2,2,2
scev_val_fig_0265,VO,1,2,2,2,2
scev_val_fig_0266,AS,1,2,2,2,2
scev_val_fig_0266,AT,1,3,3,3,3
scev_val_fig_0266,CL,1,0,0,0,0
scev_val_fig_0266,GS,1,0,0,0,0
scev_val_fig_0266,KNf,1,2,2,2,2
scev_val_fig_0266,MA,1,0,0,0,0
scev_val_fig_0266,MCr,1,1,1,1,1
scev_val_fig_0266,MCu,1,1,1,1,1
scev_val_fig_0266,QLl,1,1,1,1,1
scev_val_fig_0266,QLq,1,2,2,2,2
scev_val_fig_0266,VL,1,1,1,1,1
scev_val_fig_0266,VO,1,1,1,1,1
scev_val_fig_0267,AS,1,2,2,2,2
scev_val_fig_0267,AT,1,3,3,3,3
scev_val_fig_0267,CL,1,0,0,0,0
scev_val_fig_0267,GS,1,0,0,0,0
scev_val_fig_0267,KNf,1,1,1,1,1
scev_val_fig_0267,MA,1,3,3,3,3
scev_val_fig_0267,MCr,1,2,2,2,2
scev_val_fig_0267,MCu,1,1,1,1,1
scev_val_fig_0267,QLl,1,1,1,1,1
scev_val_fig_0267,QLq,1,2,2,2,2
scev_val_fig_0267,VL,1,2,2,2,2
scev_val_fig_0267,VO,1,1,1,1,1
scev_val_fig_0268,AS,1,2,2,2,2
scev_val_fig_0268,AT,1,3,3,3,3
scev_val_fig_0268,CL,1,0,0,0,0
scev_val_fig_0268,GS,1,0,0,0,0
scev_val_fig_0268,KNf,1,2,2,2,2
scev_val_fig_0268,MA,1,3,3,3,3
scev_val_fig_0268,MCr,1,1,1,1,1
scev_val_fig_0268,MCu,1,1,1,1,1
scev_val_fig_0268,QLl,1,1,1,1,1
scev_val_fig_0268,QLq,1,2,2,2,2
scev_val_fig_0268,VL,1,2,2,2,2
scev_val_fig_0268,VO,1,1,1,1,1
scev_val_fig_0269,AS,1,2,2,2,2
scev_val_fig_0269,AT,1,3,3,3,3
scev_val_fig_0269,CL,1,0,0,0,0
scev_val_fig_0269,GS,1,0,0,0,0
scev_val_fig_0269,KNf,1,4,4,4,4
scev_val_fig_0269,MA,1,0,0,0,0
scev_val_fig_0269,MCr,1,1,1,1,1
scev_val_fig_0269,MCu,1,1,1,1,1
scev_val_fig_0269,QLl,1,1,1,1,1
scev_val_fig_0269,QLq,1,1,1,1,1
scev_val_fig_0269,VL,1,2,2,2,2
scev_val_fig_0269,VO,1,1,1,1,1
scev_val_fig_0270,AS,1,2,2,2,2
scev_val_fig_0270,AT,1,3,3,3,3
scev_val_fig_0270,CL,1,0,0,0,0
scev_val_fig_0270,GS,1,2,2,2,2
scev_val_fig_0270,KNf,1,4,4,4,4
scev_val_fig_0270,MA,1,1,1,1,1
scev_val_fig_0270,MCr,1,2,2,2,2
scev_val_fig_0270,MCu,1,2,2,2,2
scev_val_fig_0270,QLl,1,1,1,1,1
scev_val_fig_0270,QLq,1,2,2,2,2
scev_val_fig_0270,VL,1,2,2,2,2
scev_val_fig_0270,VO,1,1,1,1,1
scev_val_fig_0271,AS,1,2,2,2,2
scev_val_fig_0271,AT,1,3,3,3,3
scev_val_fig_0271,CL,1,1,1,1,1
scev_val_fig_0271,GS,1,0,0,0,0
scev_val_fig_0271,KNf,1,4,4,4,4
scev_val_fig_0271,MA,1,1,1,1,1
scev_val_fig_0271,MCr,1,1,1,1,1
scev_val_fig_0271,MCu,1,2,2,2,2
scev_val_fig_0271,QLl,1,1,1,1,1
scev_val_fig_0271,QLq,1,2,2,2,2
scev_val_fig_0271,VL,1,2,2,2,2
scev_val_fig_0271,VO,1,2,2,2,2
scev_val_fig_0272,AS,1,2,2,2,2
scev_val_fig_0272,AT,1,2,2,2,2
scev_val_fig_0272,CL,1,0,0,0,0
scev_val_fig_0272,GS,1,0,0,0,0
scev_val_fig_0272,KNf,1,2,2,2,2
scev_val_fig_0272,MA,1,1,1,1,1
scev_val_fig_0272,MCr,1,1,1,1,1
scev_val_fig_0272,MCu,1,1,1,1,1
scev_val_fig_0272,QLl,1,1,1,1,1
scev_val_fig_0272,QLq,1,2,2,2,2
scev_val_fig_0272,VL,1,2,2,2,2
scev_val_fig_0272,VO,1,2,2,2,2
scev_val_fig_0273,AS,1,2,2,2,2
scev_val_fig_0273,AT,1,2,2,2,2
scev_val_fig_0273,CL,1,0,0,0,0
scev_val_fig_0273,GS,1,0,0,0,0
scev_val_fig_0273,KNf,1,4,4,4,4
scev_val_fig_0273,MA,1,1,1,1,1
scev_val_fig_0273,MCr,1,1,1,1,1
scev_val_fig_0273,MCu,1,2,2,2,2
scev_val_fig_0273,QLl,1,1,1,1,1
scev_val_fig_0273,QLq,1,2,2,2,2
scev_val_fig_0273,VL,1,2,2,2,2
scev_val_fig_0273,VO,1,1,1,1,1
scev_val_fig_0274,AS,1,2,2,2,2
scev_val_fig_0274,AT,1,3,3,3,3
scev_val_fig_0274,CL,1,0,0,0,0
scev_val_fig_0274,GS,1,0,0,0,0
scev_val_fig_0274,KNf,1,3,3,3,3
scev_val_fig_0274,MA,1,1,1,1,1
scev_val_fig_0274,MCr,1,2,2,2,2
scev_val_fig_0274,MCu,1,2,2,2,2
scev_val_fig_0274,QLl,1,1,1,1,1
scev_val_fig_0274,QLq,1,1,1,1,1
scev_val_fig_0274,VL,1,2,2,2,2
scev_val_fig_0274,VO,1,2,2,2,2
scev_val_fig_0276,AS,1,2,2,2,2
scev_val_fig_0276,AT,1,3,3,3,3
scev_val_fig_0276,CL,1,1,1,1,1
scev_val_fig_0276,GS,1,0,0,0,0
scev_val_fig_0276,KNf,1,3,3,3,3
scev_val_fig_0276,MA,1,2,2,2,2
scev_val_fig_0276,MCr,1,2,2,2,2
scev_val_fig_0276,MCu,1,2,2,2,2
scev_val_fig_0276,QLl,1,2,2,2,2
scev_val_fig_0276,QLq,1,2,2,2,2
scev_val_fig_0276,VL,1,2,2,2,2
scev_val_fig_0276,VO,1,1,1,1,1
scev_val_fig_0277,AS,1,3,3,3,3
scev_val_fig_0277,AT,1,3,3,3,3
scev_val_fig_0277,CL,1,0,0,0,0
scev_val_fig_0277,GS,1,1,1,1,1
scev_val_fig_0277,KNf,1,1,1,1,1
scev_val_fig_0277,MA,1,2,2,2,2
scev_val_fig_0277,MCr,1,2,2,2,2
scev_val_fig_0277,MCu,1,1,1,1,1
scev_val_fig_0277,QLl,1,1,1,1,1
scev_val_fig_0277,QLq,1,2,2,2,2
scev_val_fig_0277,VL,1,2,2,2,2
scev_val_fig_0277,VO,1,1,1,1,1
scev_val_fig_0278,AS,1,3,3,3,3
scev_val_fig_0278,AT,1,3,3,3,3
scev_val_fig_0278,CL,1,1,1,1,1
scev_val_fig_0278,GS,1,2,2,2,2
scev_val_fig_0278,KNf,1,1,1,1,1
scev_val_fig_0278,MA,1,3,3,3,3
scev_val_fig_0278,MCr,1,2,2,2,2
scev_val_fig_0278,MCu,1,3,3,3,3
scev_val_fig_0278,QLl,1,1,1,1,1
scev_val_fig_0278,QLq,1,2,2,2,2
scev_val_fig_0278,VL,1,2,2,2,2
scev_val_fig_0278,VO,1,1,1,1,1
scev_val_fig_0279,AS,1,3,3,3,3
scev_val_fig_0279,AT,1,3,3,3,3
scev_val_fig_0279,CL,1,1,1,1,1
scev_val_fig_0279,GS,1,0,0,0,0
scev_val_fig_0279,KNf,1,0,0,0,0
scev_val_fig_0279,MA,1,0,0,0,0
scev_val_fig_0279,MCr,1,2,2,2,2
scev_val_fig_0279,MCu,1,3,3,3,3
scev_val_fig_0279,QLl,1,2,2,2,2
scev_val_fig_0279,QLq,1,2,2,2,2
scev_val_fig_0279,VL,1,3,3,3,3
scev_val_fig_0279,VO,1,2,2,2,2
scev_val_fig_0281,AS,1,2,2,2,2
scev_val_fig_0281,AT,1,3,3,3,3
scev_val_fig_0281,CL,1,0,0,0,0
scev_val_fig_0281,GS,1,0,0,0,0
scev_val_fig_0281,KNf,1,3,3,3,3
scev_val_fig_0281,MA,1,1,1,1,1
scev_val_fig_0281,MCr,1,1,1,1,1
scev_val_fig_0281,MCu,1,1,1,1,1
scev_val_fig_0281,QLl,1,1,1,1,1
scev_val_fig_0281,QLq,1,1,1,1,1
scev_val_fig_0281,VL,1,2,2,2,2
scev_val_fig_0281,VO,1,1,1,1,1
scev_val_fig_0282,AS,1,1,1,1,1
scev_val_fig_0282,AT,1,3,3,3,3
scev_val_fig_0282,CL,1,0,0,0,0
scev_val_fig_0282,GS,1,0,0,0,0
scev_val_fig_0282,KNf,1,4,4,4,4
scev_val_fig_0282,MA,1,1,1,1,1
scev_val_fig_0282,MCr,1,1,1,1,1
scev_val_fig_0282,MCu,1,1,1,1,1
scev_val_fig_0282,QLl,1,1,1,1,1
scev_val_fig_0282,QLq,1,1,1,1,1
scev_val_fig_0282,VL,1,1,1,1,1
scev_val_fig_0282,VO,1,1,1,1,1
scev_val_fig_0283,AS,1,2,2,2,2
scev_val_fig_0283,AT,1,3,3,3,3
scev_val_fig_0283,CL,1,0,0,0,0
scev_val_fig_0283,GS,1,0,0,0,0
scev_val_fig_0283,KNf,1,2,2,2,2
scev_val_fig_0283,MA,1,2,2,2,2
scev_val_fig_0283,MCr,1,1,1,1,1
scev_val_fig_0283,MCu,1,1,1,1,1
scev_val_fig_0283,QLl,1,1,1,1,1
scev_val_fig_0283,QLq,1,1,1,1,1
scev_val_fig_0283,VL,1,2,2,2,2
scev_val_fig_0283,VO,1,1,1,1,1
scev_val_fig_0284,AS,1,3,3,3,3
scev_val_fig_0284,AT,1,3,3,3,3
scev_val_fig_0284,CL,1,0,0,0,0
scev_val_fig_0284,GS,1,2,2,2,2
scev_val_fig_0284,KNf,1,1,1,1,1
scev_val_fig_0284,MA,1,3,3,3,3
scev_val_fig_0284,MCr,1,2,2,2,2
scev_val_fig_0284,MCu,1,2,2,2,2
scev_val_fig_0284,QLl,1,2,2,2,2
scev_val_fig_0284,QLq,1,2,2,2,2
scev_val_fig_0284,VL,1,2,2,2,2
scev_val_fig_0284,VO,1,1,1,1,1
scev_val_fig_0285,AS,1,3,3,3,3
scev_val_fig_0285,AT,1,3,3,3,3
scev_val_fig_0285,CL,1,0,0,0,0
scev_val_fig_0285,GS,1,0,0,0,0
scev_val_fig_0285,KNf,1,1,1,1,1
scev_val_fig_0285,MA,1,3,3,3,3
scev_val_fig_0285,MCr,1,2,2,2,2
scev_val_fig_0285,MCu,1,2,2,2,2
scev_val_fig_0285,QLl,1,1,1,1,1
scev_val_fig_0285,QLq,1,1,1,1,1
scev_val_fig_0285,VL,1,2,2,2,2
scev_val_fig_0285,VO,1,2,2,2,2
scev_val_fig_0286,AS,1,4,4,4,4
scev_val_fig_0286,AT,1,3,3,3,3
scev_val_fig_0286,CL,1,2,2,2,2
scev_val_fig_0286,GS,1,5,5,5,5
scev_val_fig_0286,KNf,1,2,2,2,2
scev_val_fig_0286,MA,1,3,3,3,3
scev_val_fig_0286,MCr,1,3,3,3,3
scev_val_fig_0286,MCu,1,3,3,3,3
scev_val_fig_0286,QLl,1,3,3,3,3
scev_val_fig_0286,QLq,1,3,3,3,3
scev_val_fig_0286,VL,1,3,3,3,3
scev_val_fig_0286,VO,1,2,2,2,2
scev_val_fig_0287,AS,1,3,3,3,3
scev_val_fig_0287,AT,1,3,3,3,3
scev_val_fig_0287,CL,1,1,1,1,1
scev_val_fig_0287,GS,1,2,2,2,2
scev_val_fig_0287,KNf,1,0,0,0,0
scev_val_fig_0287,MA,1,3,3,3,3
scev_val_fig_0287,MCr,1,3,3,3,3
scev_val_fig_0287,MCu,1,3,3,3,3
scev_val_fig_0287,QLl,1,3,3,3,3
scev_val_fig_0287,QLq,1,1,1,1,1
scev_val_fig_0287,VL,1,3,3,3,3
scev_val_fig_0287,VO,1,2,2,2,2
scev_val_fig_0288,AS,1,3,3,3,3
scev_val_fig_0288,AT,1,3,3,3,3
scev_val_fig_0288,CL,1,1,1,1,1
scev_val_fig_0288,GS,1,0,0,0,0
scev_val_fig_0288,KNf,1,2,2,2,2
scev_val_fig_0288,MA,1,2,2,2,2
scev_val_fig_0288,MCr,1,2,2,2,2
scev_val_fig_0288,MCu,1,2,2,2,2
scev_val_fig_0288,QLl,1,2,2,2,2
scev_val_fig_0288,QLq,1,2,2,2,2
scev_val_fig_0288,VL,1,2,2,2,2
scev_val_fig_0288,VO,1,2,2,2,2
scev_val_fig_0289,AS,1,3,3,3,3
scev_val_fig_0289,AT,1,3,3,3,3
scev_val_fig_0289,CL,1,0,0,0,0
scev_val_fig_0289,GS,1,0,0,0,0
scev_val_fig_0289,KNf,1,3,3,3,3
scev_val_fig_0289,MA,1,2,2,2,2
scev_val_fig_0289,MCr,1,2,2,2,2
scev_val_fig_0289,MCu,1,2,2,2,2
scev_val_fig_0289,QLl,1,1,1,1,1
scev_val_fig_0289,QLq,1,2,2,2,2
scev_val_fig_0289,VL,1,2,2,2,2
scev_val_fig_0289,VO,1,2,2,2,2
scev_val_fig_0290,AS,1,3,3,3,3
scev_val_fig_0290,AT,1,3,3,3,3
scev_val_fig_0290,CL,1,0,0,0,0
scev_val_fig_0290,GS,1,0,0,0,0
scev_val_fig_0290,KNf,1,1,1,1,1
scev_val_fig_0290,MA,1,3,3,3,3
scev_val_fig_0290,MCr,1,3,3,3,3
scev_val_fig_0290,MCu,1,3,3,3,3
scev_val_fig_0290,QLl,1,3,3,3,3
scev_val_fig_0290,QLq,1,1,1,1,1
scev_val_fig_0290,VL,1,2,2,2,2
scev_val_fig_0290,VO,1,2,2,2,2
scev_val_fig_0291,AS,1,3,3,3,3
scev_val_fig_0291,AT,1,3,3,3,3
scev_val_fig_0291,CL,1,0,0,0,0
scev_val_fig_0291,GS,1,0,0,0,0
scev_val_fig_0291,KNf,1,1,1,1,1
scev_val_fig_0291,MA,1,2,2,2,2
scev_val_fig_0291,MCr,1,2,2,2,2
scev_val_fig_0291,MCu,1,2,2,2,2
scev_val_fig_0291,QLl,1,2,2,2,2
scev_val_fig_0291,QLq,1,2,2,2,2
scev_val_fig_0291,VL,1,2,2,2,2
scev_val_fig_0291,VO,1,2,2,2,2
scev_val_fig_0292,AS,1,3,3,3,3
scev_val_fig_0292,AT,1,3,3,3,3
scev_val_fig_0292,CL,1,0,0,0,0
scev_val_fig_0292,GS,1,1,1,1,1
scev_val_fig_0292,KNf,1,1,1,1,1
scev_val_fig_0292,MA,1,4,4,4,4
scev_val_fig_0292,MCr,1,1,1,1,1
scev_val_fig_0292,MCu,1,1,1,1,1
scev_val_fig_0292,QLl,1,1,1,1,1
scev_val_fig_0292,QLq,1,2,2,2,2
scev_val_fig_0292,VL,1,2,2,2,2
scev_val_fig_0292,VO,1,2,2,2,2
scev_val_fig_0293,AS,1,2,2,2,2
scev_val_fig_0293,AT,1,3,3,3,3
scev_val_fig_0293,CL,1,0,0,0,0
scev_val_fig_0293,GS,1,1,1,1,1
scev_val_fig_0293,KNf,1,1,1,1,1
scev_val_fig_0293,MA,1,2,2,2,2
scev_val_fig_0293,MCr,1,2,2,2,2
scev_val_fig_0293,MCu,1,3,3,3,3
scev_val_fig_0293,QLl,1,2,2,2,2
scev_val_fig_0293,QLq,1,2,2,2,2
scev_val_fig_0293,VL,1,2,2,2,2
scev_val_fig_0293,VO,1,2,2,2,2
scev_val_fig_0294,AS,1,3,3,3,3
scev_val_fig_0294,AT,1,3,3,3,3
scev_val_fig_0294,CL,1,0,0,0,0
scev_val_fig_0294,GS,1,1,1,1,1
scev_val_fig_0294,KNf,1,1,1,1,1
scev_val_fig_0294,MA,1,2,2,2,2
scev_val_fig_0294,MCr,1,2,2,2,2
scev_val_fig_0294,MCu,1,3,3,3,3
scev_val_fig_0294,QLl,1,1,1,1,1
scev_val_fig_0294,QLq,1,1,1,1,1
scev_val_fig_0294,VL,1,4,4,4,4
scev_val_fig_0294,VO,1,1,1,1,1
scev_val_fig_0295,AS,1,2,2,2,2
scev_val_fig_0295,AT,1,3,3,3,3
scev_val_fig_0295,CL,1,1,1,1,1
scev_val_fig_0295,GS,1,1,1,1,1
scev_val_fig_0295,KNf,1,2,2,2,2
scev_val_fig_0295,MA,1,2,2,2,2
scev_val_fig_0295,MCr,1,2,2,2,2
scev_val_fig_0295,MCu,1,3,3,3,3
scev_val_fig_0295,QLl,1,1,1,1,1
scev_val_fig_0295,QLq,1,1,1,1,1
scev_val_fig_0295,VL,1,4,4,4,4
scev_val_fig_0295,VO,1,2,2,2,2
scev_val_fig_0297,AS,1,2,2,2,2
scev_val_fig_0297,AT,1,3,3,3,3
scev_val_fig_0297,CL,1,0,0,0,0
scev_val_fig_0297,GS,1,0,0,0,0
scev_val_fig_0297,KNf,1,2,2,2,2
scev_val_fig_0297,MA,1,2,2,2,2
scev_val_fig_0297,MCr,1,1,1,1,1
scev_val_fig_0297,MCu,1,2,2,2,2
scev_val_fig_0297,QLl,1,1,1,1,1
scev_val_fig_0297,QLq,1,1,1,1,1
scev_val_fig_0297,VL,1,2,2,2,2
scev_val_fig_0297,VO,1,2,2,2,2
scev_val_fig_0298,AS,1,2,2,2,2
scev_val_fig_0298,AT,1,3,3,3,3
scev_val_fig_0298,CL,1,1,1,1,1
scev_val_fig_0298,GS,1,0,0,0,0
scev_val_fig_0298,KNf,1,2,2,2,2
scev_val_fig_0298,MA,1,1,1,1,1
scev_val_fig_0298,MCr,1,2,2,2,2
scev_val_fig_0298,MCu,1,2,2,2,2
scev_val_fig_0298,QLl,1,2,2,2,2
scev_val_fig_0298,QLq,1,1,1,1,1
scev_val_fig_0298,VL,1,2,2,2,2
scev_val_fig_0298,VO,1,2,2,2,2
scev_val_fig_0299,AS,1,3,3,3,3
scev_val_fig_0299,AT,1,3,3,3,3
scev_val_fig_0299,CL,1,0,0,0,0
scev_val_fig_0299,GS,1,0,0,0,0
scev_val_fig_0299,KNf,1,4,4,4,4
scev_val_fig_0299,MA,1,3,3,3,3
scev_val_fig_0299,MCr,1,3,3,3,3
scev_val_fig_0299,MCu,1,3,3,3,3
scev_val_fig_0299,QLl,1,3,3,3,3
scev_val_fig_0299,QLq,1,2,2,2,2
scev_val_fig_0299,VL,1,2,2,2,2
scev_val_fig_0299,VO,1,2,2,2,2
scev_val_fig_0300,AS,1,2,2,2,2
scev_val_fig_0300,AT,1,3,3,3,3
scev_val_fig_0300,CL,1,0,0,0,0
scev_val_fig_0300,GS,1,0,0,0,0
scev_val_fig_0300,KNf,1,3,3,3,3
scev_val_fig_0300,MA,1,2,2,2,2
scev_val_fig_0300,MCr,1,2,2,2,2
scev_val_fig_0300,MCu,1,3,3,3,3
scev_val_fig_0300,QLl,1,1,1,1,1
scev_val_fig_0300,QLq,1,2,2,2,2
scev_val_fig_0300,VL,1,2,2,2,2
scev_val_fig_0300,VO,1,2,2,2,2
scev_val_fig_0302,AS,1,3,3,3,3
scev_val_fig_0302,AT,1,3,3,3,3
scev_val_fig_0302,CL,1,1,1,1,1
scev_val_fig_0302,GS,1,0,0,0,0
scev_val_fig_0302,KNf,1,1,1,1,1
scev_val_fig_0302,MA,1,4,4,4,4
scev_val_fig_0302,MCr,1,3,3,3,3
scev_val_fig_0302,MCu,1,3,3,3,3
scev_val_fig_0302,QLl,1,3,3,3,3
scev_val_fig_0302,QLq,1,2,2,2,2
scev_val_fig_0302,VL,1,2,2,2,2
scev_val_fig_0302,VO,1,2,2,2,2
scev_val_fig_0303,AS,1,3,3,3,3
scev_val_fig_0303,AT,1,3,3,3,3
scev_val_fig_0303,CL,1,1,1,1,1
scev_val_fig_0303,GS,1,0,0,0,0
scev_val_fig_0303,KNf,1,2,2,2,2
scev_val_fig_0303,MA,1,3,3,3,3
scev_val_fig_0303,MCr,1,3,3,3,3
scev_val_fig_0303,MCu,1,2,2,2,2
scev_val_fig_0303,QLl,1,3,3,3,3
scev_val_fig_0303,QLq,1,2,2,2,2
scev_val_fig_0303,VL,1,2,2,2,2
scev_val_fig_0303,VO,1,2,2,2,2
scev_val_fig_0304,AS,1,3,3,3,3
scev_val_fig_0304,AT,1,3,3,3,3
scev_val_fig_0304,CL,1,0,0,0,0
scev_val_fig_0304,GS,1,0,0,0,0
scev_val_fig_0304,KNf,1,3,3,3,3
scev_val_fig_0304,MA,1,2,2,2,2
scev_val_fig_0304,MCr,1,2,2,2,2
scev_val_fig_0304,MCu,1,2,2,2,2
scev_val_fig_0304,QLl,1,2,2,2,2
scev_val_fig_0304,QLq,1,2,2,2,2
scev_val_fig_0304,VL,1,2,2,2,2
scev_val_fig_0304,VO,1,2,2,2,2
scev_val_fig_1500,AS,1,3,3,3,3
scev_val_fig_1500,AT,1,3,3,3,3
scev_val_fig_1500,CL,1,1,1,1,1
scev_val_fig_1500,GS,1,2,2,2,2
scev_val_fig_1500,KNf,1,1,1,1,1
scev_val_fig_1500,MA,1,2,2,2,2
scev_val_fig_1500,MCr,1,3,3,3,3
scev_val_fig_1500,MCu,1,2,2,2,2
scev_val_fig_1500,QLl,1,2,2,2,2
scev_val_fig_1500,QLq,1,2,2,2,2
scev_val_fig_1500,VL,1,3,3,3,3
scev_val_fig_1500,VO,1,1,1,1,1
scev_val_fig_1501,AS,1,2,2,2,2
scev_val_fig_1501,AT,1,3,3,3,3
scev_val_fig_1501,CL,1,1,1,1,1
scev_val_fig_1501,GS,1,1,1,1,1
scev_val_fig_1501,KNf,1,1,1,1,1
scev_val_fig_1501,MA,1,1,1,1,1
scev_val_fig_1501,MCr,1,1,1,1,1
scev_val_fig_1501,MCu,1,1,1,1,1
scev_val_fig_1501,QLl,1,1,1,1,1
scev_val_fig_1501,QLq,1,1,1,1,1
scev_val_fig_1501,VL,1,2,2,2,2
scev_val_fig_1501,VO,1,1,1,1,1
scev_val_fig_1502,AS,1,2,2,2,2
scev_val_fig_1502,AT,1,3,3,3,3
scev_val_fig_1502,CL,1,1,1,1,1
scev_val_fig_1502,GS,1,2,2,2,2
scev_val_fig_1502,KNf,1,2,2,2,2
scev_val_fig_1502,MA,1,2,2,2,2
scev_val_fig_1502,MCr,1,1,1,1,1
scev_val_fig_1502,MCu,1,1,1,1,1
scev_val_fig_1502,QLl,1,1,1,1,1
scev_val_fig_1502,QLq,1,2,2,2,2
scev_val_fig_1502,VL,1,2,2,2,2
scev_val_fig_1502,VO,1,1,1,1,1
scev_val_fig_1503,AS,1,2,2,2,2
scev_val_fig_1503,AT,1,3,3,3,3
scev_val_fig_1503,CL,1,1,1,1,1
scev_val_fig_1503,GS,1,1,1,1,1
scev_val_fig_1503,KNf,1,2,2,2,2
scev_val_fig_1503,MA,1,1,1,1,1
scev_val_fig_1503,MCr,1,1,1,1,1
scev_val_fig_1503,MCu,1,1,1,1,1
scev_val_fig_1503,QLl,1,1,1,1,1
scev_val_fig_1503,QLq,1,2,2,2,2
scev_val_fig_1503,VL,1,1,1,1,1
scev_val_fig_1503,VO,1,2,2,2,2
scev_val_fig_1504,AS,1,2,2,2,2
scev_val_fig_1504,AT,1,3,3,3,3
scev_val_fig_1504,CL,1,0,0,0,0
scev_val_fig_1504,GS,1,0,0,0,0
scev_val_fig_1504,KNf,1,1,1,1,1
scev_val_fig_1504,MA,1,1,1,1,1
scev_val_fig_1504,MCr,1,2,2,2,2
scev_val_fig_1504,MCu,1,3,3,3,3
scev_val_fig_1504,QLl,1,1,1,1,1
scev_val_fig_1504,QLq,1,2,2,2,2
scev_val_fig_1504,VL,1,2,2,2,2
scev_val_fig_1504,VO,1,1,1,1,1
scev_val_fig_1505,AS,1,3,3,3,3
scev_val_fig_1505,AT,1,3,3,3,3
scev_val_fig_1505,CL,1,0,0,0,0
scev_val_fig_1505,GS,1,0,0,0,0
scev_val_fig_1505,KNf,1,1,1,1,1
scev_val_fig_1505,MA,1,2,2,2,2
scev_val_fig_1505,MCr,1,2,2,2,2
scev_val_fig_1505,MCu,1,3,3,3,3
scev_val_fig_1505,QLl,1,1,1,1,1
scev_val_fig_1505,QLq,1,1,1,1,1
scev_val_fig_1505,VL,1,2,2,2,2
scev_val_fig_1505,VO,1,1,1,1,1
scev_val_fig_1506,AS,1,3,3,3,3
scev_val_fig_1506,AT,1,3,3,3,3
scev_val_fig_1506,CL,1,0,0,0,0
scev_val_fig_1506,GS,1,0,0,0,0
scev_val_fig_1506,KNf,1,1,1,1,1
scev_val_fig_1506,MA,1,1,1,1,1
scev_val_fig_1506,MCr,1,2,2,2,2
scev_val_fig_1506,MCu,1,3,3,3,3
scev_val_fig_1506,QLl,1,1,1,1,1
scev_val_fig_1506,QLq,1,1,1,1,1
scev_val_fig_1506,VL,1,4,4,4,4
scev_val_fig_1506,VO,1,1,1,1,1
scev_val_fig_1508,AS,1,3,3,3,3
scev_val_fig_1508,AT,1,3,3,3,3
scev_val_fig_1508,CL,1,1,1,1,1
scev_val_fig_1508,GS,1,3,3,3,3
scev_val_fig_1508,KNf,1,2,2,2,2
scev_val_fig_1508,MA,1,4,4,4,4
scev_val_fig_1508,MCr,1,2,2,2,2
scev_val_fig_1508,MCu,1,2,2,2,2
scev_val_fig_1508,QLl,1,2,2,2,2
scev_val_fig_1508,QLq,1,2,2,2,2
scev_val_fig_1508,VL,1,2,2,2,2
scev_val_fig_1508,VO,1,2,2,2,2
scev_val_fig_1509,AS,1,1,1,1,1
scev_val_fig_1509,AT,1,3,3,3,3
scev_val_fig_1509,CL,1,0,0,0,0
scev_val_fig_1509,GS,1,0,0,0,0
scev_val_fig_1509,KNf,1,1,1,1,1
scev_val_fig_1509,MA,1,3,3,3,3
scev_val_fig_1509,MCr,1,2,2,2,2
scev_val_fig_1509,MCu,1,3,3,3,3
scev_val_fig_1509,QLl,1,1,1,1,1
scev_val_fig_1509,QLq,1,2,2,2,2
scev_val_fig_1509,VL,1,2,2,2,2
scev_val_fig_1509,VO,1,1,1,1,1
scev_val_fig_1510,AS,1,2,2,2,2
scev_val_fig_1510,AT,1,3,3,3,3
scev_val_fig_1510,CL,1,0,0,0,0
scev_val_fig_1510,GS,1,0,0,0,0
scev_val_fig_1510,KNf,1,1,1,1,1
scev_val_fig_1510,MA,1,1,1,1,1
scev_val_fig_1510,MCr,1,3,3,3,3
scev_val_fig_1510,MCu,1,3,3,3,3
scev_val_fig_1510,QLl,1,2,2,2,2
scev_val_fig_1510,QLq,1,2,2,2,2
scev_val_fig_1510,VL,1,2,2,2,2
scev_val_fig_1510,VO,1,1,1,1,1
scev_val_fig_1511,AS,1,3,3,3,3
scev_val_fig_1511,AT,1,3,3,3,3
scev_val_fig_1511,CL,1,0,0,0,0
scev_val_fig_1511,GS,1,0,0,0,0
scev_val_fig_1511,KNf,1,1,1,1,1
scev_val_fig_1511,MA,1,3,3,3,3
scev_val_fig_1511,MCr,1,2,2,2,2
scev_val_fig_1511,MCu,1,2,2,2,2
scev_val_fig_1511,QLl,1,2,2,2,2
scev_val_fig_1511,QLq,1,2,2,2,2
scev_val_fig_1511,VL,1,2,2,2,2
scev_val_fig_1511,VO,1,1,1,1,1
scev_val_fig_1512,AS,1,2,2,2,2
scev_val_fig_1512,AT,1,3,3,3,3
scev_val_fig_1512,CL,1,1,1,1,1
scev_val_fig_1512,GS,1,2,2,2,2
scev_val_fig_1512,KNf,1,1,1,1,1
scev_val_fig_1512,MA,1,1,1,1,1
scev_val_fig_1512,MCr,1,2,2,2,2
scev_val_fig_1512,MCu,1,3,3,3,3
scev_val_fig_1512,QLl,1,3,3,3,3
scev_val_fig_1512,QLq,1,2,2,2,2
scev_val_fig_1512,VL,1,2,2,2,2
scev_val_fig_1512,VO,1,1,1,1,1
scev_val_fig_1513,AS,1,2,2,2,2
scev_val_fig_1513,AT,1,3,3,3,3
scev_val_fig_1513,CL,1,0,0,0,0
scev_val_fig_1513,GS,1,0,0,0,0
scev_val_fig_1513,KNf,1,1,1,1,1
scev_val_fig_1513,MA,1,3,3,3,3
scev_val_fig_1513,MCr,1,1,1,1,1
scev_val_fig_1513,MCu,1,2,2,2,2
scev_val_fig_1513,QLl,1,2,2,2,2
scev_val_fig_1513,QLq,1,2,2,2,2
scev_val_fig_1513,VL,1,2,2,2,2
scev_val_fig_1513,VO,1,1,1,1,1
scev_val_fig_1514,AS,1,2,2,2,2
scev_val_fig_1514,AT,1,3,3,3,3
scev_val_fig_1514,CL,1,1,1,1,1
scev_val_fig_1514,GS,1,2,2,2,2
scev_val_fig_1514,KNf,1,2,2,2,2
scev_val_fig_1514,MA,1,1,1,1,1
scev_val_fig_1514,MCr,1,2,2,2,2
scev_val_fig_1514,MCu,1,2,2,2,2
scev_val_fig_1514,QLl,1,2,2,2,2
scev_val_fig_1514,QLq,1,1,1,1,1
scev_val_fig_1514,VL,1,2,2,2,2
scev_val_fig_1514,VO,1,1,1,1,1
scev_val_fig_1515,AS,1,2,2,2,2
scev_val_fig_1515,AT,1,3,3,3,3
scev_val_fig_1515,CL,1,0,0,0,0
scev_val_fig_1515,GS,1,0,0,0,0
scev_val_fig_1515,KNf,1,1,1,1,1
scev_val_fig_1515,MA,1,0,0,0,0
scev_val_fig_1515,MCr,1,2,2,2,2
scev_val_fig_1515,MCu,1,3,3,3,3
scev_val_fig_1515,QLl,1,1,1,1,1
scev_val_fig_1515,QLq,1,2,2,2,2
scev_val_fig_1515,VL,1,3,3,3,3
scev_val_fig_1515,VO,1,1,1,1,1
scev_val_fig_1516,AS,1,2,2,2,2
scev_val_fig_1516,AT,1,3,3,3,3
scev_val_fig_1516,CL,1,1,1,1,1
scev_val_fig_1516,GS,1,1,1,1,1
scev_val_fig_1516,KNf,1,2,2,2,2
scev_val_fig_1516,MA,1,2,2,2,2
scev_val_fig_1516,MCr,1,1,1,1,1
scev_val_fig_1516,MCu,1,1,1,1,1
scev_val_fig_1516,QLl,1,1,1,1,1
scev_val_fig_1516,QLq,1,1,1,1,1
scev_val_fig_1516,VL,1,2,2,2,2
scev_val_fig_1516,VO,1,1,1,1,1
scev_val_fig_1517,AS,1,2,2,2,2
scev_val_fig_1517,AT,1,3,3,3,3
scev_val_fig_1517,CL,1,1,1,1,1
scev_val_fig_1517,GS,1,2,2,2,2
scev_val_fig_1517,KNf,1,1,1,1,1
scev_val_fig_1517,MA,1,3,3,3,3
scev_val_fig_1517,MCr,1,3,3,3,3
scev_val_fig_1517,MCu,1,3,3,3,3
scev_val_fig_1517,QLl,1,2,2,2,2
scev_val_fig_1517,QLq,1,2,2,2,2
scev_val_fig_1517,VL,1,2,2,2,2
scev_val_fig_1517,VO,1,2,2,2,2
scev_val_fig_1518,AS,1,3,3,3,3
scev_val_fig_1518,AT,1,3,3,3,3
scev_val_fig_1518,CL,1,0,0,0,0
scev_val_fig_1518,GS,1,0,0,0,0
scev_val_fig_1518,KNf,1,3,3,3,3
scev_val_fig_1518,MA,1,3,3,3,3
scev_val_fig_1518,MCr,1,2,2,2,2
scev_val_fig_1518,MCu,1,3,3,3,3
scev_val_fig_1518,QLl,1,2,2,2,2
scev_val_fig_1518,QLq,1,2,2,2,2
scev_val_fig_1518,VL,1,2,2,2,2
scev_val_fig_1518,VO,1,1,1,1,1
scev_val_fig_1519,AS,1,2,2,2,2
scev_val_fig_1519,AT,1,3,3,3,3
scev_val_fig_1519,CL,1,0,0,0,0
scev_val_fig_1519,GS,1,0,0,0,0
scev_val_fig_1519,KNf,1,1,1,1,1
scev_val_fig_1519,MA,1,2,2,2,2
scev_val_fig_1519,MCr,1,2,2,2,2
scev_val_fig_1519,MCu,1,3,3,3,3
scev_val_fig_1519,QLl,1,2,2,2,2
scev_val_fig_1519,QLq,1,2,2,2,2
scev_val_fig_1519,VL,1,2,2,2,2
scev_val_fig_1519,VO,1,2,2,2,2
scev_val_fig_1521,AS,1,3,3,3,3
scev_val_fig_1521,AT,1,3,3,3,3
scev_val_fig_1521,CL,1,1,1,1,1
scev_val_fig_1521,GS,1,2,2,2,2
scev_val_fig_1521,KNf,1,1,1,1,1
scev_val_fig_1521,MA,1,3,3,3,3
scev_val_fig_1521,MCr,1,2,2,2,2
scev_val_fig_1521,MCu,1,2,2,2,2
scev_val_fig_1521,QLl,1,2,2,2,2
scev_val_fig_1521,QLq,1,2,2,2,2
scev_val_fig_1521,VL,1,2,2,2,2
scev_val_fig_1521,VO,1,2,2,2,2
scev_val_fig_1522,AS,1,2,2,2,2
scev_val_fig_1522,AT,1,3,3,3,3
scev_val_fig_1522,CL,1,1,1,1,1
scev_val_fig_1522,GS,1,2,2,2,2
scev_val_fig_1522,KNf,1,1,1,1,1
scev_val_fig_1522,MA,1,3,3,3,3
scev_val_fig_1522,MCr,1,2,2,2,2
scev_val_fig_1522,MCu,1,1,1,1,1
scev_val_fig_1522,QLl,1,2,2,2,2
scev_val_fig_1522,QLq,1,2,2,2,2
scev_val_fig_1522,VL,1,2,2,2,2
scev_val_fig_1522,VO,1,2,2,2,2
scev_val_fig_1523,AS,1,2,2,2,2
scev_val_fig_1523,AT,1,3,3,3,3
scev_val_fig_1523,CL,1,0,0,0,0
scev_val_fig_1523,GS,1,2,2,2,2
scev_val_fig_1523,KNf,1,1,1,1,1
scev_val_fig_1523,MA,1,4,4,4,4
scev_val_fig_1523,MCr,1,1,1,1,1
scev_val_fig_1523,MCu,1,2,2,2,2
scev_val_fig_1523,QLl,1,2,2,2,2
scev_val_fig_1523,QLq,1,2,2,2,2
scev_val_fig_1523,VL,1,1,1,1,1
scev_val_fig_1523,VO,1,2,2,2,2
scev_val_fig_1524,AS,1,2,2,2,2
scev_val_fig_1524,AT,1,3,3,3,3
scev_val_fig_1524,CL,1,1,1,1,1
scev_val_fig_1524,GS,1,3,3,3,3
scev_val_fig_1524,KNf,1,3,3,3,3
scev_val_fig_1524,MA,1,3,3,3,3
scev_val_fig_1524,MCr,1,2,2,2,2
scev_val_fig_1524,MCu,1,3,3,3,3
scev_val_fig_1524,QLl,1,2,2,2,2
scev_val_fig_1524,QLq,1,3,3,3,3
scev_val_fig_1524,VL,1,2,2,2,2
scev_val_fig_1524,VO,1,2,2,2,2
scev_val_fig_1525,AS,1,3,3,3,3
scev_val_fig_1525,AT,1,3,3,3,3
scev_val_fig_1525,CL,1,0,0,0,0
scev_val_fig_1525,GS,1,2,2,2,2
scev_val_fig_1525,KNf,1,1,1,1,1
scev_val_fig_1525,MA,1,3,3,3,3
scev_val_fig_1525,MCr,1,2,2,2,2
scev_val_fig_1525,MCu,1,3,3,3,3
scev_val_fig_1525,QLl,1,1,1,1,1
scev_val_fig_1525,QLq,1,2,2,2,2
scev_val_fig_1525,VL,1,4,4,4,4
scev_val_fig_1525,VO,1,1,1,1,1
scev_val_fig_1526,AS,1,3,3,3,3
scev_val_fig_1526,AT,1,3,3,3,3
scev_val_fig_1526,CL,1,1,1,1,1
scev_val_fig_1526,GS,1,1,1,1,1
scev_val_fig_1526,KNf,1,1,1,1,1
scev_val_fig_1526,MA,1,2,2,2,2
scev_val_fig_1526,MCr,1,2,2,2,2
scev_val_fig_1526,MCu,1,3,3,3,3
scev_val_fig_1526,QLl,1,2,2,2,2
scev_val_fig_1526,QLq,1,2,2,2,2
scev_val_fig_1526,VL,1,2,2,2,2
scev_val_fig_1526,VO,1,2,2,2,2
scev_val_fig_1527,AS,1,2,2,2,2
scev_val_fig_1527,AT,1,3,3,3,3
scev_val_fig_1527,CL,1,0,0,0,0
scev_val_fig_1527,GS,1,0,0,0,0
scev_val_fig_1527,KNf,1,3,3,3,3
scev_val_fig_1527,MA,1,2,2,2,2
scev_val_fig_1527,MCr,1,2,2,2,2
scev_val_fig_1527,MCu,1,1,1,1,1
scev_val_fig_1527,QLl,1,1,1,1,1
scev_val_fig_1527,QLq,1,2,2,2,2
scev_val_fig_1527,VL,1,2,2,2,2
scev_val_fig_1527,VO,1,1,1,1,1
scev_val_fig_1528,AS,1,3,3,3,3
scev_val_fig_1528,AT,1,3,3,3,3
scev_val_fig_1528,CL,1,1,1,1,1
scev_val_fig_1528,GS,1,1,1,1,1
scev_val_fig_1528,KNf,1,0,0,0,0
scev_val_fig_1528,MA,1,4,4,4,4
scev_val_fig_1528,MCr,1,2,2,2,2
scev_val_fig_1528,MCu,1,3,3,3,3
scev_val_fig_1528,QLl,1,1,1,1,1
scev_val_fig_1528,QLq,1,1,1,1,1
scev_val_fig_1528,VL,1,2,2,2,2
scev_val_fig_1528,VO,1,2,2,2,2
scev_val_fig_1529,AS,1,2,2,2,2
scev_val_fig_1529,AT,1,3,3,3,3
scev_val_fig_1529,CL,1,1,1,1,1
scev_val_fig_1529,GS,1,0,0,0,0
scev_val_fig_1529,KNf,1,1,1,1,1
scev_val_fig_1529,MA,1,0,0,0,0
scev_val_fig_1529,MCr,1,2,2,2,2
scev_val_fig_1529,MCu,1,2,2,2,2
scev_val_fig_1529,QLl,1,1,1,1,1
scev_val_fig_1529,QLq,1,2,2,2,2
scev_val_fig_1529,VL,1,2,2,2,2
scev_val_fig_1529,VO,1,1,1,1,1
scev_val_fig_1530,AS,1,3,3,3,3
scev_val_fig_1530,AT,1,3,3,3,3
scev_val_fig_1530,CL,1,0,0,0,0
scev_val_fig_1530,GS,1,2,2,2,2
scev_val_fig_1530,KNf,1,2,2,2,2
scev_val_fig_1530,MA,1,0,0,0,0
scev_val_fig_1530,MCr,1,1,1,1,1
scev_val_fig_1530,MCu,1,1,1,1,1
scev_val_fig_1530,QLl,1,1,1,1,1
scev_val_fig_1530,QLq,1,1,1,1,1
scev_val_fig_1530,VL,1,2,2,2,2
scev_val_fig_1530,VO,1,1,1,1,1
scev_val_fig_1531,AS,1,3,3,3,3
scev_val_fig_1531,AT,1,3,3,3,3
scev_val_fig_1531,CL,1,0,0,0,0
scev_val_fig_1531,GS,1,0,0,0,0
scev_val_fig_1531,KNf,1,1,1,1,1
scev_val_fig_1531,MA,1,4,4,4,4
scev_val_fig_1531,MCr,1,2,2,2,2
scev_val_fig_1531,MCu,1,1,1,1,1
scev_val_fig_1531,QLl,1,1,1,1,1
scev_val_fig_1531,QLq,1,2,2,2,2
scev_val_fig_1531,VL,1,3,3,3,3
scev_val_fig_1531,VO,1,1,1,1,1
scev_val_fig_1533,AS,1,3,3,3,3
scev_val_fig_1533,AT,1,3,3,3,3
scev_val_fig_1533,CL,1,0,0,0,0
scev_val_fig_1533,GS,1,0,0,0,0
scev_val_fig_1533,KNf,1,3,3,3,3
scev_val_fig_1533,MA,1,2,2,2,2
scev_val_fig_1533,MCr,1,3,3,3,3
scev_val_fig_1533,MCu,1,3,3,3,3
scev_val_fig_1533,QLl,1,2,2,2,2
scev_val_fig_1533,QLq,1,2,2,2,2
scev_val_fig_1533,VL,1,3,3,3,3
scev_val_fig_1533,VO,1,2,2,2,2
scev_val_fig_1534,AS,1,3,3,3,3
scev_val_fig_1534,AT,1,3,3,3,3
scev_val_fig_1534,CL,1,1,1,1,1
scev_val_fig_1534,GS,1,2,2,2,2
scev_val_fig_1534,KNf,1,1,1,1,1
scev_val_fig_1534,MA,1,4,4,4,4
scev_val_fig_1534,MCr,1,2,2,2,2
scev_val_fig_1534,MCu,1,3,3,3,3
scev_val_fig_1534,QLl,1,1,1,1,1
scev_val_fig_1534,QLq,1,1,1,1,1
scev_val_fig_1534,VL,1,2,2,2,2
scev_val_fig_1534,VO,1,2,2,2,2
scev_val_fig_1535,AS,1,2,2,2,2
scev_val_fig_1535,AT,1,3,3,3,3
scev_val_fig_1535,CL,1,0,0,0,0
scev_val_fig_1535,GS,1,0,0,0,0
scev_val_fig_1535,KNf,1,1,1,1,1
scev_val_fig_1535,MA,1,2,2,2,2
scev_val_fig_1535,MCr,1,3,3,3,3
scev_val_fig_1535,MCu,1,2,2,2,2
scev_val_fig_1535,QLl,1,1,1,1,1
scev_val_fig_1535,QLq,1,2,2,2,2
scev_val_fig_1535,VL,1,2,2,2,2
scev_val_fig_1535,VO,1,1,1,1,1
scev_val_fig_1536,AS,1,3,3,3,3
scev_val_fig_1536,AT,1,3,3,3,3
scev_val_fig_1536,CL,1,0,0,0,0
scev_val_fig_1536,GS,1,2,2,2,2
scev_val_fig_1536,KNf,1,2,2,2,2
scev_val_fig_1536,MA,1,4,4,4,4
scev_val_fig_1536,MCr,1,1,1,1,1
scev_val_fig_1536,MCu,1,2,2,2,2
scev_val_fig_1536,QLl,1,2,2,2,2
scev_val_fig_1536,QLq,1,2,2,2,2
scev_val_fig_1536,VL,1,2,2,2,2
scev_val_fig_1536,VO,1,1,1,1,1
scev_val_fig_1537,AS,1,2,2,2,2
scev_val_fig_1537,AT,1,3,3,3,3
scev_val_fig_1537,CL,1,0,0,0,0
scev_val_fig_1537,GS,1,2,2,2,2
scev_val_fig_1537,KNf,1,2,2,2,2
scev_val_fig_1537,MA,1,1,1,1,1
scev_val_fig_1537,MCr,1,2,2,2,2
scev_val_fig_1537,MCu,1,1,1,1,1
scev_val_fig_1537,QLl,1,1,1,1,1
scev_val_fig_1537,QLq,1,2,2,2,2
scev_val_fig_1537,VL,1,2,2,2,2
scev_val_fig_1537,VO,1,1,1,1,1
scev_val_fig_1538,AS,1,3,3,3,3
scev_val_fig_1538,AT,1,3,3,3,3
scev_val_fig_1538,CL,1,0,0,0,0
scev_val_fig_1538,GS,1,0,0,0,0
scev_val_fig_1538,KNf,1,0,0,0,0
scev_val_fig_1538,MA,1,4,4,4,4
scev_val_fig_1538,MCr,1,2,2,2,2
scev_val_fig_1538,MCu,1,2,2,2,2
scev_val_fig_1538,QLl,1,1,1,1,1
scev_val_fig_1538,QLq,1,1,1,1,1
scev_val_fig_1538,VL,1,2,2,2,2
scev_val_fig_1538,VO,1,2,2,2,2
scev_val_fig_1539,AS,1,2,2,2,2
scev_val_fig_1539,AT,1,3,3,3,3
scev_val_fig_1539,CL,1,0,0,0,0
scev_val_fig_1539,GS,1,0,0,0,0
scev_val_fig_1539,KNf,1,3,3,3,3
scev_val_fig_1539,MA,1,1,1,1,1
scev_val_fig_1539,MCr,1,2,2,2,2
scev_val_fig_1539,MCu,1,3,3,3,3
scev_val_fig_1539,QLl,1,2,2,2,2
scev_val_fig_1539,QLq,1,2,2,2,2
scev_val_fig_1539,VL,1,2,2,2,2
scev_val_fig_1539,VO,1,1,1,1,1
scev_val_fig_1540,AS,1,2,2,2,2
scev_val_fig_1540,AT,1,3,3,3,3
scev_val_fig_1540,CL,1,0,0,0,0
scev_val_fig_1540,GS,1,0,0,0,0
scev_val_fig_1540,KNf,1,1,1,1,1
scev_val_fig_1540,MA,1,4,4,4,4
scev_val_fig_1540,MCr,1,1,1,1,1
scev_val_fig_1540,MCu,1,1,1,1,1
scev_val_fig_1540,QLl,1,1,1,1,1
scev_val_fig_1540,QLq,1,2,2,2,2
scev_val_fig_1540,VL,1,2,2,2,2
scev_val_fig_1540,VO,1,1,1,1,1
scev_val_fig_1541,AS,1,2,2,2,2
scev_val_fig_1541,AT,1,3,3,3,3
scev_val_fig_1541,CL,1,0,0,0,0
scev_val_fig_1541,GS,1,0,0,0,0
scev_val_fig_1541,KNf,1,1,1,1,1
scev_val_fig_1541,MA,1,2,2,2,2
scev_val_fig_1541,MCr,1,1,1,1,1
scev_val_fig_1541,MCu,1,1,1,1,1
scev_val_fig_1541,QLl,1,1,1,1,1
scev_val_fig_1541,QLq,1,2,2,2,2
scev_val_fig_1541,VL,1,1,1,1,1
scev_val_fig_1541,VO,1,1,1,1,1
scev_val_fig_1542,AS,1,3,3,3,3
scev_val_fig_1542,AT,1,3,3,3,3
scev_val_fig_1542,CL,1,0,0,0,0
scev_val_fig_1542,GS,1,0,0,0,0
scev_val_fig_1542,KNf,1,3,3,3,3
scev_val_fig_1542,MA,1,2,2,2,2
scev_val_fig_1542,MCr,1,2,2,2,2
scev_val_fig_1542,MCu,1,3,3,3,3
scev_val_fig_1542,QLl,1,1,1,1,1
scev_val_fig_1542,QLq,1,2,2,2,2
scev_val_fig_1542,VL,1,3,3,3,3
scev_val_fig_1542,VO,1,2,2,2,2
scev_val_fig_1543,AS,1,2,2,2,2
scev_val_fig_1543,AT,1,3,3,3,3
scev_val_fig_1543,CL,1,0,0,0,0
scev_val_fig_1543,GS,1,5,5,5,5
scev_val_fig_1543,KNf,1,2,2,2,2
scev_val_fig_1543,MA,1,3,3,3,3
scev_val_fig_1543,MCr,1,1,1,1,1
scev_val_fig_1543,MCu,1,2,2,2,2
scev_val_fig_1543,QLl,1,1,1,1,1
scev_val_fig_1543,QLq,1,2,2,2,2
scev_val_fig_1543,VL,1,2,2,2,2
scev_val_fig_1543,VO,1,1,1,1,1
scev_val_fig_1544,AS,1,3,3,3,3
scev_val_fig_1544,AT,1,3,3,3,3
scev_val_fig_1544,CL,1,0,0,0,0
scev_val_fig_1544,GS,1,2,2,2,2
scev_val_fig_1544,KNf,1,1,1,1,1
scev_val_fig_1544,MA,1,3,3,3,3
scev_val_fig_1544,MCr,1,2,2,2,2
scev_val_fig_1544,MCu,1,2,2,2,2
scev_val_fig_1544,QLl,1,2,2,2,2
scev_val_fig_1544,QLq,1,2,2,2,2
scev_val_fig_1544,VL,1,2,2,2,2
scev_val_fig_1544,VO,1,2,2,2,2
scev_val_fig_1545,AS,1,3,3,3,3
scev_val_fig_1545,AT,1,3,3,3,3
scev_val_fig_1545,CL,1,0,0,0,0
scev_val_fig_1545,GS,1,0,0,0,0
scev_val_fig_1545,KNf,1,1,1,1,1
scev_val_fig_1545,MA,1,2,2,2,2
scev_val_fig_1545,MCr,1,2,2,2,2
scev_val_fig_1545,MCu,1,1,1,1,1
scev_val_fig_1545,QLl,1,1,1,1,1
scev_val_fig_1545,QLq,1,1,1,1,1
scev_val_fig_1545,VL,1,2,2,2,2
scev_val_fig_1545,VO,1,1,1,1,1
scev_val_fig_1546,AS,1,2,2,2,2
scev_val_fig_1546,AT,1,3,3,3,3
scev_val_fig_1546,CL,1,0,0,0,0
scev_val_fig_1546,GS,1,0,0,0,0
scev_val_fig_1546,KNf,1,1,1,1,1
scev_val_fig_1546,MA,1,3,3,3,3
scev_val_fig_1546,MCr,1,2,2,2,2
scev_val_fig_1546,MCu,1,3,3,3,3
scev_val_fig_1546,QLl,1,1,1,1,1
scev_val_fig_1546,QLq,1,2,2,2,2
scev_val_fig_1546,VL,1,2,2,2,2
scev_val_fig_1546,VO,1,2,2,2,2
scev_val_fig_1547,AS,1,1,1,1,1
scev_val_fig_1547,AT,1,3,3,3,3
scev_val_fig_1547,CL,1,0,0,0,0
scev_val_fig_1547,GS,1,0,0,0,0
scev_val_fig_1547,KNf,1,1,1,1,1
scev_val_fig_1547,MA,1,2,2,2,2
scev_val_fig_1547,MCr,1,1,1,1,1
scev_val_fig_1547,MCu,1,1,1,1,1
scev_val_fig_1547,QLl,1,1,1,1,1
scev_val_fig_1547,QLq,1,1,1,1,1
scev_val_fig_1547,VL,1,1,1,1,1
scev_val_fig_1547,VO,1,1,1,1,1
scev_val_fig_1548,AS,1,3,3,3,3
scev_val_fig_1548,AT,1,3,3,3,3
scev_val_fig_1548,CL,1,0,0,0,0
scev_val_fig_1548,GS,1,1,1,1,1
scev_val_fig_1548,KNf,1,2,2,2,2
scev_val_fig_1548,MA,1,1,1,1,1
scev_val_fig_1548,MCr,1,2,2,2,2
scev_val_fig_1548,MCu,1,1,1,1,1
scev_val_fig_1548,QLl,1,1,1,1,1
scev_val_fig_1548,QLq,1,1,1,1,1
scev_val_fig_1548,VL,1,3,3,3,3
scev_val_fig_1548,VO,1,2,2,2,2
scev_val_fig_1549,AS,1,3,3,3,3
scev_val_fig_1549,AT,1,3,3,3,3
scev_val_fig_1549,CL,1,0,0,0,0
scev_val_fig_1549,GS,1,0,0,0,0
scev_val_fig_1549,KNf,1,2,2,2,2
scev_val_fig_1549,MA,1,1,1,1,1
scev_val_fig_1549,MCr,1,3,3,3,3
scev_val_fig_1549,MCu,1,2,2,2,2
scev_val_fig_1549,QLl,1,1,1,1,1
scev_val_fig_1549,QLq,1,1,1,1,1
scev_val_fig_1549,VL,1,3,3,3,3
scev_val_fig_1549,VO,1,1,1,1,1
scev_val_fig_1550,AS,1,2,2,2,2
scev_val_fig_1550,AT,1,3,3,3,3
scev_val_fig_1550,CL,1,0,0,0,0
scev_val_fig_1550,GS,1,0,0,0,0
scev_val_fig_1550,KNf,1,1,1,1,1
scev_val_fig_1550,MA,1,1,1,1,1
scev_val_fig_1550,MCr,1,1,1,1,1
scev_val_fig_1550,MCu,1,1,1,1,1
scev_val_fig_1550,QLl,1,1,1,1,1
scev_val_fig_1550,QLq,1,2,2,2,2
scev_val_fig_1550,VL,1,2,2,2,2
scev_val_fig_1550,VO,1,1,1,1,1
scev_val_fig_1551,AS,1,3,3,3,3
scev_val_fig_1551,AT,1,3,3,3,3
scev_val_fig_1551,CL,1,0,0,0,0
scev_val_fig_1551,GS,1,0,0,0,0
scev_val_fig_1551,KNf,1,3,3,3,3
scev_val_fig_1551,MA,1,2,2,2,2
scev_val_fig_1551,MCr,1,2,2,2,2
scev_val_fig_1551,MCu,1,3,3,3,3
scev_val_fig_1551,QLl,1,1,1,1,1
scev_val_fig_1551,QLq,1,2,2,2,2
scev_val_fig_1551,VL,1,2,2,2,2
scev_val_fig_1551,VO,1,2,2,2,2
scev_val_fig_1552,AS,1,2,2,2,2
scev_val_fig_1552,AT,1,3,3,3,3
scev_val_fig_1552,CL,1,0,0,0,0
scev_val_fig_1552,GS,1,0,0,0,0
scev_val_fig_1552,KNf,1,4,4,4,4
scev_val_fig_1552,MA,1,1,1,1,1
scev_val_fig_1552,MCr,1,2,2,2,2
scev_val_fig_1552,MCu,1,2,2,2,2
scev_val_fig_1552,QLl,1,1,1,1,1
scev_val_fig_1552,QLq,1,2,2,2,2
scev_val_fig_1552,VL,1,2,2,2,2
scev_val_fig_1552,VO,1,1,1,1,1
scev_val_fig_1553,AS,1,3,3,3,3
scev_val_fig_1553,AT,1,3,3,3,3
scev_val_fig_1553,CL,1,1,1,1,1
scev_val_fig_1553,GS,1,0,0,0,0
scev_val_fig_1553,KNf,1,2,2,2,2
scev_val_fig_1553,MA,1,2,2,2,2
scev_val_fig_1553,MCr,1,2,2,2,2
scev_val_fig_1553,MCu,1,3,3,3,3
scev_val_fig_1553,QLl,1,2,2,2,2
scev_val_fig_1553,QLq,1,2,2,2,2
scev_val_fig_1553,VL,1,2,2,2,2
scev_val_fig_1553,VO,1,2,2,2,2
scev_val_fig_1555,AS,1,2,2,2,2
scev_val_fig_1555,AT,1,3,3,3,3
scev_val_fig_1555,CL,1,0,0,0,0
scev_val_fig_1555,GS,1,1,1,1,1
scev_val_fig_1555,KNf,1,2,2,2,2
scev_val_fig_1555,MA,1,2,2,2,2
scev_val_fig_1555,MCr,1,1,1,1,1
scev_val_fig_1555,MCu,1,1,1,1,1
scev_val_fig_1555,QLl,1,1,1,1,1
scev_val_fig_1555,QLq,1,2,2,2,2
scev_val_fig_1555,VL,1,2,2,2,2
scev_val_fig_1555,VO,1,1,1,1,1
scev_val_fig_1556,AS,1,2,2,2,2
scev_val_fig_1556,AT,1,3,3,3,3
scev_val_fig_1556,CL,1,0,0,0,0
scev_val_fig_1556,GS,1,3,3,3,3
scev_val_fig_1556,KNf,1,1,1,1,1
scev_val_fig_1556,MA,1,1,1,1,1
scev_val_fig_1556,MCr,1,1,1,1,1
scev_val_fig_1556,MCu,1,1,1,1,1
scev_val_fig_1556,QLl,1,1,1,1,1
scev_val_fig_1556,QLq,1,1,1,1,1
scev_val_fig_1556,VL,1,2,2,2,2
scev_val_fig_1556,VO,1,1,1,1,1
scev_val_fig_1557,AS,1,2,2,2,2
scev_val_fig_1557,AT,1,3,3,3,3
scev_val_fig_1557,CL,1,0,0,0,0
scev_val_fig_1557,GS,1,0,0,0,0
scev_val_fig_1557,KNf,1,1,1,1,1
scev_val_fig_1557,MA,1,4,4,4,4
scev_val_fig_1557,MCr,1,2,2,2,2
scev_val_fig_1557,MCu,1,2,2,2,2
scev_val_fig_1557,QLl,1,2,2,2,2
scev_val_fig_1557,QLq,1,2,2,2,2
scev_val_fig_1557,VL,1,2,2,2,2
scev_val_fig_1557,VO,1,1,1,1,1
