item_id,nlp_parse_ok,nlp_svd_components,nlp_tda_components,nlp_tda_max_points,nlp_max_features,nlp_claim_caption_tfidf_cosine,nlp_claim_token_count,nlp_claim_unique_token_count,nlp_claim_type_token_ratio,nlp_claim_avg_token_length,nlp_claim_number_count,nlp_claim_percent_count,nlp_claim_math_symbol_count,nlp_claim_caption_token_jaccard,nlp_claim_caption_content_jaccard,nlp_claim_caption_numeric_overlap_count,nlp_claim_caption_numeric_jaccard,nlp_claim_caption_percent_overlap_count,nlp_cue_comparison_count,nlp_cue_comparison_rate,nlp_cue_superlative_count,nlp_cue_superlative_rate,nlp_cue_negation_count,nlp_cue_negation_rate,nlp_cue_uncertainty_count,nlp_cue_uncertainty_rate,nlp_cue_trend_count,nlp_cue_trend_rate,nlp_cue_temporal_count,nlp_cue_temporal_rate,nlp_cue_arithmetic_count,nlp_cue_arithmetic_rate,nlp_claim_svd_00,nlp_claim_svd_01,nlp_claim_svd_02,nlp_claim_svd_03,nlp_claim_svd_04,nlp_claim_svd_05,nlp_claim_svd_06,nlp_claim_svd_07,nlp_claim_svd_08,nlp_claim_svd_09,nlp_claim_svd_10,nlp_claim_svd_11,nlp_claim_svd_12,nlp_claim_svd_13,nlp_claim_svd_14,nlp_claim_svd_15,nlp_claim_svd_16,nlp_claim_svd_17,nlp_claim_svd_18,nlp_claim_svd_19,nlp_claim_svd_20,nlp_claim_svd_21,nlp_claim_svd_22,nlp_claim_svd_23,nlp_tda_token_point_count,nlp_tda_token_distance_mean,nlp_tda_token_distance_std,nlp_tda_token_distance_max,nlp_tda_token_distance_p90,nlp_tda_token_h0_interval_count,nlp_tda_token_h0_finite_count,nlp_tda_token_h0_essential_count,nlp_tda_token_h0_total_persistence,nlp_tda_token_h0_max_persistence,nlp_tda_token_h0_mean_persistence,nlp_tda_token_h0_std_persistence,nlp_tda_token_h0_p90_persistence,nlp_tda_token_h0_p95_persistence,nlp_tda_token_h0_entropy,nlp_tda_token_h1_interval_count,nlp_tda_token_h1_finite_count,nlp_tda_token_h1_essential_count,nlp_tda_token_h1_total_persistence,nlp_tda_token_h1_max_persistence,nlp_tda_token_h1_mean_persistence,nlp_tda_token_h1_std_persistence,nlp_tda_token_h1_p90_persistence,nlp_tda_token_h1_p95_persistence,nlp_tda_token_h1_entropy
sciver_test_1,1,24,16,40,2000,0.0980747277385414,40.0,37.0,0.925,5.25,5.0,0.0,2.0,0.0833333333333333,0.05,0.0,0.0,0.0,0.0,0.0,0.0,0.0,0.0,0.0,1.0,0.025,0.0,0.0,0.0,0.0,0.0,0.0,0.2337271828222785,-0.1341526743650635,0.1039232036464215,-0.1447189968516757,-0.0181121891515975,0.0096159623156534,0.1300853018994507,-0.0494881916587163,0.0207717483485156,0.0293327697203882,0.0305094653584119,0.0153176308503841,-0.1519217819629923,-0.0567653744381118,-0.0298890734512028,0.0307351173425429,0.0259827744280427,0.1036807763808523,0.0297393431629785,-0.0531439928348484,-0.0094953887332974,0.0038685291658692,0.0022646355958711,0.0500498150958872,37.0,0.3959509070877046,0.1827102080612418,0.957393938258032,0.6076649837325798,35.0,34.0,1.0,6.46759557721563,0.5852648603196152,0.1902233993298714,0.1181567105593183,0.3234114735747127,0.3555992754885667,3.33093179700241,4.0,4.0,0.0,0.0498084946881842,0.0185985582584175,0.012452123672046,0.0055476397111953,0.0179814003641648,0.0182899793112911,1.275273842190539
sciver_test_3,1,24,16,40,2000,0.0559697179762336,39.0,29.0,0.7435897435897436,5.3076923076923075,5.0,0.0,0.0,0.0526315789473684,0.03125,0.0,0.0,0.0,0.0,0.0,0.0,0.0,0.0,0.0,0.0,0.0,2.0,0.0512820512820512,0.0,0.0,0.0,0.0,0.2153372073109284,-0.1887182110815451,0.1178211918248428,-0.1088040693687473,-0.0200519805178112,0.0867534717251403,0.1167830606896335,0.0067006574795242,-0.0519896209792008,-0.112123020657173,0.0327959093329574,-0.1165801138086509,-0.1106492499020538,-0.0376424411550169,-0.0128576382577081,0.0678293530343204,-0.0062307490286342,0.0422242703935886,-0.0946552710565087,0.0152906642873343,0.0264377319312474,-0.0450525939890712,-0.0283306291835916,-0.0385892151815066,29.0,0.4089630695812508,0.1487340294781351,0.7301019599212298,0.5867099890196419,28.0,27.0,1.0,6.1645990297922655,0.481800463918958,0.2283184825848987,0.1200485342787391,0.3838459014271849,0.4199992321014708,3.1471492260541636,3.0,3.0,0.0,0.0875500694101291,0.052683232314632,0.029183356470043,0.0176753982890287,0.0471090260923996,0.0498961292035158,0.9115199609332276
sciver_test_5,1,24,16,40,2000,0.1935738528144725,35.0,31.0,0.8857142857142857,5.885714285714286,5.0,1.0,3.0,0.119047619047619,0.081081081081081,1.0,0.25,0.0,0.0,0.0,0.0,0.0,0.0,0.0,0.0,0.0,0.0,0.0,0.0,0.0,0.0,0.0,0.1302588392306483,-0.029975700848158,-0.0608145657284783,-0.1821905171300133,0.0421305287098447,0.0378233512856459,-0.0217737351224447,-0.0037270499993599,0.0340320545027113,-0.008535089787626,-0.0098526288362338,-0.0908823510276122,0.0231355928455342,0.0560842799802739,-0.0668217420913315,0.0570584910440448,-0.0138773329597483,-0.0086114434526763,-0.0990197740743293,-0.011257178089193,-0.0616133336463112,0.0113475156776642,-0.050941149754262,-0.0088700524436663,31.0,0.4154395258961025,0.1397708666799112,0.7561747056230216,0.5883030366685081,31.0,30.0,1.0,6.643493678646198,0.3631243855955658,0.2214497892882066,0.0983409421435611,0.3244761077456992,0.3438390063854425,3.275699246464035,1.0,1.0,0.0,0.00643950948922,0.00643950948922,0.00643950948922,0.0,0.00643950948922,0.00643950948922,-0.0
sciver_test_9,1,24,16,40,2000,0.2911001793208418,41.0,37.0,0.902439024390244,6.219512195121951,6.0,0.0,5.0,0.1363636363636363,0.1621621621621621,0.0,0.0,0.0,0.0,0.0,0.0,0.0,1.0,0.024390243902439,0.0,0.0,0.0,0.0,1.0,0.024390243902439,0.0,0.0,0.241931749745633,-0.1275278189825854,0.0363082243977095,0.0641804226680174,-0.1427532423323774,0.0376875864516766,0.0973398958534357,-0.0510240378623879,0.0591336894444732,-0.0309658615958107,-0.0587244126513727,-0.0601158972634843,-0.0224409756055803,-0.0269598795673443,0.0491190416191388,-0.0764677811113256,0.0859884334164256,0.0503190203216533,-0.0305573125650244,-0.018364910625834,0.0231744167128291,0.0206122244728807,-0.0273122673392704,0.0029046970932458,37.0,0.4566768294838387,0.1595338721376038,0.8743726769605119,0.6626251662487062,37.0,36.0,1.0,8.591612126571626,0.4745532844683624,0.2386558924047673,0.1182702018998905,0.418319957185669,0.4286888203561354,3.453398034182445,5.0,5.0,0.0,0.0510676035900417,0.0244414918948026,0.0102135207180083,0.0077281924768531,0.0189605839028742,0.0217010378988384,1.3453936150165826
sciver_test_11,1,24,16,40,2000,0.1586161311649542,48.0,45.0,0.9375,5.375,8.0,1.0,4.0,0.0923076923076923,0.0701754385964912,1.0,0.1,0.0,2.0,0.0416666666666666,0.0,0.0,0.0,0.0,0.0,0.0,0.0,0.0,1.0,0.0208333333333333,0.0,0.0,0.2123200040355681,-0.0785834826266247,0.0194648619432919,0.0159878657727533,0.0154023344699959,-0.0671142374692061,-0.00474569244118,0.0036739785323167,-0.0407404773163704,-0.0017849643111294,-0.1041306204216758,0.032373604646379,0.0123440490127677,-0.0062356832060192,0.0391811484983858,-0.0219141490222424,0.0350462088317934,-0.0762902148791782,-0.0072940169849961,-0.0257186441606005,-0.0554178973918616,-0.0152233845430797,0.0346584221538198,0.046913453184705,40.0,0.3670087560639479,0.1749629274215422,0.8234182445911078,0.5804695840541667,36.0,35.0,1.0,7.400331917822207,0.4617565324757307,0.2114380547949202,0.1355746185560374,0.3939378505917918,0.4280384941170271,3.3202195624766064,3.0,3.0,0.0,0.0706591995042063,0.0389836840334167,0.0235530665014021,0.0151950197530235,0.0369449039149258,0.0379642939741713,0.8245528949206978
sciver_test_13,1,24,16,40,2000,0.2567376864110854,46.0,45.0,0.9782608695652174,6.586956521739131,0.0,0.0,4.0,0.1186440677966101,0.0769230769230769,0.0,0.0,0.0,0.0,0.0,0.0,0.0,0.0,0.0,0.0,0.0,0.0,0.0,0.0,0.0,0.0,0.0,0.14450427624873,-0.0350098767356598,-0.0942578233045706,-0.1353635411022404,-0.0315596802371465,-0.0241856937464273,0.0435235675677504,0.0339956546011428,-0.0015807186187827,0.0562736607825184,0.0318132548803218,-0.0190762371736277,0.0001135337569444,-0.0819960776622501,0.0156213019795956,-0.0076131568974999,0.0381882494907681,-0.0223555645462452,0.0476917708479612,0.0913030757958663,-0.0797106338008143,0.0496138642476069,0.0223742275034056,0.0840314504063963,40.0,0.3742198133168617,0.1522447691825761,0.7485245701285976,0.575931082172472,40.0,39.0,1.0,7.822011747801199,0.4691523915392532,0.2005644037897743,0.124077421498798,0.3763062263642101,0.4509273591523576,3.462312499516086,7.0,7.0,0.0,0.091395272283244,0.0253548752442893,0.0130564674690348,0.0069754059416562,0.0205051012775743,0.0229299882609318,1.795156969596663
sciver_test_14,1,24,16,40,2000,0.0455509929291318,38.0,36.0,0.9473684210526316,6.052631578947368,4.0,3.0,6.0,0.04,0.0232558139534883,1.0,0.25,0.0,0.0,0.0,0.0,0.0,0.0,0.0,0.0,0.0,0.0,0.0,1.0,0.0263157894736842,0.0,0.0,0.1700017068790308,-0.1165939287619627,0.0268794513129491,-0.2547108563969367,-0.0330219213679698,-0.0235051577091633,0.0247865549948904,-0.0248344840932402,0.0689065493890279,-0.0310610927514744,0.0420748204470809,-0.092115388437857,0.0264558259015613,0.0565626035651935,-0.0973965443831969,-0.0568116986564267,0.0040544160953948,-0.0490548806561714,-0.0353995704234853,-0.0111318845963743,-0.1051625355430685,-0.048956599260798,0.0608161433551814,0.0539503525721465,36.0,0.3644322447820221,0.1400409889085773,0.7617337733510411,0.5475950664872831,36.0,35.0,1.0,6.640767390992594,0.4225977518502404,0.1897362111712169,0.1057942785504444,0.3117960632449934,0.3733239982686743,3.3806910931937204,6.0,6.0,0.0,0.0697946903794846,0.022603739341211,0.0116324483965807,0.0064460011173552,0.0188601495217377,0.0207319444314744,1.6193864254875483
sciver_test_16,1,24,16,40,2000,0.2724227266639532,47.0,39.0,0.8297872340425532,5.148936170212766,5.0,0.0,6.0,0.1235955056179775,0.0886075949367088,1.0,0.125,0.0,1.0,0.0212765957446808,2.0,0.0425531914893617,0.0,0.0,0.0,0.0,0.0,0.0,0.0,0.0,0.0,0.0,0.1813085859153373,-0.0906666745099398,-0.0296799222850927,-0.004083389003518,0.1490783299000888,-0.0637087260055914,-0.0240989186485505,-0.0526020735028669,-0.0449757162417322,-0.1246331734446494,-0.0505965978509618,0.0873829452522736,0.0129475150682321,0.0302032133955029,0.0820821889722967,-0.1037908647751475,0.0238266356716419,0.0680463147495855,0.026655585622054,0.0126150628933176,-0.06038690325657,0.072098489250906,0.0416406841339145,0.0307054793407414,39.0,0.3490750412131929,0.1340758656199712,0.7996629016299613,0.5187458534663512,37.0,36.0,1.0,7.002448060059148,0.4369354830259362,0.1945124461127541,0.1065706641478633,0.3283229534667952,0.3907754353484318,3.4201143703282586,7.0,7.0,0.0,0.1222009625951253,0.0447197448440574,0.0174572803707321,0.0122601906552988,0.0298361731485315,0.0372779589962944,1.7285822749984685
sciver_test_18,1,24,16,40,2000,0.0103729568872754,43.0,41.0,0.9534883720930232,6.488372093023256,3.0,2.0,7.0,0.0392156862745098,0.0227272727272727,0.0,0.0,0.0,0.0,0.0,0.0,0.0,0.0,0.0,0.0,0.0,1.0,0.0232558139534883,0.0,0.0,0.0,0.0,0.1932343701222532,-0.0877644953666585,0.0150590128311158,-0.2268549058616382,0.0268425791391015,-0.0643776745628771,0.0855686845184924,0.0135049425131837,0.0692212008337688,-0.019898789870374,-0.0221585905013671,-0.029107354697506,0.0003870264942728,-0.013684577754027,0.0267007432232191,-0.0414805027373676,0.0140586526481454,-0.0541432171761812,0.0237571039163547,-0.0418513412776325,-0.1267985031236125,0.0029521018449131,0.0261892203351151,-0.0360907624331587,40.0,0.362309475598598,0.1349413423833305,0.7394869685890243,0.5327427249298322,38.0,37.0,1.0,7.567365123909953,0.3922061724805762,0.204523381727296,0.0937060505261903,0.3056565031106669,0.3644244542395034,3.4886166311844193,9.0,9.0,0.0,0.2298420350716308,0.0555385824144364,0.0255380038968478,0.0190012409303218,0.0494653651446744,0.0525019737795554,1.904326211616814
sciver_test_20,1,24,16,40,2000,0.0290410404308632,42.0,34.0,0.8095238095238095,6.809523809523809,0.0,0.0,1.0,0.1136363636363636,0.0555555555555555,0.0,0.0,0.0,2.0,0.0476190476190476,0.0,0.0,0.0,0.0,0.0,0.0,0.0,0.0,0.0,0.0,0.0,0.0,0.1444775442631235,0.0589696920865484,-0.0946280462708772,-0.0343374867486103,-0.0339503280113392,0.0107138769247202,0.0630432185525292,-0.0233569501466641,0.0116664072728918,-0.0046199024483287,-0.0169114195961227,0.0329361804224996,-0.0457059592220837,-0.0735473753753677,0.0047486048520112,-0.0465178334299555,0.0294961172499773,-0.010127545229777,0.0481769011358137,0.065775426892158,0.0283734689421182,-0.076929629513993,-0.0722063189103459,0.0790067391582151,34.0,0.4312198995354408,0.158295218932852,0.845538962967682,0.6438680499299472,34.0,33.0,1.0,8.119998706048731,0.4441634119741116,0.2460605668499615,0.1047771948440289,0.3767891644081981,0.401675086846405,3.394528031640431,7.0,7.0,0.0,0.1801558053800657,0.0981455240350021,0.0257365436257236,0.0330408945044148,0.0632472849042919,0.0806964044696469,1.2035133115136694
sciver_test_22,1,24,16,40,2000,0.1863541466357362,39.0,36.0,0.9230769230769232,5.743589743589744,3.0,1.0,1.0,0.1162790697674418,0.0909090909090909,0.0,0.0,0.0,1.0,0.0256410256410256,0.0,0.0,1.0,0.0256410256410256,0.0,0.0,0.0,0.0,0.0,0.0,1.0,0.0256410256410256,0.2274315945485873,-0.0556866613429466,0.0221171574646171,-0.0792222886814652,-0.0620728501599141,-0.0586742347052169,0.038829827102444,-0.000542336600823,-0.003868493446201,0.014058282408733,-0.0213125028699748,0.0323709780646006,-0.008133707396309,-0.0650910132606653,0.049873092001996,0.0236240153950206,0.0162939774677727,0.0138218384959741,-0.0286655297496171,0.0517139237696524,0.0017312693465496,0.0043318112335813,0.0927722781790286,-0.0735421468927266,36.0,0.4307323906912556,0.1634064385891653,0.8303445497812213,0.6564711841454337,35.0,34.0,1.0,7.842959674094656,0.4477473953308537,0.2306752845321957,0.1143584254773216,0.4012558959403295,0.4224302687638696,3.391444339032507,8.0,8.0,0.0,0.1181205976167726,0.0316910762082719,0.0147650747020965,0.0108026242915875,0.0283399641425053,0.0300155201753886,1.7887059530420455
sciver_test_24,1,24,16,40,2000,0.341320822108458,41.0,36.0,0.8780487804878049,5.390243902439025,4.0,0.0,5.0,0.2205882352941176,0.1724137931034483,4.0,0.4444444444444444,0.0,2.0,0.048780487804878,1.0,0.024390243902439,0.0,0.0,0.0,0.0,0.0,0.0,0.0,0.0,0.0,0.0,0.2645403515039876,-0.0614220583635625,-0.1152297929045877,0.1910664561942325,0.0946680059758245,-0.0364589440947618,-0.1354321267941636,-0.041426299658582,0.0492735333997373,-0.082473029901527,-0.1003578883261525,-0.0250639262748956,-0.0135463271568973,0.0701241050845965,0.0915941538386935,0.0002020019335639,0.0886520351896968,0.0362435941051844,0.0189733405847381,0.1474336844821182,-0.0320641896278149,0.0435061104368206,0.0677215325464347,-0.1015969078038515,36.0,0.3794561491625334,0.1671148076573608,0.7663356624654662,0.5841804935410134,32.0,31.0,1.0,7.380074582656273,0.4081026961522304,0.2380669220211701,0.1311288348935912,0.3955621004717581,0.4052524324166955,3.255086156054188,2.0,2.0,0.0,0.0402034764551689,0.0364495645539471,0.0201017382275844,0.0163478263263626,0.0331799992886746,0.0348147819213108,0.3102726105961176
sciver_test_25,1,24,16,40,2000,0.3446143662419466,35.0,33.0,0.9428571428571428,6.514285714285714,3.0,0.0,4.0,0.1851851851851851,0.1739130434782608,0.0,0.0,0.0,0.0,0.0,0.0,0.0,0.0,0.0,0.0,0.0,0.0,0.0,0.0,0.0,0.0,0.0,0.1412722122161789,-0.0529916316928271,-0.0817830351505613,-0.0091284275513972,0.0250515338272317,-0.0156351750543439,0.0069059713580038,-0.0636982141478498,-0.1160483539248095,0.0606502919812798,0.0044431795766659,-0.0318142272326127,-0.0648866776064086,-0.025059705165063,-0.0332465500033534,-0.0301496264608179,-0.0914386863790431,-0.0274924080141703,-0.0031619738237203,-0.0803530857142984,-0.1043743418705019,-0.0143417114144386,0.0703405057840354,-0.0415367317545172,33.0,0.4183267194011443,0.1496114819315686,0.7697449832694923,0.6197284488610105,32.0,31.0,1.0,6.859509210470076,0.4210383690871935,0.221274490660325,0.1079061804329242,0.3608188977432578,0.3945624551126204,3.2898315749039004,5.0,5.0,0.0,0.1521034910774919,0.0592932365109363,0.0304206982154983,0.0169299420660964,0.0516775360780421,0.0554853862944892,1.4652054461558803
sciver_test_27,1,24,16,40,2000,0.1219100563940702,41.0,35.0,0.8536585365853658,4.634146341463414,6.0,0.0,8.0,0.1121495327102803,0.0842105263157894,1.0,0.0909090909090909,0.0,1.0,0.024390243902439,0.0,0.0,0.0,0.0,0.0,0.0,0.0,0.0,0.0,0.0,0.0,0.0,0.2124422425822282,-0.1218479392719727,0.0348148836243778,0.12588054711449,0.1346355271141298,-0.0289221699442216,-0.0708543475562832,-0.0995730957854608,0.1997379975436012,-0.0070306106428207,0.0902418434769565,0.1515232891173619,-0.1665550064337453,0.1616363500588482,0.0620387799691542,-0.0363255867085431,0.1043485033642381,0.0673632916230182,-0.067573508655565,-0.0039594522688642,-0.0362288007231225,-0.0048718309508333,-0.05817588777509,0.015551230227694,35.0,0.3797179320162416,0.1659116900407951,0.7770677338697478,0.589630623272237,31.0,30.0,1.0,6.636979114832861,0.4696233405647689,0.2212326371610953,0.1260967610407667,0.4288641093114211,0.4526299978032783,3.2450330204319573,3.0,3.0,0.0,0.0105476037529029,0.0060648853335149,0.0035158679176343,0.0020229135262588,0.0055251380036764,0.0057950116685956,0.9204169378716602
sciver_test_29,1,24,16,40,2000,0.3565422588031459,40.0,35.0,0.875,5.3,4.0,0.0,9.0,0.0952380952380952,0.0714285714285714,2.0,0.2,0.0,0.0,0.0,0.0,0.0,0.0,0.0,0.0,0.0,0.0,0.0,0.0,0.0,0.0,0.0,0.1661121583599356,-0.1083710155680989,-0.0553948644965593,0.032901798037033,0.2197717031167517,0.0014958961427253,-0.0810413568480383,-0.0051999718484648,0.1806405794858427,0.1158154584523941,0.1355034350254722,0.2095531875374309,-0.1950418317798154,0.2019401558703656,0.0269959877005749,-0.065174988782101,0.0067205142214335,-0.0292957483540898,-0.0325751640710975,0.0418677775999572,0.1284780805684683,0.0981228745578149,-0.0836008627324519,0.1136152667591425,35.0,0.3457819486590091,0.1229415385838634,0.6985241001315898,0.504320384018442,33.0,32.0,1.0,6.29675173660562,0.346503309774081,0.1967734917689256,0.0830428499770014,0.3042562889740477,0.3167119924141188,3.3693361508717574,4.0,4.0,0.0,0.0834585545980813,0.0368895363246589,0.0208646386495203,0.0127826681082947,0.0337339047214151,0.035311720523037,1.143543158740835
sciver_test_31,1,24,16,40,2000,0.1892415758704498,43.0,38.0,0.8837209302325582,5.069767441860465,6.0,1.0,5.0,0.135593220338983,0.1454545454545454,1.0,0.1428571428571428,0.0,1.0,0.0232558139534883,1.0,0.0232558139534883,0.0,0.0,0.0,0.0,0.0,0.0,0.0,0.0,1.0,0.0232558139534883,0.1977182039381158,0.0034654267272293,-0.0048976944252048,0.0656027031152263,0.2347784882397975,-0.0469586701923585,-0.0444258248239078,0.0855560528567261,0.1677858475667566,0.0979156459823061,-0.0223026112326216,0.2142127104367412,-0.0422213417707726,0.052660851583406,0.1143838230238588,0.0578677813155962,0.0311903753340254,-0.1072049932170579,-0.1661549687409586,0.0476375301734041,0.0533090056594071,0.0327290047102386,-0.111422198013977,0.0765996455667368,38.0,0.3727958080018923,0.1547900135918187,0.7459433220037063,0.5622514461158309,31.0,30.0,1.0,7.456375382613981,0.4570851209067598,0.2485458460871327,0.1075250318928277,0.4104207962845043,0.433883671498273,3.2963523776501136,5.0,5.0,0.0,0.0860106709564683,0.0433803173988222,0.0172021341912936,0.0170054530553854,0.0382620074414912,0.0408211624201567,1.053806936930983
sciver_test_33,1,24,16,40,2000,0.0,38.0,36.0,0.9473684210526316,6.2894736842105265,3.0,0.0,2.0,0.0,0.0,0.0,0.0,0.0,0.0,0.0,0.0,0.0,1.0,0.0263157894736842,0.0,0.0,0.0,0.0,0.0,0.0,0.0,0.0,0.1218597969785864,-0.0960940967750538,-0.1522106002198009,-0.0367955939860756,-0.0661460170151305,0.0095014054634578,-0.0019331838400285,-0.0019761470246159,-0.0014432330874243,0.1308984612838213,-0.0288754358961995,-0.0198667576502,-0.0712795494999039,0.0249097090706003,-0.0325795970256511,0.0640892531437471,0.1281587363819405,-0.0537442188659417,0.0274515250972544,0.0527009954760581,-0.0438049797237574,-0.0376140697261551,-0.0096775808089407,-0.0615407780963864,36.0,0.3728669500530348,0.1398372767936438,0.748364018259278,0.5654176391880844,36.0,35.0,1.0,7.19511146586025,0.397995468355105,0.2055746133102928,0.089239482973653,0.3354090824546779,0.3704352515650649,3.4560918486850145,4.0,4.0,0.0,0.0220397519084168,0.0188393717272261,0.0055099379771042,0.007741059965501,0.0139167527534785,0.0163780622403523,0.5181803361377424
sciver_test_35,1,24,16,40,2000,0.1469494734709096,40.0,36.0,0.9,5.925,6.0,0.0,1.0,0.0961538461538461,0.0681818181818181,0.0,0.0,0.0,3.0,0.075,0.0,0.0,0.0,0.0,0.0,0.0,0.0,0.0,0.0,0.0,0.0,0.0,0.1655493514490291,-0.0986558745873754,-0.1606380139400847,-0.1314014843177728,0.0202397572218992,0.0369411838245198,-0.076117308605391,-0.0147733845281241,-0.0397571791704005,0.0120477069292066,-0.075355971001861,0.0017285204408051,-0.0299220322837679,0.1092904619040595,-0.0418279852209481,0.0227930619011274,0.0332781547140789,-0.1277986543962105,-0.0103459979237751,0.0594030355250745,0.0438611506513917,-0.051775057995127,-0.0238587633543701,-0.1024421616630338,36.0,0.4328180935016392,0.15726148229377,0.8384799852094409,0.6247830305199695,34.0,33.0,1.0,7.576063549355126,0.4338359990505006,0.2295776833137917,0.1032850695342703,0.3519613368719591,0.3755893232545676,3.383258269967788,1.0,1.0,0.0,0.0714585426107065,0.0714585426107065,0.0714585426107065,0.0,0.0714585426107065,0.0714585426107065,-0.0
sciver_test_38,1,24,16,40,2000,0.1253973440752003,44.0,38.0,0.8636363636363636,5.7727272727272725,8.0,4.0,5.0,0.1063829787234042,0.1,0.0,0.0,0.0,3.0,0.0681818181818181,0.0,0.0,0.0,0.0,1.0,0.0227272727272727,0.0,0.0,0.0,0.0,0.0,0.0,0.186524632511875,-0.0952023562333806,-0.0440188627507572,-0.0023549715324427,0.0292214737456166,0.1012968138609014,0.0597239055273995,0.0210812290163923,0.1420995452863251,0.0676639030473711,0.0078887456800287,-0.0066199594900388,-0.0630730267406279,-0.053409474186594,-0.0433497818857811,0.0153368837278373,0.0266062341576033,0.0569197922732567,0.059876217912932,-0.1300987084498069,-0.0664785044857747,0.006312022725439,-0.0143466860856465,-0.0566757278916681,38.0,0.3952586743861029,0.1650231927016387,0.8777626060905015,0.6239655325495039,38.0,37.0,1.0,7.202821921660606,0.5172979752668331,0.1946708627475839,0.1117143053068581,0.333647269357963,0.3770478541199658,3.4407232705742996,2.0,2.0,0.0,0.0503383881488854,0.0414555014066755,0.0251691940744427,0.0162863073322328,0.038198239940229,0.0398268706734523,0.4659882944513895
sciver_test_39,1,24,16,40,2000,0.0869935451832655,35.0,31.0,0.8857142857142857,5.9714285714285715,8.0,3.0,7.0,0.1034482758620689,0.1020408163265306,1.0,0.1,0.0,1.0,0.0285714285714285,0.0,0.0,0.0,0.0,0.0,0.0,0.0,0.0,0.0,0.0,0.0,0.0,0.1517720007574874,-0.0811786456204084,-0.0446077081970933,-0.1667852107077577,0.0083518207105161,-0.0034766465119636,-0.0953604893537625,-0.0365388660087703,0.0393147814530054,0.0604844448450278,0.0035452050166643,-0.0318089888234244,0.0511189342765999,-0.0738469666755291,-0.152913350172698,-0.0016388726029616,0.1160428953127881,0.0425058874277866,-0.0441753228485516,0.1068616038741673,-0.1087605403016006,-0.0882384097746124,0.0567379318203728,0.0594028786022258,31.0,0.4097207595513085,0.1684541472510524,0.8460222369189695,0.6263814070556885,31.0,30.0,1.0,6.838752271210542,0.4827033322270716,0.2279584090403514,0.1424731734766251,0.4280662618661422,0.449815486536928,3.181425578551698,1.0,1.0,0.0,0.0028636171510137,0.0028636171510137,0.0028636171510137,0.0,0.0028636171510137,0.0028636171510137,-0.0
sciver_test_41,1,24,16,40,2000,0.0102139855874256,34.0,34.0,1.0,6.294117647058823,3.0,3.0,6.0,0.0222222222222222,0.0,0.0,0.0,0.0,1.0,0.0294117647058823,0.0,0.0,0.0,0.0,0.0,0.0,1.0,0.0294117647058823,1.0,0.0294117647058823,0.0,0.0,0.1927140976019194,-0.03446107503837,-0.0149110401393717,-0.0983921383170059,-0.056661500679285,-0.0508763269142781,0.0474801597855202,0.0093089710840221,0.0283768127679431,-0.0706510756713168,0.0271970598688441,0.0215642093358909,-0.0563517841825383,-0.1178927645080625,0.0494931508391622,-0.1137559061850654,0.0379691074846775,0.0034244766714029,0.1043359517224901,0.0481219971349902,-0.0749830154625451,0.0117387069265104,-0.0326586426011513,-0.0419002813617449,34.0,0.4037097060751631,0.1508966207778678,0.8554699753998993,0.6041088256353226,34.0,33.0,1.0,7.231328997705142,0.5395005367215504,0.2191311817486406,0.1246738093385193,0.404559145505013,0.4420898965999222,3.3342300534674285,2.0,2.0,0.0,0.0204865363479193,0.0158900708645905,0.0102432681739596,0.0056468026906309,0.0147607103264643,0.0153253905955274,0.5323775668888675
sciver_test_42,1,24,16,40,2000,0.1930030836684066,40.0,37.0,0.925,5.9,2.0,0.0,4.0,0.0701754385964912,0.0625,0.0,0.0,0.0,1.0,0.025,0.0,0.0,0.0,0.0,0.0,0.0,0.0,0.0,0.0,0.0,0.0,0.0,0.1997870217611408,-0.0291653235821132,-0.1032573534649469,-0.0420730951237416,-0.1089199275673518,0.1027375597512586,0.0566840420949514,0.0602395114221886,-0.0626042734801401,-0.0748730163667365,0.1305051697903993,0.1528062692149221,0.0360012938686379,0.0978009390153231,-0.1020881668432576,-0.0824448064964345,-0.0163388145793898,-0.0359798086884558,-0.0687321817764844,-0.0496496453402615,-0.0144553596716133,-0.0412756858429089,0.1376473258140666,-0.0455561921769236,37.0,0.3817970537567196,0.1528771571165882,0.8509843125638792,0.5941426746315843,37.0,36.0,1.0,6.963893528171427,0.4801348314971011,0.1934414868936507,0.1091794120493965,0.3282997611942551,0.3905507820937755,3.4181242390078825,4.0,4.0,0.0,0.0598189378168818,0.043137640992008,0.0149547344542204,0.0170318957130263,0.0343293917354629,0.0387335163637354,0.7542137261759214
sciver_test_45,1,24,16,40,2000,0.0465584549792185,42.0,38.0,0.9047619047619048,5.880952380952381,4.0,2.0,2.0,0.0769230769230769,0.0714285714285714,0.0,0.0,0.0,0.0,0.0,0.0,0.0,0.0,0.0,1.0,0.0238095238095238,2.0,0.0476190476190476,0.0,0.0,0.0,0.0,0.2372702282780042,-0.1053502102794993,0.0190312094695826,0.0310454136810218,0.0031993130789728,-0.089716973741267,-0.0178612088160779,-0.0127656107728502,-0.0448665848181242,0.0093539985119717,0.0361643830590991,-0.0390450600927476,-0.1139427503063644,-0.0324095686249425,0.0865446667319015,-0.0415590717221983,0.0034830828730543,-0.0732761574212001,0.0496833205674361,-0.0171039037619161,-0.0815200779800009,-0.0072639367703787,0.0623197537034705,-0.0731409129492041,38.0,0.4444179142736487,0.1479179372660717,0.8243288234104991,0.619370899823809,38.0,37.0,1.0,8.88908475572589,0.4374008156557599,0.2402455339385375,0.1139583506657989,0.3922612251165147,0.4118029662268718,3.486434565821487,9.0,9.0,0.0,0.1993476640760858,0.0915622356046156,0.0221497404528984,0.0260309860224131,0.0398978401506734,0.0657300378776445,1.6800081101983395
sciver_test_47,1,24,16,40,2000,0.2256291599931331,40.0,39.0,0.975,6.85,4.0,2.0,6.0,0.1632653061224489,0.1463414634146341,1.0,0.25,0.0,1.0,0.025,0.0,0.0,0.0,0.0,1.0,0.025,0.0,0.0,0.0,0.0,0.0,0.0,0.1571152640034517,-0.0688685807971549,-0.0652872441723616,-0.0358511357486649,0.0357255236567755,-0.0188982981069088,-0.0525069852968272,-0.0570177870799862,-0.031622322294732,0.0447668981459416,0.0826473234704019,-0.0557148211456319,0.068016705171748,-0.0491708050545529,-0.0194975273817549,-0.0594549121000981,-0.0668471639877878,0.0684279349065195,0.0463938375886525,0.083519653674799,-0.050933234881814,0.0341172197906554,0.0598524952321769,-0.0139731365380001,39.0,0.3862341797458359,0.1423839215814014,0.7305701154263324,0.5605996833339165,36.0,35.0,1.0,8.057453974471183,0.4024830222495758,0.2302129706991766,0.0989560333712968,0.3701084303194962,0.3904925572677181,3.455858163088968,5.0,5.0,0.0,0.0798219323223605,0.0316417137011776,0.0159643864644721,0.0097230896944397,0.025875832051273,0.0287587728762253,1.385298369320571
sciver_test_48,1,24,16,40,2000,0.0496753679094711,39.0,35.0,0.8974358974358975,6.615384615384615,4.0,2.0,6.0,0.0491803278688524,0.0181818181818181,0.0,0.0,0.0,2.0,0.0512820512820512,0.0,0.0,0.0,0.0,0.0,0.0,0.0,0.0,0.0,0.0,0.0,0.0,0.1695233397008201,0.0612662185293613,-0.0548809724043011,-0.0699073232813555,-0.0038712311651202,0.0085835991149314,0.069076441779024,-0.0270997294235932,0.0538763502324291,-0.1002452391580047,0.0061554267808115,-0.0082728775320787,0.0207842255277393,-0.0841871923645695,-0.1309492952405837,-0.0033627347856853,0.0915071632013962,0.0244805936167631,-0.095884964494176,0.1437958593841806,-0.0660869098472846,-0.1516015132117763,-0.0112705896790926,0.0145430778736022,35.0,0.4022329675831701,0.1296358706019426,0.7367397481541004,0.5782308639647377,35.0,34.0,1.0,8.12036937284839,0.5371931700028525,0.2388343933190703,0.1068809337831746,0.3638061925013851,0.3854300515884047,3.4151843288541883,4.0,4.0,0.0,0.0454463176680109,0.0194683839836707,0.0113615794170027,0.0066149102535234,0.0183748364284997,0.0189216102060852,1.1968248607386711
sciver_test_49,1,24,16,40,2000,0.1576770280498315,36.0,33.0,0.9166666666666666,6.138888888888889,2.0,0.0,1.0,0.0806451612903225,0.0377358490566037,0.0,0.0,0.0,0.0,0.0,0.0,0.0,0.0,0.0,0.0,0.0,0.0,0.0,0.0,0.0,0.0,0.0,0.1500686623481061,-0.0928045317154798,-0.0166996653303319,-0.0710856142402702,-0.0886445007683294,-0.0144442011933196,0.0615945380900549,-0.0254426798153491,0.0268241622763444,-0.0868967901406734,0.0534025168571279,0.0010409037982417,-0.0638736905167838,0.0360302408165201,0.0215780529573833,-0.0339150794498881,0.0143057250313326,-0.0059112491929401,-0.0368838819284928,0.0134167039239855,-0.0157760658117871,-0.0228784178784555,0.015764173839182,-0.0067806455061815,33.0,0.4200087262251456,0.1176807193164704,0.7219528926407831,0.5694717970388223,33.0,32.0,1.0,7.630071766561663,0.3787958972286105,0.2384397427050519,0.0789845042135442,0.3632037146349661,0.3688238073872624,3.4081292480214898,8.0,8.0,0.0,0.1346657150898317,0.0260192077927144,0.0168332143862289,0.006303702443576,0.0235432651752277,0.024781236483971,2.005078375974698
sciver_test_51,1,24,16,40,2000,0.1504877005336059,45.0,42.0,0.9333333333333332,5.866666666666666,3.0,0.0,3.0,0.14,0.073170731707317,0.0,0.0,0.0,1.0,0.0222222222222222,0.0,0.0,0.0,0.0,0.0,0.0,0.0,0.0,0.0,0.0,2.0,0.0444444444444444,0.1993289980591441,-0.0128135470751248,-0.1508069783400536,-0.0472654985136634,-0.028407747085183,0.0305532224080519,-0.0217466380591222,0.1912259889451842,-0.0625972362140143,0.0825002743428476,0.1165508246642375,0.0865520727910516,-0.0081972958891671,0.0657497941518946,0.0284344461131965,-0.0044864414521397,-0.0893236794936649,0.1407652947342349,0.1645906960122053,0.0247772303194756,-0.1096931154443432,-0.0572086545152757,-0.0741802807342203,0.0744855358073822,40.0,0.3854806382893181,0.154704733602467,0.8653549584416724,0.6165437229577945,40.0,39.0,1.0,7.737000804888312,0.5552604039646349,0.1983846360227772,0.1164403141075965,0.3519575368172491,0.4381707120705022,3.501241164304009,7.0,6.0,1.0,0.1227861404989326,0.0446332812051247,0.0204643567498221,0.0160440924938272,0.041129588635748,0.0428814349204363,1.46287951899164
sciver_test_53,1,24,16,40,2000,0.0626119572708825,38.0,36.0,0.9473684210526316,6.526315789473684,1.0,0.0,4.0,0.0757575757575757,0.0175438596491228,0.0,0.0,0.0,0.0,0.0,0.0,0.0,0.0,0.0,0.0,0.0,0.0,0.0,0.0,0.0,0.0,0.0,0.2033891155236234,0.0215766022815061,-0.1210615473985826,0.0551222732198649,-0.0045054581994117,-0.0041002863695878,0.0265504310875502,0.1190137918798243,-0.0362121880131966,0.0277978801375263,-0.0258735049585158,0.0498064214074419,0.003369354071776,-0.0332426222582713,0.011499757951411,-0.0014777097798843,-0.0309133989523188,0.0010839853215992,-0.0008089159065741,0.0182844673101064,-0.0150692196667622,0.0475890086412192,-0.0408930199228389,-0.023904822392179,36.0,0.3979819350128672,0.1428675205681934,0.7639877164303073,0.5891274993426406,35.0,34.0,1.0,7.923902231209168,0.4503454268863617,0.2330559479767402,0.0993899731496321,0.354761576878581,0.4056537710357468,3.427989322785885,2.0,2.0,0.0,0.0335605319291177,0.0175708854520924,0.0167802659645588,0.0007906194875335,0.0174127615545857,0.0174918235033391,0.6920368094589007
sciver_test_55,1,24,16,40,2000,0.4073858794887314,40.0,35.0,0.875,6.025,3.0,2.0,6.0,0.1447368421052631,0.109375,1.0,0.0769230769230769,0.0,0.0,0.0,0.0,0.0,0.0,0.0,0.0,0.0,0.0,0.0,0.0,0.0,0.0,0.0,0.1312262493620311,-0.0216988111802145,-0.0354757531549213,0.0647140495771686,0.0406828893904797,-0.0486063362239353,-0.0724763554633254,-0.0032586178010075,-0.0547631168536669,-0.0536220440950475,0.0013813795106005,-0.0012715895859603,-0.0221807072048227,-0.0090582118748189,0.0229205030030469,0.0139364592516567,0.0236535274703791,-0.0221348212537896,0.0175491977997214,-0.027028593992195,-0.0115305562109361,-0.0173098425334786,0.0385221465133904,-0.0265454677542708,35.0,0.3893233689612784,0.129238635465327,0.7316900172137153,0.564847658008129,34.0,33.0,1.0,7.346122688228391,0.4004506947754862,0.2226097784311633,0.0883458121038782,0.3534724255115968,0.3693864268021621,3.411135492693983,2.0,2.0,0.0,0.0642600301870505,0.0469076875789439,0.0321300150935252,0.0147776724854186,0.0439521530818601,0.045429920330402,0.5832918746581968
sciver_test_57,1,24,16,40,2000,0.1027448068684718,33.0,32.0,0.9696969696969696,6.696969696969697,2.0,0.0,1.0,0.027027027027027,0.0303030303030303,0.0,0.0,0.0,0.0,0.0,0.0,0.0,0.0,0.0,1.0,0.0303030303030303,0.0,0.0,0.0,0.0,0.0,0.0,0.1231093026514815,-0.0825632748963922,-0.0784053513030424,-0.0811310439744154,0.0028066284178217,0.0755098614422736,0.0770394379810666,0.0243377136156642,-0.0726545887322535,-0.0389826157019891,0.0931607670131981,0.0648567819885284,0.0360068744897406,0.006571300526817,-0.0486873809518849,0.0200667261734332,-0.0046370679560892,-0.0017488869737055,-0.0194985537292652,-0.0705531332510913,0.0459677597401757,0.0341819046989451,0.0399056306110241,0.0831344343210266,32.0,0.4005904011320167,0.1426906443667027,0.7416891514438648,0.5854401859221303,32.0,31.0,1.0,6.910045127147692,0.4343520704550458,0.2229046815208933,0.1083966825493795,0.3693483331826401,0.3837771375077774,3.3041268613103,4.0,4.0,0.0,0.0184623083282662,0.0086682624374439,0.0046155770820665,0.0024948258775305,0.0072632126482205,0.0079657375428322,1.2466611569881814
sciver_test_58,1,24,16,40,2000,0.2229054775756354,43.0,39.0,0.9069767441860463,7.209302325581396,2.0,0.0,4.0,0.1166666666666666,0.0980392156862745,1.0,0.25,0.0,2.0,0.0465116279069767,1.0,0.0232558139534883,0.0,0.0,0.0,0.0,0.0,0.0,1.0,0.0232558139534883,0.0,0.0,0.1313144587700257,-0.0162907935161355,-0.0606145647522528,-0.0785479998040862,0.0452382080693518,-0.0107773520899268,-0.0107181428845857,-0.0657797706451766,0.0131821119969204,-0.0106256722282278,0.0841003972879896,-0.0277088011634383,0.0256983341924066,0.0212349760396187,-0.0024733659342541,0.0225527644425358,0.0645261604420996,0.0318150014498763,-0.0566936245974859,0.0133779387473055,-0.0147975153548636,-0.0841911483580579,0.0878171462012374,-0.0055053727702297,39.0,0.426486010451899,0.1275461573262967,0.769490352870713,0.5817903178398248,39.0,38.0,1.0,8.927632409789451,0.4275162237926774,0.2349376949944592,0.0874791794752191,0.3686451769625437,0.3807396373466658,3.566790274789417,4.0,4.0,0.0,0.0609410267316272,0.036480140433713,0.0152352566829068,0.0150305838946142,0.0322312104994934,0.0343556754666032,0.8090602552467836
sciver_test_59,1,24,16,40,2000,0.2294792197376601,47.0,43.0,0.9148936170212766,6.042553191489362,5.0,0.0,3.0,0.0588235294117647,0.0444444444444444,0.0,0.0,0.0,0.0,0.0,0.0,0.0,0.0,0.0,0.0,0.0,0.0,0.0,1.0,0.0212765957446808,0.0,0.0,0.1469858650233495,-0.0857665602240464,-0.0016652432426544,-0.0865955391407579,0.009011865036658,-0.0493961324256675,-0.0089311417191909,-0.040291010509224,-0.0442028340713865,0.1083234180027378,-0.0478879443688457,0.0217226888264636,0.0398177937815603,-0.1071731330825786,-0.042855192258845,-0.0303492245931324,-0.0140484291945437,0.0542550637808255,-0.1181404775272795,-0.017215492719046,0.0531785306390539,-0.075171583358309,-0.0296538954790612,0.1101489386506133,40.0,0.4165942888924153,0.1515649734167186,0.7817556750292479,0.6081026860867884,40.0,39.0,1.0,8.438202057800677,0.4221224727922282,0.2163641553282224,0.1118912276918159,0.3721381254706658,0.3818812436179847,3.5097478044647192,8.0,8.0,0.0,0.1269071163362457,0.046168858946789,0.0158633895420307,0.0138022350722617,0.0316966772413513,0.0389327680940701,1.716550460959696
sciver_test_62,1,24,16,40,2000,0.1322242740134747,44.0,40.0,0.9090909090909092,7.272727272727272,0.0,0.0,3.0,0.0754716981132075,0.0666666666666666,0.0,0.0,0.0,0.0,0.0,0.0,0.0,0.0,0.0,0.0,0.0,0.0,0.0,0.0,0.0,0.0,0.0,0.1650568616511176,-0.0778817219629818,-0.1643850078290559,-0.1001532717675032,-0.0493875475612871,-0.0668455197822018,0.0099615468295991,-0.0075127781966403,0.009688270579723,0.0002798401693747,0.0870269498139231,-0.0717663928454218,0.0170747593160212,-0.0022057334738361,0.0955141401658368,-0.0471776569274836,0.0047442263305534,0.0188404233122249,0.013628838778692,0.0560824587387988,-0.0219691672360241,0.0743476856184606,0.097222555225833,0.0503911327821224,40.0,0.4110944999258828,0.1110840547971252,0.7455399038890221,0.5550585539425534,40.0,39.0,1.0,9.345272974544446,0.3946301438366731,0.2396223839626781,0.0761455916845974,0.3446638254175858,0.3720288113127896,3.6114838242103153,9.0,9.0,0.0,0.1465841686722186,0.0489426116975662,0.0162871298524687,0.0137967411463861,0.0286390665460605,0.0387908391218133,1.8651749410971008
sciver_test_65,1,24,16,40,2000,0.0152345647471049,42.0,39.0,0.9285714285714286,5.904761904761905,5.0,1.0,5.0,0.0425531914893617,0.0,0.0,0.0,0.0,1.0,0.0238095238095238,0.0,0.0,0.0,0.0,1.0,0.0238095238095238,0.0,0.0,0.0,0.0,1.0,0.0238095238095238,0.1474338101309563,-0.0106460324262534,-0.0361039193846954,-0.0104212953037529,-0.0352990967023404,-0.0075767376428811,0.0382351319458146,0.055658282045093,0.0072140178442572,0.093546239003626,0.0244740495930526,-0.0898201824064325,-0.0398840602435066,-0.0095806844943863,-0.0774054817085644,-0.0156259508394615,0.0006181383083541,-0.0605949266464239,0.0260477068490268,0.0270375731860629,0.0860227245888107,0.0401908677658287,-0.0459760062494846,0.0437980428881383,39.0,0.4255686250718213,0.1549804540557252,0.9182754377339278,0.6230095789294043,39.0,38.0,1.0,8.820175225875962,0.5205630972419155,0.2321098743651569,0.1135631328181384,0.3569261373055314,0.4447570970912605,3.509209054582727,4.0,4.0,0.0,0.0391654727433435,0.0207783653942356,0.0097913681858358,0.0074699918224872,0.0181887524863651,0.0194835589403004,1.0673400964029058
sciver_test_66,1,24,16,40,2000,0.1121148106452953,44.0,39.0,0.8863636363636364,5.795454545454546,1.0,0.0,3.0,0.1122448979591836,0.0595238095238095,0.0,0.0,0.0,1.0,0.0227272727272727,0.0,0.0,0.0,0.0,1.0,0.0227272727272727,0.0,0.0,0.0,0.0,0.0,0.0,0.2538960820619031,-0.0803349380108372,-0.0279535624584638,0.0301887773701912,-0.1049110332663794,0.0087624369677561,0.0681545148494624,0.0077001602082348,0.0423084561081349,0.0225628302494748,0.0710473806186736,0.0530295233096608,0.0074503410589582,-0.0812565662263076,-0.07898177557536,0.0104802578952159,0.0402642159240374,0.049584043583245,0.0030011533785861,-0.0607521990701613,-0.0191673801208068,0.0203490617904702,0.0118548984272471,-0.0330969813951662,39.0,0.4041957055472268,0.1514523982262141,0.8553771678905672,0.59670641760488,39.0,38.0,1.0,7.8327539787413905,0.3967943981866467,0.2061251047037208,0.1006064310745792,0.3558609913935934,0.3790115190062391,3.512051444967469,7.0,7.0,0.0,0.1085009136503184,0.0278797239434872,0.015500130521474,0.010727258561722,0.0274575194295688,0.027668621686528,1.6633123632224618
sciver_test_68,1,24,16,40,2000,0.2433174720251656,38.0,38.0,1.0,6.473684210526316,2.0,1.0,1.0,0.1285714285714285,0.1,1.0,0.25,0.0,1.0,0.0263157894736842,0.0,0.0,0.0,0.0,0.0,0.0,0.0,0.0,0.0,0.0,0.0,0.0,0.1528047941638916,-0.0536046929592455,-0.0995665935135641,-0.0839034920447116,0.0340744597470874,-0.0675385721933714,0.0381384332977898,0.0386418065145807,-0.0205977731756626,-0.0339421785058787,0.0191256217437831,-0.0150801716469443,-0.0164085421841034,-0.0708594126208026,0.0274228752187347,-0.1067071629254359,0.0061472996036982,0.04651125026732,0.053888753763293,0.128907891538526,-0.0115861316223353,0.0255109709008963,0.0005912617621664,-0.0308612956420425,38.0,0.4093848398724035,0.1487235232367717,0.7813582130470152,0.6065569047231115,38.0,37.0,1.0,8.541605187066537,0.5352169795584963,0.2308541942450415,0.11982874496506,0.4039396616710888,0.4329082318568028,3.475078961990263,7.0,7.0,0.0,0.1157572564381526,0.040588191298466,0.016536750919736,0.011377315294205,0.0273713553707149,0.0339797733345904,1.7185243171119549
sciver_test_69,1,24,16,40,2000,0.0,38.0,34.0,0.8947368421052632,5.7894736842105265,2.0,0.0,3.0,0.027027027027027,0.032258064516129,0.0,0.0,0.0,0.0,0.0,0.0,0.0,0.0,0.0,0.0,0.0,0.0,0.0,0.0,0.0,0.0,0.0,0.2115749513916366,-0.0963402881406523,0.018130509264834,-0.0253708057678515,-0.0474712605718,-0.052184725494984,0.0760737682771166,0.0398623780796056,0.0476582001117219,-0.0225728192992578,-0.0320489235064567,0.0403765339276527,-0.0115093823792016,-0.0340114421228797,0.1365590307538169,0.0252893906581025,0.109226135958355,-0.0037094330891827,0.0189161880881022,0.0492349851011107,-0.0242444855749924,0.0399654666008418,0.0471428859065564,-0.022465836910267,34.0,0.3827160197111795,0.1591523256491799,0.7461258086641246,0.58193529102052,34.0,33.0,1.0,6.94029300412517,0.5100063334262948,0.2103119092159142,0.1282124089029515,0.3672987356629597,0.4065142049994546,3.2903049035458767,2.0,2.0,0.0,0.0171652912648112,0.0137563289968339,0.0085826456324056,0.0051736833644283,0.0127215923239482,0.0132389606603911,0.4984502272720194
sciver_test_70,1,24,16,40,2000,0.3028897769889452,46.0,44.0,0.9565217391304348,6.739130434782608,5.0,0.0,2.0,0.1875,0.175438596491228,3.0,0.6,0.0,0.0,0.0,0.0,0.0,0.0,0.0,0.0,0.0,0.0,0.0,2.0,0.0434782608695652,0.0,0.0,0.1894518902322757,-0.0920402748062883,-0.1121147885078087,-0.0348801837233549,0.0038242027520354,0.0925021058731442,0.0227204990251688,-0.0700726918089955,-0.0116162323272589,0.0021406639425047,0.005744335402433,-0.0775112718279738,-0.046981538273597,-0.0756669714191145,0.0098509856735045,-0.0220518371519565,-0.0745424971833629,0.0466569431202156,-0.0442127250470689,-0.0006700319723255,0.1235861489624602,-0.0415942144111333,-0.0987030557423162,0.1017273562543139,40.0,0.4313008397712697,0.1644570500124764,0.9242153323553916,0.6447566137441733,38.0,37.0,1.0,8.874090454998463,0.4746552158532885,0.239840282567526,0.0968852249693112,0.3708920832934899,0.4084355813521485,3.5277830497138236,5.0,5.0,0.0,0.063601731232235,0.0292027607571654,0.012720346246447,0.008751411468943,0.0230042098628845,0.026103485310025,1.4006926917867453
sciver_test_72,1,24,16,40,2000,0.1183718823857065,46.0,39.0,0.8478260869565217,6.086956521739131,4.0,0.0,10.0,0.088235294117647,0.0677966101694915,0.0,0.0,0.0,1.0,0.0217391304347826,0.0,0.0,0.0,0.0,0.0,0.0,0.0,0.0,0.0,0.0,0.0,0.0,0.2129567595606104,-0.0688621344227441,-0.0978279154892103,0.0130364745442604,-0.064646599378681,-0.0372876964371627,0.0913408963255319,-0.1176172438391342,0.0354401020635808,0.0011759802951836,-0.0198700072550383,-0.0537336355494235,0.0447823875461039,-0.0067466063278554,0.0108674820046784,0.0110130825718403,-0.0520841107422547,0.0799955021376949,-0.030046146625044,0.0046349711322059,0.0950357545040033,0.080185905602165,-0.0352618619245456,-0.0138629400714892,39.0,0.3921386067876101,0.1558699320232078,0.767141170340749,0.5897725184591072,37.0,36.0,1.0,7.30859980235688,0.4973607491855094,0.20301666117658,0.1108720321835467,0.3265229760398045,0.36316645480802,3.4273516175488297,1.0,1.0,0.0,0.0079100764403945,0.0079100764403945,0.0079100764403945,0.0,0.0079100764403945,0.0079100764403945,-0.0
sciver_test_74,1,24,16,40,2000,0.2450719208448355,47.0,44.0,0.9361702127659576,6.23404255319149,11.0,0.0,6.0,0.1571428571428571,0.140625,5.0,0.3333333333333333,0.0,0.0,0.0,0.0,0.0,0.0,0.0,0.0,0.0,0.0,0.0,1.0,0.0212765957446808,0.0,0.0,0.1513271812202063,-0.0704602503774063,-0.0367687442337159,-0.1244541141703869,0.0525559380045802,0.0359737213342192,-0.0118096745869245,0.0359913592617479,0.0013587553115086,-0.0025142861085584,0.0337705867280711,-0.0623409682555794,0.019975522073536,-0.0099306867185791,-0.1380937310241031,0.165939089625329,0.0600031543948214,-0.0998677137870554,-0.0414210504274785,0.0243525827074781,0.0676463321265599,0.0091283550461627,0.0386746174240084,0.0862562540669687,40.0,0.4127657230373652,0.1732266441215623,0.8266959737766865,0.6216019060093172,39.0,38.0,1.0,8.093427547325431,0.5093238239074529,0.2129849354559324,0.1392060652480986,0.410961656852911,0.4484425675429458,3.3710458631996203,3.0,3.0,0.0,0.0370548041696947,0.0229439987838194,0.0123516013898982,0.0081568270061279,0.020557521078679,0.0217507599312492,0.8649329925699518
sciver_test_76,1,24,16,40,2000,0.1133642899599007,44.0,37.0,0.8409090909090909,5.4772727272727275,7.0,0.0,6.0,0.0853658536585365,0.0571428571428571,1.0,0.1666666666666666,0.0,0.0,0.0,1.0,0.0227272727272727,0.0,0.0,0.0,0.0,0.0,0.0,0.0,0.0,0.0,0.0,0.1619497902586572,-0.0658793474280637,-0.0589646446309287,0.1126603215273966,0.0610776532811401,-0.0418473536215213,-0.0576165747330284,-0.0497962828241383,-0.0460055604310809,0.0179191975980778,-0.0759577072324739,0.0106996230509882,-0.0068934584704471,0.0057876605169511,-0.0105564807740476,-0.0075190371762582,-0.0309896966329319,0.0271017029157447,0.0089894608000407,-0.0204082004470972,-0.0169719812754525,0.0083526428918012,-0.1171709564807336,-0.0123391903348485,37.0,0.3771779388113222,0.1555312818936075,0.7546058666513044,0.5768199989715619,34.0,33.0,1.0,7.011162105872033,0.4807618907768641,0.2124594577536979,0.1108125807814162,0.3880943293042291,0.4623205875911241,3.3730373144320245,2.0,2.0,0.0,0.0613091593118451,0.0430732678235232,0.0306545796559225,0.0124186881676007,0.0405895301900031,0.0418313990067632,0.6086809240542542
sciver_test_79,1,24,16,40,2000,0.0521761238533008,40.0,39.0,0.975,6.225,4.0,1.0,5.0,0.0344827586206896,0.0208333333333333,0.0,0.0,0.0,0.0,0.0,0.0,0.0,0.0,0.0,0.0,0.0,0.0,0.0,1.0,0.025,0.0,0.0,0.1426194354039901,-0.0790970788814943,-0.0307002370617788,-0.1309613205215029,-0.0150621684985742,-0.0155455844443208,0.0142485963394845,0.0687030478336445,-0.0046107216313298,0.0212605726798084,0.0600652696986525,0.0861432546505792,-0.0548736126966533,-0.092102959825044,-0.0320877732975202,-0.1064792936942649,0.0602539391998059,0.0052236998249348,0.0750295058255885,0.0220083807544258,0.0147438079364063,0.049159728733389,0.0862543792021035,0.1226768291858733,39.0,0.3990518629105861,0.161398647225944,0.8314831947164404,0.6184572410592563,39.0,38.0,1.0,7.8808232220011085,0.5154198719398991,0.2073900847895028,0.1222360042156441,0.3604750138662985,0.4524732825036409,3.4633535666824393,3.0,3.0,0.0,0.0178204787834052,0.0085347606517405,0.0059401595944684,0.0036116021321501,0.0085183918556432,0.0085265762536918,0.8495238957711386
sciver_test_81,1,24,16,40,2000,0.0585515505954799,28.0,26.0,0.9285714285714286,7.0,2.0,0.0,2.0,0.0512820512820512,0.0303030303030303,0.0,0.0,0.0,2.0,0.0714285714285714,0.0,0.0,0.0,0.0,0.0,0.0,0.0,0.0,1.0,0.0357142857142857,0.0,0.0,0.1570707136373783,-0.0570384547367223,-0.1339842688281775,0.0339041255780097,-0.078673022226976,0.0016973587848747,-0.0445842733243949,0.0188358690582363,-0.0287774400857742,0.0308849887041592,-0.0571550967815874,-0.0070913853039433,-0.0035510634078073,0.0528980288476799,-0.0006453236285917,0.0328334982505468,0.0384875820580866,-0.0673545633594338,-0.0317541704249536,0.0180069582236725,0.0388234629491444,-0.0548233235338993,-0.0389883587467262,-0.0623171689481114,26.0,0.4426664196590093,0.1599146506967906,0.8128605492365002,0.6464986547247892,26.0,25.0,1.0,6.077104897545011,0.4704094111677119,0.2430841959018004,0.1179647699679668,0.3732343945620064,0.4407515032578537,3.0777511748812496,1.0,1.0,0.0,0.0444636782392919,0.0444636782392919,0.0444636782392919,0.0,0.0444636782392919,0.0444636782392919,-0.0
sciver_test_82,1,24,16,40,2000,0.2335553328907897,46.0,41.0,0.8913043478260869,5.8478260869565215,4.0,0.0,2.0,0.1232876712328767,0.0793650793650793,1.0,0.2,0.0,1.0,0.0217391304347826,0.0,0.0,0.0,0.0,2.0,0.0434782608695652,0.0,0.0,1.0,0.0217391304347826,0.0,0.0,0.2835736635433365,-0.1204280624750041,0.0177697374909931,0.0474410583554736,-0.0823212988772203,0.0902425819691239,0.0845969870028185,0.0582070221239259,-0.0880656098980539,-0.0729690330239437,0.0750805909918932,0.1005740480674053,0.0325424704350294,0.1335528529889744,-0.0671977014814203,-0.0065321304201344,-0.0616515651143259,-0.0743038710598076,-0.0392665634714487,-0.0248551469904449,0.0320379187113643,0.0096712951832615,0.0373056331123077,-0.1090633655867065,40.0,0.3890067606152927,0.1452459185046846,0.7607980896845477,0.5704983396581833,38.0,37.0,1.0,7.910067395935624,0.3777502870241131,0.2137856052955574,0.0907344092375186,0.3312967050083811,0.3625148867767349,3.516297963011641,6.0,6.0,0.0,0.0736366278538151,0.0216422269543399,0.0122727713089691,0.0088062264454229,0.0215913690318306,0.0216167979930853,1.496617570070019
sciver_test_83,1,24,16,40,2000,0.2021368804301377,49.0,44.0,0.8979591836734694,6.204081632653061,1.0,0.0,2.0,0.0980392156862745,0.1136363636363636,1.0,1.0,0.0,0.0,0.0,1.0,0.0204081632653061,1.0,0.0204081632653061,0.0,0.0,0.0,0.0,0.0,0.0,1.0,0.0204081632653061,0.276818097701029,-0.0856357738843538,-0.2444637168017184,-0.0481076360307295,-0.0377722597901543,-0.0251431255814456,0.067297722752492,-0.087117926168767,-0.0567950319548283,0.0825171921696327,-0.0971123130379088,0.025435670014729,0.0217826492032229,-0.0226416314514366,0.0641676776220936,-0.0322274388680318,-0.0714084832341483,0.0337494203433487,-0.0328933898193431,0.0143356156616686,0.0161229208581248,0.0462049690922505,-0.0263367425475434,-0.0113119055455192,40.0,0.4004081212874574,0.148043068506666,0.8353282032659949,0.6069434064360573,40.0,39.0,1.0,8.171705361998251,0.4812624312041391,0.2095309067179038,0.1022036531147456,0.3766027029219996,0.3813557909223876,3.54688530404489,3.0,3.0,0.0,0.0223612337496779,0.009267207256641,0.0074537445832259,0.0023552700872501,0.0092070883085155,0.0092371477825782,1.0433622290143634
sciver_test_85,1,24,16,40,2000,0.2788382646132146,36.0,34.0,0.9444444444444444,6.194444444444445,1.0,0.0,2.0,0.0697674418604651,0.081081081081081,0.0,0.0,0.0,2.0,0.0555555555555555,0.0,0.0,0.0,0.0,0.0,0.0,0.0,0.0,0.0,0.0,0.0,0.0,0.1313734151778066,-0.03472664062563,-0.0857356495264802,0.0174532004719732,-0.0489353083608922,0.0309476728905373,-0.0316512969200214,0.0369944172596481,0.012415847505159,0.0733478212348713,-0.0400415077162551,-0.0892073060625512,-0.0373147959684654,-0.0271738151772038,-0.006916855393721,0.0206134657722617,0.064328198506355,-0.0016419144910704,-0.0563347920969127,0.0230587367725292,-0.059755090528054,-0.0230079525791757,0.0159790308810785,-0.0298906276401577,34.0,0.3984131653286765,0.1522402211784883,0.8226174481647822,0.6106738781450868,34.0,33.0,1.0,6.982839245034422,0.3979954620124025,0.2116011892434673,0.105974616331215,0.3434893717515911,0.3743480943337937,3.346915110570218,6.0,6.0,0.0,0.1814404723884844,0.1024008186691667,0.030240078731414,0.0336400078662645,0.0689140265818955,0.0856574226255311,1.2995812218289635
sciver_test_87,1,24,16,40,2000,0.1665769114193843,45.0,37.0,0.8222222222222222,5.466666666666667,5.0,3.0,5.0,0.0925925925925925,0.0416666666666666,0.0,0.0,0.0,1.0,0.0222222222222222,1.0,0.0222222222222222,0.0,0.0,0.0,0.0,1.0,0.0222222222222222,1.0,0.0222222222222222,0.0,0.0,0.2016696637483075,-0.0820713623941523,0.0597056259933384,-0.0835345174207545,0.0648151948429073,-0.0942305915984557,0.0724661554969141,-0.1349434818092821,-0.0353276842943615,-0.0117617755543803,-0.0308159006413659,-0.039873617434199,-0.0666927359300812,-0.0070185091718003,-0.0912139094700784,-0.0854658166433135,-0.1059981542972978,-0.0832712514312561,0.0353922255770306,-0.0976380805653881,-0.039698296403838,-0.0309961939700579,-0.0003450110207537,-0.0080723319276124,37.0,0.3289902681739591,0.1298443652528708,0.6879759531965164,0.5004911023655523,36.0,35.0,1.0,6.250932882657023,0.4316047370478699,0.1785980823616292,0.0974276225744445,0.3100920690850461,0.3638409377119206,3.408472929641893,4.0,4.0,0.0,0.0465415141914872,0.0237372779944298,0.0116353785478718,0.0072971073400707,0.0199163040846058,0.0218267910395178,1.207360164017142
sciver_test_88,1,24,16,40,2000,0.2045245112249909,46.0,42.0,0.9130434782608696,5.521739130434782,8.0,0.0,6.0,0.0625,0.0517241379310344,1.0,0.0769230769230769,0.0,1.0,0.0217391304347826,1.0,0.0217391304347826,0.0,0.0,0.0,0.0,0.0,0.0,0.0,0.0,0.0,0.0,0.1778571143147707,-0.0444230444709628,-0.10529214438702,0.0988525861633164,-0.0269223615333916,0.0220395364837364,0.0288470905723703,-0.0188730902770931,0.0876828319662011,0.1011905081648913,-0.1153318117622938,-0.0281297641145851,0.0254843946697698,0.066809878535761,0.047554670152835,-0.0254824486708791,0.1068815193432734,0.0262366992205429,0.0362164330533393,0.0585389529729191,-0.0086202499050062,0.03133835092462,-0.012573141887782,-0.1236252604364814,40.0,0.3759667041948468,0.1549342931016426,0.8298543813249822,0.5890165794794562,37.0,36.0,1.0,7.155804717230063,0.4231878362574353,0.1987723532563906,0.1067166259279654,0.3518674266337368,0.3885637251522338,3.4263646581081377,4.0,4.0,0.0,0.0585521565659669,0.0197070925916248,0.0146380391414917,0.0044086476219593,0.0192937891652713,0.0195004408784481,1.3403619493707786
sciver_test_89,1,24,16,40,2000,0.3050499317111493,41.0,37.0,0.902439024390244,6.390243902439025,4.0,0.0,0.0,0.0925925925925925,0.0869565217391304,0.0,0.0,0.0,0.0,0.0,0.0,0.0,0.0,0.0,1.0,0.024390243902439,0.0,0.0,0.0,0.0,1.0,0.024390243902439,0.1778860270373931,-0.0573712700099752,-0.0852601087414988,-0.003002512975088,0.0816654707826627,0.0107429865712621,0.0273835722722932,-0.1161880343469598,-0.2037822301511548,0.1412082943462818,0.0749651705846679,-0.0123933516163329,-0.0122244789964384,0.1007271814436716,-0.051603918236056,-0.0346781431843945,-0.1074599513901553,0.0011458035244503,0.0873835198502832,-0.0305445902117965,-0.0071762514963909,-0.0490001736185336,-0.0054242306640533,-0.0048037598871004,37.0,0.4385536050180625,0.1628148162964159,0.8445662820346549,0.6374317907257894,37.0,36.0,1.0,7.935077019034928,0.4543548978515823,0.2204188060843035,0.1189867068580823,0.4027690541918591,0.422194450246404,3.428395943821212,2.0,2.0,0.0,0.0795449722342736,0.0574612372752439,0.0397724861171368,0.0176887511581071,0.0539234870436225,0.0556923621594332,0.5906969530411154
sciver_test_90,1,24,16,40,2000,0.2129473169051731,45.0,40.0,0.8888888888888888,6.355555555555555,2.0,0.0,2.0,0.14,0.0909090909090909,0.0,0.0,0.0,0.0,0.0,0.0,0.0,0.0,0.0,1.0,0.0222222222222222,2.0,0.0444444444444444,0.0,0.0,0.0,0.0,0.1486474262173987,-0.0552454608265411,0.0314810604764728,-0.0817295216120838,-0.0618275696540954,-0.029360471977111,-0.0251294680586247,0.0364836386381362,-0.0123942126299783,0.0558918157494802,0.0719477923152426,-0.0291210894292873,0.0248719593791173,-0.0286944583887289,-0.0894277520020654,0.0507816947680293,0.0500534212475969,0.0070953907355354,-0.0179752631005246,0.0731353670458595,0.0101076853087268,-0.1127369483321478,0.0437344221428801,0.0495347836689212,40.0,0.4001204225112504,0.1525547043331509,0.8075884582375062,0.5922731925770867,40.0,39.0,1.0,8.549317817451547,0.4736302223358048,0.2192132773705525,0.1229003775187693,0.3896190376319063,0.4327356998974986,3.4892254154254108,5.0,5.0,0.0,0.0760949344313261,0.0248582733563635,0.0152189868862652,0.0067462248123424,0.022271541808877,0.0235649075826203,1.4962025909317798
sciver_test_91,1,24,16,40,2000,0.0084009198163555,45.0,40.0,0.8888888888888888,5.155555555555556,7.0,3.0,7.0,0.0655737704918032,0.0392156862745098,0.0,0.0,0.0,0.0,0.0,0.0,0.0,0.0,0.0,1.0,0.0222222222222222,1.0,0.0222222222222222,0.0,0.0,0.0,0.0,0.2120086350881528,-0.0364711827441402,0.1574174517062674,-0.0698142092998977,0.019502922953661,0.1063203347036618,-0.0154216869260419,0.0854734874605468,-0.024661618500843,0.1097890093239876,-0.0259341344892177,-0.1428437453745847,0.1083256133917326,0.069549161783399,0.1153394946625018,-0.1696156534305909,0.0837001799768543,0.0888940257047084,-0.0362871598304066,-0.1088291097952611,-0.1045635590641761,-0.0191413603912759,-0.0672707743239364,-0.0291373674499774,40.0,0.3712202680822475,0.1590747190249415,0.768261129794234,0.5799834316039776,36.0,35.0,1.0,7.445597756930534,0.4509506422145726,0.2127313644837295,0.1096770376746228,0.3798883689698777,0.3883904682555897,3.407424756113945,5.0,5.0,0.0,0.094864555308552,0.0638886389775217,0.0189729110617104,0.0232998739859441,0.0460216661909928,0.0549551525842572,0.9537532855623156
sciver_test_92,1,24,16,40,2000,0.2400965481173512,45.0,39.0,0.8666666666666667,5.311111111111111,5.0,0.0,2.0,0.1214953271028037,0.09375,1.0,0.1428571428571428,0.0,0.0,0.0,0.0,0.0,0.0,0.0,0.0,0.0,0.0,0.0,1.0,0.0222222222222222,1.0,0.0222222222222222,0.226874792475637,-0.0705578177958302,0.00745154090531,0.0427956311003339,-0.0345795648254743,0.1507270525024439,0.0469752843809789,0.0153992639220548,0.0273583456793064,0.0116112222874064,0.1280337136033156,0.0028267831196973,-0.0145924979455297,-0.0842092427203835,0.0290327329224584,-0.0068138903511154,-0.0149723076778897,0.1415470786033739,-0.0460651420197163,-0.0608301821097992,-0.0411385914766948,-0.0091819342676054,0.0514755449441601,-0.0917211822700025,39.0,0.3511529291500434,0.1400952418530165,0.7551058797162767,0.5491150190620104,38.0,37.0,1.0,6.611781241800131,0.4276536996211971,0.1786967903189224,0.0953476862958804,0.2855324705003253,0.3403614220992069,3.458552549712541,3.0,3.0,0.0,0.0438556603009524,0.0361331804682601,0.0146185534336508,0.0153499297373953,0.0301796369280067,0.0331564086981334,0.5472642533796898
sciver_test_93,1,24,16,40,2000,0.1665079537359299,37.0,36.0,0.972972972972973,6.837837837837838,0.0,0.0,4.0,0.0512820512820512,0.0606060606060606,0.0,0.0,0.0,0.0,0.0,0.0,0.0,0.0,0.0,0.0,0.0,0.0,0.0,1.0,0.027027027027027,0.0,0.0,0.17363645433342,-0.0422501043102732,-0.1115730063738815,-0.0230113698432504,-0.1039836865551732,-0.0390124265770264,-0.0378035607980083,0.0170514901559196,0.0332093182037238,0.0433339676816363,0.0071661855304668,-0.0662184167201148,0.0066842758597261,0.0052304630014138,-0.0292177394939328,0.0637033930861795,0.0803436519036158,-0.0400853795948595,-0.0685455151664767,-0.0152975746091362,-0.021427606767666,-0.0222021649362333,0.0488521266500358,0.0344544839675639,36.0,0.3977082186066532,0.129261806878272,0.7884823649102616,0.584756708271663,36.0,35.0,1.0,7.987842934423269,0.3898443545170832,0.2282240838406648,0.0802941353211531,0.3548857057445491,0.3790877943556967,3.489207179709669,8.0,8.0,0.0,0.1273044876387113,0.0286272422889478,0.0159130609548389,0.007349246598019,0.0271994421763891,0.0279133422326684,1.9758812593566195
sciver_test_95,1,24,16,40,2000,0.0,47.0,42.0,0.8936170212765957,5.659574468085107,6.0,3.0,3.0,0.02,0.025,0.0,0.0,0.0,1.0,0.0212765957446808,1.0,0.0212765957446808,0.0,0.0,0.0,0.0,0.0,0.0,0.0,0.0,0.0,0.0,0.2039462696676505,-0.0402983208201249,-0.0005741587571823,-0.0538480930733275,0.0529139914023305,-0.1209979731389363,0.0134833205287235,-0.0094230956472912,-0.0008379141040347,-0.0415086575471494,0.0720122194772597,-0.0640750257320347,-0.0855529890793597,-0.092077513240487,-0.03477749953742,-0.0977301035643598,-0.0249468238709074,-0.0080425876009168,0.0682330378436212,0.0349332485912456,-0.095238820713856,0.0205698539835014,0.0116668719353297,-0.0543113900993362,40.0,0.397231670380764,0.144859974969126,0.7265863024611136,0.5812288689671622,40.0,39.0,1.0,7.873917615201231,0.422286168204912,0.2018953234666982,0.1062690743744563,0.3358870385864156,0.4099449345994003,3.5178150803592985,6.0,6.0,0.0,0.0571915164876436,0.0150662080469883,0.0095319194146072,0.0053798392645753,0.0149057260511115,0.0149859670490499,1.6125667534255597
sciver_test_96,1,24,16,40,2000,0.1509521991386352,45.0,38.0,0.8444444444444444,4.688888888888889,10.0,0.0,5.0,0.0746268656716417,0.0517241379310344,0.0,0.0,0.0,3.0,0.0666666666666666,0.0,0.0,0.0,0.0,0.0,0.0,0.0,0.0,0.0,0.0,0.0,0.0,0.1597734072302724,0.0366057581471725,-0.0202848178645702,-0.1125461377135967,-0.0679705829469663,0.0202412615243126,-0.078926528777179,-0.0627879432320125,0.0581602806273664,0.0033631891632977,0.0353104425834555,-0.0126553560071409,0.0404967881073171,0.0279374162254001,-0.0127448198681123,-0.0427011213869898,0.049663212047999,-0.060163372890441,0.1139941932683298,0.0027410593131895,-0.0444044301676218,0.0037811074892797,-0.0035339955559211,0.0862129988683048,38.0,0.3445817269686465,0.1555863987579899,0.7352057408735332,0.5703326211150684,35.0,34.0,1.0,6.526983460446002,0.4932004680366734,0.1919701017778236,0.1094955390523985,0.3196899238831697,0.3480814009354542,3.3562331665976424,3.0,3.0,0.0,0.0068695503505283,0.0030063599898496,0.0022898501168427,0.0007866543998048,0.0029388109517096,0.0029725854707796,1.0331566243247714
sciver_test_97,1,24,16,40,2000,0.3058542082927691,41.0,31.0,0.7560975609756098,5.195121951219512,7.0,0.0,3.0,0.0909090909090909,0.1025641025641025,1.0,0.1111111111111111,0.0,0.0,0.0,0.0,0.0,0.0,0.0,0.0,0.0,0.0,0.0,0.0,0.0,0.0,0.0,0.1340978470051808,-0.0748336439217775,0.1077656426392385,-0.0530925763168983,0.0737838809645638,-0.0332604284931926,0.0899745879188084,-0.0408146767866742,-0.0311310037837731,-0.0026273265678976,-0.0691774748901014,0.0285679492797509,-0.011570031321773,-0.0280991778914911,0.0115828400680091,-0.0457163719262141,-0.051192936150163,-0.0523749630921119,-0.0008092765580587,-0.0280526299621375,-0.0264567533747191,0.0767805746198993,0.0629881387534321,0.0285783858793201,31.0,0.3458438977304488,0.1355826150980842,0.6779592896398453,0.5184521297916247,30.0,29.0,1.0,5.839232455431375,0.4469088966772397,0.201352843290737,0.1137825878054709,0.3392708321469346,0.3666776254406763,3.1949318358339935,2.0,2.0,0.0,0.0262358745985004,0.018404323054275,0.0131179372992502,0.0052863857550248,0.0173470459032701,0.0178756844787725,0.6095926493980932
sciver_test_99,1,24,16,40,2000,0.0828650665865131,46.0,41.0,0.8913043478260869,5.304347826086956,8.0,0.0,5.0,0.0394736842105263,0.046875,0.0,0.0,0.0,2.0,0.0434782608695652,0.0,0.0,0.0,0.0,0.0,0.0,0.0,0.0,2.0,0.0434782608695652,0.0,0.0,0.1377260592529834,-0.0784330481734985,-0.0793863684030965,-0.0577999791651903,0.0449761921705053,-0.0223701250206124,-0.0685104496571692,-0.0450878288881499,-0.0701010869780744,-0.0249234751233886,0.0340879010424723,-0.033797432609659,-0.0328908083937683,0.0230540434300678,0.0206289116609305,0.0409318721260259,0.0603934007647328,-0.0666194554280125,-0.0278910022572124,0.0734021546832533,-0.0049448826027894,-0.0249110258508235,0.0788215376596612,-0.0038941988848904,40.0,0.3975477668498574,0.167592509581016,0.8323774085165534,0.6179434212513527,37.0,36.0,1.0,8.027119776857397,0.4903893241296115,0.2229755493571499,0.1231999955052213,0.4137217521301087,0.4591177468477562,3.421062565919086,4.0,4.0,0.0,0.0474600000566016,0.0206808099590102,0.0118650000141504,0.0056879666443945,0.0183882142130756,0.0195345120860429,1.2758149116671786
sciver_test_101,1,24,16,40,2000,0.0115479303808041,36.0,33.0,0.9166666666666666,6.194444444444445,6.0,0.0,2.0,0.0196078431372549,0.0,0.0,0.0,0.0,0.0,0.0,0.0,0.0,0.0,0.0,0.0,0.0,0.0,0.0,0.0,0.0,0.0,0.0,0.1337398014238659,-0.0882304350421557,-0.0023981625216629,-0.0561634613766783,0.0217975070883454,-0.0229304248993022,0.0068450927694626,-0.0074574406137709,-0.0107871442474651,0.0617251735968844,0.0161272990656202,-0.0529445352021798,-0.0865616699644505,-0.0358911301715901,-0.015073465662914,-0.0525326836673133,0.0119874579762474,-0.0155024920673889,-0.0144978288264692,-0.0324581163310684,0.0474707607531831,0.0038295970984751,-0.0230075347308228,-0.0307512543410682,33.0,0.4592043303487082,0.1318812765001968,0.7868066713468375,0.6155856723853749,33.0,32.0,1.0,7.68485189672253,0.4827033322270716,0.240151621772579,0.1074372722818701,0.3547900511989039,0.4278230181451941,3.3583005437778883,4.0,4.0,0.0,0.1175847243415339,0.0674736207626928,0.0293961810853834,0.0238765967696777,0.0551420620665547,0.0613078414146237,1.0289821082217243
sciver_test_103,1,24,16,40,2000,0.0,34.0,33.0,0.9705882352941176,7.705882352941177,3.0,3.0,6.0,0.0363636363636363,0.04,0.0,0.0,0.0,0.0,0.0,0.0,0.0,0.0,0.0,0.0,0.0,1.0,0.0294117647058823,0.0,0.0,0.0,0.0,0.0973002274073758,-0.0181618519884437,0.0025678376059686,-0.1133956360704861,0.0717754134635144,-0.0495998686613219,0.0280516245266503,-0.0278230666320462,-0.0112127059246462,0.0656480190825662,-0.1032266992111373,0.0542003570730985,0.0410819001129031,-0.0343405904080145,0.0571975685025327,0.0260828574378352,-0.0601870928894991,-0.0408709495079586,-0.0736094461329705,-0.0391665227924708,0.0038248302671401,0.0092173201009122,-0.0306980097359469,0.0011479244820559,33.0,0.4356708257990407,0.1316731728238033,0.7755588532291889,0.6082061886605932,33.0,32.0,1.0,7.884182068574164,0.435391223688569,0.2463806896429426,0.0951459512088063,0.3376923665143195,0.388493105697748,3.38324901535281,4.0,4.0,0.0,0.0780800641760768,0.0363303435681299,0.0195200160440192,0.0154798335530395,0.0354149146813286,0.0358726291247293,1.002893811627101
sciver_test_105,1,24,16,40,2000,0.279925571590184,49.0,38.0,0.7755102040816326,4.857142857142857,9.0,0.0,4.0,0.1454545454545454,0.125,2.0,0.4,0.0,2.0,0.0408163265306122,0.0,0.0,0.0,0.0,0.0,0.0,0.0,0.0,0.0,0.0,0.0,0.0,0.2650102389559319,-0.1633204657820917,0.0588580575547149,0.0594212868074614,0.1249257289872278,0.2132412856770825,0.0746472300080045,-0.0864034657685556,0.2305871046076601,-0.1801227524901441,-0.0415232007315915,0.0110646116516599,0.0469428449058705,0.0363484877714091,-0.0750043279388672,0.0355408899552601,-0.0288108460037617,0.1661241992316345,0.0291811168790702,0.0307185194184226,-0.0460435196492431,0.0105877844830235,0.0140193911302602,-0.0883567555069774,38.0,0.3280996787202897,0.1422005617017089,0.7303165184500501,0.506234558504202,32.0,31.0,1.0,6.275559784295979,0.3405252023876578,0.2024374123966444,0.0817338185941772,0.2998434395871699,0.3272462685678592,3.3404414880618916,3.0,3.0,0.0,0.021415232292967,0.0156163763619549,0.0071384107643223,0.0061266003292894,0.013382561997333,0.014499469179644,0.7310591170237606
sciver_test_106,1,24,16,40,2000,0.0,47.0,41.0,0.8723404255319149,6.74468085106383,4.0,0.0,4.0,0.0,0.0,0.0,0.0,0.0,0.0,0.0,0.0,0.0,0.0,0.0,1.0,0.0212765957446808,0.0,0.0,0.0,0.0,0.0,0.0,0.0988036677340339,-0.0645208780715982,-0.0515878639449077,-0.0473222015646986,0.0164863512452885,0.064219551041139,0.0117885843375629,0.0085695437421243,-0.0031110400629025,-0.0007432600108124,-0.0231655978559914,-0.0439335976608024,-0.0135133802247802,-0.021024454227702,-0.0146215061329121,-0.0076430162731649,0.0198853274611374,-0.0096716182656406,-0.0571010228715517,0.031495501724548,-0.044038369922542,-0.0264216724331161,-0.004913168433338,-0.0330395412960181,40.0,0.4228943471361324,0.1232288646890031,0.7649189970495548,0.574962584511949,38.0,37.0,1.0,8.251732090371931,0.3967121405775368,0.2230197862262684,0.0882278847705715,0.3460578418810442,0.3721806893365316,3.521894336521454,7.0,7.0,0.0,0.0834263939608327,0.0221091256116796,0.0119180562801189,0.0074016240854718,0.0212633313368489,0.0216862284742643,1.7465442021984623
sciver_test_109,1,24,16,40,2000,0.0897795888965965,44.0,40.0,0.9090909090909092,4.840909090909091,5.0,0.0,2.0,0.125,0.1,1.0,0.2,0.0,0.0,0.0,0.0,0.0,0.0,0.0,0.0,0.0,0.0,0.0,1.0,0.0227272727272727,0.0,0.0,0.2631416873934252,-0.0746068695278679,-0.0062066468443507,-0.0503525709771846,0.1492587576043452,-0.0081814278208021,0.1058948589128485,-0.1271510823409611,0.0394591133264567,0.0253930544610096,-0.0772017607108537,0.0102004689241033,0.0554255174147338,0.0134132645272786,0.0172410185578049,0.0760912443514841,-0.0367936090868218,-0.0243288337178553,0.0494704830980014,-0.0346779114550155,0.0123435438767125,0.0087613085519048,-0.0007098536401681,0.0144448452929033,40.0,0.3287748594798946,0.1571513592526012,0.7661489613179513,0.5337099175462543,36.0,35.0,1.0,6.330502644152287,0.4529701046673716,0.1808715041186367,0.1055296671838387,0.2920995675199301,0.3951197336016429,3.381149909643436,0.0,0.0,0.0,0.0,0.0,0.0,0.0,0.0,0.0,0.0
sciver_test_111,1,24,16,40,2000,0.1147452286594807,40.0,39.0,0.975,7.2,1.0,1.0,8.0,0.1285714285714285,0.081967213114754,0.0,0.0,0.0,0.0,0.0,0.0,0.0,0.0,0.0,0.0,0.0,0.0,0.0,0.0,0.0,0.0,0.0,0.1677134735833179,-0.0656566167295911,-0.1396305529866004,-0.1071594043044498,0.0151140594602942,-0.032962268880028,-0.0175433448595549,0.0289814073120129,0.0021423790950968,-0.0287839991700352,0.0756915476439244,-0.0859961589656313,-0.0582300530331902,0.0026231332387304,0.0372712941063589,-0.0007570805269451,0.0122403224252577,-0.0237306435755552,-0.0091741641499975,0.0538397423617504,-0.0861855509721214,0.0514504023833119,0.1139618358028327,-0.1103129316632221,39.0,0.4381684040282529,0.1334629711282174,0.7595127623093172,0.6116698923569838,38.0,37.0,1.0,9.15360236802528,0.4481393276591811,0.2473946585952778,0.0945555262075432,0.3770693225792202,0.4283952940432755,3.532201002566375,4.0,4.0,0.0,0.096203347396175,0.0465178961953262,0.0240508368490437,0.0153078249526855,0.0414287489822838,0.043973322588805,1.1805105210382254
sciver_test_115,1,24,16,40,2000,0.187684085813357,48.0,44.0,0.9166666666666666,6.229166666666667,4.0,4.0,6.0,0.1325301204819277,0.1111111111111111,0.0,0.0,0.0,1.0,0.0208333333333333,0.0,0.0,0.0,0.0,0.0,0.0,0.0,0.0,0.0,0.0,0.0,0.0,0.1881281132656326,-0.0913894190275984,-0.0861493317048836,-0.1001354177588292,-0.02938703663196,-0.030855524711202,-0.0167827425708234,0.0200720921189527,-0.0757377945037561,0.0511586733124297,-0.0070416810696284,-0.0131558736370988,-0.0001708595240919,-0.024351544867828,-0.0830121311812632,0.1119472718199695,0.0075260733706104,-0.0468124628584888,-0.0173120330722353,-0.0377077211369221,0.0383503604935453,-0.1123892832045727,-0.0601311024226071,0.0166987358860225,40.0,0.4329140654766971,0.1743600669198999,0.8822958871326533,0.6714393185749998,40.0,39.0,1.0,8.227524901181052,0.4478030796092062,0.2109621769533603,0.1152794891790424,0.3794806590109038,0.3998926944643314,3.4969167558249863,5.0,5.0,0.0,0.1276648008507169,0.1056568117979768,0.0255329601701433,0.0403231395085526,0.0682850527085632,0.08697093225327,0.6095942999821109
sciver_test_116,1,24,16,40,2000,0.0087225576228232,39.0,37.0,0.9487179487179488,6.487179487179487,0.0,0.0,3.0,0.056338028169014,0.05,0.0,0.0,0.0,0.0,0.0,0.0,0.0,0.0,0.0,1.0,0.0256410256410256,1.0,0.0256410256410256,0.0,0.0,0.0,0.0,0.1737967464169992,-0.1428041093672577,-0.107090862116349,-0.0817036338652743,0.047177674529928,-0.0398514550644575,0.0841459906025258,-0.1311327636499032,-0.0259907824644668,0.0560223131745574,0.0566935578882686,-0.0241424611048211,-0.0353070714075892,0.008572468385536,0.0522284482037433,0.039558003971413,0.0025414292251582,0.0574116578165257,0.113274046836079,-0.0323336234095633,-0.0360567686125725,-0.033998730297852,-0.0962617603215456,-0.0023951609814023,37.0,0.4296256556552874,0.1510993839058481,0.8424292248008051,0.6349806769451656,37.0,36.0,1.0,7.991109938318892,0.5480177590284041,0.2219752760644136,0.1000662600710808,0.3242092255522469,0.410561880527327,3.4887424937160536,4.0,4.0,0.0,0.0552863672958135,0.0271922551018614,0.0138215918239533,0.0093625221231125,0.0231514574458623,0.0251718562738618,1.0964507582483702
sciver_test_118,1,24,16,40,2000,0.188334873615404,28.0,25.0,0.8928571428571429,6.535714285714286,3.0,0.0,4.0,0.08,0.072463768115942,0.0,0.0,0.0,0.0,0.0,0.0,0.0,0.0,0.0,0.0,0.0,0.0,0.0,0.0,0.0,0.0,0.0,0.1056373444728841,-0.0501304112428993,0.0104846094704896,-0.0752797036734185,0.0167827092834353,-0.0029493058232301,-0.0690458760530344,-0.0354626679374775,-0.0010876281946181,0.0202224551826841,-0.0140523974029908,-0.0225088715117907,0.0954026272966713,-0.0776208349254604,-0.0859743107109287,0.0513603820274518,0.0600244267349678,0.0619893693962711,0.0472647394620305,-0.0395809926269827,0.0129792112183017,-0.0321035265576594,0.0373396003187391,0.1215096605360465,25.0,0.3957616012035201,0.1563498591859976,0.760920051963556,0.5835504277699699,25.0,24.0,1.0,5.649396728735178,0.5238497718652759,0.2353915303639657,0.1343231674702929,0.371481353198517,0.4445766403608254,2.991597523880273,4.0,4.0,0.0,0.0970939945883763,0.0722012047112362,0.024273498647094,0.0291468743162253,0.0575124431086633,0.0648568239099497,0.6399568164166309
sciver_test_119,1,24,16,40,2000,0.2525648197879815,50.0,38.0,0.76,4.92,5.0,0.0,4.0,0.1294117647058823,0.0958904109589041,0.0,0.0,0.0,1.0,0.02,1.0,0.02,0.0,0.0,0.0,0.0,0.0,0.0,0.0,0.0,0.0,0.0,0.2721335177361974,-0.0376186789153184,-0.084620852544896,0.1970195189098039,-0.0439535292718046,0.1857043170659775,-0.0274913100227978,0.0115453827487338,0.0043976656928887,-0.0234270299677649,-0.0668962214732907,-0.1491313402639846,0.0164010315906436,0.0231115559471116,0.0570195244215302,-0.00354200391007,-0.0007935327804066,0.0975925413247499,-0.0529655442003436,-0.0290723954374519,0.0145470649612598,0.0635192692393881,-0.0052206307783789,0.0303955184574219,38.0,0.4007126174951979,0.1558551509052174,0.8061419819117285,0.5940629043242863,32.0,31.0,1.0,7.454655191777477,0.4765643229267032,0.2404727481218541,0.0829341407075215,0.3653029567752863,0.3947209599053199,3.37192655306588,7.0,7.0,0.0,0.0500674227218022,0.0181630449079744,0.0071524889602574,0.005733764673088,0.015301223994294,0.0167321344511342,1.6549649023833128
sciver_test_121,1,24,16,40,2000,0.1187084078396727,43.0,36.0,0.8372093023255814,5.325581395348837,4.0,0.0,3.0,0.1147540983606557,0.0769230769230769,1.0,0.2,0.0,2.0,0.0465116279069767,0.0,0.0,0.0,0.0,1.0,0.0232558139534883,0.0,0.0,0.0,0.0,0.0,0.0,0.234391816204979,-0.0238289521544007,-0.0351917220164638,0.0399328356031693,-0.0684914049271692,-0.066765661511842,0.0097251743145331,-0.0091955281924206,-0.0140447687485218,0.1074898791706918,-0.0107092242757901,-0.0350169343242069,0.0515195164430175,-0.0752516672456175,-0.1175272544530342,-0.0301302441286834,0.0549604626080102,-7.390234252141841e-05,-0.0866144268467894,0.0037026901476208,0.0489773028025668,-0.0796248020637848,0.0223656144391167,0.0741448723570779,36.0,0.4056318297120352,0.1766838061807881,0.957393938258032,0.6379856606790177,36.0,35.0,1.0,7.577889134805978,0.5500275798662658,0.2165111181373136,0.1285836068008129,0.4062938916389938,0.4771965876065727,3.3856197732746725,2.0,2.0,0.0,0.0101172960475732,0.0083445225955661,0.0050586480237866,0.0032858745717795,0.0076873476812102,0.0080159351383881,0.4640705942935352
sciver_test_122,1,24,16,40,2000,0.2243538040036659,35.0,33.0,0.9428571428571428,7.542857142857143,0.0,0.0,8.0,0.0925925925925925,0.108695652173913,0.0,0.0,0.0,3.0,0.0857142857142857,0.0,0.0,0.0,0.0,0.0,0.0,0.0,0.0,1.0,0.0285714285714285,1.0,0.0285714285714285,0.1562469910978065,-0.0420919472726988,-0.1305135511906032,-0.1012746728316681,-0.0317888628036149,-0.0163622717386173,0.1276784532502803,0.0516588444369848,0.0082848102418856,0.0163882894855814,-0.0227285683494802,0.0445519171872922,-0.0805168766071003,0.0086818093092197,-0.0273772233254327,0.0046171417455429,0.032020876041429,0.0057915937710985,0.1522907143829736,-0.0453897339705282,-0.0327096701847063,-0.0396209522527197,-0.0572529591639747,-0.0559663973643832,33.0,0.4531133016786204,0.1690853763477691,0.8750738920810981,0.6734042132432237,33.0,32.0,1.0,8.007852277242643,0.4884955685780305,0.2502453836638326,0.1088381496035752,0.4175382909306198,0.4712895383225549,3.3758749538271764,5.0,5.0,0.0,0.0545068714080574,0.0191883226954096,0.0109013742816114,0.0054321462189474,0.0171164321046975,0.0181523774000536,1.482016276351419
sciver_test_124,1,24,16,40,2000,0.2301125235124244,38.0,34.0,0.8947368421052632,5.105263157894737,5.0,0.0,1.0,0.1134020618556701,0.0697674418604651,2.0,0.1666666666666666,0.0,0.0,0.0,0.0,0.0,0.0,0.0,1.0,0.0263157894736842,0.0,0.0,1.0,0.0263157894736842,0.0,0.0,0.2577137165032367,-0.0277792641009431,-0.0334038764922198,0.1645999851991379,-0.1528047450702076,0.0011726521679684,0.0422762762341038,-0.0521829012350551,0.0647245267410785,0.0166852891781724,-0.0146789763840816,0.0339660995022815,-0.0840801535085094,0.0582105520553314,0.0093182947918549,-0.0219267004981133,0.0771237446873156,0.0522453063556138,0.0169865957498841,-0.0854471207620929,-0.0597263904675882,-0.037457437560814,0.0077737770814795,-0.0213752369900222,34.0,0.3836364582165273,0.1606806057119904,0.7884823649102616,0.5923535932405728,32.0,31.0,1.0,6.378305890519126,0.4404070879653893,0.2057518029199718,0.1000091577243613,0.3255486781922326,0.3369479929078202,3.2987666526531827,2.0,2.0,0.0,0.0355629426444399,0.0224832727416413,0.0177814713222199,0.0047018014194213,0.021542912457757,0.0220130925996991,0.6577686191196308
sciver_test_127,1,24,16,40,2000,0.2534236524676379,40.0,39.0,0.975,5.95,4.0,0.0,1.0,0.1515151515151515,0.1428571428571428,2.0,0.4,0.0,1.0,0.025,0.0,0.0,0.0,0.0,2.0,0.05,0.0,0.0,1.0,0.025,0.0,0.0,0.2221702396132266,-0.0986150577303282,0.0237839705474314,-0.1019391913373866,-0.0900733540969277,-0.058119093462029,0.0553683288680033,0.022798598372548,0.0668689478346111,-0.0440144893334631,0.0798521101225393,-0.0615422734470203,0.001166424974145,0.0711442904820701,0.0194887243207656,-0.0248200783713319,-0.0191069692192617,-0.0687661868679235,0.0663321475779027,0.0228648482478362,-0.0040970530575237,-0.0214258462191857,-0.0252646363685817,-0.0398823942278427,39.0,0.4140235981873739,0.1455775094050253,0.8015304772604569,0.5969086864595252,39.0,38.0,1.0,8.463076748775242,0.4078118546714811,0.2227125460204011,0.1028475390500794,0.3328089948326511,0.3599929688314217,3.512938062540466,7.0,7.0,0.0,0.1269029730066836,0.04924074726468,0.0181289961438119,0.0138745102646068,0.0315584233287385,0.0403995852967093,1.6903091323162034
sciver_test_130,1,24,16,40,2000,0.086821436160245,44.0,40.0,0.9090909090909092,5.9772727272727275,2.0,2.0,5.0,0.0338983050847457,0.0208333333333333,0.0,0.0,0.0,0.0,0.0,0.0,0.0,0.0,0.0,0.0,0.0,0.0,0.0,2.0,0.0454545454545454,0.0,0.0,0.198094719368104,-0.1287375962352798,-0.0697689371369344,-0.1183401083816657,-0.0097399116377977,-0.0141782726711734,0.0579464392365772,-0.0540522333175521,-0.041137980713188,0.1168244695784616,-0.041173622367218,0.0215870399179845,-0.0392387410875796,-0.0719858276691209,-0.0003952081806691,-0.0568368129234257,0.0150464224063476,0.0167369849473771,-0.0072092467769718,0.0283654275798254,-0.1011016111912723,0.0089943024819032,0.0806344175716474,-0.0297789501971231,40.0,0.4199226409073838,0.1597074981562656,0.8188563084274543,0.613714792690728,38.0,37.0,1.0,8.39936267233754,0.5438424521939378,0.2270098019550686,0.1262331227359964,0.369406886809318,0.4905129792537798,3.4491461916949135,2.0,2.0,0.0,0.0714131106143711,0.0474483526217254,0.0357065553071855,0.0117417973145398,0.0450999931588174,0.0462741728902714,0.6380595814337966
sciver_test_132,1,24,16,40,2000,0.1731719511267143,48.0,40.0,0.8333333333333334,5.729166666666667,8.0,0.0,3.0,0.0833333333333333,0.075,1.0,0.125,0.0,0.0,0.0,0.0,0.0,0.0,0.0,0.0,0.0,1.0,0.0208333333333333,0.0,0.0,0.0,0.0,0.1501566350863833,-0.0586609132488233,-0.0866124785501396,0.0670598589969358,-0.1217832564871786,0.0012239013133805,0.0216909546192417,-0.0181416865200051,0.0280083961575459,0.0617653906803038,-0.0605146844490184,-0.0339383626908427,-0.0503788751912641,0.0159983512695607,-0.0355836430730793,0.0361236977239691,0.1220529919234769,-0.0053033926157345,0.0005811721563008,0.0081273121582432,-0.0277541854992559,-0.0193185850535196,0.0177177993905072,-0.0015359611594725,40.0,0.3997504424281694,0.1465282366031623,0.7684089397987206,0.5904145077429089,40.0,39.0,1.0,8.187841040025075,0.4455190328572356,0.209944642051925,0.1053871876485652,0.3304558608486292,0.368779626721438,3.5059412515254764,5.0,5.0,0.0,0.0760216476683466,0.0309934175570476,0.0152043295336693,0.0110896422165078,0.0283489415374636,0.0296711795472556,1.3077529485661443
sciver_test_134,1,24,16,40,2000,0.0341673427541006,37.0,36.0,0.972972972972973,6.945945945945946,1.0,0.0,2.0,0.046875,0.0576923076923076,1.0,0.5,0.0,0.0,0.0,0.0,0.0,0.0,0.0,0.0,0.0,0.0,0.0,0.0,0.0,0.0,0.0,0.1257514102208219,-0.1383833825465582,-0.0357322095824631,-0.1029365250741233,0.0050415357923819,0.0143383038628354,0.1139727868442256,-0.0658310996867483,-0.0421546450558624,-0.0511303591717867,0.0202383556233597,-0.0198136460825462,-0.0814248918594651,-0.0820396398981193,0.0173707094657679,-0.0508067697862839,-0.1069880030554366,0.0828063792565033,-0.005299987326947,-0.0189710049515986,0.020833749223873,0.047821436905967,0.0552058586638167,0.0764469284604082,36.0,0.4020638233877167,0.1428723080395497,0.8437632663810919,0.6089234357062809,36.0,35.0,1.0,7.846230031934816,0.4429522639017225,0.2241780009124233,0.0868866950577684,0.314053011977756,0.3406791927047116,3.4755025885560356,5.0,5.0,0.0,0.121770265773611,0.052683232314632,0.0243540531547222,0.0175027937244722,0.0434591587898115,0.0480711955522218,1.31562975003293
sciver_test_136,1,24,16,40,2000,0.1703625463677001,42.0,35.0,0.8333333333333334,5.285714285714286,2.0,0.0,1.0,0.1632653061224489,0.125,0.0,0.0,0.0,0.0,0.0,0.0,0.0,0.0,0.0,0.0,0.0,0.0,0.0,1.0,0.0238095238095238,0.0,0.0,0.1845895252189105,-0.0292985937567453,-0.080451700582141,0.0648217324460719,-0.0024043785383397,0.0120649872293872,-0.07002818208253,-0.0040257724559872,0.0624770222675534,0.0132152805133557,0.0895014940542661,0.0100440756803212,-0.0360854176094565,-0.0745098511753027,0.0367581668879695,0.0171478131614554,0.0329385334725968,0.0697005974575484,-0.0019624221778414,0.0066090726160146,0.0134827582808324,0.0324286692451813,0.0453780920954705,0.0095801625819426,35.0,0.3503804848636965,0.1294560919237336,0.7191663899083592,0.5156520670368995,34.0,33.0,1.0,6.5595794117753154,0.4294224683579348,0.1987751336901611,0.0953821812227404,0.2913273722649673,0.3571983795622289,3.3657544998530904,4.0,4.0,0.0,0.0776354835573504,0.0314262662380269,0.0194088708893376,0.010838127071748,0.0304179730584761,0.0309221196482515,1.208438339033564
sciver_test_138,1,24,16,40,2000,0.0432132975342416,41.0,39.0,0.951219512195122,5.804878048780488,4.0,0.0,3.0,0.08,0.0298507462686567,0.0,0.0,0.0,0.0,0.0,0.0,0.0,0.0,0.0,0.0,0.0,0.0,0.0,0.0,0.0,0.0,0.0,0.1925854180478587,-0.0209464210894486,0.0003994651696095,0.0342304278214341,0.0591024987114234,-0.0853909671979814,-0.020795384448724,-0.0646718549012844,-0.0467897943979392,-0.0083314074519181,0.0713185817742454,-0.0651175520862771,-0.0326107663082942,-0.0356164937886758,0.0426888798280254,-0.0423764037592873,0.0449991127827948,-0.0509766859341834,0.0086466964752207,0.0016066654057023,-0.0030986909904751,0.0090399302747525,0.0084540914080163,0.0307553838182278,39.0,0.377000124508199,0.1697013872297649,0.9063400776731164,0.5955677920546487,39.0,37.0,2.0,6.966541661282345,0.4068364773061544,0.1882849097643877,0.1060590854635092,0.3569443880186466,0.3799217685535105,3.4538658463791725,3.0,3.0,0.0,0.0318767690047125,0.0162528715806017,0.0106255896682375,0.0062563480835756,0.0157472792565436,0.0160000754185726,0.8742970973169987
sciver_test_140,1,24,16,40,2000,0.0976744374971343,40.0,36.0,0.9,6.2,3.0,1.0,7.0,0.0625,0.0697674418604651,1.0,0.3333333333333333,0.0,2.0,0.05,0.0,0.0,0.0,0.0,0.0,0.0,0.0,0.0,0.0,0.0,2.0,0.05,0.1688902951547155,-0.0350899500287135,-0.1322397855713409,-0.067793080684788,0.0341020903454406,-0.0023120336934159,0.0883085477758041,-0.0436039876681442,-0.0576756854088612,0.039008630872861,-0.0667493446977616,0.004980483206388,0.0188232304051156,-0.0205963269722775,-0.0100436551153528,0.0567282851485042,0.0187442401863215,-0.017605548444301,-0.0278232908172686,0.1427106294954416,-0.0222004495517287,-0.1208732545585495,-0.0174418470947285,0.0480965068492718,36.0,0.3878237237394229,0.1457979365002531,0.7579125565021224,0.5824526113558115,35.0,34.0,1.0,6.876001994225062,0.4436798382453404,0.2022353527713253,0.0876749989258447,0.3100979573794269,0.3575404849704278,3.4332724383750577,8.0,8.0,0.0,0.174431398825815,0.0432793468105227,0.0218039248532268,0.0119672452481576,0.0361840499699504,0.0397316983902365,1.892481583181078
sciver_test_142,1,24,16,40,2000,0.6355010837851107,47.0,40.0,0.851063829787234,5.553191489361702,7.0,2.0,7.0,0.265625,0.2307692307692307,5.0,0.7142857142857143,0.0,0.0,0.0,0.0,0.0,0.0,0.0,0.0,0.0,0.0,0.0,1.0,0.0212765957446808,0.0,0.0,0.1803204675257046,-0.069003863092045,-0.0770103252351784,-0.0259040583407483,-0.018995748138297,0.097588674803473,-0.0028697733497172,0.0148568400699696,-0.0670519713131968,0.0305163521661149,-0.1529742719163029,-0.0829788667696838,-0.073117368176065,0.162345763569801,-0.1326840599390778,0.0157129996149946,-0.0903380629427302,0.0258544969260215,-0.0842598666952202,-0.0969413833251712,-0.0283146652578475,-0.0607540592997594,0.0271145943361977,0.0159626385207755,40.0,0.3618492607295362,0.166711558645218,0.8088865463006658,0.5891213711854212,35.0,34.0,1.0,6.808075558804999,0.4539961937262241,0.2002375164354411,0.1034620269142398,0.3330580453934726,0.3511992591470662,3.380141968676313,1.0,1.0,0.0,0.0078219359138645,0.0078219359138645,0.0078219359138645,0.0,0.0078219359138645,0.0078219359138645,-0.0
sciver_test_144,1,24,16,40,2000,0.2976762848601254,37.0,37.0,1.0,7.108108108108108,2.0,2.0,4.0,0.1282051282051282,0.088235294117647,0.0,0.0,0.0,0.0,0.0,0.0,0.0,0.0,0.0,0.0,0.0,0.0,0.0,0.0,0.0,0.0,0.0,0.1482061667491822,-0.0217424142417916,-0.0625039616191847,-0.1652090894587308,-0.0610570443372811,-0.0621812782684168,-0.0060520750026316,0.0028327147325656,0.0571671690325218,-0.0397435996211437,0.0780157246739741,-0.0157481080345842,0.1325926887698148,0.0430026788033061,-0.0322708260955973,-0.0392391802576666,0.0029484949077203,-0.0154090081270137,-0.0587704389717902,-0.096051734864132,-0.0271990724775794,-0.0036207305912652,-0.0039776303094276,0.0194280405796551,37.0,0.412849433994107,0.1371444811843885,0.8305488858712092,0.6029201008621723,37.0,36.0,1.0,8.640233349624035,0.4617115710745159,0.2400064819340009,0.0996276420732085,0.3966273839325802,0.4165865968095585,3.496993348205783,6.0,6.0,0.0,0.0558852534690213,0.0321489199576876,0.0093142089115035,0.010801118424406,0.0222042710690472,0.0271765955133674,1.247102717722529
sciver_test_146,1,24,16,40,2000,0.3426774116186125,28.0,25.0,0.8928571428571429,5.071428571428571,4.0,0.0,1.0,0.1636363636363636,0.1489361702127659,1.0,0.1666666666666666,0.0,0.0,0.0,0.0,0.0,0.0,0.0,0.0,0.0,0.0,0.0,0.0,0.0,0.0,0.0,0.1521006089513737,-0.0285788172502053,0.0236271056255105,0.0454499973960033,0.083228002872736,0.0964949119684704,-0.0520814531364941,0.0407022695292353,-0.0345865812614813,-0.0375656491501365,0.0257370775249593,-0.0570854720691416,0.0060030043023355,-0.1140060872469369,0.0864888021678147,0.0157976886742911,-0.0538204903931938,0.0038146044603987,-0.0433888543007991,0.0551685906043037,-0.0076388009822592,-0.0153319013235388,-0.0622398515549185,-0.0772885528235031,25.0,0.2979665702265164,0.1460750236775598,0.5989035851864617,0.470546943269141,21.0,20.0,1.0,3.8988709806463353,0.4075834815167253,0.1949435490323167,0.113547607310612,0.3354486803507951,0.4025359172938557,2.8124311203369943,2.0,2.0,0.0,0.0138669438846769,0.0117536675969098,0.0069334719423384,0.0048201956545714,0.0107896284659955,0.0112716480314527,0.4268439533188902
sciver_test_148,1,24,16,40,2000,0.0662025569257243,43.0,38.0,0.8837209302325582,4.348837209302325,9.0,2.0,9.0,0.0980392156862745,0.0714285714285714,0.0,0.0,0.0,1.0,0.0232558139534883,0.0,0.0,0.0,0.0,1.0,0.0232558139534883,0.0,0.0,0.0,0.0,0.0,0.0,0.2127323214766201,-0.0376602437772082,0.0607221769053865,0.0532509620281562,0.1312274491030216,-0.0189220054068548,-0.0183939735771649,0.001596866116897,0.1082890222810437,0.1446678908839871,0.0447064072656968,0.086480138970468,-0.0160272167731959,-0.0586764820812136,-0.0450758072258286,-0.0218754620049007,0.0228191456933944,-0.0663148081599709,-0.0984963117209091,0.0091212704200983,0.0291361253955128,0.0266902629884933,-0.0469421533098095,0.0491890114925401,38.0,0.3105578594772015,0.1697681847300659,0.7171235826466681,0.5350357989906579,34.0,33.0,1.0,5.613118123951079,0.4384366543638249,0.1700944886045781,0.1245332336257544,0.3821466196400763,0.4099235914954817,3.224296164613486,2.0,2.0,0.0,0.0649526696042103,0.0540885905800921,0.0324763348021051,0.0216122557779869,0.0497661394244947,0.0519273650022934,0.4515172360986013
sciver_test_150,1,24,16,40,2000,0.0815172894488048,42.0,42.0,1.0,6.333333333333333,1.0,0.0,2.0,0.0652173913043478,0.073170731707317,0.0,0.0,0.0,2.0,0.0476190476190476,0.0,0.0,0.0,0.0,0.0,0.0,0.0,0.0,0.0,0.0,2.0,0.0476190476190476,0.1392073429386891,-0.0003526186058096,-0.1028360084183785,-0.1672444806346121,0.0863882496005103,0.0022194493529414,0.0382965442141406,0.075141035508678,-0.0375262268383985,0.060754816090012,-0.1170324822048836,0.0438795843572866,-0.0566782296297731,-0.0201835174045011,0.0712156073395393,-0.0943268821448941,0.0351001009601205,-0.0417979290308287,0.1720260387537843,0.1310278482854065,0.0824040186649229,0.0299741160066361,0.1035877524029425,-0.0668816774941844,40.0,0.3897085304731808,0.164873042960903,0.8120768214034935,0.6357992206650592,37.0,36.0,1.0,7.394695067930981,0.481998710552331,0.2054081963314161,0.0966207174141938,0.3077097172318179,0.3772914391061998,3.472763855008513,5.0,5.0,0.0,0.053616308713778,0.0206945302590498,0.0107232617427556,0.0073126461812005,0.0193727790039707,0.0200336546315103,1.3433324200364585
sciver_test_152,1,24,16,40,2000,0.0,46.0,42.0,0.9130434782608696,6.6521739130434785,3.0,2.0,4.0,0.0,0.0,0.0,0.0,0.0,1.0,0.0217391304347826,0.0,0.0,0.0,0.0,1.0,0.0217391304347826,0.0,0.0,0.0,0.0,0.0,0.0,0.2263834813175506,-0.0837187279239081,-0.1000313866692782,-0.1435639108639477,-0.0057142150902047,-0.1077599011415827,-0.0676363436864127,0.0294411281434053,-0.0361558306858753,0.0256978953646103,-0.0200243040162592,-0.0152242924781675,0.007152400191075,-0.0524151165558441,-0.0391248918436049,0.0821213049453239,0.0543048348458124,0.0494618394663724,-0.0233731920713468,0.0031438746471182,-0.0307507139651068,-0.0879769737576438,-0.0233277242775254,-0.0252043127600581,40.0,0.4277694333189504,0.1514450689969979,0.8196102853152346,0.6205825068840758,40.0,39.0,1.0,9.109455362254272,0.4547085759018284,0.2335757785193403,0.1119151508792549,0.3945235202628835,0.4249340333987639,3.5417771806905054,6.0,6.0,0.0,0.0544038787268767,0.0194916796687341,0.0090673131211461,0.0061937316707336,0.0169412647233913,0.0182164721960627,1.5341179334840098
sciver_test_154,1,24,16,40,2000,0.1626524695965419,48.0,45.0,0.9375,6.541666666666667,4.0,1.0,2.0,0.0384615384615384,0.0454545454545454,0.0,0.0,0.0,0.0,0.0,0.0,0.0,0.0,0.0,0.0,0.0,1.0,0.0208333333333333,0.0,0.0,0.0,0.0,0.1902783315363476,-0.1088076496397394,-0.0501350586197513,-0.102429049163679,-0.0343858040813036,-0.0505828508826562,-0.0038298537464606,-0.0422661851888024,0.0448585917778901,0.0692728255600972,0.0443041548473496,-0.038089205319815,-0.0341930287227007,-0.0956608691689141,-0.0643674878473114,0.0323400226892829,0.0240308432782542,0.0537158078625376,-0.0456867590976492,-0.0699084594288591,-0.0021746192495959,-0.0604956791350927,-0.0168872546511133,0.0525433823148018,40.0,0.4110327611878873,0.1557859806396049,0.8446316126370431,0.6158043982461772,40.0,39.0,1.0,8.33979552720859,0.4549346577595805,0.2138409109540664,0.103552086766212,0.3257976841930046,0.3898357850629536,3.531346050327039,4.0,4.0,0.0,0.0708162322154675,0.0480636605774324,0.0177040580538668,0.0178227759864221,0.0370600427212408,0.0425618516493366,0.9354934725719232
sciver_test_156,1,24,16,40,2000,0.2568576022074275,47.0,44.0,0.9361702127659576,5.702127659574468,1.0,0.0,2.0,0.135593220338983,0.08,0.0,0.0,0.0,0.0,0.0,0.0,0.0,0.0,0.0,1.0,0.0212765957446808,0.0,0.0,1.0,0.0212765957446808,0.0,0.0,0.1760215176581515,-0.0963443541165397,-0.1505823938283109,-0.0088657044133647,-0.0239771962395689,-0.0041211848780386,-0.0427851206224022,0.0337295952659892,-0.0470267983586364,-0.0318964232172085,0.0398024561868291,-0.0307850638548941,-0.1145297931479846,-0.0027352545304541,0.0082109775756086,0.0305701620730363,0.0172439267129647,-0.0112383711042418,-0.0126078217382685,0.0075776173998006,0.0199817571198318,-0.0079978248026611,-0.081081640994636,0.0110595445293176,40.0,0.4004448421428462,0.1628965958389795,0.8269027895346659,0.6053406688418623,40.0,39.0,1.0,8.072599103590543,0.4614421377698468,0.2069897206048857,0.1194806867662242,0.349497657361178,0.405226641355374,3.479465455162127,2.0,2.0,0.0,0.0096049786936773,0.0076217332385143,0.0048024893468386,0.0028192438916756,0.0070578844601792,0.0073398088493467,0.50925676075421
sciver_test_158,1,24,16,40,2000,0.0837023855072589,35.0,32.0,0.9142857142857144,7.0,2.0,2.0,4.0,0.05,0.0606060606060606,0.0,0.0,0.0,0.0,0.0,0.0,0.0,0.0,0.0,0.0,0.0,0.0,0.0,0.0,0.0,0.0,0.0,0.1183399192313773,-0.0242550341156291,-0.0769447341241863,-0.0465914932188981,0.0346169208317991,0.0053067870356557,0.0305719577797364,0.01574239017116,-0.0607460011481371,-0.0343432391713272,0.0642058758916019,0.0217866673820975,-0.0363718887938122,0.0013637038930827,0.0344357936220342,-0.090968354855012,-0.0155817485806913,-0.0612001231694241,0.0635345681057376,-0.0226730505697752,-0.1232961800614688,0.022624358401445,0.0629848905140303,-0.0384384395569238,32.0,0.4091319327898143,0.1412806665098719,0.745880083807767,0.5839808512229228,31.0,30.0,1.0,6.935937419202192,0.396934424012575,0.2311979139734064,0.0960345917130113,0.3619372931621146,0.3664818974013927,3.300598502765916,4.0,4.0,0.0,0.0812467026474605,0.0361060155971466,0.0203116756618651,0.0129256545149627,0.0327695692515212,0.0344377924243339,1.0927914913452388
sciver_test_160,1,24,16,40,2000,0.014937916576763,28.0,27.0,0.9642857142857144,6.357142857142857,2.0,0.0,1.0,0.03125,0.0,0.0,0.0,0.0,0.0,0.0,1.0,0.0357142857142857,1.0,0.0357142857142857,0.0,0.0,0.0,0.0,0.0,0.0,0.0,0.0,0.1415596580541648,-0.0133037658556216,-0.0352733883852573,-0.0762849593562081,-0.0194982171944612,-0.1125848657740182,-0.0279491099315214,0.0378915583642109,0.0231327937391804,-0.0746172679827232,-0.0230664330555462,-0.068968789993179,-0.0136607481917832,0.0099924968936552,0.0266051239723046,-0.0512246382616153,-0.0243531017232326,0.0661361968177154,-0.0410348870849842,-0.0384154802530776,-0.0276925083454463,0.0675236118733718,0.0381399277069859,-0.0206588586373807,27.0,0.3918765995624398,0.1407441258416462,0.7183544934640325,0.5775319437541331,27.0,26.0,1.0,6.130572374000507,0.4715728381827067,0.2357912451538656,0.1088307212514243,0.3395289865323936,0.4268032492158314,3.14347800823652,0.0,0.0,0.0,0.0,0.0,0.0,0.0,0.0,0.0,0.0
sciver_test_162,1,24,16,40,2000,0.360345330276788,37.0,34.0,0.918918918918919,6.621621621621622,3.0,0.0,1.0,0.1304347826086956,0.1166666666666666,2.0,0.25,0.0,0.0,0.0,0.0,0.0,0.0,0.0,0.0,0.0,0.0,0.0,1.0,0.027027027027027,0.0,0.0,0.1962197797471021,-0.1344293922262988,-0.1074041527005196,-0.0701497277808717,0.006284382787746,0.1163239872919628,0.0269571657437181,0.0556723052633995,0.0131402935907476,0.005565799439709,0.1189269257556758,-0.0503994125398153,0.0207068915633015,0.024751904896467,0.0377676814757727,-0.1486183407824005,-0.0491638474985735,-0.0405421889246059,0.0627748111673167,0.093457636689904,-0.0429958032627151,0.1268459193282212,-0.0801726923970435,0.0079283022095422,34.0,0.3856993230960718,0.1400387195657243,0.7820242284494779,0.5675766857316932,32.0,31.0,1.0,7.231668127000288,0.5145959724397965,0.2332796170000093,0.106576228073635,0.3372338714280073,0.4761485922059717,3.3385265312316843,8.0,8.0,0.0,0.1491577183716645,0.051078607952842,0.018644714796458,0.0158607599908772,0.0387432356345488,0.0449109217936954,1.699300625551637
sciver_test_165,1,24,16,40,2000,0.3967530298419767,51.0,45.0,0.8823529411764706,5.352941176470588,8.0,2.0,3.0,0.1958762886597938,0.1511627906976744,3.0,0.2727272727272727,0.0,0.0,0.0,0.0,0.0,0.0,0.0,0.0,0.0,0.0,0.0,1.0,0.0196078431372549,0.0,0.0,0.1684363445889843,-0.0511864137781338,0.015935085290679,-0.0936741160160675,0.0212696389087399,-0.0425789969787233,-0.0187733408967208,0.0591103423717131,0.0212309976056053,-0.013904417046047,0.0032462429920068,-0.0799138795238826,0.0141982630669835,0.0156859654431288,0.0731859702228883,0.034201459516229,-0.0356495205198538,-0.0350154066892446,-0.0339842376118834,-0.0040419891996926,-0.0145697706327645,-0.0080883965273358,-0.0278925222780348,-0.0433215053447469,40.0,0.3261084191611433,0.1592016211872891,0.7742060350014397,0.5279993605141953,38.0,37.0,1.0,6.329681062469414,0.4218346637866583,0.171072461147822,0.1182661369025368,0.3023401730573601,0.3377838576912904,3.347658437251358,4.0,4.0,0.0,0.0623540674065493,0.0456216757492645,0.0155885168516373,0.0175721514495524,0.0347845316816072,0.0402031037154358,0.8232227787908977
sciver_test_166,1,24,16,40,2000,0.2850056839500053,40.0,38.0,0.95,6.375,4.0,0.0,2.0,0.1944444444444444,0.15,1.0,0.125,0.0,0.0,0.0,0.0,0.0,0.0,0.0,1.0,0.025,1.0,0.025,1.0,0.025,1.0,0.025,0.1853073669257759,-0.0409100271568018,0.0984320044442967,-0.0263135358732324,0.0129442070638369,-0.1021910783996602,0.0024504798598564,-0.0318228390131089,-0.0569088106027322,0.0421621314150497,0.0964546855251452,-0.0853925253643339,-0.0251435621319979,0.0450757582313036,-0.0278207380149116,-0.0679524248774031,0.0238870526538601,-0.0170791205872801,0.0171859721785306,-0.0325272549131195,-0.0219166509855043,0.0679385884722177,0.1023632514103819,0.0386502665710453,38.0,0.4474226605295274,0.1326109759311819,0.7270353858235256,0.6065810594387552,38.0,37.0,1.0,9.04210904992918,0.4723037405959077,0.2443813256737616,0.1193688293468084,0.4064419941186187,0.423575957116396,3.474246064196904,4.0,4.0,0.0,0.078605553211095,0.0487900681876003,0.0196513883027737,0.018433580266206,0.0407024635588113,0.0447462658732058,0.928374741608732
sciver_test_168,1,24,16,40,2000,0.1695655042412289,43.0,37.0,0.8604651162790697,4.6976744186046515,5.0,1.0,6.0,0.1506849315068493,0.109375,2.0,0.25,0.0,0.0,0.0,0.0,0.0,0.0,0.0,0.0,0.0,0.0,0.0,0.0,0.0,0.0,0.0,0.2511978274546197,-0.1238043281422047,0.0208640361130936,-0.0033133383918466,-0.1155960641634097,0.0575798465311866,0.0130686381772026,-0.0173263216271522,0.0736141718130092,-0.0207372866656507,-0.0607584766501715,-0.1211532325539589,-0.0180901756478025,0.0447621921534864,0.0190860437805445,-0.0209474341499283,0.1632677015839418,-0.0482828369750281,-0.0572398224285155,-0.0197777472146,-0.0026052350532067,-0.0485342035122606,-0.0474669472296221,0.0009530477021547,37.0,0.4131239666685638,0.1840305539563835,0.9692640060316308,0.6326648851389101,34.0,33.0,1.0,7.664654255865203,0.60101855206851,0.2322622501777334,0.1302571926702648,0.3651597860523803,0.4306500724237854,3.319267964924839,3.0,3.0,0.0,0.0571814739404465,0.0334082623093943,0.0190604913134821,0.0104401983298311,0.0297073450421432,0.0315578036757688,0.9535192794320634
sciver_test_172,1,24,16,40,2000,0.0583691984474462,43.0,41.0,0.9534883720930232,6.209302325581396,6.0,0.0,11.0,0.0816326530612244,0.0476190476190476,0.0,0.0,0.0,0.0,0.0,0.0,0.0,0.0,0.0,1.0,0.0232558139534883,0.0,0.0,1.0,0.0232558139534883,0.0,0.0,0.2227934955352524,-0.0134943573313467,-0.0386401277137148,-0.1705723113773331,-0.0530276526950282,0.110069690185108,-0.0945228386293735,0.0309489019058999,-0.0854708085187818,-0.0643937155020042,0.0161538290875595,0.0069056504890893,0.0124676592926656,0.1989032248729005,-0.1981934845838378,0.0712194709336641,-0.0617193976519835,-0.0523114241200452,-0.115008887813944,-0.009753371484008,0.0550130732355868,-0.0333522424650493,0.1445139068586751,0.0598929514325102,40.0,0.3190884913019893,0.1225116733152226,0.6425685101692623,0.4975336047248971,37.0,36.0,1.0,6.326841407985556,0.3813598290629484,0.1757455946662654,0.0862270580298668,0.2635576515992563,0.333673273173832,3.4458478578522627,4.0,4.0,0.0,0.0227443316479262,0.0115682597990204,0.0056860829119815,0.003538074267612,0.0096676665769275,0.0106179631879739,1.2097880737575657
sciver_test_174,1,24,16,40,2000,0.080958956946437,41.0,35.0,0.8536585365853658,5.780487804878049,4.0,1.0,4.0,0.0784313725490196,0.025,0.0,0.0,0.0,0.0,0.0,0.0,0.0,0.0,0.0,0.0,0.0,0.0,0.0,0.0,0.0,0.0,0.0,0.2756714854974839,-0.0762986618331692,-0.1341154627878348,0.1029147506194853,0.0074986783377919,0.0057111615213846,-0.1148050698886863,0.0385476636101717,0.0128932172672599,0.081350120537674,0.0246105203088438,-0.09150423190956,-0.0779330427225034,0.0012233857108868,0.0406411921897815,0.0575644841422689,0.1396164466119394,-0.0734266566360713,-0.108926659927991,0.0409602673588127,0.0383711438012145,-0.0066264569823081,-0.009462876593023,0.0117930035698063,35.0,0.4137690127453906,0.1545593187519692,0.8025443108652232,0.615685541375695,33.0,32.0,1.0,7.785899929285237,0.4534341963204921,0.2433093727901636,0.1153739115811728,0.3853641783038259,0.4333303762542733,3.337998225174652,4.0,4.0,0.0,0.0671816496023012,0.0272189177786251,0.0167954124005753,0.0099788166051919,0.0266293155588317,0.0269241166687284,1.1748988295279394
sciver_test_175,1,24,16,40,2000,0.1715366303826738,47.0,42.0,0.8936170212765957,5.085106382978723,5.0,0.0,2.0,0.1690140845070422,0.1147540983606557,1.0,0.125,0.0,0.0,0.0,0.0,0.0,0.0,0.0,0.0,0.0,0.0,0.0,0.0,0.0,0.0,0.0,0.2165368073189448,-0.081299140264276,-0.1105270877119139,0.0174354447083229,0.0802166056440374,-0.0316110763240838,-0.0012949783410696,-0.0008998305912216,0.008045552355476,0.1311979669111984,0.0380760528663133,0.1248646038067255,-0.0504962426804901,0.0345055502559676,0.0523220857983301,-0.0148818887164835,-0.006481928279744,-0.0268506641277644,-0.0309786863179685,0.0406659796627691,-0.0413551077919195,-0.0159865711334486,-0.0379541824997462,0.0109926858303545,40.0,0.3908648983082791,0.1511925844290426,0.8271357424738316,0.5996646048708291,37.0,36.0,1.0,8.05388127819584,0.3740327267438483,0.2237189243943289,0.0882533433338683,0.3224472268133631,0.344153103716925,3.4901300833339133,3.0,3.0,0.0,0.0349256173749578,0.0225459997962801,0.0116418724583192,0.0079946694523416,0.0197923372792688,0.0211691685377745,0.8639013754954967
sciver_test_176,1,24,16,40,2000,0.278627191183426,40.0,35.0,0.875,5.575,1.0,0.0,4.0,0.1764705882352941,0.1590909090909091,0.0,0.0,0.0,0.0,0.0,0.0,0.0,0.0,0.0,0.0,0.0,0.0,0.0,0.0,0.0,0.0,0.0,0.2259518544895849,-0.027565567625203,-0.1192789139951007,0.1231268165126866,0.0164631960776081,-0.012105072475666,0.0151658642035012,0.0130494068367008,0.0648458205042109,-0.0149391926789979,-0.1082262999434003,0.0303059296802053,0.0662911013687535,-0.0128207290043495,0.1322870314464569,0.0511699662183196,0.0068690432660717,-0.0035729792904586,0.1028253444094757,-0.0050319603951416,-0.031148788784207,0.0191049282509313,-0.0137504203646855,0.0087326626568421,35.0,0.3336663659995367,0.1433518068913952,0.7663356624654662,0.5373295379042864,32.0,31.0,1.0,6.243513527706708,0.4198646080009364,0.2014036621840873,0.1032941284032162,0.3490578069827549,0.3765491892242067,3.2949894970410964,6.0,6.0,0.0,0.0982160412206858,0.039621792110478,0.0163693402034476,0.0139034734734403,0.0345039565084795,0.0370628743094788,1.427680423684507
sciver_test_178,1,24,16,40,2000,0.0313259092695146,40.0,35.0,0.875,6.15,5.0,1.0,7.0,0.0789473684210526,0.064516129032258,0.0,0.0,0.0,0.0,0.0,1.0,0.025,0.0,0.0,1.0,0.025,0.0,0.0,1.0,0.025,0.0,0.0,0.2252106245201258,-0.0088879336292034,-0.0595012690091225,-0.1808482273412388,0.09656269369474,-0.1508853659688758,-0.0719966202418077,0.0170293150496956,0.0073813993681352,0.0461594283119818,0.1266924092314495,-0.1406863617656358,0.0917332241425343,0.0780768239143848,-0.0208146174968296,0.0022684997296901,0.0728482680735227,-0.073229849678213,-0.007812714508396,0.0333705514646925,-0.0599278171526815,-0.0360639944286004,0.0693899830604404,0.026752742541003,35.0,0.4333768581925291,0.1521408394332994,0.754651668003307,0.6211032786526373,35.0,34.0,1.0,7.25417806161095,0.4414936060924515,0.213358178282675,0.1161894829789877,0.3508321075541152,0.432546039431946,3.362998194852771,2.0,2.0,0.0,0.0316721710916436,0.0306161995639006,0.0158360855458218,0.0147801140180788,0.0276601767602848,0.0291381881620927,0.1461694629970977
sciver_test_180,1,24,16,40,2000,0.1312504337458958,34.0,30.0,0.8823529411764706,6.147058823529412,1.0,0.0,4.0,0.1176470588235294,0.0888888888888888,0.0,0.0,0.0,1.0,0.0294117647058823,0.0,0.0,0.0,0.0,0.0,0.0,0.0,0.0,0.0,0.0,0.0,0.0,0.2175733873854614,-0.0849816027930378,-0.0302765683043046,0.1059210264468823,0.034358549966175,0.0450440580594175,-0.0095781020651124,-0.1017363829050219,-0.0013883451101165,-0.1011635188681597,0.0253257805885427,0.0592180057953909,-0.030896634046558,0.060457293156731,0.0335721284047864,-0.0340283875874471,0.0289425478356161,-0.0644797617328339,-0.1723853814586377,0.0295965659643128,0.0452365791686575,0.0359849074320935,-0.015918247233167,0.0182884109294141,30.0,0.3969943446285162,0.1390921396352218,0.7944235464014534,0.5752216841251039,27.0,26.0,1.0,6.85094031455206,0.4736646903591394,0.2634977044058484,0.088704455811512,0.3808498275243593,0.4536621062782225,3.2046114751802928,2.0,2.0,0.0,0.0322010013124121,0.0268567330660575,0.016100500656206,0.0107562324098515,0.0247054865840872,0.0257811098250724,0.4494316027158633
sciver_test_181,1,24,16,40,2000,0.0780882094681106,49.0,43.0,0.8775510204081632,6.551020408163265,5.0,4.0,4.0,0.1521739130434782,0.125,1.0,0.2,0.0,1.0,0.0204081632653061,0.0,0.0,0.0,0.0,0.0,0.0,0.0,0.0,0.0,0.0,0.0,0.0,0.1310119781435778,-0.0613305280872964,-0.1446502222160239,-0.1051328464962609,0.061835370103424,0.048089309172497,-0.0200513012868172,0.023254147956045,-0.0637241845956845,-0.0185809061190764,-0.001826714731273,-0.0472573434758923,-0.1334241426880778,-0.0419616457614078,-0.0287155055529159,-0.0241346782188342,-0.1297495735087869,-0.0268591390834393,0.0508166664003009,0.0947964940712305,0.0109661214242126,0.0142782503498421,-0.1059660513563374,-0.0004864754950225,40.0,0.3772063496791681,0.1346301876414096,0.7515015713996431,0.5711201297135763,39.0,38.0,1.0,7.924191984902684,0.4268825103946391,0.2085313680237548,0.0924336354316285,0.3238594940066086,0.365446148228809,3.5322883088339783,7.0,7.0,0.0,0.1030687437227609,0.0247253534502597,0.0147241062461087,0.005934262912312,0.0217927660721314,0.0232590597611955,1.8620784870571496
sciver_test_182,1,24,16,40,2000,0.0,46.0,41.0,0.8913043478260869,5.586956521739131,9.0,0.0,2.0,0.0153846153846153,0.0178571428571428,0.0,0.0,0.0,1.0,0.0217391304347826,0.0,0.0,0.0,0.0,0.0,0.0,0.0,0.0,1.0,0.0217391304347826,0.0,0.0,0.1509745178401566,-0.1526379463245525,0.1318371261099266,-0.1061313166857804,-0.0727850188469505,-0.0012734193513481,0.1043303012193107,0.0076495476682154,0.0455109597196602,-0.0210406199188441,0.0426675269045527,-0.0283422448525149,-0.0950084088590013,-0.0614492718077999,-0.0602930621850587,-0.064537242586523,0.0682877371745389,-0.0211544710626306,0.0539956215289675,0.0760645601913426,0.027157923220167,0.0562100964283526,0.0255003902670687,0.1562400065675556,40.0,0.3995777041506512,0.1860461642352731,0.8636910779334462,0.6401867747296269,39.0,38.0,1.0,7.600238879900417,0.4916726675606521,0.2000062863131688,0.1351076697027249,0.4333792733688351,0.4643045091766802,3.409267595581899,1.0,1.0,0.0,0.1139456725955068,0.1139456725955068,0.1139456725955068,0.0,0.1139456725955068,0.1139456725955068,-0.0
sciver_test_184,1,24,16,40,2000,0.1192236968024533,42.0,39.0,0.9285714285714286,5.714285714285714,0.0,0.0,4.0,0.0833333333333333,0.0857142857142857,0.0,0.0,0.0,2.0,0.0476190476190476,0.0,0.0,0.0,0.0,0.0,0.0,0.0,0.0,0.0,0.0,0.0,0.0,0.2079754147137918,-0.0375288143932225,-0.0421462427700784,-0.0685377490122577,0.0416932451986985,-0.0312745800279897,0.1574718115193647,-0.0281888983011345,0.0370872340114029,0.0388464784195022,-0.1164125189294028,0.0113870005150548,-0.0638654885084669,-0.0133278206031864,0.0514231528559985,-0.0392342777397353,-0.0150001999601884,0.0423120848946808,0.0652502214135919,0.0737036168104756,0.0576446855666945,0.0552002213563082,-0.0569270114482161,-0.0373831791059224,39.0,0.3933259492259412,0.1649115284271086,0.8029312750942398,0.602198374721735,37.0,36.0,1.0,7.251479873108499,0.4652828028895506,0.201429996475236,0.111810522992447,0.3355147527042378,0.4297251422506067,3.431270504136736,4.0,4.0,0.0,0.0325260537742703,0.0185173478749527,0.0081315134435675,0.0061214079979736,0.0149532876120294,0.016735317743491,1.1374604945536475
sciver_test_187,1,24,16,40,2000,0.0634209551771496,38.0,35.0,0.9210526315789472,5.526315789473684,5.0,0.0,3.0,0.0729166666666666,0.0595238095238095,2.0,0.25,0.0,1.0,0.0263157894736842,0.0,0.0,0.0,0.0,1.0,0.0263157894736842,0.0,0.0,0.0,0.0,0.0,0.0,0.1668745644829473,-0.0316129099448969,-0.0674699961087622,0.046177495097582,0.0377721777079484,0.0267598568997678,0.0193041765114225,0.0125752233389221,0.0011782496804209,-0.0999393741181227,-0.0244960645469885,0.0611472260336728,0.0584807935367808,0.0163100572642921,0.0245262897628843,0.0600182099704065,0.0174205852958487,0.0182129652172296,-0.0468337826828569,0.0409104255327962,0.0227773229367378,0.0034989655650179,-0.0277376415258771,0.0296567252313232,35.0,0.3532785843364758,0.135221318293187,0.7177013460128263,0.536654819440174,31.0,30.0,1.0,6.812237763885595,0.4140365442888834,0.2270745921295198,0.0938361833516014,0.3662541123506186,0.3907777649563317,3.310185979833467,5.0,5.0,0.0,0.0847274370694566,0.0755197685814187,0.0169454874138913,0.0293421872979656,0.0471884545845579,0.0613541115829883,0.4453331894602056
sciver_test_188,1,24,16,40,2000,0.2036440684776435,42.0,37.0,0.8809523809523809,6.4523809523809526,5.0,0.0,4.0,0.0930232558139534,0.0789473684210526,0.0,0.0,0.0,1.0,0.0238095238095238,0.0,0.0,0.0,0.0,0.0,0.0,0.0,0.0,0.0,0.0,0.0,0.0,0.168502332958782,-0.0688649167458451,-0.0790626306153326,-0.0939470480396774,0.015478091564414,-0.0276726852651327,0.01582421995661,-0.0072158759749193,0.1139323769647273,0.0016115539554387,0.0969748251407797,0.0496155763099684,-0.0462644515896705,-0.0398237746774229,-0.0087689724710472,0.0249904642519116,-0.0466421429256456,0.1127994098341192,0.0417231548488358,-0.0952585984221043,-0.0291779723287386,0.0608207812976928,0.0023518480620711,-0.0157911927717762,37.0,0.4312346075859346,0.149975265323054,0.867561946994822,0.6219607184442764,37.0,35.0,2.0,7.94561140175862,0.4526408356200765,0.2270174686216748,0.0933381636764902,0.3274996749886969,0.3783370080706075,3.4665037433094494,7.0,7.0,0.0,0.147811944356968,0.0488085360435834,0.0211159920509954,0.0178134776133532,0.0480906331224244,0.0484495845830039,1.5977728995235905
sciver_test_190,1,24,16,40,2000,0.1672846055400114,35.0,32.0,0.9142857142857144,6.314285714285714,3.0,1.0,5.0,0.0754716981132075,0.0652173913043478,0.0,0.0,0.0,0.0,0.0,0.0,0.0,0.0,0.0,0.0,0.0,0.0,0.0,0.0,0.0,0.0,0.0,0.1536992311965473,-0.0662123078509432,-0.096055266468422,-0.0977199850492782,0.0724789235520987,-0.0114244012077851,0.0096114073762266,-0.031734344414373,-0.1070960291232162,0.0217330726253784,0.0757622309054274,0.0146942041188153,0.0336191889218854,-0.0017875369044168,0.0184109324306156,0.0052822086433692,0.0003144504258497,-0.0426363410764025,0.0068529931640212,-0.0223187273986014,0.0114477612818473,-0.0539571804641545,-0.0168082533544415,-0.0485176760898481,32.0,0.4608255002168923,0.1527267005264903,0.8621172975441226,0.6503394543451455,31.0,30.0,1.0,7.744202876614932,0.5014182335307967,0.2581400958871644,0.1195372252315206,0.4356109605032735,0.4591906337634288,3.28946840208174,3.0,3.0,0.0,0.1098289023212527,0.0498773715033883,0.0366096341070842,0.0123757693449256,0.0478740668105305,0.0488757191569594,1.0370543332724296
sciver_test_192,1,24,16,40,2000,0.1326548343275203,38.0,36.0,0.9473684210526316,6.5,4.0,4.0,5.0,0.1625,0.144927536231884,0.0,0.0,0.0,2.0,0.0526315789473684,0.0,0.0,0.0,0.0,0.0,0.0,0.0,0.0,0.0,0.0,0.0,0.0,0.1355825355554276,-0.0492678794228248,-0.0976341506422077,-0.0406406613009463,-0.0376111824004721,-0.0023130653462122,-0.0673780638148549,-0.016587214520112,-0.0420859750318195,0.0143186870780346,0.042937494272037,-0.0188359529422248,-0.0044597510689368,0.0378368992686971,-0.0087729206525296,0.1216088364392311,0.0501921440846223,-0.0448878957838267,-0.0558779767558827,0.0731694240201444,0.0647064212937265,-0.0106153821377465,0.031014587560323,-0.0518376743488459,36.0,0.345188157534911,0.1469792130532989,0.8291701996881518,0.5471001699641103,35.0,34.0,1.0,6.481586605576613,0.4313434618151348,0.190634900164018,0.1071467885306622,0.3532688666568827,0.3771258963787087,3.368635537979656,3.0,3.0,0.0,0.0470480849761151,0.0361732890693117,0.0156826949920383,0.0145171581415949,0.0302473334970878,0.0332103112831998,0.6960521134752304
sciver_test_194,1,24,16,40,2000,0.0084735848245121,32.0,27.0,0.84375,5.34375,4.0,0.0,6.0,0.0465116279069767,0.027027027027027,0.0,0.0,0.0,0.0,0.0,0.0,0.0,0.0,0.0,0.0,0.0,0.0,0.0,0.0,0.0,0.0,0.0,0.1954523585714131,-0.0282025455750654,-0.0071954120864172,-0.0639977872894819,0.085292559300547,0.0874727954971513,0.2164216778560802,0.1566754466102972,-0.0564380094361514,0.0826129232508412,-0.0441521238646365,0.2742476127715772,0.1752235632723608,-0.0317898978523352,0.0924687986153268,0.0133865413151234,-0.0764025116258869,-0.1000106198986084,-0.0232678453747785,-0.0399631726152804,-0.110694460565278,0.0609357379778212,0.0203921613923728,-0.1477565630607363,27.0,0.3767014361860287,0.1536696608251331,0.7608775076044834,0.5779686585783592,25.0,24.0,1.0,5.235842392815002,0.4596270615196632,0.218160099700625,0.104143189754196,0.3608781153312622,0.3976932623844782,3.057839227365691,0.0,0.0,0.0,0.0,0.0,0.0,0.0,0.0,0.0,0.0
sciver_test_196,1,24,16,40,2000,0.2282038865408096,46.0,38.0,0.8260869565217391,5.934782608695652,7.0,0.0,3.0,0.125,0.1176470588235294,1.0,0.2,0.0,0.0,0.0,2.0,0.0434782608695652,0.0,0.0,0.0,0.0,0.0,0.0,0.0,0.0,0.0,0.0,0.1921058970178707,-0.1151401091345663,-0.1477269766245082,-0.0138503855053679,0.0240154425999138,0.0483787394204904,0.044463903392882,-0.1446721464180645,0.0690240431363426,0.0606496214330316,0.0222207832875029,0.073792511906382,-0.0544225821030636,-0.085865048869028,-0.0397616452328695,0.0096429507271051,-0.1653409076675867,0.1529960513262035,-0.0337839589652747,-0.1374950031514019,-0.0430871233620139,0.0421657571256438,0.0503630423088088,0.0903588132603443,38.0,0.3669621560608874,0.1474297169876159,0.8023381828553846,0.5718177839743026,37.0,36.0,1.0,7.206273419775122,0.4801348314971011,0.20017426166042,0.1129215870148148,0.3611289852616611,0.3970511983234631,3.425818427646509,4.0,4.0,0.0,0.041355290841739,0.0270412574812852,0.0103388227104347,0.0099819674936227,0.0213172099582566,0.0241792337197709,0.9406972833336932
sciver_test_197,1,24,16,40,2000,0.037961330656536,38.0,37.0,0.9736842105263158,6.394736842105263,1.0,0.0,1.0,0.0434782608695652,0.0512820512820512,0.0,0.0,0.0,0.0,0.0,1.0,0.0263157894736842,0.0,0.0,0.0,0.0,0.0,0.0,1.0,0.0263157894736842,0.0,0.0,0.1283667823217964,-0.0700824614469424,-0.0925041269158542,-0.0927620039865727,0.0291625026240902,-0.0506840685523726,-0.0584231000240907,0.0077016349317045,0.0329780453241556,0.0007658183001698,0.0201361582534182,-0.0346177320658746,0.0293429389819095,0.0230687170605972,0.0140413816520501,0.0706281007120993,0.1222288015827618,-0.019244842179546,-0.019050357325812,0.1044204553038165,-0.0166833443665129,-0.0654766808327352,0.0993288145118703,0.0384873199702578,37.0,0.4310627368393552,0.1692535659270214,0.8966485549980802,0.6534296121875671,37.0,36.0,1.0,8.31797205512224,0.4349677124117918,0.2310547793089511,0.1183775056321241,0.3770585112509986,0.398560861102946,3.4344912905955,5.0,5.0,0.0,0.0831492087044459,0.0364945397478337,0.0166298417408891,0.0120964323871973,0.031698261596749,0.0340964006722914,1.3496829162339208
sciver_test_199,1,24,16,40,2000,0.1721860271432119,37.0,34.0,0.918918918918919,5.135135135135135,3.0,0.0,2.0,0.1122448979591836,0.0714285714285714,1.0,0.125,0.0,0.0,0.0,0.0,0.0,0.0,0.0,0.0,0.0,0.0,0.0,0.0,0.0,0.0,0.0,0.2170143809541249,-0.089688736147534,-0.0966412861154301,0.0688930789342005,-0.0163181711462965,-0.0247435045863801,0.0039387170952061,-0.1178018825643155,0.0021727402697138,0.0796442307996136,0.0362085624912616,-0.0029117846435985,-0.0900268481963921,-0.0029434131372564,0.0480448851900913,-0.0035029830016072,0.0670734248059069,0.0130900955137617,0.0215333196509396,-0.0161816673784404,0.0835873907073829,0.023118892470941,0.0313047829079992,-0.0385176477782093,34.0,0.3681479071749242,0.1330874610981523,0.7272259425011983,0.5453462843663673,34.0,33.0,1.0,6.621469389741805,0.3872906136626065,0.2006505875679335,0.1009009356617379,0.3028541293993744,0.3438508939494479,3.3426708824875324,4.0,4.0,0.0,0.043457864717924,0.0164463760185456,0.010864466179481,0.0049017018619923,0.0158440017037126,0.0161451888611291,1.2739747197154374
sciver_test_202,1,24,16,40,2000,0.1128084008914949,33.0,32.0,0.9696969696969696,6.151515151515151,2.0,1.0,3.0,0.0444444444444444,0.05,0.0,0.0,0.0,0.0,0.0,0.0,0.0,0.0,0.0,0.0,0.0,0.0,0.0,2.0,0.0606060606060606,0.0,0.0,0.1675590329798279,-0.0788575600797452,-0.0518639122510704,-0.1358445713362303,0.0848296322016273,-0.0514967778014066,-0.0167136072637406,0.0074407242362285,-0.043636196082266,-0.1312140535102839,-0.0497621615815419,-0.0277169682829573,-0.015607116872914,0.02507679358681,-0.0310843638909943,0.0037033682754865,-0.0070428859523735,-0.009805733401213,0.0053582142932,-0.1241956250559953,0.0321024369051551,-0.0005299712815738,0.0500823881649943,0.0138431098986432,32.0,0.3643174725236034,0.1443994074005009,0.7524104151396912,0.5572972411403008,31.0,30.0,1.0,5.990369694948423,0.4516582564254838,0.199678989831614,0.1006032121779597,0.3193517455163637,0.3791413192460209,3.2750549752568787,3.0,3.0,0.0,0.0841429991871866,0.0489641666188684,0.0280476663957288,0.0194258712702958,0.0457741588575569,0.0473691627382127,0.7763138151318225
sciver_test_203,1,24,16,40,2000,0.3083558849173112,51.0,45.0,0.8823529411764706,6.078431372549019,5.0,0.0,2.0,0.1212121212121212,0.1,2.0,0.2857142857142857,0.0,0.0,0.0,0.0,0.0,0.0,0.0,0.0,0.0,0.0,0.0,0.0,0.0,1.0,0.0196078431372549,0.205141704799094,-0.1435381162122621,0.0643134604613364,-0.0902705167658015,-0.0114527682853292,0.0669080377773805,0.0774589708797159,-0.020652158378409,0.0060344211237761,-0.0342227562238046,0.027836668668578,-0.0733778639914586,-0.0389174540971331,-0.0362425016588509,0.0232576916089579,-0.0379091354100849,-0.032489375224795,0.1062394093957283,-0.0682597036632662,-0.051999667439526,0.0704364593619186,-0.0075890077935214,-0.0241917402087646,-0.0044808803657627,40.0,0.420254242538632,0.1475923605721138,0.803116869488463,0.6028735847593877,36.0,35.0,1.0,8.576637548703117,0.420180681070755,0.2450467871058033,0.0953484841170828,0.3671288989712203,0.3887217524177578,3.474400351650052,5.0,5.0,0.0,0.0837179451441298,0.0277459031792658,0.0167435890288259,0.009920675870342,0.0266995035918112,0.0272227033855385,1.3528770176748024
sciver_test_205,1,24,16,40,2000,0.2476090502222299,43.0,36.0,0.8372093023255814,6.093023255813954,5.0,0.0,1.0,0.0714285714285714,0.0652173913043478,0.0,0.0,0.0,0.0,0.0,1.0,0.0232558139534883,0.0,0.0,2.0,0.0465116279069767,0.0,0.0,0.0,0.0,0.0,0.0,0.1879862351954918,-0.1025245970316436,0.0680404090347176,-0.0218877975397599,0.051930179679804,-0.1109826599208543,0.0173766381851543,0.0339105634452681,-0.0487389518186951,0.0063496964896939,0.0425356959821464,-0.0322947072192231,-0.1013791988556435,-0.0026382877564033,-0.0310431646705229,-0.0757124557088982,0.0028492976237166,-0.0075959430999783,0.0624180968264933,-0.0596918779479093,-0.0314113253338126,0.0463901251846993,-0.0140520460967108,-0.0222552952242034,36.0,0.3989974485392456,0.1499827335778104,0.8023381828553846,0.590618631170346,36.0,35.0,1.0,7.185507790473846,0.5173871512481403,0.205300222584967,0.1101968769862803,0.3261217051202989,0.3360850877099292,3.4025747804749287,4.0,4.0,0.0,0.0611778080879408,0.0268997447393572,0.0152944520219852,0.0100834353751108,0.0258185991685334,0.0263591719539453,1.1370406614621626
sciver_test_207,1,24,16,40,2000,0.0,42.0,39.0,0.9285714285714286,6.428571428571429,5.0,1.0,4.0,0.0232558139534883,0.0263157894736842,0.0,0.0,0.0,0.0,0.0,1.0,0.0238095238095238,0.0,0.0,1.0,0.0238095238095238,0.0,0.0,1.0,0.0238095238095238,0.0,0.0,0.2136524328836367,-0.0756975721397087,-0.001539244941883,0.0105968070770299,-0.0014894850270968,-0.0393922413081289,0.0482275921091888,0.0525602064411864,-0.0050209130954339,0.109342158266984,-0.1108230013406305,-0.0019147648552947,0.0066415105999249,-0.0294699300321223,-0.0111192237684341,0.018588395117114,0.0545407583623902,-0.0471198133560185,0.0056737126320256,-0.02076372123506,-0.0858049965125293,0.0101990471379779,0.0344383003103773,0.0385484013276581,39.0,0.4090994218324368,0.1620830934290516,0.8806041575368819,0.6121689333491154,38.0,36.0,2.0,7.331787171653979,0.3764229398422206,0.203660754768166,0.0957819842399185,0.314489369333634,0.3376149649280585,3.454259734428763,3.0,3.0,0.0,0.0551967780680968,0.0475128019168312,0.0183989260226989,0.0206509636875711,0.0391776441437415,0.0433452230302864,0.480302657641618
sciver_test_208,1,24,16,40,2000,0.0253543325852874,36.0,32.0,0.8888888888888888,6.166666666666667,1.0,0.0,0.0,0.109090909090909,0.0638297872340425,0.0,0.0,0.0,1.0,0.0277777777777777,0.0,0.0,1.0,0.0277777777777777,0.0,0.0,0.0,0.0,0.0,0.0,1.0,0.0277777777777777,0.2228647217434951,0.0136337422856832,-0.1021104365241714,-0.0915693859565102,-0.1770096936853391,0.0904509701609169,-0.1334344339381543,-0.0851317873151365,-0.0966344305245886,-0.0003574437601853,0.1328361051769149,0.1829034671937164,0.1172687807673503,-0.015133915070166,-0.0069412931438758,0.0482772736027574,-0.0006975040634322,-0.024016992800031,-0.0080023567416731,0.0711280271490123,0.024226593170395,0.0336772934841181,-0.0191456589621652,-0.0420185945277141,32.0,0.3465892106738262,0.1129732488740531,0.6488081081176238,0.5083447996962069,31.0,30.0,1.0,5.867474676969451,0.3483911494747861,0.195582489232315,0.0535205783284301,0.2585693268201911,0.2868432114034696,3.363691175041234,5.0,5.0,0.0,0.1105898312410721,0.041872927584342,0.0221179662482144,0.0156710314042665,0.0403050912823149,0.0410890094333285,1.3254923379096148
sciver_test_210,1,24,16,40,2000,0.0273705845593677,38.0,36.0,0.9473684210526316,6.2894736842105265,5.0,0.0,3.0,0.056338028169014,0.0169491525423728,0.0,0.0,0.0,1.0,0.0263157894736842,0.0,0.0,0.0,0.0,1.0,0.0263157894736842,0.0,0.0,0.0,0.0,0.0,0.0,0.2152430267635638,-0.1089323011503857,0.0619050837765945,0.0141698899116151,-0.0764486561435809,-0.0638509307214751,0.0186322503539458,0.026212327164502,-0.0044868987197109,0.0383460149998463,-0.0143526175244474,-0.0216746480856723,-0.0094235616079165,-0.0176625914978553,-0.0490819080445329,0.0150518619974829,0.0080443391873363,0.0057797134102856,0.0489957321276857,0.0398619911794116,-0.0024180755077766,-0.1292756645344951,-0.0803275810079518,0.0147673985413018,36.0,0.4713391544075512,0.1547015376591671,0.8553771678905672,0.6710400900705739,35.0,34.0,1.0,8.373945108226307,0.4501591898566334,0.2462925031831266,0.1189316993338848,0.3945727300369797,0.4067479570184177,3.3942484173373404,5.0,5.0,0.0,0.0688627972338803,0.0287187755914602,0.013772559446776,0.0101589633370348,0.0249595496682644,0.0268391626298623,1.282052088634323
sciver_test_212,1,24,16,40,2000,0.1057535127027157,46.0,43.0,0.9347826086956522,6.173913043478261,1.0,0.0,0.0,0.1475409836065573,0.0769230769230769,0.0,0.0,0.0,0.0,0.0,1.0,0.0217391304347826,0.0,0.0,0.0,0.0,0.0,0.0,0.0,0.0,0.0,0.0,0.2130819315340166,-0.109962703248093,-0.1405627249223258,-0.0612344134203892,0.0752083992177777,-0.074201569775551,-0.0361979131130885,0.0760996428741895,0.0069053211359288,0.0533474886178609,0.0276521466558673,0.0296048451707447,-0.0674303957185473,0.0114452556279344,0.1265396003554997,0.0173308478900373,0.025242583431398,-0.0687473999681073,0.0288691935261699,0.127653808120326,0.043225366753023,0.0644924930791812,-0.0716334179152133,0.054487249910474,40.0,0.3715048224797967,0.1164307992168919,0.6479315382583509,0.5210896169697609,38.0,37.0,1.0,7.787183614161682,0.3967219690564735,0.2104644220043698,0.0808831811776899,0.3188310942213509,0.3263900113612941,3.530439408730688,4.0,4.0,0.0,0.0750888833552539,0.0457682335322744,0.0187722208388134,0.0158330084140647,0.0363218558592906,0.0410450446957825,1.0778341440090364
sciver_test_213,1,24,16,40,2000,0.2185495577527119,40.0,37.0,0.925,5.575,3.0,1.0,1.0,0.1403508771929824,0.1555555555555555,0.0,0.0,0.0,1.0,0.025,0.0,0.0,0.0,0.0,0.0,0.0,0.0,0.0,1.0,0.025,0.0,0.0,0.1710410900627263,-0.1620589162431297,0.0604697630343061,-0.1301799375468029,-0.0416497141386374,0.064011256163622,0.0390317720428635,0.023275600751619,-0.0124101473188946,-0.0326881773910464,0.0582562034566624,-0.0845972194674542,-0.0522484730999418,-0.0595976368964191,-0.0383385605512453,0.0191007478943477,0.1033704278384883,-0.0480470782314503,-0.086530421867028,0.0641376487262365,0.0266142932866565,-0.090077330664576,0.0273718770607181,0.0135930492286701,37.0,0.382620731047355,0.1409662713450505,0.7379274298974768,0.5635484514680265,37.0,36.0,1.0,7.227313037184927,0.40822537374482,0.200758695477359,0.0981940941873971,0.3630258759726051,0.3954942208103617,3.456453965004648,6.0,6.0,0.0,0.0542817834397229,0.0317652302566963,0.0090469639066204,0.0107159097518356,0.0213689579568416,0.026567094106769,1.2063207709570831
sciver_test_215,1,24,16,40,2000,0.2086378732007784,37.0,34.0,0.918918918918919,7.054054054054054,0.0,0.0,1.0,0.15,0.088235294117647,0.0,0.0,0.0,1.0,0.027027027027027,0.0,0.0,0.0,0.0,0.0,0.0,0.0,0.0,0.0,0.0,0.0,0.0,0.1523240865567624,-0.0306003487805278,-0.0664086947191047,-0.0678747908420754,-0.0788430461578929,-0.0083208600803517,0.0376316567777632,0.0022643514885621,0.0399747723335153,-0.0780594313838954,0.1594851509652998,-0.0050146053642276,0.0871460948564372,0.0466447959829248,-0.0038539187287343,-0.0571568971540878,-0.0390355448512286,0.0095463738183508,-0.1032414924265088,0.02845058027085,-0.0481567356508042,0.0313983589339581,0.0976783277409136,-0.0049939596991603,34.0,0.4755387149247101,0.1442933410162469,0.8372804573018728,0.6564993931901261,34.0,33.0,1.0,8.479621694692563,0.4357777210463476,0.2569582331725019,0.1004646029391219,0.3905523069278963,0.4213002538485856,3.4172515238263266,3.0,3.0,0.0,0.0130494032266525,0.0075902466649638,0.0043498010755508,0.002528628930921,0.0068800733433066,0.0072351600041352,0.9195196760876442
sciver_test_217,1,24,16,40,2000,0.3402055497155971,43.0,39.0,0.9069767441860463,6.023255813953488,8.0,0.0,4.0,0.1692307692307692,0.1525423728813559,0.0,0.0,0.0,2.0,0.0465116279069767,0.0,0.0,0.0,0.0,0.0,0.0,1.0,0.0232558139534883,1.0,0.0232558139534883,0.0,0.0,0.1794369838078064,-0.0934733367026195,0.0011126687479193,-0.0165207851955542,-0.0295883453732746,-0.0294880538316658,0.1274519305160908,-0.0143101205638142,0.0090749852258441,-0.0422390210217548,-0.0583957093600018,0.0399920222959023,0.0712785112813105,-0.061733672999209,0.0566265644273364,0.0348784197005283,-0.0762735776294126,0.0457157885906359,-0.0306825226236241,-0.0664150056117159,0.0470118291293577,0.1394907909102844,0.0203647551085757,0.0246673764592151,39.0,0.4354944264965398,0.1668283305779567,0.9006897327873432,0.6698555946701592,38.0,37.0,1.0,8.069808938527467,0.4328297771725439,0.2181029442845261,0.1070417859985946,0.3667728792423109,0.41638528688841,3.480812623194574,4.0,4.0,0.0,0.0723574495443573,0.0328049398254116,0.0180893623860893,0.0087644080881626,0.0275988333750772,0.0302018866002444,1.2791418329790227
sciver_test_219,1,24,16,40,2000,0.0684457653309803,34.0,31.0,0.9117647058823528,7.5588235294117645,2.0,2.0,5.0,0.1176470588235294,0.0454545454545454,0.0,0.0,0.0,0.0,0.0,0.0,0.0,0.0,0.0,1.0,0.0294117647058823,0.0,0.0,1.0,0.0294117647058823,0.0,0.0,0.2089182390510085,-0.1045260738551333,0.0478758056092654,-0.0102641035157709,-0.1228151475598456,-0.0017983680288798,0.0732074110966619,0.0382126345714739,-0.0918921113090556,-0.0423544880230922,0.1293774019772101,0.0512065687478772,0.0132764290699309,-0.0056763824063529,0.0042718181216336,0.0078002190771577,0.0001418804889602,-0.0129199594487429,-0.0633929171269701,-0.0218340089654534,0.0633164482223638,0.0135230005216206,0.1261502678733826,-0.0204779967081829,31.0,0.4066637001394739,0.1288430700242398,0.6985811366417121,0.5644150171437678,31.0,30.0,1.0,7.24892795128745,0.4501591898566334,0.2416309317095816,0.1100103286757993,0.3750646059119596,0.4194638963238851,3.286143014823962,4.0,4.0,0.0,0.0871642327495823,0.034727861504776,0.0217910581873955,0.0128477063334861,0.0331671318634487,0.0339474966841124,1.1310260745147522
sciver_test_221,1,24,16,40,2000,0.1058148888566566,41.0,40.0,0.975609756097561,6.2439024390243905,3.0,0.0,2.0,0.0980392156862745,0.0714285714285714,1.0,0.2,0.0,0.0,0.0,0.0,0.0,0.0,0.0,0.0,0.0,0.0,0.0,0.0,0.0,0.0,0.0,0.1776398390266692,-0.0996252163618237,-0.1310494003078741,-0.0273105314696796,0.0216322268078407,0.0078448272922813,0.0130706743676099,-0.0945626520279471,-0.0930835025839827,0.0521158320099937,0.0467803500447579,0.0226091668616967,0.0040039521656695,-0.0043318624588608,-0.0726955844564399,-0.0792514645022863,-0.0917965184182848,0.0364718476624098,0.01585249002297,-0.0004519920680205,-0.0986548062194553,0.0246960287812196,0.0230011696506026,0.0721371440190574,40.0,0.4151884035224479,0.1621913557544744,0.8040126868821506,0.6085169457546494,38.0,37.0,1.0,8.167557670861992,0.4101120780852468,0.2207448019151889,0.1105396449653752,0.3825457271767386,0.4029533542774429,3.471293879141607,6.0,6.0,0.0,0.0658185318423403,0.0170177207695692,0.0109697553070567,0.0059166051747141,0.0163197476326703,0.0166687342011197,1.5754463031770891
sciver_test_222,1,24,16,40,2000,0.1422198205376964,39.0,34.0,0.8717948717948718,5.666666666666667,6.0,4.0,7.0,0.1265822784810126,0.1014492753623188,0.0,0.0,0.0,0.0,0.0,0.0,0.0,0.0,0.0,0.0,0.0,0.0,0.0,0.0,0.0,0.0,0.0,0.205092951602089,-0.1663644171191396,0.0710533159102344,-0.0945858160441783,0.051785116852266,-0.0774647392864604,0.0128061573177962,-0.0396270214348444,0.1304652424606295,-0.0170575342343102,0.0639656162855784,0.0162536882418472,-0.1411955210345538,0.2181397173728357,0.0494779085333217,-0.0268478743311924,0.1012813852057314,-0.0519492539229337,-0.1173479634538638,0.0233842724186312,0.0901392036385532,-0.0143726636590732,0.0080958267932805,-0.0158739665498755,34.0,0.4206760192609326,0.1306346876605686,0.7554231615149595,0.5905794344886952,34.0,33.0,1.0,7.486696749262616,0.4087421703114101,0.2268695984625035,0.0923429531247808,0.3463145563076562,0.3766757963849991,3.4101163964752015,5.0,5.0,0.0,0.0540700386500566,0.0169161930551608,0.0108140077300113,0.0042681680128023,0.0152655085813281,0.0160908508182444,1.5230304310908669
sciver_test_224,1,24,16,40,2000,0.2495185474450569,35.0,33.0,0.9428571428571428,5.8,4.0,1.0,2.0,0.0588235294117647,0.0714285714285714,0.0,0.0,0.0,1.0,0.0285714285714285,0.0,0.0,0.0,0.0,0.0,0.0,0.0,0.0,0.0,0.0,0.0,0.0,0.1561054718991108,-0.0454347925856739,0.007819352254012,-0.0783589841961356,0.0176243663362915,0.0353223775183309,0.0855248258268012,0.0318090694899614,-0.0257659968671174,0.0151487143038459,0.0042296986232759,0.0840404151018193,0.0299033397133536,-0.06700586479619,0.0245775680658458,0.0047793024992656,0.0459764788933951,-0.0375751281940504,0.0355721614962444,0.0180067164168257,-0.0077693280116192,0.020784671734747,0.0485536262934803,0.0188693611706755,33.0,0.3221023574449419,0.1239708053459051,0.6457689200238234,0.5011590546821169,31.0,30.0,1.0,5.854422732355755,0.4452064808845544,0.1951474244118585,0.1047516172737308,0.3159562574568031,0.3826522941811467,3.2509175475362264,5.0,5.0,0.0,0.0651200499428414,0.0370543165761254,0.0130240099885682,0.0123886739520727,0.0268214256940226,0.031937871135074,1.224793826116513
sciver_test_226,1,24,16,40,2000,0.0585723764493334,35.0,35.0,1.0,7.685714285714286,1.0,0.0,5.0,0.0579710144927536,0.0517241379310344,0.0,0.0,0.0,2.0,0.0571428571428571,0.0,0.0,0.0,0.0,0.0,0.0,0.0,0.0,1.0,0.0285714285714285,0.0,0.0,0.1559721911738898,-0.079272711296874,-0.1111597780140774,-0.0831858573826525,-0.0342027061424836,-0.0297989293098319,0.0597332436367252,0.0722574369414765,0.0126197371030249,-0.0166837756623837,-0.0197728535242071,0.0045371000699322,0.0188260902840606,0.00031152262514,-0.0376144321794705,-0.0493037711695585,0.0303440966976378,0.0464841477281402,0.0408109443674041,-0.0424154995453832,-0.0889131257394152,0.0214167699082958,-0.0249149786323988,-0.0248426830499044,35.0,0.4548081445080967,0.1455330370402445,0.8226086932631028,0.6455761237512282,35.0,34.0,1.0,8.628532210868773,0.442841721475068,0.2537803591431992,0.0977024233498895,0.3735765816884276,0.4316144623340682,3.4455141628590726,4.0,4.0,0.0,0.0280410684604884,0.0149898125180002,0.0070102671151221,0.0061342519272568,0.0137821469187115,0.0143859797183558,0.9468363144161768
sciver_test_228,1,24,16,40,2000,0.010331221040979,27.0,27.0,1.0,5.962962962962963,2.0,0.0,0.0,0.0681818181818181,0.054054054054054,0.0,0.0,0.0,1.0,0.037037037037037,0.0,0.0,0.0,0.0,0.0,0.0,0.0,0.0,0.0,0.0,0.0,0.0,0.1709374125026445,-0.0051844439817768,-0.054725792832025,-0.0491344022248923,0.0397718314032095,-0.0699270069073912,-0.0307150933374455,0.0170564169508144,0.1948570657560751,-0.0464325999275136,0.0971278223753803,0.0107134891259639,0.0438382794819137,0.0597119591605341,0.0213650522989038,-0.0528331034750712,0.0047784021138253,-0.0065443619501806,-0.0399626175709495,0.054120731545005,0.0094401399220394,-0.0428485194981497,-0.0783763070009502,0.070617152485854,27.0,0.3709536897855297,0.1596355988170434,0.7485049344892529,0.5741173656109254,24.0,23.0,1.0,5.298058938211669,0.4596171571615831,0.2303503886178986,0.1240225089984015,0.3958266406780236,0.4528588501746892,2.9705060440405617,2.0,2.0,0.0,0.029362170442572,0.0203303064070566,0.014681085221286,0.0056492211857706,0.0192004621699025,0.0197653842884796,0.6171685638569364
sciver_test_230,1,24,16,40,2000,0.3320547452671948,44.0,39.0,0.8863636363636364,5.613636363636363,4.0,2.0,8.0,0.1641791044776119,0.1454545454545454,1.0,0.1666666666666666,0.0,0.0,0.0,0.0,0.0,0.0,0.0,0.0,0.0,1.0,0.0227272727272727,0.0,0.0,1.0,0.0227272727272727,0.196566477256244,-0.0697028930743265,0.0686891095861977,-0.0106651772622913,0.0028688700040671,0.0392763924585065,-0.0075216307211192,-0.0705499704483592,-0.079552988996774,-0.0455096795024026,0.1035897979475857,-0.0487086556398494,-0.0847148725567807,-0.1286398766623384,0.0637793071560369,-0.0079812003645953,-0.006675068406658,-0.0192112575779887,-0.0049185888199485,-0.0138823269813446,-0.0619059557662724,-0.064147318833867,0.0088333872630204,-0.1792478759068237,39.0,0.3877266878066767,0.1531210323711279,0.8493703319281393,0.5855303281036269,36.0,35.0,1.0,7.380038890819316,0.402035692382264,0.210858254023409,0.1047968705447504,0.3537321856558721,0.3807714839518835,3.4110643416556656,3.0,3.0,0.0,0.0265705026755497,0.0132861903148989,0.0088568342251832,0.0031538302421157,0.0120480634233612,0.0126671268691301,1.0385305609973583
sciver_test_231,1,24,16,40,2000,0.1036769880826594,53.0,47.0,0.8867924528301887,5.0,6.0,0.0,7.0,0.1194029850746268,0.1,2.0,0.4,0.0,0.0,0.0,0.0,0.0,0.0,0.0,0.0,0.0,0.0,0.0,1.0,0.0188679245283018,1.0,0.0188679245283018,0.1509410127620863,-0.0614008448577408,0.020144310765911,0.027852336280798,0.1331048278862698,0.1104185387000194,-0.00951328331535,-0.0587582560790947,0.0865505765716585,-0.0152747921253933,-0.0491086535525913,-0.0039223082969349,0.0139366197547272,0.0747140859817963,-0.0079816247962492,-0.0112269968732071,-0.0491390138759759,-0.047707245490143,-0.1005816062540456,0.1520262811301356,-0.0024282483835523,0.0840143780450386,0.0150618627493983,-0.0539932024439004,40.0,0.3518303782764197,0.1430526686368518,0.6918923712645475,0.5460870171048899,35.0,34.0,1.0,7.026192961357223,0.4184650085192161,0.2066527341575653,0.0883295754413076,0.3155106258171327,0.354281947239318,3.4293339797869473,5.0,5.0,0.0,0.058628125743871,0.0276136034557099,0.0117256251487742,0.0122629464661257,0.0269014825809629,0.0272575430183364,1.024523803056479
sciver_test_233,1,24,16,40,2000,0.0768956146274963,42.0,40.0,0.9523809523809524,7.023809523809524,5.0,3.0,6.0,0.081081081081081,0.0793650793650793,0.0,0.0,0.0,2.0,0.0476190476190476,0.0,0.0,0.0,0.0,0.0,0.0,0.0,0.0,0.0,0.0,0.0,0.0,0.1363308423973955,-0.0210375852414578,0.0154974548365472,-0.0581825400937035,0.0684912399610127,-0.0523024170935539,0.014914002467242,-0.053206648047112,-0.0509815830212711,0.0639675874992348,0.0113823503465316,0.0213114783610738,0.0003279318651691,0.0267708679289119,0.0181617056537718,-0.0703797020941638,0.010505803924085,0.0732273458119801,0.0291554928949365,-0.033614101510862,0.03336163815396,-0.0305630907119707,0.0487474509644596,0.095655995045155,40.0,0.4004015865446592,0.1391891567948064,0.795912615260593,0.587309264527331,40.0,39.0,1.0,8.101674715155617,0.4902252446597698,0.2077352491065543,0.122141193546763,0.3393798975612896,0.4673161752803341,3.4685917291343653,7.0,7.0,0.0,0.1958951947400616,0.0603875539347877,0.0279850278200088,0.0195994527650389,0.0551892300433646,0.0577883919890761,1.7044651004042204
sciver_test_235,1,24,16,40,2000,0.2353089050554564,36.0,34.0,0.9444444444444444,5.888888888888889,4.0,0.0,5.0,0.0975609756097561,0.0833333333333333,1.0,0.25,0.0,1.0,0.0277777777777777,0.0,0.0,0.0,0.0,0.0,0.0,0.0,0.0,0.0,0.0,0.0,0.0,0.2062560815759233,-0.0636949753442523,-0.0500072135095645,-0.0514733239302232,0.0349168024163422,0.0276343917401657,0.0896317884937706,-0.0439347547714166,0.0299680241338946,-0.1695410167862447,-0.1448165113222692,0.0208346164326674,-0.0259342582903275,0.0337688622873373,-0.0660070440817115,-0.000535021283826,-0.0316932188913845,0.0438358071820565,-0.0654175766086047,-0.1242475531997957,-0.0751517471733795,0.0747286018324739,-0.0334324266405811,0.1147672498085457,34.0,0.412262780485529,0.1956823547373315,1.0013849075984875,0.6354940640206608,31.0,29.0,2.0,6.854752626144295,0.51351370646099,0.2363707802118722,0.1310743229399019,0.4030016338464599,0.479877046639938,3.210732592078465,5.0,5.0,0.0,0.1011709777531262,0.031231557325377,0.0202341955506252,0.0092333266994548,0.0293538529843615,0.0302927051548692,1.4894239582251887
sciver_test_237,1,24,16,40,2000,0.1037587977245602,42.0,40.0,0.9523809523809524,6.380952380952381,3.0,0.0,2.0,0.1,0.0943396226415094,1.0,0.3333333333333333,0.0,1.0,0.0238095238095238,1.0,0.0238095238095238,0.0,0.0,0.0,0.0,0.0,0.0,1.0,0.0238095238095238,0.0,0.0,0.180647592594753,-0.1021019232949314,-0.0986957631743915,-0.0170484247113174,0.0449350698055497,0.0032435186409527,0.0686666729639575,-0.1531305201873295,-0.123911568728904,0.0634653616541289,-0.0081268757537921,-0.0258005207205371,-0.0391964000211319,0.0349971070041063,0.0273219956288082,-0.0266217077731179,-0.1204416347942143,0.0336308367940358,0.0551636488439722,-0.0508756478949894,-0.0076715949755636,-0.0110541843248499,-0.0368379262405146,0.01338998948267,40.0,0.4219712293046675,0.1493979715459679,0.8238890142152101,0.6144751033577145,39.0,38.0,1.0,9.304078263654556,0.4725280062891737,0.2448441648330146,0.1052030033622114,0.4013105514957867,0.4236225523774813,3.541233384758454,4.0,4.0,0.0,0.0578075159903412,0.0265273955811422,0.0144518789975853,0.0098190297291533,0.0250781624269649,0.0258027790040536,1.1368005651605824
sciver_test_239,1,24,16,40,2000,0.4008142344792784,40.0,35.0,0.875,5.375,4.0,0.0,2.0,0.1772151898734177,0.1666666666666666,2.0,0.2222222222222222,0.0,1.0,0.025,0.0,0.0,0.0,0.0,0.0,0.0,0.0,0.0,0.0,0.0,0.0,0.0,0.2014018883680735,-0.0024564732783069,-0.1179576468342579,0.0139657834643963,0.013470033967299,0.0202564635726028,0.0559674848116199,-0.0379485886902548,-0.0061533437794938,0.0820996746560507,0.0056107834581108,-0.0877116700863558,-0.0699360107069504,-0.0001999328635865,0.0511009724359155,0.0149453352348554,0.0014032079195169,0.0891937032540565,0.0570550915305115,0.0484167463597423,0.0506635978431525,0.0036825079184683,-0.0213175550538826,-0.0433580842157384,35.0,0.3439244477479219,0.1246327027125234,0.7002112191052574,0.4938706518613796,34.0,33.0,1.0,6.247228832449292,0.3223813087058276,0.1893099646196755,0.0847286164510377,0.3043129141356404,0.3148571926357734,3.382428504466102,6.0,6.0,0.0,0.1096318100440674,0.0450202378581049,0.0182719683406779,0.0142151792245247,0.0354284220184093,0.0402243299382571,1.500884107623118
sciver_test_242,1,24,16,40,2000,0.3883736119130523,45.0,42.0,0.9333333333333332,6.6,6.0,0.0,2.0,0.0980392156862745,0.0888888888888888,0.0,0.0,0.0,0.0,0.0,0.0,0.0,0.0,0.0,0.0,0.0,0.0,0.0,0.0,0.0,0.0,0.0,0.1127125647496379,-0.0625210375551174,-0.0729383649659465,-0.0808002888695453,0.0222859051209088,-0.0054516503828878,-0.0437342822426687,-0.0406169551667975,-0.0114092581633542,0.0704739987578586,0.0419154192038226,-0.0320779666401524,-0.0072057777683267,0.0418765814957387,-0.0168297641206614,0.067112073656422,0.1216184450734698,-0.0425813571466903,0.0243430221379997,0.0866041418678922,0.0376165995572309,-0.0250413909981977,0.0725241766276095,-0.0176672324415461,40.0,0.3949431456326061,0.1291683908482905,0.7481550089484158,0.562889055910648,40.0,39.0,1.0,7.832978252700602,0.5079128362332831,0.2008455962230923,0.1012616833573117,0.2955265585966282,0.3826102331850098,3.520396533227553,6.0,6.0,0.0,0.1160694648918972,0.0589477661001207,0.0193449108153162,0.0191713522987027,0.0407561114453318,0.0498519387727262,1.3447189614231927
sciver_test_245,1,24,16,40,2000,0.1106713863531314,42.0,39.0,0.9285714285714286,5.357142857142857,5.0,3.0,3.0,0.0985915492957746,0.05,0.0,0.0,0.0,1.0,0.0238095238095238,1.0,0.0238095238095238,0.0,0.0,0.0,0.0,1.0,0.0238095238095238,0.0,0.0,1.0,0.0238095238095238,0.1636617457984543,-0.0508379525997088,-0.0788221752489756,-0.0593346418305769,-0.062109285454075,0.049914550071893,0.0383456582573076,0.0065948553912076,0.0080538609762987,0.0146374595424802,0.0583453639219905,-0.0427449596044332,0.022167411255091,0.0621316038468061,-0.040401807290589,0.0074018744857674,-0.0540711397037848,-0.036179230680028,-0.0403222605241333,-0.0545617327532186,-0.0047260641694213,0.0396770620851302,0.0129079064050286,-0.0183327336617768,39.0,0.3834991019026524,0.1398330625915664,0.789747082580206,0.5761624332492755,39.0,38.0,1.0,8.08312966189164,0.4531661815873001,0.2127139384708326,0.1018267690876944,0.3456149208188268,0.3505507616675377,3.5085708455012723,5.0,5.0,0.0,0.093155175333394,0.0332176787330783,0.0186310350666788,0.0107990519820007,0.0306460456585903,0.0319318621958343,1.405572012981832
sciver_test_249,1,24,16,40,2000,0.2528038007904672,42.0,38.0,0.9047619047619048,7.428571428571429,0.0,0.0,3.0,0.127906976744186,0.1216216216216216,0.0,0.0,0.0,1.0,0.0238095238095238,0.0,0.0,0.0,0.0,0.0,0.0,0.0,0.0,0.0,0.0,0.0,0.0,0.1134178927718775,0.0129642140340048,-0.0599111399567121,-0.1437742256082072,-0.0155834137601714,-0.0513998603683829,0.0373408385083771,0.01753891860723,0.0859191889743579,-0.0378305651184238,0.1270550660083588,-0.0351772107404419,0.1039784300753243,0.1216123242815304,-0.0283675440008522,-0.0684154148704704,-0.0328561830568911,-0.0296605976649232,-0.0122672206931167,-0.0006834728246413,-0.0369924037756112,-0.0562678523622861,0.0342540860417876,-0.0108497370046254,38.0,0.4260307600104526,0.1332858648816811,0.8014507707959427,0.5958285214604099,38.0,37.0,1.0,8.637690552459157,0.4259181016932098,0.2334510960124096,0.0906447507085652,0.379414331904659,0.4091724399685955,3.536580055013649,5.0,5.0,0.0,0.0707227653215773,0.0234284036062391,0.0141445530643154,0.0078258349368683,0.0227398382283569,0.023084120917298,1.4240706403828027
sciver_test_254,1,24,16,40,2000,0.064821090556919,34.0,31.0,0.9117647058823528,5.588235294117647,1.0,0.0,2.0,0.0857142857142857,0.0666666666666666,0.0,0.0,0.0,0.0,0.0,0.0,0.0,0.0,0.0,0.0,0.0,0.0,0.0,1.0,0.0294117647058823,0.0,0.0,0.2408515884486641,-0.0599872201840299,-0.1152701130707292,-0.0160540748494602,-0.1109825894157508,-0.0760796772631045,0.0610661819476408,-0.1048562437886291,0.0381161672066205,-0.0307028558035364,-0.013573624780213,-0.0595140985061056,0.1070317137489895,0.0537009524650002,0.0966979789007651,-0.0897351073618892,-0.0436360416859694,0.0816636170999526,-0.0182586052089761,-0.0572612574466797,0.0331204745679799,0.0643278237142349,0.0634911388405318,0.0847597237085189,31.0,0.4130929570655218,0.1630207926076121,0.8790176471153959,0.6281642541616174,31.0,29.0,2.0,5.958719787071272,0.4271112420351084,0.2054730961059059,0.0909542195137192,0.3621041449567089,0.386159688884388,3.2757145084466246,3.0,3.0,0.0,0.0075063790227247,0.0061003880566801,0.0025021263409082,0.0026024088359974,0.005154802348794,0.0056275952027371,0.5033955587479088
sciver_test_258,1,24,16,40,2000,0.2654291361637336,45.0,39.0,0.8666666666666667,6.466666666666667,6.0,2.0,8.0,0.0961538461538461,0.119047619047619,1.0,0.1666666666666666,0.0,0.0,0.0,0.0,0.0,0.0,0.0,0.0,0.0,0.0,0.0,0.0,0.0,0.0,0.0,0.2185423854151548,-0.1895961205041237,0.0636269453835144,-0.0432490441633753,-0.0457588900160296,0.0912168065407355,0.119584826829186,-0.0359687858664431,0.0699698747649184,0.0316590531220502,0.0033190130994216,-0.0230792950802178,-0.091555272037135,-0.0319388137038415,-0.0192414966302983,-0.0493707954515497,0.0442638798350665,0.091318970137268,0.0109930857647954,-0.0933900146530908,-0.0517617329705021,-0.0349238288098829,0.0032066377616159,-0.0757797931393991,39.0,0.4418771875102314,0.1740084983547714,0.9880522276163496,0.6637912212311121,39.0,37.0,2.0,7.965391678346457,0.4288806339759735,0.2152808561715258,0.104835465363771,0.3470306131610548,0.3926977847923799,3.4788248254091534,7.0,7.0,0.0,0.0467888970088749,0.0113468588099786,0.0066841281441249,0.0040797495808048,0.0110263798934071,0.0111866193516929,1.7005194512452455
sciver_test_260,1,24,16,40,2000,0.0600714833955155,40.0,39.0,0.975,5.875,4.0,3.0,7.0,0.08,0.073170731707317,1.0,0.25,0.0,1.0,0.025,0.0,0.0,0.0,0.0,0.0,0.0,0.0,0.0,0.0,0.0,1.0,0.025,0.2271913317858596,-0.11014215821314,0.0780787856945614,-0.0658818543299368,0.0626455949849887,-0.0663653241609064,0.0594908881935365,-0.027883437549036,-0.0559756422899706,-0.0368659532365001,-0.0248043019826225,-0.0508648030723437,-0.0782889930070865,-0.035043549172684,-0.0378897933404588,-0.0719502574592659,-0.069452040161608,0.0813597469734782,0.0620644445948651,0.1033744515138701,-0.0721409551631906,0.0853138063079916,0.092529432095243,0.0250666518693114,39.0,0.3712269437499383,0.1559219152700534,0.8044373388803896,0.5602257650734471,37.0,36.0,1.0,7.5717774992750115,0.4007797688566075,0.2103271527576392,0.1087876044720984,0.3335466903304023,0.3491830541838457,3.426841371033673,6.0,6.0,0.0,0.0494251311099615,0.0134099151150833,0.0082375218516602,0.0031850018191719,0.011772604692815,0.0125912599039491,1.7148556670902153
sciver_test_261,1,24,16,40,2000,0.1843421871638905,32.0,32.0,1.0,5.8125,4.0,1.0,3.0,0.0285714285714285,0.0344827586206896,0.0,0.0,0.0,0.0,0.0,0.0,0.0,0.0,0.0,0.0,0.0,1.0,0.03125,0.0,0.0,0.0,0.0,0.1632047971241297,-0.1166102166952662,0.0456263746759654,-0.0842693118073393,-0.0649706775501863,-0.0357892937425759,-0.0302466218117873,0.0097937977828649,-0.0803855196346722,-0.0423713196527959,-0.1138384056331007,0.0203751725069948,-0.0377034020364215,0.1421359858922279,-0.094286413508288,-0.0109868530739952,-0.0676929853025047,0.1515907147150016,-0.0481423267016391,0.0096619090434686,-0.0009574994381557,-0.1424605072913431,0.0564956805767308,0.1481554893653163,32.0,0.3597219287345465,0.1496697891771942,0.7553925542638475,0.552490620221035,30.0,29.0,1.0,5.485537416309856,0.4153957949439097,0.1891564626313743,0.0974838758737586,0.2924543237202918,0.3387910668843759,3.222164004849031,1.0,1.0,0.0,0.1166800066857207,0.1166800066857207,0.1166800066857207,0.0,0.1166800066857207,0.1166800066857207,-0.0
sciver_test_262,1,24,16,40,2000,0.1681489291087646,35.0,32.0,0.9142857142857144,6.171428571428572,2.0,1.0,5.0,0.1147540983606557,0.0784313725490196,0.0,0.0,0.0,0.0,0.0,0.0,0.0,0.0,0.0,0.0,0.0,0.0,0.0,0.0,0.0,0.0,0.0,0.1914128467554681,-0.0438014249109531,-0.1014885420914892,0.0671729461574811,-0.0351088939066321,-0.1090214839848209,-0.0776624176971526,0.0429223949211399,-0.045395789929525,0.04803466070482,0.0296996430753999,-0.096297165465516,-0.0369909186550404,0.0177796974611585,0.052065124768423,-0.0572255396119097,0.027223794541115,0.014197652380553,0.0740340076571006,0.0965775089762308,-0.1071493250275709,0.135207627156265,0.05308935146741,0.0168257405612718,32.0,0.4277699423067608,0.151511739750691,0.8199374227934634,0.6257193552420046,32.0,31.0,1.0,7.756733750870437,0.5412163659044905,0.2502172177700141,0.1300936938305188,0.4175908770849889,0.4591255514193232,3.283219437349228,7.0,7.0,0.0,0.1565189758301663,0.062012269470164,0.0223598536900237,0.0189735438648167,0.0418594449105782,0.0519358571903711,1.5834312335179392
sciver_test_264,1,24,16,40,2000,0.0041082898562397,28.0,28.0,1.0,7.107142857142857,1.0,0.0,1.0,0.0222222222222222,0.0,0.0,0.0,0.0,0.0,0.0,0.0,0.0,0.0,0.0,0.0,0.0,0.0,0.0,2.0,0.0714285714285714,0.0,0.0,0.1379516416520075,-0.0870544863358021,-0.1455206352220131,-0.0109816723638564,-0.0460857359600635,0.0373209958238611,0.0427803692575591,-0.0659970241878094,-0.0800844149767621,0.0068995521448139,0.0182823069238724,-0.0266150411090208,-0.0318325630155694,0.0113202156450587,0.0600750856889828,-0.0118637796239879,-0.0689832023601547,-0.0310570851716586,-0.004878130624684,0.0100604721806537,0.0428708598851406,0.0103223409169657,-0.0613800831560403,0.0249874513919497,28.0,0.4806142245182274,0.1651843057597913,0.8857478950104476,0.6977054459600445,28.0,27.0,1.0,7.237887984506249,0.6419595977393557,0.2680699253520833,0.1188115463864239,0.3637874121950804,0.4200786303846331,3.200112566489794,0.0,0.0,0.0,0.0,0.0,0.0,0.0,0.0,0.0,0.0
sciver_test_265,1,24,16,40,2000,0.164673587246232,39.0,38.0,0.9743589743589745,6.358974358974359,2.0,0.0,3.0,0.175,0.1594202898550724,2.0,1.0,0.0,1.0,0.0256410256410256,0.0,0.0,0.0,0.0,0.0,0.0,0.0,0.0,0.0,0.0,0.0,0.0,0.2123357574777813,-0.1025262915597721,-0.1695908641938089,-0.0969642730360642,0.0483699938980745,0.0829555760165989,0.090088408031493,-0.0807122454476171,-0.0636851524011979,0.0478697514562821,-0.0125925347770409,-0.0790733008967754,-0.0635234228110115,-0.0325482947166185,-0.0453481865377011,-0.0701806774124951,-0.1359266615198073,0.0592120753424311,0.0708308439670157,0.0533876134770765,0.0476675264181769,0.0009471275120217,-0.1308539468184033,0.0178437893926381,38.0,0.3595378929140528,0.1298064124427212,0.7526081470042421,0.5443223638537462,37.0,36.0,1.0,6.613922148841077,0.4459874148444722,0.1837200596900299,0.0762027688134891,0.2809046581850603,0.3142300878041434,3.501323845592558,3.0,3.0,0.0,0.0404826362308168,0.0214991614155893,0.0134942120769389,0.0060040977600245,0.0195881610452304,0.0205436612304099,1.0004205938611737
sciver_test_267,1,24,16,40,2000,0.0365703965405721,36.0,32.0,0.8888888888888888,5.5,5.0,4.0,5.0,0.0476190476190476,0.0571428571428571,0.0,0.0,0.0,1.0,0.0277777777777777,0.0,0.0,0.0,0.0,0.0,0.0,1.0,0.0277777777777777,1.0,0.0277777777777777,0.0,0.0,0.1745483328284079,-0.09624412491927,0.0409608157941319,-0.1232735063721179,0.0135246575982409,-0.0904787455627934,-0.1043976310089587,0.0885828881375345,-0.030476891253782,-0.0564290973573367,-0.1235706437131024,0.0801387787633996,-0.0472942487753998,-0.0346581562672678,0.0306733612625639,-0.091220486328754,-0.0034061036561546,0.0564398717413158,0.1439877245413385,-0.0013637151401937,0.0606244972060292,-0.0942892338322854,-0.0346924556535651,0.0436234888291093,32.0,0.3592072908483292,0.170456220799986,0.7337270228865338,0.5909484306389238,31.0,30.0,1.0,5.574264480513074,0.4548805745989338,0.1858088160171024,0.12575958246994,0.3576803942920938,0.4263772642905182,3.157223820305459,1.0,1.0,0.0,0.0335902322841578,0.0335902322841578,0.0335902322841578,0.0,0.0335902322841578,0.0335902322841578,-0.0
sciver_test_269,1,24,16,40,2000,0.0284345662030978,35.0,35.0,1.0,6.885714285714286,0.0,0.0,1.0,0.0806451612903225,0.0588235294117647,0.0,0.0,0.0,1.0,0.0285714285714285,0.0,0.0,0.0,0.0,0.0,0.0,0.0,0.0,1.0,0.0285714285714285,1.0,0.0285714285714285,0.1622371792198112,-0.0650562776732087,-0.0115533522051203,-0.1389208113351109,0.0313414952428713,-0.0615305246611692,-0.0098295651060248,-0.0054415628995827,0.0109880941546886,-0.0732989704212927,0.014546801210731,-0.0479566896142887,0.0087286329039218,0.0089611132369433,-0.0268107362678693,-0.022628528841454,0.039619696241264,-0.0219729193903956,-0.0131715032043846,-0.0704478893532837,-0.0446359031349423,-0.0363400035721548,0.0268203803673714,0.036771313959715,35.0,0.4844514925897314,0.1377603007904914,0.7981051866399144,0.6499501856889569,35.0,34.0,1.0,9.118822156882636,0.4470575231985257,0.2682006516730186,0.1019960205634444,0.3652326888727619,0.4045047187964324,3.4384936846766285,4.0,4.0,0.0,0.1257951336996516,0.0806469762042704,0.0314487834249129,0.0297601700765449,0.0650403694474884,0.0728436728258793,0.9598010514200176
sciver_test_271,1,24,16,40,2000,0.1225018459938419,42.0,36.0,0.8571428571428571,5.809523809523809,4.0,0.0,0.0,0.18,0.119047619047619,0.0,0.0,0.0,1.0,0.0238095238095238,1.0,0.0238095238095238,0.0,0.0,0.0,0.0,0.0,0.0,0.0,0.0,0.0,0.0,0.2828517788676189,-0.0840591761599846,-0.2405686442678291,0.0670811311727904,-0.1506118269417588,0.0119577276029645,0.0802030846715139,-0.0720752418878057,0.0424002329989634,0.1177894642009593,-0.1668860580418339,-0.0329412717237553,-0.1215247090986795,0.0853267249450202,-0.0162564200814684,-0.0227287102124273,0.1514613688185725,-0.0328682239274449,0.035353421415651,-0.0034442556795365,-0.0459577249726964,-0.0013215094011866,-0.05609859281052,-0.0834129835519445,36.0,0.442486863871484,0.1570446028007305,0.7981129990964697,0.6395225403099375,36.0,35.0,1.0,8.099778346659322,0.5052964503704467,0.2314222384759806,0.1150054659975733,0.3952717418412773,0.4443500506889088,3.4336783010709224,4.0,4.0,0.0,0.0544647077719107,0.0446262060446574,0.0136161769429776,0.0179369019287295,0.0327154174485515,0.0386708117466044,0.6574329095222264
sciver_test_273,1,24,16,40,2000,0.079594125909951,35.0,31.0,0.8857142857142857,5.6,2.0,0.0,1.0,0.12,0.0769230769230769,0.0,0.0,0.0,1.0,0.0285714285714285,0.0,0.0,0.0,0.0,0.0,0.0,0.0,0.0,0.0,0.0,0.0,0.0,0.231395585208082,-0.1080186144059188,-0.0963717447260809,-0.0596779456811137,-0.0516594821083074,-0.0663406525047028,0.0646649990208328,-0.0652500843582973,0.0056040075357199,0.0422192668800131,-0.0788423310332211,0.0737220897049285,0.0452578343864061,-0.0319739021110987,0.0884942041804463,-0.0212607938436394,-0.0633023536742181,0.0584826964030191,0.0118262393932815,0.0060224703981503,-0.0758687810803518,0.0576110584033693,0.0142277468386593,-0.0554313513570482,31.0,0.4089942544212758,0.174262727634351,0.8565926994649196,0.64261889853584,29.0,28.0,1.0,6.982788012658,0.5591272458926771,0.2493852861663571,0.1285991608697738,0.3954236172989459,0.4825707295905803,3.187630197166315,3.0,3.0,0.0,0.0105091965580705,0.0067287120814822,0.0035030655193568,0.0023440194255698,0.0058933878666948,0.0063110499740885,0.8800845243820481
sciver_test_275,1,24,16,40,2000,0.2295215516583721,39.0,35.0,0.8974358974358975,6.230769230769231,4.0,1.0,4.0,0.1224489795918367,0.125,0.0,0.0,0.0,0.0,0.0,0.0,0.0,0.0,0.0,1.0,0.0256410256410256,1.0,0.0256410256410256,0.0,0.0,0.0,0.0,0.1672002132878643,-0.1146046383170334,0.0623631372179212,-0.0792034463247783,0.0226265946471703,0.0156749099478828,-0.0164334359464583,0.0277515861547636,-0.0173994906358472,-0.1092615277282554,-0.0089700649582959,-0.0587572091137821,-0.0771155871339885,0.0754551986745493,0.0432423791045794,-0.1063296878586934,0.0149474817985414,-0.0154984869159146,-0.0134325993622376,0.0562156754979463,0.0284348816860912,0.0088761095904873,0.1183207001524963,-0.0191479071778648,35.0,0.3508165092123135,0.1304484811009144,0.6728633414892443,0.5121327668431795,33.0,32.0,1.0,6.659856927971946,0.3880483070352179,0.2081205289991233,0.0836919667650579,0.3181404809134388,0.3587360432408178,3.385605682162667,3.0,3.0,0.0,0.0438077169812381,0.0272616693505809,0.0146025723270793,0.0089684276729555,0.0235995115236355,0.0254305904371082,0.9234559103498484
sciver_test_277,1,24,16,40,2000,0.0,44.0,41.0,0.9318181818181818,5.7272727272727275,5.0,4.0,6.0,0.0212765957446808,0.0256410256410256,0.0,0.0,0.0,1.0,0.0227272727272727,0.0,0.0,0.0,0.0,0.0,0.0,0.0,0.0,0.0,0.0,1.0,0.0227272727272727,0.2360566716695948,-0.0600202436455812,0.0405346764406619,-0.1025051217396689,-0.0749998314299875,-0.0147921741404065,0.0513506707481217,0.0789658459983339,0.0066069914184172,-0.0600389036474588,-0.0694642500340371,0.1320729423679221,-0.0759669955603376,-0.152984361068927,-0.0272695427295613,-0.0811549477934493,0.0465274760131263,-0.0042750578589787,0.0819356113204302,-0.0579119102352087,0.0539103411426822,0.0236130117094869,0.06853738011343,0.0419934041151069,40.0,0.4057936553480174,0.1644528670083057,0.7931379666402396,0.6224817081018053,40.0,39.0,1.0,7.456251298655156,0.4195391773790143,0.1911859307347475,0.1051672197321734,0.3258453518903585,0.3548415203216269,3.5008180788659304,1.0,1.0,0.0,0.0299440524938031,0.0299440524938031,0.0299440524938031,0.0,0.0299440524938031,0.0299440524938031,-0.0
sciver_test_278,1,24,16,40,2000,0.1921399311385345,50.0,45.0,0.9,5.5,2.0,0.0,0.0,0.1170212765957446,0.074074074074074,0.0,0.0,0.0,0.0,0.0,0.0,0.0,0.0,0.0,0.0,0.0,0.0,0.0,2.0,0.04,0.0,0.0,0.2092512590327916,-0.0953605889105857,-0.0585347020108654,-0.0500282141953931,-0.0373398122113966,-0.0797517285287372,-0.0054807055620154,0.015785534032091,0.0293019650316274,0.0857280075030847,-0.0394668257173341,0.0344441915777365,0.0307518842498699,-0.0995305311422036,-0.0135177249284793,-0.0704981509873337,0.0210279324222234,0.035470128531274,0.0111619907223394,0.0167807595290492,0.0178867984690527,-0.0167771990945593,-0.02070670557106,0.1203886687103488,40.0,0.382035680686923,0.1541847376806542,0.7884823649102616,0.5792133723779843,39.0,38.0,1.0,7.994392144161582,0.4590185427818882,0.2103787406358311,0.1149205049099411,0.3886008855583083,0.4392459466967506,3.4810701078305866,4.0,4.0,0.0,0.0464442622772449,0.0163283821310377,0.0116110655693112,0.0042672641054265,0.0159612186591021,0.0161448003950699,1.3151521410197715
sciver_test_281,1,24,16,40,2000,0.2070693926636304,42.0,38.0,0.9047619047619048,7.642857142857143,0.0,0.0,5.0,0.125,0.1228070175438596,0.0,0.0,0.0,0.0,0.0,0.0,0.0,0.0,0.0,0.0,0.0,0.0,0.0,0.0,0.0,0.0,0.0,0.1515854986247344,-0.0558672587972701,-0.1737483540985069,-0.0967539193975458,-0.057404213806457,-0.0012380757468034,-0.0245667544570874,0.1239100746975621,-0.0488822920005822,0.0091397812836213,0.195172173727927,-0.019411109634983,0.0713987526783093,0.0342104458028037,0.0087644051558976,0.0415769289610207,-0.0360079136056,-0.0720109709004429,-0.0174509380091994,0.0331206086043813,-0.0581133383677844,0.076775994230511,0.0267200619693703,0.0101807034793319,38.0,0.456782129774236,0.1216976308292358,0.7283197503645022,0.6091303866315025,38.0,37.0,1.0,8.534648966609428,0.3750768839409642,0.2306661882867413,0.0750089420590732,0.3224443594297518,0.3418947873319785,3.5557422194481014,7.0,7.0,0.0,0.2143558885972961,0.1064762703363101,0.0306222697996137,0.0332483103481157,0.0674188819601344,0.0869475761482222,1.4392547700566194
sciver_test_283,1,24,16,40,2000,0.1709348555425485,46.0,41.0,0.8913043478260869,5.021739130434782,9.0,0.0,7.0,0.1666666666666666,0.12,7.0,0.4117647058823529,0.0,0.0,0.0,0.0,0.0,0.0,0.0,0.0,0.0,0.0,0.0,0.0,0.0,0.0,0.0,0.2371716378253954,-0.1448776166688403,-0.1669135935469451,0.0041056295304822,0.0437040345907575,0.1303056172834682,0.0049548310118923,-0.0447555195622482,0.02495149334484,-0.0123083310846007,0.0190926652602517,-0.0766229995518949,-0.0857772443175706,0.0113965982672244,0.0496352069183847,0.0011807333775678,-0.045942426826626,0.0383077830806564,0.0019515249449796,0.093969898129124,0.0709296416624997,0.0001277837761699,-0.1197726722622493,-0.0247061359989835,40.0,0.3472585191399431,0.1567833319036577,0.7621959174679334,0.5461874465692516,35.0,34.0,1.0,6.921853098866155,0.4023019826320855,0.2035839146725339,0.1113960798106321,0.3422868548509301,0.3667675648255802,3.36047748550113,1.0,1.0,0.0,0.0027511969535564,0.0027511969535564,0.0027511969535564,0.0,0.0027511969535564,0.0027511969535564,-0.0
sciver_test_284,1,24,16,40,2000,0.0997333098926923,47.0,43.0,0.9148936170212766,5.702127659574468,6.0,3.0,3.0,0.14,0.119047619047619,1.0,0.1666666666666666,0.0,0.0,0.0,1.0,0.0212765957446808,0.0,0.0,2.0,0.0425531914893617,0.0,0.0,1.0,0.0212765957446808,2.0,0.0425531914893617,0.2391661968417126,-0.0531614670448151,-0.0884774451026456,-0.0249534410820019,0.0439467269852532,0.0456558166702072,-0.0134311409104445,0.0188841259831692,-0.0192066878945157,0.0660768709030334,0.0736268194514123,-0.0617460605304757,0.0280356627399593,0.0729398708575358,-0.0546968238400322,0.0021264692282561,-0.0784511585373911,-0.139525780032052,0.0324382899257832,-0.0103869650493893,-0.0284728568233262,0.0178007357487947,-0.0179736635708462,0.0056101275280754,40.0,0.4249134202633686,0.1664910547616317,0.819691272414408,0.6296407836694226,39.0,38.0,1.0,8.61127315665646,0.4643184866696023,0.2266124514909595,0.1226075929666778,0.4049128564497418,0.4496277384754453,3.4793007880812494,6.0,6.0,0.0,0.1751381393575695,0.0511145553975254,0.0291896898929282,0.0178760053243775,0.0509517646682544,0.0510331600328899,1.588510595103178
sciver_test_287,1,24,16,40,2000,0.1465783754861633,42.0,39.0,0.9285714285714286,5.904761904761905,0.0,0.0,1.0,0.1071428571428571,0.0851063829787234,0.0,0.0,0.0,0.0,0.0,0.0,0.0,0.0,0.0,0.0,0.0,0.0,0.0,0.0,0.0,0.0,0.0,0.1949765251890516,-0.0426295281703316,-0.0111759327619636,0.0728736542970427,-0.0434037577046321,-0.0479752761852238,-0.0011457061170362,0.0030309386284083,-0.0299086269163558,-0.0553978904304905,0.0859101916480959,-0.0391064538043998,-0.0788974857550655,-0.0815638099601838,0.0245538219082394,0.0225981051614219,0.0157097911754345,-0.0324558756840386,-0.049536529283195,-0.0588431623715522,-0.0060914354422829,0.0275910289406127,0.1092359397421031,0.0175561122649918,39.0,0.4564407966321945,0.1599466251117987,0.9795628985139756,0.6365327105333528,39.0,38.0,1.0,9.004098103465225,0.4288093006351678,0.2369499500911901,0.0935731493020349,0.348163494558949,0.3931626175148826,3.552610237832749,5.0,5.0,0.0,0.1648874036868473,0.0518473577687156,0.0329774807373694,0.0218270186890109,0.0510999977860709,0.0514736777773933,1.3169946675050233
sciver_test_290,1,24,16,40,2000,0.1902764047641659,29.0,24.0,0.8275862068965517,5.551724137931035,3.0,2.0,2.0,0.0833333333333333,0.0714285714285714,0.0,0.0,0.0,0.0,0.0,0.0,0.0,0.0,0.0,0.0,0.0,0.0,0.0,0.0,0.0,0.0,0.0,0.1809841102047092,-0.1336675261608892,0.0195739179471694,-0.0816202400377388,0.0295006983087511,-0.0845390612580503,0.0165736888438202,-0.1664364130386308,-0.1281581212149748,0.0255872698122845,0.0287626079810092,-0.0630073715429226,-0.1088226459153172,0.0849876433878924,-0.0160923778678048,-0.0888073324684836,-0.0929749973594034,-0.0464288709808388,0.0278008492886416,-0.079806757176051,-0.0581215239693211,-0.1225167579766192,-0.0079760514670335,-0.035608454043651,24.0,0.4351135425855877,0.1353443044657012,0.7193475232019937,0.620202270957108,24.0,23.0,1.0,5.768943720106069,0.4317197484809315,0.2508236400046117,0.0917065468851267,0.344391610973871,0.3502895455560217,3.0645335818176465,2.0,2.0,0.0,0.0425654205011994,0.0376256331830737,0.0212827102505997,0.0163429229324739,0.0343570485965789,0.0359913408898263,0.3589836564280548
sciver_test_292,1,24,16,40,2000,0.1473648946487729,40.0,37.0,0.925,6.65,4.0,0.0,1.0,0.0909090909090909,0.0526315789473684,0.0,0.0,0.0,1.0,0.025,0.0,0.0,0.0,0.0,0.0,0.0,0.0,0.0,1.0,0.025,0.0,0.0,0.2024404063930054,-0.0831607112619077,-0.0132351574893472,-0.0733035091246446,-0.0937083535025066,-0.0301032987539094,0.0169273514928504,0.0113525954086194,0.0367571391707809,-0.0549779352286977,0.1185567878559638,-0.1496567515776719,0.0548685751685098,-0.0049659551465272,0.0629652526041443,-0.0367175029718233,0.0114297867695975,0.0239084421695857,-0.120999872032836,0.0577975605432559,-0.0009747136459796,0.0210218388668058,0.0959904093916475,-0.0071095912701626,37.0,0.4438682689297488,0.1396144080048405,0.7935536736775304,0.6087795252390736,37.0,36.0,1.0,8.681322078488405,0.4911416528426126,0.2411478355135668,0.1200698392072796,0.3934496882798912,0.412783966153377,3.440615722662284,6.0,6.0,0.0,0.0755010338734857,0.0354040835238497,0.0125835056455809,0.0113955560276761,0.0271080856121663,0.031256084568008,1.4384388174781997
sciver_test_295,1,24,16,40,2000,0.3346800473259763,26.0,24.0,0.9230769230769232,7.461538461538462,1.0,0.0,3.0,0.1764705882352941,0.2142857142857142,1.0,1.0,0.0,0.0,0.0,0.0,0.0,0.0,0.0,1.0,0.0384615384615384,0.0,0.0,1.0,0.0384615384615384,0.0,0.0,0.1453585480641197,-0.038986398073608,0.0106422949874796,0.0015280856033298,-0.0550137809529402,0.0007724534290434,-0.0072544277289062,-0.0623925446285156,-0.0235267744940923,0.0049029497171561,0.0556745535264192,0.0242713846666874,0.0578577068514791,-0.0242948597728041,0.0162878440565427,0.0181916026536876,0.010505337058269,0.0540401259218754,-0.0363423072424004,-0.002471662761552,0.0606717408805831,-0.0389722443901375,0.1051479176638848,0.1030939259217603,24.0,0.3260745410079059,0.1371924792103285,0.7063126110972334,0.5324826366120621,24.0,23.0,1.0,4.364885858620763,0.424376355674445,0.1897776460269897,0.1090695612262223,0.380779661734702,0.4094548806606487,2.9664890284089385,1.0,1.0,0.0,0.0006255664773824,0.0006255664773824,0.0006255664773824,0.0,0.0006255664773824,0.0006255664773824,-0.0
sciver_test_296,1,24,16,40,2000,0.1530607069214229,44.0,38.0,0.8636363636363636,3.7045454545454546,7.0,0.0,9.0,0.1392405063291139,0.106060606060606,1.0,0.1,0.0,0.0,0.0,0.0,0.0,0.0,0.0,0.0,0.0,0.0,0.0,0.0,0.0,0.0,0.0,0.2257479857478565,-0.1070200079226841,-0.0013285310552194,0.1448286137340068,0.1170320133687629,0.0125988518648203,-0.0477302643989043,-0.1102935776876014,0.0868966516458914,0.056405706058353,0.0593209385458195,0.1226666038163177,-0.1167949209068773,0.0894701012662719,0.0130750939866514,-0.0709321774154252,-0.008929183684656,-0.0349251824015281,-0.0534036531179112,-0.038947055964824,-0.0441902668377358,0.015946189791254,-0.03827899746537,-0.0333551609311367,38.0,0.3178404831685318,0.1870930457586495,0.7663356624654662,0.5681167221536605,29.0,28.0,1.0,5.872087073277215,0.4720376622674147,0.2097173954741862,0.1343113701867863,0.3669265939949225,0.4295813468681103,3.1011418780376907,3.0,3.0,0.0,0.0593296596493481,0.0531609372235351,0.0197765532164493,0.0236063608476227,0.0431557946372751,0.0481583659304051,0.4057822256496211
sciver_test_298,1,24,16,40,2000,0.1358244603502734,34.0,32.0,0.9411764705882352,6.117647058823529,2.0,0.0,2.0,0.0930232558139534,0.054054054054054,0.0,0.0,0.0,2.0,0.0588235294117647,0.0,0.0,0.0,0.0,1.0,0.0294117647058823,0.0,0.0,1.0,0.0294117647058823,0.0,0.0,0.1595229188528316,0.0041363505476581,-0.1476105757828013,-0.0511665211076712,-0.0530946200912592,0.0091623600072255,0.1222499441048749,-0.0175580215204937,-0.003484088327184,0.0335741929049517,0.0945206016871646,-0.0022402168463481,0.0206638619462831,-0.0977883089143255,-0.0503709460588751,-0.0662933127983935,-0.0500231791215088,-0.0374641066766142,0.0289408757754507,0.0529129975228164,0.0697955612003853,0.0651286130746006,-0.0421132286560889,-0.0895287361073731,32.0,0.3593557713175811,0.1177015454946474,0.6588371701579094,0.5087661090344204,32.0,31.0,1.0,6.196492982972287,0.3924525216350217,0.1998868704184608,0.0928175000895318,0.3498287946170907,0.3563364809772227,3.326623588328377,3.0,3.0,0.0,0.0175920838177053,0.0093317622054296,0.0058640279392351,0.004143460673818,0.009109574282284,0.0092206682438568,0.7055275996020052
sciver_test_301,1,24,16,40,2000,0.1654924726067871,35.0,32.0,0.9142857142857144,7.085714285714285,5.0,2.0,9.0,0.0952380952380952,0.0833333333333333,0.0,0.0,0.0,0.0,0.0,0.0,0.0,0.0,0.0,0.0,0.0,0.0,0.0,0.0,0.0,0.0,0.0,0.1630606862642414,0.0051273527969107,-0.0557930997251489,-0.1540105019171812,-0.0577495436033908,-0.0934302696611458,-0.0466417246403913,-0.031539998184325,0.0406181859424943,0.0030027440980252,-0.0957153068161381,-0.0978791771368979,0.047220930841526,0.290304548880182,-0.0792409159295648,-0.0203577511049815,-0.1159682766496301,0.1157843330284808,-0.0849438875811043,-0.0601001255920584,0.0038034880464219,-0.0379592050510307,0.0533857453501729,0.006754346210821,32.0,0.4138302738432747,0.1429281639819701,0.8216912803862956,0.5925716804976044,31.0,30.0,1.0,6.909371483138221,0.4409277409848973,0.230312382771274,0.0937315510525422,0.3437878528524264,0.36693895293723,3.2995277947720405,5.0,5.0,0.0,0.0405932519911416,0.0147690775203422,0.0081186503982283,0.0048621341367843,0.0140229058880774,0.0143959917042098,1.4248587924629557
sciver_test_303,1,24,16,40,2000,0.2507582974835599,46.0,40.0,0.8695652173913043,5.826086956521739,2.0,2.0,4.0,0.1014492753623188,0.081967213114754,0.0,0.0,0.0,3.0,0.0652173913043478,0.0,0.0,0.0,0.0,0.0,0.0,0.0,0.0,0.0,0.0,0.0,0.0,0.1447258760871177,-0.0192062716430201,-0.0632745072409742,-0.0096048699364288,-0.0006854563117559,0.0032352974465004,0.1170596001008392,-0.0177163547628631,0.0279089990527337,0.0445742164787522,-0.1041865006214734,0.0148819650852457,-0.0391670858495616,0.0157688899598691,0.0120040096904148,-0.016108800436697,-0.0114659782881847,-0.003701204283961,0.0200494995852118,-0.0226367204577743,-0.0572980227590756,0.0155723198365822,-0.0151958363068692,0.0153565164581796,40.0,0.3707566124071668,0.1465144422317843,0.7893246039529305,0.5770866332598988,40.0,39.0,1.0,7.424538822055236,0.4166077317469351,0.1903727903091086,0.0961708200290428,0.3079483002032578,0.3497169669233939,3.533670645720645,3.0,3.0,0.0,0.0160742150143163,0.0107802323708367,0.0053580716714387,0.0038343933728641,0.0091662155809296,0.0099732239758832,0.8619063786755572
sciver_test_305,1,24,16,40,2000,0.2928900494482888,43.0,39.0,0.9069767441860463,5.162790697674419,6.0,1.0,3.0,0.123076923076923,0.0892857142857142,1.0,0.125,0.0,0.0,0.0,0.0,0.0,0.0,0.0,0.0,0.0,0.0,0.0,2.0,0.0465116279069767,0.0,0.0,0.2108433354100719,-0.0457157911772203,0.0103087353032899,0.0036688593267653,0.1407711719567711,-0.0149186201393878,-0.0983530588325502,-0.0826548506676386,0.0323461207378444,0.061002102209341,-0.0569516106364522,-0.0396065850621666,0.0337521485976857,-0.0405121856808812,-0.0939761286988534,-0.066317683896252,-0.0299587921802294,-0.0639914025669367,0.0941731304206898,0.093777154751248,-0.0057588784595973,0.0076306242730314,0.1571473042565296,-0.0851001338016877,39.0,0.3470620449227262,0.1546950173765266,0.7524104151396912,0.5484235354607944,35.0,34.0,1.0,7.0809670761721115,0.3979047172717226,0.2082637375344738,0.1105194845465985,0.3601385255343929,0.3799575629142057,3.3618018991877596,2.0,2.0,0.0,0.0141141389956478,0.0105722617485695,0.0070570694978239,0.0035151922507456,0.0098692232984204,0.010220742523495,0.5633713130927174
sciver_test_306,1,24,16,40,2000,0.1115787550990937,48.0,37.0,0.7708333333333334,4.854166666666667,7.0,1.0,3.0,0.0909090909090909,0.1142857142857142,0.0,0.0,0.0,0.0,0.0,0.0,0.0,0.0,0.0,0.0,0.0,1.0,0.0208333333333333,0.0,0.0,1.0,0.0208333333333333,0.1561760963690005,-0.1071127849814941,0.0653411228912161,-0.0607664162705431,0.0878164528381992,-0.0820524693666446,0.0223428557554304,-0.040645832222492,-0.0846204322736121,-0.0392852059812952,-0.0141071029410659,0.0360980886928311,-0.033618782186314,-0.0643278732770371,0.0307607569615019,-0.0468758604699733,0.0159444066398586,0.0088183380881017,0.0313798709626689,-0.0275608739264748,-0.0143951241947559,-0.0297741449137684,-0.0608248753973068,-0.0445885664976034,37.0,0.3958903249443162,0.1615935640125849,0.8098107371736758,0.618483245997756,35.0,34.0,1.0,7.949754213476455,0.4748410214878025,0.2338163003963663,0.1240496555344424,0.3762507209399127,0.4301454450839366,3.3681228938120356,2.0,2.0,0.0,0.0029532103395866,0.0023157005617518,0.0014766051697933,0.0008390953919585,0.0021478814833601,0.002231791022556,0.5216309484431808
sciver_test_308,1,24,16,40,2000,0.3001232484595242,45.0,33.0,0.7333333333333333,5.688888888888889,4.0,0.0,0.0,0.1538461538461538,0.1470588235294117,1.0,0.3333333333333333,0.0,1.0,0.0222222222222222,0.0,0.0,0.0,0.0,0.0,0.0,0.0,0.0,0.0,0.0,2.0,0.0444444444444444,0.1602771282237408,-0.0744625667830569,-0.1079241663440031,-0.0593167593279976,0.0908931623536536,0.1913749994187576,0.0539208463193729,0.0326022717654136,-0.0460063005114507,-0.1057843488502085,0.1241156306507762,0.0345576748334933,-0.0543634128506064,0.0769253033169818,-0.1033221331290933,0.046394799448459,-0.1343278560350841,0.045337289526209,0.0600522113791431,0.0582307973726988,-0.0678246045573463,0.0092365631202121,-0.1291497723556839,0.0281704243650296,33.0,0.3497794413075407,0.1265162716379391,0.6817877142791751,0.5174167135123022,30.0,29.0,1.0,6.09957735254087,0.3927682334657991,0.210330253535892,0.0804430296232997,0.2899070033891531,0.3530586632741142,3.287885794589746,2.0,2.0,0.0,0.0333352459275734,0.0175980609459118,0.0166676229637867,0.0009304379821251,0.0174119733494868,0.0175050171476993,0.6915882624135232
sciver_test_309,1,24,16,40,2000,0.2717780196038074,28.0,26.0,0.9285714285714286,6.0,4.0,1.0,4.0,0.1896551724137931,0.1632653061224489,1.0,0.2,0.0,1.0,0.0357142857142857,0.0,0.0,0.0,0.0,0.0,0.0,1.0,0.0357142857142857,0.0,0.0,0.0,0.0,0.166787995214393,-0.0877386058672026,-0.14595612516397,-0.0809878472064525,0.0020668961288063,0.097424031731402,-0.064909209915405,-0.0272889526072193,-0.1217284285953686,-0.0676073766951777,0.0436338105085113,0.0411932095908389,-0.0294971010982105,0.0534293274171784,-0.0501689730663899,0.0453776578780334,-0.1177226306788618,-0.02851852062861,-0.0319718088315173,0.0813497746467593,0.0761760138885251,-0.0176655417372871,-0.1004629408251994,-0.0180924527066894,26.0,0.3429825547700256,0.1191998759080919,0.6377353847880375,0.4950120198449791,25.0,24.0,1.0,4.761700741490497,0.3872058329010973,0.198404197562104,0.0773866398936043,0.2703858856140491,0.3300638553778489,3.095271209816768,1.0,1.0,0.0,0.0151794553631284,0.0151794553631284,0.0151794553631284,0.0,0.0151794553631284,0.0151794553631284,-0.0
sciver_test_310,1,24,16,40,2000,0.3935043638598469,41.0,35.0,0.8536585365853658,4.512195121951219,9.0,0.0,9.0,0.1494252873563218,0.1184210526315789,6.0,0.5454545454545454,0.0,1.0,0.024390243902439,0.0,0.0,0.0,0.0,0.0,0.0,0.0,0.0,1.0,0.024390243902439,0.0,0.0,0.2167959953530184,-0.007712716527012,-0.017736332614098,0.0192040287670898,0.0661966504138421,0.2859611945038769,-0.1317297897557373,0.1778278072144077,-0.0711565047332059,0.0247089992207351,-0.064675997590912,-0.1673165277109667,0.025673713723477,0.0170727778193237,0.0650637154959845,-0.0814056321713791,0.1252993804809376,-0.0407246984765985,-0.0560810952021475,-0.0719140738823254,-0.0487411451208602,0.0131835637664728,-0.1006690289919098,0.032100321263675,35.0,0.3793281097397524,0.1891140974077964,0.8323328777169656,0.6089407951172218,28.0,27.0,1.0,5.857796314428899,0.4608081714747915,0.2169554190529222,0.1043854328909092,0.3239288320724946,0.3541100208912655,3.16213494140127,1.0,1.0,0.0,0.0001601956385681,0.0001601956385681,0.0001601956385681,0.0,0.0001601956385681,0.0001601956385681,-0.0
sciver_test_312,1,24,16,40,2000,0.2824319809147877,33.0,30.0,0.9090909090909092,5.96969696969697,4.0,0.0,3.0,0.1666666666666666,0.1666666666666666,2.0,0.25,0.0,0.0,0.0,0.0,0.0,0.0,0.0,0.0,0.0,0.0,0.0,0.0,0.0,0.0,0.0,0.1809910330116678,-0.0223520032786069,-0.1485729043299793,0.008420934936546,-0.0265921683379204,0.0248729399893056,-0.0833758974195424,0.0730884937210352,0.0385823747844339,0.0049194922214298,0.1911257687182285,0.0802655839162055,0.0323927788520055,-0.0588174063792048,0.0401681864959079,0.0666793058069118,-0.0390254509618082,0.0718531571852737,0.0442970304718677,0.0193473317692798,-0.0824227689954824,0.1134434409479358,0.0753393406113813,0.0279635272176785,30.0,0.3911943010957798,0.1516359785308232,0.8380448885007679,0.5990879410329694,30.0,28.0,2.0,5.766797962591674,0.3734716675072941,0.2059570700925597,0.0913693725738161,0.3045103690466553,0.3492632995127094,3.219969520661901,3.0,3.0,0.0,0.0370247763809773,0.0213580112924949,0.0123415921269924,0.0087336308458867,0.0201151744690358,0.0207365928807654,0.7431909976518625
sciver_test_313,1,24,16,40,2000,0.2603656951912969,46.0,44.0,0.9565217391304348,6.760869565217392,4.0,0.0,2.0,0.1428571428571428,0.1176470588235294,2.0,0.4,0.0,0.0,0.0,0.0,0.0,0.0,0.0,1.0,0.0217391304347826,0.0,0.0,1.0,0.0217391304347826,1.0,0.0217391304347826,0.2264409458776394,-0.0226337074740558,-0.0176994422398632,-0.1113723925500584,0.0111062668650255,-0.0415499454080131,-0.1353270313303783,-0.1785468415546406,0.0281104628469741,0.0187801862056492,0.084501294309579,0.0651469218219537,0.0200752275735542,0.0664521970530469,0.0948236142561179,-0.0477138887696242,0.0139412812133135,0.0116382137422917,0.037489769023155,0.0656699707298023,0.032443777915262,0.0762947150577156,0.0431612914119047,0.0867049808032982,40.0,0.4226558799658387,0.140607755401137,0.7719671927899333,0.599782257482192,38.0,37.0,1.0,9.157107429620083,0.434754889994203,0.247489389989732,0.0976211131581977,0.3872149228963703,0.4086070747253972,3.525453111261986,3.0,3.0,0.0,0.1444358720778223,0.0832851573137898,0.0481452906926074,0.025980613622849,0.0746020222972888,0.0789435898055393,0.9549474019410388
sciver_test_315,1,24,16,40,2000,0.2105845863469376,37.0,37.0,1.0,6.756756756756757,3.0,2.0,7.0,0.1346153846153846,0.1162790697674418,0.0,0.0,0.0,1.0,0.027027027027027,0.0,0.0,0.0,0.0,0.0,0.0,0.0,0.0,0.0,0.0,0.0,0.0,0.1771514655898809,-0.0510271671029665,-0.0618205422293778,-0.0694086634690386,0.0187164203634232,-0.0692582345496198,0.0027226464754451,0.0711917349347983,0.0026687131280387,-0.0047268677878026,-0.0554625634564507,0.0085741864435812,0.0374940968332138,-0.0143588172837015,0.0710034456523562,-0.0095781024592547,-0.024840694487218,0.099663609167789,-0.0231396707441805,0.0348332309926799,0.0198645126018245,0.0505575106396198,0.0505395391690861,0.021416518458193,37.0,0.4148236134564771,0.142858173407583,0.7614642248944413,0.5943025053168729,35.0,34.0,1.0,7.726320664690236,0.4651700406708763,0.2272447254320657,0.0980344517382163,0.3323615311216381,0.3753936064773463,3.4182048414026776,8.0,8.0,0.0,0.2118066748248711,0.0539979004193155,0.0264758343531088,0.0169227270837669,0.0440095399688246,0.04900372019407,1.824090781824009
sciver_test_317,1,24,16,40,2000,0.0120290169215544,39.0,34.0,0.8717948717948718,5.3076923076923075,3.0,0.0,0.0,0.1,0.0967741935483871,0.0,0.0,0.0,0.0,0.0,0.0,0.0,0.0,0.0,0.0,0.0,0.0,0.0,0.0,0.0,0.0,0.0,0.2034706331936271,-0.0419790530883806,-0.0655256701860035,0.0458297541356383,0.025718168713567,-0.0513707134151847,-0.0516120333215835,0.0086819448184455,-0.0159912219173609,-0.0418938709389923,0.1017889019510421,0.0110805686341631,0.050325166100422,0.0178746941930435,0.0950742811283294,0.0061512997350054,0.02322430280446,0.012571493101672,0.0703364587115752,0.0372182335455504,0.0092221812816057,0.0628402776882692,0.0309429141809146,0.0041850417284729,34.0,0.4069436105761155,0.1713550282998206,0.9333264130732736,0.6024400557632685,33.0,32.0,1.0,6.8803949561214885,0.5817463093619558,0.2150123423787965,0.1208378876358418,0.3688594898243583,0.3984528317253188,3.2988560900630857,3.0,3.0,0.0,0.0898653069266532,0.0661677227067318,0.0299551023088844,0.0263982488193188,0.0568760167892891,0.0615218697480104,0.6963984497437129
sciver_test_319,1,24,16,40,2000,0.3001624652629493,38.0,35.0,0.9210526315789472,6.315789473684211,1.0,0.0,1.0,0.1886792452830188,0.1666666666666666,1.0,1.0,0.0,0.0,0.0,0.0,0.0,0.0,0.0,0.0,0.0,0.0,0.0,0.0,0.0,0.0,0.0,0.1979151763496585,-0.0476472477020305,-0.0449509191929888,0.1002688875488716,-0.0765751377404585,0.0420647670426086,0.0401389249146859,-0.0263589352043254,-0.0119095340915232,-0.0603795454150469,-0.0217995111131099,-0.1038501750583454,-0.0914046027146227,0.0035167131020672,0.0378444736588711,0.0155311455304919,-0.0511109237465647,0.0452888165666876,-0.0029943762241419,0.1181320716914239,0.0408197766471922,0.0775753086461305,-0.0502874402468322,0.0330700271638706,35.0,0.3980962316540089,0.1465287437210841,0.7800855314449238,0.5905286920524788,34.0,33.0,1.0,7.180900276546873,0.408640296620024,0.2176030386832385,0.1004500868663419,0.3465636041701065,0.3830349348314973,3.382033048743919,8.0,8.0,0.0,0.117027165184712,0.0530988467884876,0.014628395648089,0.0161484999695411,0.0340627551547521,0.0435808009716198,1.5795379402289242
sciver_test_322,1,24,16,40,2000,0.1593674375530136,40.0,36.0,0.9,5.725,7.0,1.0,5.0,0.1333333333333333,0.1714285714285714,3.0,0.5,0.0,0.0,0.0,0.0,0.0,0.0,0.0,0.0,0.0,0.0,0.0,2.0,0.05,0.0,0.0,0.1725029163012337,-0.1339847233585906,-0.0446675266882466,-0.0788452081411155,0.0092178804037814,0.046557773384462,0.0101580653570336,-0.1104170377746919,0.0569841099704994,0.01317355456866,0.0159565734487514,-0.024657451533266,-0.0777223833159709,0.0039776980291585,0.005678213796051,0.0323395960066865,-0.0873047321674763,0.0606524835821916,0.0069305745503403,-0.0769456246239901,0.0274961211128969,-0.0415985009767447,0.0062155938198719,0.0392022663723765,36.0,0.3749972966960297,0.1592713393386103,0.7915118230274139,0.5920982007218348,36.0,35.0,1.0,6.878277162979509,0.5617567217333332,0.1965222046565574,0.117882537041559,0.3309795668145527,0.3927829742507409,3.370815041089679,2.0,2.0,0.0,0.0076087542551383,0.0039357828246835,0.0038043771275691,0.0001314056971144,0.0039095016852607,0.0039226422549721,0.6925505332890565
sciver_test_323,1,24,16,40,2000,0.1546920344532054,40.0,39.0,0.975,6.075,4.0,0.0,7.0,0.1641791044776119,0.1428571428571428,0.0,0.0,0.0,0.0,0.0,0.0,0.0,0.0,0.0,0.0,0.0,0.0,0.0,0.0,0.0,0.0,0.0,0.1183093916106184,-0.0395451116601412,-0.0420707099250969,-0.1509249595391577,0.0600583726821906,-0.055305647268932,-0.0073428317627921,-0.0336052387733862,-0.0010971144926823,0.0141921099826611,0.0105190180092109,0.0035430811817815,0.0684910023640331,-0.0253977566130091,0.0125759070624421,0.0158806789784208,0.0236238530065071,-0.0529177526529429,-0.0267578454413186,-0.0121775247227248,-0.0846830142775689,-0.0021930001194227,0.0748862827163244,0.0359714147799788,39.0,0.4537128431887796,0.145479871328392,0.8370089972713358,0.631628667411106,39.0,38.0,1.0,9.672966440337508,0.4758319276356294,0.2545517484299344,0.1126667884583489,0.3926649631028869,0.4390478881001927,3.5239924552590214,8.0,8.0,0.0,0.1031320221222338,0.0294653754782723,0.0128915027652792,0.0074180430672241,0.0210110615323782,0.0252382185053252,1.9285231063036927
sciver_test_326,1,24,16,40,2000,0.6663644021911231,49.0,38.0,0.7755102040816326,4.285714285714286,5.0,0.0,3.0,0.2272727272727272,0.2352941176470588,1.0,0.3333333333333333,0.0,0.0,0.0,0.0,0.0,0.0,0.0,0.0,0.0,2.0,0.0408163265306122,1.0,0.0204081632653061,0.0,0.0,0.2087320671649807,-0.0945711307525827,-0.0422527608105598,0.0540559851759966,0.1090268542720531,0.145752880908842,-0.0600759000523511,-0.0595784434951428,0.1010713058028788,-0.1188401941015262,0.0372647608650279,-0.0792214713178675,0.0926022996546007,-0.0190335541047466,0.0935501561985864,0.1986819640004994,0.0641465163022377,-0.1087076433256176,0.248781836090767,-0.1050415600406469,0.0296679104323155,-0.0590351138783693,0.0814523887226917,0.1571391943556588,38.0,0.3148807416327263,0.158365164116755,0.7884823649102616,0.549739526336389,32.0,31.0,1.0,6.192709769127313,0.443210664728791,0.1997648312621713,0.1104366919187953,0.3518467254892068,0.4217432151736122,3.278203186672573,2.0,2.0,0.0,0.0227143249883288,0.012825795514524,0.0113571624941644,0.0014686330203596,0.0125320689104521,0.0126789322124881,0.6847627467561328
sciver_test_328,1,24,16,40,2000,0.3230685862623707,34.0,32.0,0.9411764705882352,5.264705882352941,3.0,1.0,1.0,0.1041666666666666,0.05,0.0,0.0,0.0,1.0,0.0294117647058823,0.0,0.0,0.0,0.0,0.0,0.0,0.0,0.0,1.0,0.0294117647058823,1.0,0.0294117647058823,0.191031831376957,0.0084291847847743,-0.0954862107471194,-0.0081463061982163,0.0293018377406391,-0.0686208014746345,-0.044164424278921,0.002599119737614,-0.0622714894425813,-0.0972277499013515,-0.0520841161731158,0.0087664159331121,0.0233845440230267,-0.0558129556796379,0.0662318843855609,-0.0728482973756531,0.0305957353751938,0.0549898194573092,-0.0009293658312199,-0.012555246807042,0.0701256315641408,-0.0588340808041074,-0.0601290185960059,-0.0211301112879212,32.0,0.4716023578273681,0.1609156039618277,0.8529995026494424,0.6679453745736749,32.0,31.0,1.0,7.292057585879932,0.4696233405647689,0.2352276640606429,0.1061699872375774,0.3755727689725573,0.4093040706062233,3.324809242929514,1.0,1.0,0.0,0.0341580828251222,0.0341580828251222,0.0341580828251222,0.0,0.0341580828251222,0.0341580828251222,-0.0
sciver_test_331,1,24,16,40,2000,0.2278652173343036,43.0,38.0,0.8837209302325582,4.627906976744186,2.0,0.0,0.0,0.109375,0.0714285714285714,0.0,0.0,0.0,1.0,0.0232558139534883,0.0,0.0,0.0,0.0,0.0,0.0,0.0,0.0,0.0,0.0,0.0,0.0,0.2317420567593903,-0.0402941432090155,-0.1055724716781194,0.0439432277038557,0.0327680602009807,0.0604747556083792,0.0886998490877279,-0.021085604648366,-0.0839220859006963,0.0604957456812939,-0.103079057753874,-0.0025375951693631,0.0525162556394845,-0.0291268087849804,0.1007485789621189,-0.0146731492022375,-0.0592444611763936,-0.035164191418274,-0.0677773521593025,-0.0477223811686527,-0.0154682282184427,-0.0164044976668773,-0.0832223740928268,0.0085832697852545,38.0,0.345817135056159,0.1479341558100783,0.7669225987063598,0.5563193407241416,33.0,32.0,1.0,6.335272529030286,0.4577121719555875,0.1979772665321964,0.1015321823811776,0.3375015117177251,0.4229814120905629,3.345175457952789,2.0,2.0,0.0,0.0046562483437925,0.0042511975299795,0.0023281241718962,0.0019230733580832,0.0038665828583628,0.0040588901941711,0.2955198084441384
sciver_test_333,1,24,16,40,2000,0.3217453950154748,45.0,38.0,0.8444444444444444,5.022222222222222,6.0,0.0,3.0,0.0408163265306122,0.0238095238095238,0.0,0.0,0.0,0.0,0.0,0.0,0.0,0.0,0.0,0.0,0.0,0.0,0.0,1.0,0.0222222222222222,0.0,0.0,0.1245644485113286,-0.0561963567228342,0.0106030829892668,-0.0259354076144544,0.0707600190018448,0.0339828927228946,-0.0370148147861564,-0.0389851595616819,0.0302647183745719,0.1140940947352088,0.0389482232053404,-0.0341908261689101,-0.0043628477767962,-0.0635733509875789,-0.0060023109391394,-0.0965907595507265,0.0064746864162582,-0.0576640943242343,0.0053044044348314,0.0196846598889927,-0.0533129525110861,0.0153142944998778,-0.0394210692552358,-0.0599738120467205,38.0,0.4079774669537567,0.1553590419438554,0.768261129794234,0.591320028774302,36.0,35.0,1.0,7.261859990758085,0.4361920242673034,0.2074817140216595,0.1193813715913332,0.4083089895717478,0.4246442620775866,3.3847982306636974,4.0,4.0,0.0,0.0551726288534977,0.0166740513103362,0.0137931572133744,0.0031211733468886,0.0166194452957713,0.0166467483030537,1.359214875108169
sciver_test_336,1,24,16,40,2000,0.1260567604862089,43.0,41.0,0.9534883720930232,5.8604651162790695,5.0,1.0,4.0,0.1320754716981132,0.1136363636363636,0.0,0.0,0.0,0.0,0.0,0.0,0.0,0.0,0.0,0.0,0.0,1.0,0.0232558139534883,1.0,0.0232558139534883,1.0,0.0232558139534883,0.1782032528120388,-0.125584472043992,0.0217447843021015,-0.1094000883371817,-0.0114797237017387,-0.0102836869271991,0.0455898902710459,-0.028121587448176,-0.0033071318673733,-0.0563296731431675,0.0190793945003482,0.033774819770155,-0.0278902749752796,-0.1038851308564402,0.0353153948676789,-0.0560279251802075,0.0092389842121892,-0.0182600564348685,-0.026075033625644,-0.0584640938180238,0.0586114076888707,-0.032791887452386,0.0843439597165434,-0.07746968702374,40.0,0.4060553313765153,0.163918640598244,0.8129752748310378,0.6204141448462409,39.0,38.0,1.0,8.440054811581346,0.5250626031971465,0.2221067055679301,0.1220506878376097,0.3823827812598435,0.423848850404101,3.4709086532927604,3.0,3.0,0.0,0.0203245829960858,0.0090904177500367,0.0067748609986952,0.0016390643476295,0.0084141307159217,0.0087522742329792,1.070628935341711
sciver_test_338,1,24,16,40,2000,0.1593768701805236,42.0,38.0,0.9047619047619048,5.857142857142857,3.0,0.0,1.0,0.0851063829787234,0.0769230769230769,0.0,0.0,0.0,0.0,0.0,0.0,0.0,0.0,0.0,0.0,0.0,2.0,0.0476190476190476,0.0,0.0,1.0,0.0238095238095238,0.1689736268587643,-0.0998706879573646,0.0680615440738515,-0.1219282161039666,-0.0328738640757866,0.0777558660371772,-0.0258239099305044,-0.0084289072683444,-0.0540782881891168,0.0009482702254793,0.0191393505600675,0.0705855842707643,-0.0296647699526643,0.0262050784561044,-0.0357236751381887,-0.0073404662842778,-0.0059208665788467,-0.0429927204462357,0.0415101555679332,-0.0184821099285721,0.0883609602275786,0.0463703373996741,0.0330457986863328,0.0690288812516248,38.0,0.3629749555770243,0.131241644618083,0.7127060129876758,0.5308318052118618,36.0,35.0,1.0,6.988032331821084,0.3988153697689787,0.1996580666234595,0.0965839100207348,0.3275259217078649,0.3501505055238913,3.4212272986718095,4.0,4.0,0.0,0.0730088206925763,0.0395153047959718,0.018252205173144,0.0137960478587378,0.0340568434497047,0.0367860741228382,1.1016789044387243
sciver_test_340,1,24,16,40,2000,0.1137470208615066,56.0,45.0,0.8035714285714286,4.339285714285714,7.0,0.0,4.0,0.0714285714285714,0.0434782608695652,0.0,0.0,0.0,0.0,0.0,0.0,0.0,0.0,0.0,0.0,0.0,0.0,0.0,0.0,0.0,0.0,0.0,0.2114403287677037,-0.0772916521972993,-0.027117358222539,0.0512342003413795,0.0893644873120356,0.1510386201741491,-0.1187817082673437,0.0427486135646774,0.0587020764033452,-0.161087587482292,0.0307911390720936,-0.0800089220778237,0.0493527573951313,-0.0542003564135378,0.0504034482460256,0.2037071524876732,0.1082139537292383,-0.0990046721152216,0.176710052867502,-0.1145544032077976,0.0093417812674909,-0.0996593352781872,0.0235738340016635,0.1440074573728846,40.0,0.3358700671824959,0.1511176899684018,0.738279784757405,0.5208891615255634,33.0,32.0,1.0,6.485937047332541,0.5153984275177138,0.2026855327291419,0.1034977183298673,0.3382497665834313,0.3834570785240359,3.330902655172787,4.0,4.0,0.0,0.065851714630254,0.0410284236755209,0.0164629286575635,0.0148232188557688,0.0328674793284052,0.036947951501963,0.994635944169854
sciver_test_341,1,24,16,40,2000,0.0905609460496744,47.0,42.0,0.8936170212765957,6.0638297872340425,1.0,1.0,5.0,0.140625,0.0909090909090909,0.0,0.0,0.0,1.0,0.0212765957446808,0.0,0.0,0.0,0.0,0.0,0.0,1.0,0.0212765957446808,1.0,0.0212765957446808,1.0,0.0212765957446808,0.2346917725050981,-0.0958460823936587,-0.1692209856934765,-0.0886863568846795,-0.0480742628900679,-0.003881006500889,-0.0747733206010978,0.0592415187853071,-0.0341160328701526,0.0269746251686295,-0.0037472092840512,0.0935727307934014,-0.0061475606718302,-0.0249670198758604,0.0056914691668346,-0.0119581872636785,0.1319501998890452,0.0365046578875472,0.0429251009105608,0.0858736144817413,-0.0426223006557102,-0.0520157899176011,-0.0365650313536029,-0.0028228784248039,40.0,0.4268954449616455,0.1549432318570467,0.768918708967045,0.6214476614711925,40.0,39.0,1.0,8.98466532753451,0.4746965355169236,0.2303760340393464,0.1183038426009467,0.4089798083213345,0.4186189393541734,3.5294225809397353,6.0,6.0,0.0,0.1145633673000026,0.0443769222792434,0.0190938945500004,0.0159713063971662,0.0402468947053598,0.0423119084923016,1.4266104074700932
sciver_test_343,1,24,16,40,2000,0.1061608044537404,32.0,27.0,0.84375,5.28125,6.0,0.0,2.0,0.1176470588235294,0.0689655172413793,1.0,0.1666666666666666,0.0,0.0,0.0,0.0,0.0,0.0,0.0,0.0,0.0,0.0,0.0,0.0,0.0,1.0,0.03125,0.2636919102516173,-0.0261693681804446,-0.0725449241732106,0.1639127784904948,-0.07841132446772,0.0442967850489377,-0.088264007369062,0.1253398692773017,0.0289185673889612,0.1537405234909367,-0.0903652418399209,-0.1169766161519228,-0.0634026675207714,-0.1121332060939805,-0.057271262631111,0.0576369837697275,0.0245006126048697,-0.0762043939208864,-0.0783964413382003,0.0164656591639032,-0.0571801906012958,-0.0152686287240708,-0.0058409343065195,-0.0116521492038081,27.0,0.3668870060469456,0.177098283449106,0.7909831071114533,0.5837782932389673,26.0,25.0,1.0,5.272929082743309,0.4785695339673116,0.2109171633097323,0.1498453011054704,0.4392106914320015,0.4648527148485056,2.949439803730177,0.0,0.0,0.0,0.0,0.0,0.0,0.0,0.0,0.0,0.0
sciver_test_346,1,24,16,40,2000,0.3317035409787908,40.0,38.0,0.95,6.375,2.0,0.0,1.0,0.1632653061224489,0.127906976744186,0.0,0.0,0.0,0.0,0.0,0.0,0.0,0.0,0.0,0.0,0.0,0.0,0.0,0.0,0.0,0.0,0.0,0.1644000175058942,-0.069781459787527,-0.0494718808608942,0.0561393254394743,0.0198682199904345,-0.0179761150573976,-0.0010689381446801,0.0072635789461148,0.0671956685191456,0.0348576369046222,0.0331450578226451,0.0373043462780772,-0.0795267037471684,0.0651793851444036,0.0367641324740071,-0.001318613542994,0.0373353770137262,-0.0348627444479967,-0.0428374257439928,0.022298268613746,0.0741708632079669,0.027614151117597,-0.0382230702436091,0.0825090975425918,38.0,0.363569858316139,0.1316997750545896,0.7502906419263171,0.5374776214887715,36.0,35.0,1.0,7.211648332467487,0.4556975598777742,0.2060470952133567,0.0916062752404204,0.308395633288055,0.3267860752292056,3.447933472296591,7.0,7.0,0.0,0.1348043583808814,0.0563007822680045,0.019257765482983,0.0155891961013271,0.0352264055130202,0.0457635938905123,1.6961356652944115
sciver_test_347,1,24,16,40,2000,0.2417946488672858,46.0,44.0,0.9565217391304348,6.0,4.0,0.0,1.0,0.1636363636363636,0.1702127659574468,2.0,0.5,0.0,1.0,0.0217391304347826,0.0,0.0,0.0,0.0,0.0,0.0,0.0,0.0,0.0,0.0,0.0,0.0,0.1901575291167506,-0.064157846362472,-0.0666742285941374,-0.0970540941728814,0.1668832652220749,0.0089951092214069,0.0452747477609562,0.0578229085503674,-0.0217936461598763,-0.0920411027918532,-0.0052482618618823,-0.0302190354572802,0.0941453112958165,0.0632755276717903,-0.1246879670950677,0.1490424116411991,0.154116525136045,0.0290265533192978,-0.0010337260879113,-0.0098130748616325,0.0308447808517773,0.1088466920456935,-0.0091488667371874,-0.0792967263064298,40.0,0.3410570260851032,0.1342879468865334,0.6501231171657387,0.5054003011569127,34.0,33.0,1.0,6.748350987956273,0.3769440483728465,0.2044954844835234,0.0846741827056644,0.3102479899034636,0.333268860429943,3.401292010362238,2.0,2.0,0.0,0.0111002323270373,0.009713527225022,0.0055501161635186,0.0041634110615033,0.0088808450127213,0.0092971861188716,0.3766256966559728
sciver_test_349,1,24,16,40,2000,0.1032254443772716,43.0,38.0,0.8837209302325582,5.093023255813954,4.0,4.0,5.0,0.0588235294117647,0.0136986301369863,0.0,0.0,0.0,0.0,0.0,0.0,0.0,0.0,0.0,0.0,0.0,0.0,0.0,0.0,0.0,0.0,0.0,0.1674201467346041,-0.0685855894881033,-0.0328739405939091,-0.0337881054885914,-0.0569821363301544,-0.0622808917438886,0.0162446706842284,-0.0043370794036261,-0.0076059614092223,0.1141482670558704,-0.0269942637020091,-0.076369923402149,-0.0828293115204155,0.0551721327934571,-0.0365226252145999,-0.0161226907921606,-0.0717647360356574,-0.0271735377986711,0.0218870418533742,-0.0773349880153193,-0.0283583426187925,-0.0230800872602227,0.004355411437056,-0.0138550939928546,38.0,0.4169564743922255,0.1917125655007073,0.9929832182603302,0.6581487490344041,38.0,37.0,1.0,8.13806885221501,0.6324610853699821,0.2199478068166219,0.1455885661177831,0.3999364390188001,0.4923711606989935,3.389457467820885,0.0,0.0,0.0,0.0,0.0,0.0,0.0,0.0,0.0,0.0
sciver_test_351,1,24,16,40,2000,0.2801086821329827,42.0,33.0,0.7857142857142857,4.333333333333333,6.0,1.0,6.0,0.1343283582089552,0.0847457627118644,1.0,0.125,0.0,0.0,0.0,0.0,0.0,0.0,0.0,0.0,0.0,0.0,0.0,0.0,0.0,0.0,0.0,0.2374032909628565,-0.0468980378900455,-0.0152013088792601,0.0877913555602005,0.1381221594199944,-0.0247112847634982,-0.1715467806214654,0.0275115557687784,0.050349716049753,-0.1762154367712737,-0.0549572091930379,-0.0116487570516633,0.0253535888748742,0.0845824263148959,0.0266488231754324,0.0555627290868691,-0.0256825643479027,0.055580146965627,0.2053769778353522,0.0564713948492118,0.0134829359282168,-0.009411176341276,0.1284271044039019,0.0683301038167518,33.0,0.332678754079699,0.1730790393236642,0.7656790619065376,0.555393849401732,28.0,27.0,1.0,5.576251771650963,0.4551090214950032,0.2065278433944801,0.126803376083846,0.3789225799194387,0.4106937008439204,3.090246756073329,1.0,1.0,0.0,0.0270342535604909,0.0270342535604909,0.0270342535604909,0.0,0.0270342535604909,0.0270342535604909,-0.0
sciver_test_352,1,24,16,40,2000,0.0993224830883399,48.0,45.0,0.9375,5.75,6.0,1.0,5.0,0.0526315789473684,0.0652173913043478,0.0,0.0,0.0,0.0,0.0,0.0,0.0,0.0,0.0,0.0,0.0,1.0,0.0208333333333333,1.0,0.0208333333333333,3.0,0.0625,0.1758662837894226,-0.0496656724016896,-0.0331142970805283,-0.098749341172756,0.0321639021832707,-0.0595856295126774,-0.1568958361580954,0.1204335865656172,0.0119738690305809,-0.0309140487030032,-0.0086155117801372,-0.0353367438310316,-0.0741823130720689,-0.0680800574496437,0.0174585045650211,-0.0285299804445205,-0.0138459268951579,0.0258798236980105,0.0142665552527746,-0.0816534854710911,0.1049259675411119,-0.0191114072251594,0.0420316165640458,-0.0830988610440984,40.0,0.4337690381090586,0.1865869974706914,1.0124245955305131,0.670489058209239,38.0,37.0,1.0,8.203969165042999,0.5653457430603724,0.2217288963525134,0.1141615241775737,0.3284108315567218,0.3571534631018647,3.4688891746198327,2.0,2.0,0.0,0.0347586876659914,0.0238779625050827,0.0173793438329957,0.006498618672087,0.0225782387706653,0.023228100637874,0.6215084235043753
sciver_test_353,1,24,16,40,2000,0.157829497522102,31.0,29.0,0.935483870967742,6.806451612903226,0.0,0.0,3.0,0.1454545454545454,0.1489361702127659,0.0,0.0,0.0,2.0,0.064516129032258,0.0,0.0,1.0,0.032258064516129,1.0,0.032258064516129,0.0,0.0,0.0,0.0,0.0,0.0,0.1302105600514388,-0.1153569527623628,-0.1301909736356042,-0.1527593293303229,-0.0159321536458022,-0.0643499490057298,0.0927120803244443,0.0225529902911146,0.0130463385705564,-0.0029054973602871,0.0188344043193521,0.030798540477418,0.0366936978324414,-0.0482065026745148,0.0275919656987888,-0.0739666227659652,-0.0497483888679134,0.059085816016613,0.1287125551189961,0.0046985153796001,-0.1179086385643023,0.0996807021753673,-0.0582629444524841,0.044910683855199,29.0,0.4068012540249432,0.151047208842535,0.7970886205800475,0.5999847476597946,29.0,28.0,1.0,6.599557516269748,0.5083741007473086,0.2356984827239195,0.1246316232499935,0.4508780939950159,0.4932766584178622,3.19836631110653,3.0,3.0,0.0,0.0428453628131693,0.0210149838381072,0.0142817876043897,0.0050386085118185,0.0193989762007785,0.0202069800194429,1.037361939407963
sciver_test_355,1,24,16,40,2000,0.1053742495869799,34.0,33.0,0.9705882352941176,6.176470588235294,3.0,3.0,5.0,0.0943396226415094,0.0697674418604651,1.0,0.3333333333333333,0.0,0.0,0.0,0.0,0.0,0.0,0.0,1.0,0.0294117647058823,0.0,0.0,0.0,0.0,0.0,0.0,0.2102239768852271,-0.02262582550138,0.0441008427316906,-0.1178582200196675,-0.0786646066258473,-0.0496956410816166,0.0029511580805209,0.0708237833720151,0.0373560047160592,-0.0055329043207298,0.1214328419456007,0.000637518990155,0.0092262197795902,0.0416561397257366,-0.0212515969926699,-0.0492989473669705,0.0240770039606576,-0.0508101365001699,0.0392926273918873,0.0150267234595772,-0.0977701379565738,-0.0075306737866666,0.0511117212189524,0.008961080529797,33.0,0.3353288457277688,0.1170874077610129,0.6336427839337125,0.4789390719217551,33.0,32.0,1.0,5.92079004572033,0.3192956783057566,0.1850246889287603,0.0886171637235059,0.3025625622289826,0.3097634932376095,3.332251180101386,4.0,4.0,0.0,0.0393573868495596,0.0180935818101453,0.0098393467123899,0.0066010601819391,0.0166845473201483,0.0173890645651468,1.0923504202459426
sciver_test_357,1,24,16,40,2000,0.0144185768551818,51.0,43.0,0.8431372549019608,5.392156862745098,13.0,0.0,5.0,0.04,0.0217391304347826,0.0,0.0,0.0,0.0,0.0,0.0,0.0,0.0,0.0,0.0,0.0,0.0,0.0,1.0,0.0196078431372549,0.0,0.0,0.0871967105553262,-0.0418843091587071,-0.0569896442926798,-0.0307435516326983,0.0554776358404145,0.0002529555454574,-0.0044875373839587,-0.0249033954290325,0.0210022593940054,0.061971478715871,0.0323770446405987,0.0007064060957631,0.0006409271907168,0.0112673615614393,0.0103732599129299,0.0908199278075171,0.0490184355702578,-0.0300595817166456,0.0030665284983195,0.0203129285483353,0.0308640809626483,-0.0186787607107884,0.0047315159827415,-0.038407651706075,40.0,0.3833615053290775,0.1615064705337409,0.7992934703083829,0.5843757257923481,40.0,39.0,1.0,7.417947289199347,0.3956950696556837,0.1902037766461371,0.1148225429664994,0.3666084486871109,0.3795204706941624,3.4571824907729924,3.0,3.0,0.0,0.0435890662736413,0.0205601328457584,0.0145296887578804,0.0048727469859522,0.0193286085826528,0.0199443707142056,1.0409481595353474
sciver_test_358,1,24,16,40,2000,0.0469706077168344,38.0,33.0,0.868421052631579,5.684210526315789,3.0,1.0,7.0,0.0888888888888888,0.0526315789473684,0.0,0.0,0.0,0.0,0.0,1.0,0.0263157894736842,0.0,0.0,0.0,0.0,0.0,0.0,0.0,0.0,0.0,0.0,0.1462996862397526,-0.0492966399464628,-0.0847921609755182,-0.1045110377835014,0.0339435769230617,-0.0325509492198499,-0.0224394560440087,-0.0307586714298332,-0.0207018562153115,0.0315061428343101,0.0106861627889043,0.021154013000605,0.0281531501874305,-0.0248803444881397,0.0170158686335814,0.0891340982423953,0.016002295066049,-0.0063516314650621,-0.040156670424212,0.0210076979148838,-0.0170619095248846,-0.0534667021289774,-0.0088839882848857,0.0241060834116984,33.0,0.3575116523839995,0.1252893885230973,0.6188353908602127,0.5146583317333805,33.0,32.0,1.0,5.990529362669673,0.4420651303660301,0.1872040425834273,0.1076372571927565,0.2967647728389407,0.3615734245887677,3.279459314083341,3.0,3.0,0.0,0.0678022022523867,0.0590680013609919,0.0226007340841289,0.0258506136392382,0.0485743702259056,0.0538211857934487,0.4557664719603323
sciver_test_360,1,24,16,40,2000,0.3412108402109977,35.0,31.0,0.8857142857142857,6.314285714285714,2.0,0.0,4.0,0.2363636363636363,0.1956521739130435,0.0,0.0,0.0,0.0,0.0,0.0,0.0,0.0,0.0,0.0,0.0,0.0,0.0,0.0,0.0,0.0,0.0,0.2209001822622597,-0.0886258218267691,-0.1675278092623797,-0.0257427159167628,-0.0360446874341513,-0.0497585541446558,-0.1137551285914506,0.1547127285529927,-0.0561415441642371,0.0170290537180089,-0.0430336282539461,-0.0379402668764213,-0.0659294109038485,-0.0315846674904464,-0.0251347457031049,0.0884977697481389,0.0861695721396332,-0.0004025731355663,0.0433763304162199,0.0632245800424658,-0.1103475987795524,-0.0856251900840934,-0.0570269645298787,0.0600788076462456,31.0,0.3865194086951544,0.1493732288518963,0.7490404273281184,0.5697016954756837,31.0,30.0,1.0,6.200532983738588,0.3888645337029778,0.2066844327912863,0.1193799020682021,0.342520002480978,0.3697777367074758,3.2025094123587485,4.0,4.0,0.0,0.0344015323018678,0.0198504500531218,0.0086003830754669,0.0066996028786642,0.0157949696139817,0.0178227098335518,1.10887553284705
sciver_test_361,1,24,16,40,2000,0.1664378070755743,30.0,28.0,0.9333333333333332,6.1,0.0,0.0,0.0,0.0869565217391304,0.025,0.0,0.0,0.0,0.0,0.0,0.0,0.0,0.0,0.0,0.0,0.0,0.0,0.0,0.0,0.0,0.0,0.0,0.1407578911080265,-0.0756443521120444,-0.0103871871493304,-0.0518009502901429,-0.0574604559772763,-0.0236694890218166,0.0242170303195882,-0.0523361412284993,0.0190895990932911,0.0020808861726329,-0.0122740794918224,0.0134015536749113,-0.015266416475061,-0.0635668554660404,-0.0073847957393124,-0.0440256941507675,0.043333186371367,0.0134832278544304,-0.0077365183251968,-0.0315298129060306,0.0699316130694042,-0.0204890137348966,0.0163102406116111,0.0804804441810441,28.0,0.4198830062915334,0.146180803550331,0.7276750849582029,0.6214737013911164,28.0,27.0,1.0,5.602643413959978,0.4802148615485201,0.2075053116281473,0.0954644820348908,0.3117252327343489,0.3534635416037691,3.1874140146840717,1.0,1.0,0.0,0.0149196025347183,0.0149196025347183,0.0149196025347183,0.0,0.0149196025347183,0.0149196025347183,-0.0
sciver_test_363,1,24,16,40,2000,0.2468849390742342,38.0,35.0,0.9210526315789472,6.5,2.0,1.0,4.0,0.1666666666666666,0.15,0.0,0.0,0.0,0.0,0.0,1.0,0.0263157894736842,0.0,0.0,1.0,0.0263157894736842,1.0,0.0263157894736842,0.0,0.0,0.0,0.0,0.1908597814219043,-0.0891270285605458,-0.0458701335371788,-0.0783736968258832,0.0026100751541482,-0.1181817246276951,-0.036467624680224,0.0127397096155102,-0.006691202265477,-0.1018513962337164,-0.0762227306327699,0.0324353439080414,-0.0463748681515519,-0.0317118107430725,0.04367025009858,-0.0565060947933581,-0.02205309478996,0.1133355381377558,0.0252130377704744,-0.0566346570587802,-0.0126245452370988,-0.0041630854298477,-0.0417540721803493,0.0410187684731605,35.0,0.3700230323546602,0.1477316558490461,0.7265087684814191,0.5697766238652255,35.0,34.0,1.0,7.443332414663095,0.478377242308213,0.218921541607738,0.1216436483390933,0.3835642481459521,0.4313230122529796,3.372285276564609,3.0,3.0,0.0,0.04693117474588,0.0341273071578705,0.0156437249152933,0.0132228191702851,0.0290734477465257,0.0316003774521981,0.7545500855458281
sciver_test_366,1,24,16,40,2000,0.1480964175697108,35.0,35.0,1.0,6.542857142857143,2.0,2.0,3.0,0.0895522388059701,0.0701754385964912,1.0,0.25,0.0,0.0,0.0,1.0,0.0285714285714285,0.0,0.0,0.0,0.0,0.0,0.0,0.0,0.0,0.0,0.0,0.1317382282603561,-0.0323742895773977,-0.1117877317198457,-0.0696399346188679,0.0183634429453056,-0.031280541832261,-0.02286232574485,0.0760095501645259,0.0378217159067741,-0.0276277555822899,0.0500300425345384,0.01455052771464,0.0113235303120262,0.0239690010359888,0.0099385765407028,0.0066368599931614,0.0464744319188246,0.0006099361226091,0.0347049468166877,-0.0129304516915588,-0.0777636774105912,-0.0151330674720495,0.0311704694250256,0.0211312236673106,35.0,0.4001551036077405,0.1482353033144395,0.8159473219674587,0.6027333816618187,35.0,34.0,1.0,7.504677753512802,0.4376778155506901,0.2207258162797883,0.1029332521701416,0.3471416067219471,0.3969677013423812,3.4142991749462785,6.0,6.0,0.0,0.0476817735859078,0.0182283497506799,0.0079469622643179,0.0054855844318768,0.0140700393219491,0.0161491945363145,1.5434033747517382
sciver_test_368,1,24,16,40,2000,0.3598219735974874,38.0,33.0,0.868421052631579,5.473684210526316,4.0,0.0,4.0,0.2133333333333333,0.1935483870967742,2.0,0.2857142857142857,0.0,0.0,0.0,0.0,0.0,0.0,0.0,0.0,0.0,0.0,0.0,0.0,0.0,0.0,0.0,0.1946659857264732,-0.0523603603182723,0.0266506919361514,0.0845358211724524,0.1939915598044385,-0.1291919050021684,-0.1285876624688028,-0.0552267964183875,0.0283988734984319,0.0491481114021529,0.113149132627343,0.0756522284897754,-0.11640828661869,0.1181209574955191,0.0741260769545112,-0.1046243658214025,0.0701512007783941,-0.055202662894271,0.0024091226753453,0.0598395601067011,0.0388232466019333,0.0559206459060597,0.0605627914709532,0.0407814792086533,33.0,0.3984455788398153,0.1559086854451308,0.7735481825795372,0.6007998120012114,33.0,32.0,1.0,6.49887951956253,0.4071899273734191,0.203089984986329,0.1232557737723521,0.3711203569137407,0.3875793044407129,3.26024922882835,4.0,4.0,0.0,0.0967962618612404,0.0445096447832306,0.0241990654653101,0.0125712296462308,0.038535586442671,0.0415226156129508,1.259783690548884
sciver_test_370,1,24,16,40,2000,0.279436067034256,40.0,35.0,0.875,4.375,8.0,0.0,9.0,0.1216216216216216,0.0769230769230769,2.0,0.3333333333333333,0.0,0.0,0.0,0.0,0.0,0.0,0.0,0.0,0.0,0.0,0.0,0.0,0.0,0.0,0.0,0.2405303231454985,-0.0694272888925181,-0.0401751463734901,0.1294080242067134,0.1689345252969144,0.0979381784613361,-0.0585659723873894,-0.1541043623852223,0.2399563691436752,0.1320418563724997,0.1441726461541887,0.1288336325401019,-0.1051689246568361,-0.0048856386360397,0.0079513219007078,0.1153070913642684,0.0079576467851151,0.1131674200910711,-0.0623654434981283,-0.1127022541127107,0.0203322691115207,-0.0278357053088436,-0.0231849888537367,-0.090218449403255,35.0,0.3240054449659826,0.1571520271402499,0.7916793962058503,0.5617643670729282,29.0,28.0,1.0,5.767990363965356,0.420747743216859,0.2059996558559055,0.095374709411875,0.3106985178913647,0.3634290203214457,3.219548571516631,2.0,2.0,0.0,0.0954139997138376,0.0827260460516671,0.0477069998569188,0.0350190461947483,0.0757222368127174,0.0792241414321922,0.3920086261664612
sciver_test_371,1,24,16,40,2000,0.0596901193575551,31.0,29.0,0.935483870967742,6.354838709677419,0.0,0.0,2.0,0.1304347826086956,0.1351351351351351,0.0,0.0,0.0,0.0,0.0,0.0,0.0,0.0,0.0,0.0,0.0,0.0,0.0,0.0,0.0,0.0,0.0,0.1471622802741874,-0.0121609670350554,-0.0221224195085542,-0.0417764480535585,0.0577846841017105,-0.0184592314711358,0.0332854115036446,-0.0759903874875375,-0.0806111069488082,0.0263163200311584,0.0315244512699573,0.0228962528162669,0.0447300838109579,-0.0670909892683881,0.0817016752809993,-0.0201064868409325,0.0554794119827968,-0.0595638604992315,0.0016641591028651,-0.0217450426920012,0.0055654085971027,-0.0212863395729873,0.028543215717538,0.040834575237012,29.0,0.4113278779633298,0.1542176341417815,0.8348402970860235,0.6094439505890872,29.0,28.0,1.0,6.0590306021625535,0.4743695878362413,0.216393950077234,0.1147713742246535,0.3702491666545538,0.3890459832805152,3.180649833620318,0.0,0.0,0.0,0.0,0.0,0.0,0.0,0.0,0.0,0.0
sciver_test_372,1,24,16,40,2000,0.2040088237596223,31.0,29.0,0.935483870967742,6.967741935483871,1.0,1.0,5.0,0.2,0.125,0.0,0.0,0.0,0.0,0.0,0.0,0.0,0.0,0.0,0.0,0.0,0.0,0.0,0.0,0.0,1.0,0.032258064516129,0.2041428726117388,0.016304234667451,-0.1440479372253509,-0.113202889830611,-0.0339524032729283,-0.1427469440635948,-0.0819265562139424,0.0504938126125012,0.0808090016984021,-0.1304322045816728,0.0214718219532306,-0.0682774150697003,0.0805058371424201,-0.025578263566095,0.0464284578082361,-0.039230987520248,-0.0295578645440824,0.0585058231676293,-0.0160848564962223,-0.1191616004126526,0.1474448469219056,-0.0681026345668291,-0.062039589403656,-0.0804788421966705,29.0,0.4427255129921594,0.153969195824832,0.8415918019292911,0.6544013808252422,29.0,28.0,1.0,7.521639487846916,0.5570110369724001,0.2686299817088184,0.1221945812552479,0.4392485180061022,0.5141626544157544,3.2332078323646285,5.0,5.0,0.0,0.1782191856263607,0.0716472963892032,0.0356438371252721,0.0297266020592807,0.0708997067309407,0.0712735015600719,1.209485512667408
sciver_test_374,1,24,16,40,2000,0.2470243133651388,40.0,40.0,1.0,5.45,5.0,0.0,1.0,0.1785714285714285,0.1304347826086956,1.0,0.1666666666666666,0.0,0.0,0.0,0.0,0.0,0.0,0.0,0.0,0.0,0.0,0.0,1.0,0.025,0.0,0.0,0.1792860628197373,-0.0872623314658834,-0.0032396006455712,-0.05202601565334,0.0660257488610463,-0.0735631366514481,-0.043866329836829,0.0047038555387839,0.1299740434242686,0.0590532410125304,0.086638159821883,0.0161481587249627,-0.0558626085606026,0.0819412076653886,0.0195447109016983,-0.0445358673671101,0.039750758235136,0.0035251239100722,-0.0353512855559122,-0.0171846629160208,0.0662313309384268,0.0267089167514653,0.004948798501397,0.0125697127003028,40.0,0.4049445292821348,0.152831211941036,0.8000489787803516,0.5924318974995024,39.0,38.0,1.0,8.11711589210584,0.3906818145447209,0.2136083129501536,0.1051191049008255,0.329564168696658,0.367060456644631,3.484991054016139,2.0,2.0,0.0,0.15176408514675,0.126080052918129,0.075882042573375,0.0501980103447539,0.1160404508491782,0.1210602518836536,0.4546736194620726
sciver_test_375,1,24,16,40,2000,0.2079549477198223,47.0,42.0,0.8936170212765957,6.127659574468085,3.0,0.0,4.0,0.116504854368932,0.0439560439560439,0.0,0.0,0.0,0.0,0.0,0.0,0.0,0.0,0.0,0.0,0.0,0.0,0.0,0.0,0.0,1.0,0.0212765957446808,0.2371104304391521,-0.111470770740605,-0.0073432610201639,-0.0379216937416797,-0.0566146517284905,-0.0702196787107011,0.0937586520733557,0.0193525035942014,0.0140216565972237,-0.0339225083228569,-0.0282306669219029,0.0137292510949279,0.0573383571377006,-0.0219355699843733,0.0642829515939678,0.0365896818847491,0.0430709919047971,0.0218627732654058,-0.0217659316936853,0.000272261457786,-0.0357543796620023,-0.0232579030465422,-0.043608937205121,0.0256664241318714,40.0,0.4349447361937237,0.161289897784484,0.9490539202552816,0.6680281407430261,38.0,37.0,1.0,8.702425908999082,0.510271652506133,0.2352007002432184,0.1004915291937504,0.374033565260412,0.4012354079718402,3.517513583123568,4.0,4.0,0.0,0.0894544689907534,0.0423987942285237,0.0223636172476883,0.0125847816723435,0.0366088531590022,0.039503823693763,1.2344850447396296
sciver_test_377,1,24,16,40,2000,0.1147874860620835,31.0,30.0,0.967741935483871,7.225806451612903,3.0,3.0,6.0,0.06,0.0465116279069767,0.0,0.0,0.0,0.0,0.0,0.0,0.0,0.0,0.0,0.0,0.0,0.0,0.0,0.0,0.0,1.0,0.032258064516129,0.1520179737822654,-0.0330436296459158,-0.1076519397583082,-0.1659173708039927,0.0274123896767301,-0.0673103170446173,-0.1477888579251202,0.1380750440613225,-0.0367259613602789,-0.082776794953729,0.0168258318756371,0.0418095340270671,0.0642195027396032,-0.0530534776542127,-0.0583302223612448,0.0326547105371722,0.0668980675072409,0.0520805174001443,0.0075347486786873,-0.071616736382321,0.1495718082029608,-0.0772860500452391,0.0049221195241274,-0.1446122654318095,30.0,0.458522830974069,0.1770015723680635,0.9710928275384996,0.7163156531615331,30.0,29.0,1.0,7.229104808597796,0.5836446736228348,0.2492794761585447,0.1425630459225363,0.4524996976431778,0.532511718576455,3.19797943057935,0.0,0.0,0.0,0.0,0.0,0.0,0.0,0.0,0.0,0.0
sciver_test_379,1,24,16,40,2000,0.1468411606627388,35.0,32.0,0.9142857142857144,5.3428571428571425,4.0,1.0,6.0,0.0967741935483871,0.074074074074074,1.0,0.1428571428571428,0.0,1.0,0.0285714285714285,0.0,0.0,0.0,0.0,0.0,0.0,0.0,0.0,0.0,0.0,0.0,0.0,0.1670847743408485,-0.0413131793510878,-0.0414636596984275,-0.0925776777682657,0.1294376298679292,0.0214857081111361,0.1439345488366417,-0.0397663178623348,-0.014438684957663,0.0678798161973112,-0.1547732665068687,0.080793387256172,0.0277002449199595,-0.0615937829974805,0.030014224063969,0.0038917741891346,-0.1255025400373837,-0.0584205407134298,-0.0339675618610752,0.0717440454118751,-0.0677624938517372,0.0031656741492823,-0.0359529592320839,-0.0158193130292118,32.0,0.3498951299447391,0.1339739249350457,0.7386477719872991,0.5261410323884868,29.0,28.0,1.0,5.960797964549114,0.4580200016855453,0.2128856415910398,0.1078120899661526,0.3401866925294984,0.417835423295931,3.2014807302655255,3.0,3.0,0.0,0.0219754187063899,0.011924643447373,0.0073251395687966,0.003966240971841,0.0111008507060288,0.0115127470767009,0.9324349190074828
sciver_test_380,1,24,16,40,2000,0.3171809767707207,43.0,38.0,0.8837209302325582,5.162790697674419,5.0,2.0,6.0,0.1969696969696969,0.1785714285714285,2.0,0.3333333333333333,0.0,0.0,0.0,0.0,0.0,1.0,0.0232558139534883,0.0,0.0,0.0,0.0,1.0,0.0232558139534883,0.0,0.0,0.1778215464102272,-0.107435206887569,-0.0113225076868505,-0.1509487862010413,0.0249848711572501,-0.0514262687741553,-0.0649880456496167,0.0027629336306896,0.1380025790948101,0.0010357446082928,0.042868875969284,0.014413906515593,-0.0035940200972606,0.1000341420081526,-0.0329885456520952,0.0042877718062888,0.1239918898226122,-0.0962028675394437,-0.0690930232847352,0.0163873301577747,0.004196694443677,-0.0125591999032504,-0.018201578594884,0.135453176889552,38.0,0.3422017436273797,0.1734273633752885,0.8987222056579973,0.5595231411521329,35.0,34.0,1.0,6.648333325390802,0.5474381082532617,0.1955392154526706,0.1247547913805437,0.3728516085471652,0.4214775085778583,3.3283091511627414,3.0,3.0,0.0,0.0481168366834403,0.0360037422652735,0.0160389455611467,0.0141236836585483,0.0301187694308171,0.0330612558480453,0.7378001742822649
sciver_test_382,1,24,16,40,2000,0.1343869516277433,42.0,37.0,0.8809523809523809,5.214285714285714,9.0,1.0,3.0,0.048780487804878,0.0555555555555555,1.0,0.1111111111111111,0.0,0.0,0.0,0.0,0.0,0.0,0.0,1.0,0.0238095238095238,0.0,0.0,0.0,0.0,0.0,0.0,0.1846090134435513,-0.0949575076863088,0.1197779630735178,-0.1012961160527626,-0.0087323262053623,-0.0372400834950104,0.0504086776806524,-0.0419583537327543,0.1432598140495107,0.1006993598264643,0.1021044330486615,-0.0202392264266809,0.0677618208600965,-0.0248328438990984,-0.0163045909190391,0.0284890712610905,-0.0641222134443861,-0.01387273528346,0.0376336604601803,-0.0587032687594774,-0.0325039992433643,0.016197602031765,-0.0012802415641337,0.0575330508901574,37.0,0.2971811828342593,0.1395654167518736,0.6414748686132161,0.4832001178576175,36.0,35.0,1.0,5.482868812287514,0.4364145975895312,0.1566533946367861,0.1183889522103703,0.3382383846896666,0.3671396951717417,3.2583241745136475,3.0,3.0,0.0,0.0160577157974775,0.0132368584862053,0.0053525719324925,0.0056419127190522,0.0110837316913108,0.012160295088758,0.5305894717458323
sciver_test_384,1,24,16,40,2000,0.195350659693011,39.0,35.0,0.8974358974358975,6.333333333333333,3.0,3.0,11.0,0.1,0.0576923076923076,0.0,0.0,0.0,0.0,0.0,0.0,0.0,0.0,0.0,0.0,0.0,0.0,0.0,1.0,0.0256410256410256,2.0,0.0512820512820512,0.2118891267525013,-0.0516215720243121,-0.0930376582999059,-0.0223772824117977,-0.1266773393427308,8.08254528757115e-05,0.0062245280683671,-0.0428899830588223,-0.0365975923034467,-0.0092720873922941,0.0253567843322782,0.0420279396048259,0.0172567729289427,-0.0666827280253025,0.0129305188395742,0.0614059110631556,0.1094125426003052,0.0311903216719015,-0.0745153069973444,0.1075004899187939,0.0728418067438519,-0.0852933822581136,0.062157733422703,0.1010020369662254,35.0,0.3780355901153884,0.146074610879724,0.8628838581911903,0.5719796442521617,35.0,34.0,1.0,6.640837073659391,0.5705315185242713,0.1953187374605703,0.0964811798518922,0.2896546958433032,0.3579275984208476,3.4200700891177673,4.0,4.0,0.0,0.050204808189927,0.030882605251327,0.0125512020474817,0.0114777373330907,0.0254037227545847,0.0281431640029558,0.921891441659546
sciver_test_386,1,24,16,40,2000,0.4618383980184393,51.0,45.0,0.8823529411764706,5.784313725490196,8.0,1.0,7.0,0.2297297297297297,0.238095238095238,3.0,0.375,0.0,0.0,0.0,0.0,0.0,0.0,0.0,1.0,0.0196078431372549,0.0,0.0,0.0,0.0,1.0,0.0196078431372549,0.1954530927828658,-0.0472444185436069,0.0423784290487003,-0.1328440316544063,0.0316904394241919,0.1974573253780847,-0.1359334069230481,0.2121564839632227,-0.0376033773455669,0.1670527711016457,-0.0514487236356409,-0.0751473053136338,0.0494144155934246,-0.04246871456036,-0.0614858260959859,-0.2522595686056457,0.0991232644452913,-0.038985838892429,0.0213308827189584,-0.0001479730094942,0.1093154228755977,-0.0010617872772487,0.0340384932050787,0.037785072579465,40.0,0.399444218389108,0.1575583386580376,0.7407345791864961,0.5934734137945868,37.0,36.0,1.0,7.822254435887896,0.4995840438488087,0.2172848454413304,0.1159077632523325,0.3501465070358829,0.3960301401070863,3.417937548150436,2.0,2.0,0.0,0.0070880032866795,0.0047902433832048,0.0035440016433397,0.001246241739865,0.0045409950352318,0.0046656192092183,0.629977161507
sciver_test_388,1,24,16,40,2000,0.1183199049857951,46.0,37.0,0.8043478260869565,5.173913043478261,13.0,0.0,3.0,0.1,0.056338028169014,0.0,0.0,0.0,0.0,0.0,0.0,0.0,0.0,0.0,0.0,0.0,0.0,0.0,1.0,0.0217391304347826,0.0,0.0,0.1426789672358639,-0.0873235992951957,-0.0033825971983166,-0.0727824070515877,0.0506812991929387,-0.0462896907921912,0.0106983279038436,-0.0570314439226833,-0.0392074412693146,-0.0167344134286773,0.0796679008605174,-0.0265230473968738,-0.0006154392925105,0.0434268578012747,0.0319802137106612,0.0294895219461202,0.0797207519532634,-0.0445510305860911,-0.0034247191565242,0.0131408855943797,0.0193735538388757,-0.0846358760683691,-0.0244157952999773,-0.0098589631566223,37.0,0.3968264389919217,0.157701209397399,0.7801906831758694,0.586046877763141,37.0,36.0,1.0,7.056305751774334,0.4559826263406134,0.1960084931048426,0.1296795961728528,0.3689019859849552,0.4051228613382551,3.3361422375967074,5.0,5.0,0.0,0.0742947436475484,0.0512501654568787,0.0148589487295096,0.0182700281078262,0.0340470060385648,0.0426485857477217,1.03246151393928
sciver_test_390,1,24,16,40,2000,0.1818675712420077,49.0,43.0,0.8775510204081632,4.122448979591836,11.0,0.0,9.0,0.1585365853658536,0.144927536231884,2.0,0.2222222222222222,0.0,1.0,0.0204081632653061,0.0,0.0,0.0,0.0,0.0,0.0,0.0,0.0,0.0,0.0,0.0,0.0,0.2199038742597741,-0.0957692547321758,0.0478443891785443,0.0241312674217698,0.149321019594552,0.2522574910061325,0.0175408679558473,-0.0656408464198701,0.0459696520174395,-0.0781364774119853,-0.0668148651168561,-0.1340535596364807,-0.0782187782571465,0.0319222145099603,-0.0846177688267982,-0.034940682073227,-0.0437633475651311,0.0430483768617719,-0.0241764441166523,0.0784549648530283,-0.1009323095133883,0.0071345184580292,-0.0298442767636236,-0.1580862231966373,40.0,0.3103029957994614,0.1723712622453186,0.7272259425011983,0.5357215579786423,29.0,28.0,1.0,5.624047595966446,0.4517003317750351,0.2008588427130873,0.1057779849954692,0.3347667736665221,0.3599742925174228,3.1879169932386295,2.0,2.0,0.0,0.0098322441966838,0.0066970199044485,0.0049161220983419,0.0017808978061066,0.0063408403432272,0.0065189301238378,0.6260160397891225
sciver_test_392,1,24,16,40,2000,0.0431356986249329,36.0,33.0,0.9166666666666666,5.527777777777778,1.0,0.0,2.0,0.0638297872340425,0.0,0.0,0.0,0.0,0.0,0.0,2.0,0.0555555555555555,0.0,0.0,0.0,0.0,0.0,0.0,0.0,0.0,0.0,0.0,0.1791690416019285,-0.0360566297073321,-0.1563403275301985,0.115798133197728,-0.0794910623771178,0.016486812056345,-0.008109626730056,-0.0806969746027239,-0.004647616288245,0.0101079958828275,-0.1093993043046071,0.0051914422374771,-0.056849195296594,0.07924308779864,-0.0690101268764981,0.0090007346456402,0.0008529674710662,0.0674423616746626,-0.0823991288064855,-0.0633187781157864,0.0483777458918038,0.0211456812938658,0.0090140302273123,0.0108533703269144,33.0,0.3806997267342084,0.1208335532377841,0.7422082800882617,0.5518116960550097,32.0,31.0,1.0,6.544419984884355,0.495901862680192,0.2111103220930437,0.0736591721494733,0.2686551416700005,0.2811094052855608,3.376429449435133,8.0,8.0,0.0,0.087144315774811,0.0330801967548799,0.0108930394718513,0.0103897810088031,0.0226229268573684,0.0278515618061241,1.6484616239392806
sciver_test_394,1,24,16,40,2000,0.0,41.0,36.0,0.8780487804878049,5.804878048780488,3.0,0.0,3.0,0.0222222222222222,0.0256410256410256,0.0,0.0,0.0,0.0,0.0,0.0,0.0,0.0,0.0,0.0,0.0,0.0,0.0,0.0,0.0,0.0,0.0,0.1359388418628355,-0.081026507349845,0.0757337130877044,0.0009844384961273,-0.0288112493264918,-0.0328100747375803,0.1054991298855512,-0.0233217753089584,0.0001704246170039,-0.0489424315719306,0.003344230272828,0.0490628478518391,-0.0110677420564085,-0.038791284504875,0.0289307089294184,-0.0140395888740425,0.0334631123185516,-0.0230535451391628,-0.0375662634344486,-0.0149982314556308,-0.0076020836249082,0.0140452807520152,0.0233199415637111,-0.0042420643590236,36.0,0.359147770977376,0.1289161759023712,0.7005820570327006,0.5188409397390569,36.0,35.0,1.0,6.720435485330382,0.3440732365365361,0.1920124424380109,0.0970617730513414,0.3085704120617074,0.3193557193111432,3.3932775709433214,6.0,6.0,0.0,0.0430152157868964,0.0160251768858343,0.0071692026311494,0.005376468027277,0.0135816788014525,0.0148034278436434,1.462434477900402
sciver_test_395,1,24,16,40,2000,0.12882478929809,40.0,39.0,0.975,5.65,3.0,2.0,6.0,0.1228070175438596,0.1136363636363636,0.0,0.0,0.0,0.0,0.0,0.0,0.0,0.0,0.0,0.0,0.0,0.0,0.0,1.0,0.025,0.0,0.0,0.2054651224473613,-0.080583982264636,-0.0530194343819842,-0.0231478213543599,-0.0621466279121815,-0.0159978635454838,-0.0023835583512587,0.0153533453543975,0.0160870952411251,-0.061924451828514,-0.0572256799783284,0.0021961222488592,-0.0603316254069791,-0.0455204489794063,0.0642557717990523,-0.0902218097001127,0.0550303965867375,0.0216414633892027,0.0053472188682994,-0.0063029099039926,-0.1213489279922633,-0.0150023532663161,-0.0171603741145485,0.048975998692248,39.0,0.3813055018036239,0.1831867646605418,0.9258038788530896,0.6111280298413246,38.0,37.0,1.0,8.009978472511975,0.5964980555433997,0.2164859046624858,0.1273669558736484,0.3956523644342763,0.4196877306441847,3.4455745386716012,5.0,5.0,0.0,0.0567145795701549,0.0317610022136275,0.0113429159140309,0.011898582515956,0.0262450240764375,0.0290030131450325,1.0683259645008545
sciver_test_398,1,24,16,40,2000,0.3360721108731505,31.0,29.0,0.935483870967742,5.709677419354839,4.0,2.0,3.0,0.1842105263157894,0.21875,0.0,0.0,0.0,1.0,0.032258064516129,0.0,0.0,0.0,0.0,0.0,0.0,0.0,0.0,1.0,0.032258064516129,0.0,0.0,0.1806504829746046,-0.082339660619869,0.0491027387098091,-0.0264119092917709,0.2028840121488419,-0.0410165248491518,-0.0504932579544436,-0.069807121084987,0.0848871896644816,0.1660165521197549,0.0858686208584917,0.0068855981306794,-0.085659238120436,0.0760123550030083,0.0106379517599229,-0.1300173576709953,-0.0345682860302188,0.0008394631719574,-0.0564695332955731,0.0054925452553171,0.1489394411455447,0.0421471331075846,-0.1379472663152816,0.0391190014290638,29.0,0.3851228530750197,0.1469862687256193,0.7583972262334889,0.570081913405463,27.0,26.0,1.0,6.161921873325754,0.4731942463569952,0.2369969951279136,0.1059564045902194,0.3601522707888298,0.3695249894942665,3.1476618185451346,2.0,2.0,0.0,0.0633030897591508,0.0323897914169309,0.0316515448795754,0.0007382465373554,0.0322421421094598,0.0323159667631953,0.6928751470525396
sciver_test_400,1,24,16,40,2000,0.090161421765431,43.0,43.0,1.0,6.232558139534884,3.0,0.0,4.0,0.0980392156862745,0.0930232558139534,1.0,0.3333333333333333,0.0,1.0,0.0232558139534883,0.0,0.0,0.0,0.0,1.0,0.0232558139534883,0.0,0.0,0.0,0.0,1.0,0.0232558139534883,0.1863184930447665,-0.0063257132472106,-0.1628150261514618,-0.05392509278606,0.0373935779969199,0.0510664114940623,0.0345164151248321,0.0368769416019138,-0.022315783413427,0.0209569259191325,0.0285472129768956,-0.0603628134091961,-0.1328008186598592,-0.0179760769532195,-0.0793068719140923,-0.009550346693715,-0.1712343791600012,-0.034810682738558,0.1583606791630205,0.1050021363490751,-0.0177703512567647,-0.0385547758637267,-0.2575922345244536,0.0197663968731845,40.0,0.368057801063162,0.1259754149075385,0.7382170617123124,0.5377911114512419,39.0,38.0,1.0,7.972689418607503,0.4185300464681717,0.2098076162791448,0.0884999983577994,0.3257208788148724,0.4044401540906013,3.547335385069029,4.0,4.0,0.0,0.0501258891524538,0.0260121215621829,0.0125314722881134,0.0079194536120072,0.0212910723233739,0.0236515969427784,1.2104385164391358
sciver_test_402,1,24,16,40,2000,0.1342853394245619,35.0,33.0,0.9428571428571428,6.457142857142857,2.0,0.0,2.0,0.2115384615384615,0.1818181818181818,1.0,0.3333333333333333,0.0,2.0,0.0571428571428571,0.0,0.0,0.0,0.0,0.0,0.0,0.0,0.0,0.0,0.0,0.0,0.0,0.1970562730491316,-0.1214606613993662,-0.0899439751883117,-0.0887407616877664,-0.013181297909316,-0.051135392051117,0.0778235840066721,-0.0526034302636435,-0.0796270170818806,-0.0851025694354083,-0.0551917692088723,0.031769467996888,0.0142873002552087,-0.0338660660564387,0.1154321320263537,0.0087451027789114,-0.1153565346579993,0.0493778785258093,-0.0159363996916472,0.0554987269218446,0.0817317507564073,-0.0196871871175873,-0.0619417672595222,0.0741803987966571,33.0,0.4196013115683875,0.1236090147169728,0.7005825089476968,0.5716973169604738,31.0,30.0,1.0,7.524452966175436,0.4415396906332468,0.2508150988725145,0.0857231006769312,0.3471064217133804,0.3713982790209844,3.337542421233216,8.0,8.0,0.0,0.1747051371808072,0.0615744850589733,0.0218381421476009,0.0218017803184209,0.0513212727539754,0.0564478789064744,1.5808168161799332
sciver_test_404,1,24,16,40,2000,0.0789295138357562,40.0,37.0,0.925,6.075,3.0,2.0,6.0,0.1408450704225352,0.1147540983606557,2.0,0.2222222222222222,0.0,0.0,0.0,0.0,0.0,0.0,0.0,1.0,0.025,0.0,0.0,1.0,0.025,0.0,0.0,0.1750836839368069,-0.0743500957066112,-0.0680881496912796,0.0062148807159942,-0.0154890798299666,-0.0014574528611339,-0.0291448008623988,0.0349343329379706,-0.0174905022598024,0.0213882639537138,-0.0458269747031366,-0.060330899351432,-0.017927480073563,-0.0245005980213541,-0.0307333268857271,-0.0586616086241652,-0.0446586653607231,0.0073374792601421,0.0197707029243291,-0.0453930355128771,-0.0142501673965604,0.0244851715341579,-0.0606616551289904,-0.0070175190980698,37.0,0.3826444384111013,0.1476365858456408,0.7884823649102616,0.571304930741342,36.0,35.0,1.0,7.440807755397107,0.407243992351698,0.2125945072970602,0.1031866644681931,0.3463185754228117,0.359138715094946,3.416357856379794,6.0,6.0,0.0,0.0785340880478763,0.0337340573767446,0.013089014674646,0.0106046169539947,0.0248449533966582,0.0292895053867014,1.4575913284298063
sciver_test_406,1,24,16,40,2000,0.2398283256556614,37.0,36.0,0.972972972972973,5.918918918918919,4.0,2.0,3.0,0.1111111111111111,0.0869565217391304,1.0,0.25,0.0,1.0,0.027027027027027,0.0,0.0,0.0,0.0,0.0,0.0,0.0,0.0,0.0,0.0,0.0,0.0,0.1706653476987408,-0.0773631556885799,-0.0769665583849637,-0.1189645984029162,0.0335186711563743,0.001203351385446,-0.042240301307834,0.0222583037399427,0.0082172201013705,-0.0239778725857132,-0.0073174658925927,0.0188921692625481,0.0549271236627986,-0.0046940800374862,-0.0544987455823,0.0492239504803333,0.0044218795369876,0.0277972553883442,-0.0792382039944453,0.052311305945785,-0.0813960439188508,-0.0567533052861456,0.0142146658308056,0.086626023855824,36.0,0.3911525588007054,0.1659742271231847,0.829554777520681,0.6059904672904747,33.0,32.0,1.0,7.608266995964846,0.4773374655695206,0.2377583436239014,0.122429652831483,0.4142408012775356,0.4247082870039597,3.3150623545333215,5.0,5.0,0.0,0.080377409291748,0.0342860890789523,0.0160754818583496,0.0134438941687862,0.03256730610101,0.0334266975899812,1.2303641027839625
sciver_test_407,1,24,16,40,2000,0.0284004943050041,33.0,27.0,0.8181818181818182,4.454545454545454,7.0,0.0,3.0,0.1451612903225806,0.1153846153846153,0.0,0.0,0.0,1.0,0.0303030303030303,0.0,0.0,0.0,0.0,0.0,0.0,0.0,0.0,0.0,0.0,0.0,0.0,0.1820904994107277,-0.0595325589584494,-0.0360495961470622,0.0594320578165277,0.1186981151365441,0.1625788347452763,-0.1255490887890021,0.0405497578298793,0.1978690412662414,-0.024111496659052,0.0628507559553378,0.0161053582023388,-0.0714285875801177,-0.0934290269686744,0.0125496051892393,0.1712446893368683,-0.0045499724411118,0.0878407767243003,0.0752750073579059,-0.1868813999435314,-0.0108331447339585,-0.0633485360377047,-0.0282973288882166,-0.017599125501668,27.0,0.3810617633769985,0.1907231662153043,0.8082397682489799,0.5916574476977746,23.0,22.0,1.0,5.30299064856597,0.4413743988381745,0.2410450294802713,0.128281561417902,0.4028129937906671,0.4046850571694765,2.9232608690094315,2.0,2.0,0.0,0.0468668300348339,0.0350194106304775,0.0234334150174169,0.0115859956130605,0.0327022115078654,0.0338608110691714,0.5653784897521947
sciver_test_409,1,24,16,40,2000,0.0262076187111839,42.0,38.0,0.9047619047619048,5.666666666666667,9.0,4.0,4.0,0.0793650793650793,0.037037037037037,1.0,0.1111111111111111,0.0,0.0,0.0,0.0,0.0,0.0,0.0,2.0,0.0476190476190476,0.0,0.0,0.0,0.0,0.0,0.0,0.1681227913779431,-0.0739688229112739,-0.069982465796294,-0.0359407823692306,0.0301120372367339,0.0703311951670585,-0.0205681077781658,0.0448447771165666,-0.0611564072973436,-0.0118226860976684,0.0349160672856774,-0.0901790089065286,-0.0057898307999315,0.0195681164400371,-0.0341504047274983,0.0206585008050768,-0.0412995389029825,-0.0456433170042505,-0.0170635065980714,0.0397235534719603,0.0414988570140774,0.0539793257517284,-0.0018315796913098,0.0413536128335576,38.0,0.3412075202166364,0.1437040305874645,0.67118674972415,0.5179004462021377,35.0,34.0,1.0,6.432544659336256,0.4401163528501891,0.1891924899804781,0.1171721668729689,0.3382696766648404,0.3762526942239053,3.3199719557616687,3.0,3.0,0.0,0.0365545802225916,0.0206378262303017,0.0121848600741972,0.0063615273223696,0.0186353805579703,0.019636603394136,0.961663170494108
sciver_test_411,1,24,16,40,2000,0.1536709656606183,37.0,36.0,0.972972972972973,6.405405405405405,3.0,0.0,4.0,0.0816326530612244,0.0975609756097561,1.0,0.25,0.0,0.0,0.0,0.0,0.0,0.0,0.0,0.0,0.0,0.0,0.0,1.0,0.027027027027027,0.0,0.0,0.1143151657129978,-0.064221409690515,0.0084516629037178,-0.0089446992703937,0.0339659837943707,-0.0209409787924725,-0.0613001359972739,0.0146506719958077,-0.0083794751492798,-0.0328289534959005,-0.033597309791311,-0.0140155695135845,-0.0074300378427236,0.0127461054615445,-0.0476067557378314,-0.0270336491605118,0.0358542642581837,-0.0121718538931636,0.0203002147832632,0.0220605447360049,-0.0426203742788405,-0.0390575233718913,-0.0394459587524652,0.0177486000661929,36.0,0.4121845969448753,0.1786114836504477,0.8348527092223601,0.6247289545354695,35.0,34.0,1.0,7.268913450731342,0.5083495413681897,0.2137915720803336,0.128195277444271,0.389843027261313,0.467573629454001,3.3370817522678164,3.0,3.0,0.0,0.0166233493804994,0.0119724985323561,0.0055411164601664,0.0045635792650042,0.0101363313327768,0.0110544149325664,0.7810095792763594
sciver_test_412,1,24,16,40,2000,0.2284667098970657,34.0,33.0,0.9705882352941176,5.852941176470588,3.0,0.0,2.0,0.131578947368421,0.109375,1.0,0.1428571428571428,0.0,0.0,0.0,0.0,0.0,0.0,0.0,0.0,0.0,0.0,0.0,0.0,0.0,0.0,0.0,0.1729309485761019,-0.0269341808209932,-0.0517294938382621,-0.0443024826048643,0.0332717286549067,-0.0794394813029674,0.0533500074644721,0.0213961823363079,-0.0036970094888238,-0.0768611067633384,0.0238879625836809,-0.0497026929192029,0.1306873697645695,0.0561018516778747,-0.089070333654643,0.0321292674295308,0.1257456595437829,0.0893133388946382,-0.039568548772693,-0.0560617939625967,-0.0133481953025007,0.0274405409408007,-0.1277186191858075,-0.0095413255183696,33.0,0.4246296209637704,0.1529788614300188,0.8553771678905672,0.6266501905790722,31.0,30.0,1.0,7.536590121736203,0.4599648286871193,0.2512196707245401,0.1050470595939005,0.4018765670903216,0.431626667757454,3.304568446759075,6.0,6.0,0.0,0.1181413569892635,0.0538714361056597,0.0196902261648772,0.0170124996884226,0.0409536138953537,0.0474125250005067,1.4634201088114889
sciver_test_417,1,24,16,40,2000,0.2417222919950917,34.0,30.0,0.8823529411764706,5.470588235294118,5.0,0.0,3.0,0.0606060606060606,0.0666666666666666,0.0,0.0,0.0,0.0,0.0,0.0,0.0,0.0,0.0,0.0,0.0,1.0,0.0294117647058823,1.0,0.0294117647058823,0.0,0.0,0.1791374837934889,-0.0877405687181942,0.074984083647038,0.0229201806619023,-0.0529888882486151,-0.0657373458086461,0.0727836780370459,-0.081301168424064,0.0327707976859422,0.0352035075299668,-0.0137515161654671,0.0167948360795331,0.0074214473360052,-0.0793317022775986,-0.012747442929621,-0.0608296179112964,-0.0721284224487986,0.0932490429801823,-0.0633030548468111,-0.0445701089482995,0.1250082242611839,0.0185372040058291,-0.0744240876924962,0.0989875290912544,30.0,0.3758449371337927,0.1225641829572686,0.6674615190735603,0.5407675171930322,30.0,29.0,1.0,5.717892830545407,0.4058422873909469,0.1971687182946692,0.0861368686417514,0.3117320778551167,0.3489948395394133,3.271789423969546,3.0,3.0,0.0,0.0794474517577622,0.0601602883284573,0.026482483919254,0.0238444323939605,0.0503528896972309,0.0552565890128441,0.719651274064308
sciver_test_419,1,24,16,40,2000,0.015093614834278,33.0,30.0,0.9090909090909092,5.696969696969697,8.0,0.0,4.0,0.073170731707317,0.0571428571428571,0.0,0.0,0.0,0.0,0.0,0.0,0.0,0.0,0.0,0.0,0.0,0.0,0.0,0.0,0.0,0.0,0.0,0.1538450451980554,-0.0747163606109791,-0.0253418840390111,-0.1108638781007431,0.0634572089329141,0.1884770804226615,-0.0986737478779483,0.1818392280582744,-0.0886135608609197,0.0651362829547456,0.053505121897521,-0.0521665806668358,0.0874231088832031,-0.0332433837229737,0.0777354146013686,-0.1798798908528351,0.1355682860395466,0.0659418127843016,0.0111573220136508,0.0219233438149817,-0.098662037277822,-0.0652339864486397,-0.1398439540749845,-0.0375308276469725,30.0,0.3679208169877682,0.1703654353702768,0.7625225244478855,0.5823636247103952,27.0,26.0,1.0,4.727088863811632,0.3966385771309947,0.1818111101466012,0.1093476740317611,0.3629510965025628,0.3745696733171877,3.070025183312529,1.0,1.0,0.0,0.0154960359320156,0.0154960359320156,0.0154960359320156,0.0,0.0154960359320156,0.0154960359320156,-0.0
sciver_test_421,1,24,16,40,2000,0.3754138603469961,45.0,41.0,0.9111111111111112,5.488888888888889,5.0,3.0,10.0,0.2,0.1842105263157894,1.0,0.2,0.0,2.0,0.0444444444444444,0.0,0.0,0.0,0.0,0.0,0.0,1.0,0.0222222222222222,0.0,0.0,0.0,0.0,0.171779973825809,-0.0783725180957927,-0.0183146850324091,-0.0280188945332965,0.0483000132202061,-0.0062230498323986,0.0402421854150565,0.0461895718846836,-0.038342871168956,0.0290303056879156,-0.1044400132029934,0.1169742923706842,0.0533628616210195,0.0089915498989821,-0.0987345358507095,0.0390803328315872,0.0092162593957848,-0.0926642334493214,-0.0010057920050868,-0.0466125134692055,-0.0691522732205683,-0.0654540629248235,-0.0214647632120982,-0.0136237418499304,40.0,0.3595644660570282,0.1652829286158019,0.8588739572231682,0.5808099615308217,38.0,37.0,1.0,6.879358153760493,0.5176296296260485,0.1859285987502835,0.1148178748545663,0.3203234999050516,0.3693431796206111,3.425679606500686,5.0,5.0,0.0,0.1059154226340916,0.0487087751260626,0.0211830845268183,0.0225028265230839,0.0486421249921148,0.0486754500590887,0.9760545631584676
sciver_test_422,1,24,16,40,2000,0.2161095781978268,47.0,38.0,0.8085106382978723,5.1063829787234045,6.0,0.0,1.0,0.1395348837209302,0.1025641025641025,1.0,0.1666666666666666,0.0,0.0,0.0,0.0,0.0,0.0,0.0,0.0,0.0,0.0,0.0,0.0,0.0,1.0,0.0212765957446808,0.2416102889109418,-0.0581927718128678,-0.0857144273129059,0.0548265688998019,-0.0559310597867954,0.0682840342606617,0.1347989349624361,0.0139924328989172,-0.0310354315328517,0.0192439743820218,-0.0078196663708665,0.1388120552853111,0.0894330302652621,-0.0380606527033715,0.0298525843376741,0.0086938622227749,-0.0859392439553228,0.0125465389830256,-0.0456873029903667,0.0495357844223723,0.0506827272848926,0.0451547209075195,0.0680485299912482,-0.0590980805502608,38.0,0.3675134015324635,0.1427608186637572,0.8029312750942398,0.5681320930295071,35.0,34.0,1.0,7.240230840499844,0.3564068518756406,0.2129479658970542,0.0892210399579565,0.3149382942413259,0.3405099695041396,3.430059192117401,3.0,3.0,0.0,0.0300426676420053,0.0111597396837275,0.0100142225473351,0.0008229862757322,0.0108517510440338,0.0110057453638806,1.095286246708011
sciver_test_426,1,24,16,40,2000,0.0131496658130824,29.0,29.0,1.0,6.586206896551724,0.0,0.0,3.0,0.0227272727272727,0.0,0.0,0.0,0.0,0.0,0.0,0.0,0.0,0.0,0.0,0.0,0.0,1.0,0.0344827586206896,0.0,0.0,0.0,0.0,0.1213853187815065,-0.0845386902406626,-0.0468297933563223,-0.0742772544526601,-0.0209458158476407,0.0256191573236237,0.0206882771606043,0.0347610992671857,-0.0592647542354173,-0.0486503683553958,0.0709772286535862,0.0418513096741921,-0.0431661875966373,0.0220585072721471,-0.0338817238808984,0.0242630062613513,-0.0106907706927304,-0.0536963668113728,-0.0349404982601322,-0.0757939304150152,0.0080315790600464,0.0086733687109661,0.0692014500843829,0.0107514182198744,29.0,0.4336609953163888,0.1259663649307456,0.7520193850219085,0.5972594488580227,29.0,28.0,1.0,6.775081418055305,0.4525847703572099,0.2419671935019751,0.0892556495734029,0.327958663936582,0.3911978290732587,3.260788706332356,3.0,3.0,0.0,0.0657297955790426,0.0516515571728535,0.0219099318596808,0.0211631567716491,0.0433085728009888,0.0474800649869211,0.6492114336649346
sciver_test_429,1,24,16,40,2000,0.4772673968451961,48.0,39.0,0.8125,4.4375,8.0,0.0,2.0,0.3181818181818182,0.3157894736842105,1.0,0.1666666666666666,0.0,0.0,0.0,0.0,0.0,0.0,0.0,0.0,0.0,0.0,0.0,1.0,0.0208333333333333,1.0,0.0208333333333333,0.2053777878732966,-0.0680977819103122,-0.0594046960772849,-0.0313773528700913,0.1037065273063957,0.0816340784512014,-0.056191953774739,0.0651641519396309,-0.0538053006966951,0.0342089046309907,-0.1293496312746584,-0.0037672479857549,-0.0139933427522819,-0.078815084375023,0.0226172048279233,-0.0136897914199447,-0.1649907899911076,0.0271365330568511,-0.0523616719792498,0.0109325863174158,0.0569738825709578,-0.0524084931741039,-0.0713952650414482,0.0045724179397532,39.0,0.3303999088067743,0.1614198393136968,0.7827784116885098,0.5229844250674188,34.0,33.0,1.0,5.807425242606372,0.5021016535758641,0.175982583109284,0.1178821280551618,0.3276844868096795,0.3837933973335397,3.266392486322731,1.0,1.0,0.0,0.0161723828734197,0.0161723828734197,0.0161723828734197,0.0,0.0161723828734197,0.0161723828734197,-0.0
sciver_test_431,1,24,16,40,2000,0.1408512985613086,40.0,37.0,0.925,5.975,3.0,0.0,3.0,0.0689655172413793,0.0638297872340425,0.0,0.0,0.0,0.0,0.0,0.0,0.0,0.0,0.0,0.0,0.0,0.0,0.0,0.0,0.0,0.0,0.0,0.2194790085344548,-0.1258113034015829,0.001352354877904,-0.0240702699292354,0.1054799614151649,-0.044929390080124,-0.0196487213426775,-0.0200438626215086,-0.0741754612891079,-0.0409084110414214,0.003141681953219,-0.0030500829940234,-0.0774458340034233,-0.014042151281432,0.0503103292953686,0.0199101143996997,0.0029214362270008,0.0080795426864691,0.0281100903074875,0.0568530344157588,-0.112120914138316,-0.0809836075211076,-0.0593193594421579,-0.052531043853518,37.0,0.3875577483960924,0.1611966174089784,0.7932504910728855,0.5793887990880262,33.0,32.0,1.0,7.39974702470013,0.4671916569593424,0.231242094521879,0.1153969345914506,0.3887927045750441,0.4005509249584529,3.330308433351997,2.0,2.0,0.0,0.0052022706448862,0.0040519609056322,0.0026011353224431,0.001450825583189,0.0037617957889943,0.0039068783473132,0.5283179008652799
sciver_test_432,1,24,16,40,2000,0.0260842313708343,30.0,27.0,0.9,5.1,3.0,1.0,1.0,0.0967741935483871,0.0769230769230769,1.0,0.25,0.0,1.0,0.0333333333333333,0.0,0.0,0.0,0.0,0.0,0.0,1.0,0.0333333333333333,0.0,0.0,2.0,0.0666666666666666,0.1999212948609519,-0.0527180128847995,0.0173393054056252,0.0064649792165647,0.0074315714876625,-0.0451436589727041,0.0209739748963223,-0.0352305698857523,-0.1205549653266821,-0.0952684616301628,-0.0281563989122469,-0.0006039434829271,0.0262717960965558,-0.0353429854237248,-0.0242156317893961,0.0205447007087685,0.1170363464269767,0.0722814401923178,-0.0422343265334051,-0.1058843255205581,0.0773562717217038,0.0777070476179464,-0.0510892378705628,-0.0212102517592007,27.0,0.4146829194043024,0.1696118822452783,0.8051397607159209,0.6376504932045101,27.0,26.0,1.0,6.173492349200218,0.535389065596304,0.2374420134307776,0.1403964641492626,0.4110740142278454,0.4607203141681597,3.0635560992447584,1.0,1.0,0.0,0.0030430663218706,0.0030430663218706,0.0030430663218706,0.0,0.0030430663218706,0.0030430663218706,-0.0
sciver_test_434,1,24,16,40,2000,0.330946082172898,40.0,33.0,0.825,5.975,4.0,4.0,6.0,0.1388888888888889,0.0967741935483871,0.0,0.0,0.0,1.0,0.025,0.0,0.0,1.0,0.025,0.0,0.0,0.0,0.0,1.0,0.025,2.0,0.05,0.2017834083293232,-0.0585131996235988,-0.050558191200846,-0.010280514909031,-0.1159305622347471,0.0247631886902662,0.068077643912138,0.0046663967503307,0.0263169831456539,-0.0754859696884316,-0.0663950991075022,0.1090203360463607,-0.0510849551694824,-0.049737625999324,-0.0151569921141117,0.0177953552964072,0.0776321837290207,0.0136286369043398,-0.0252846059737813,-0.1313492176628267,0.0214470181221477,-0.0702234792581832,0.0273389244211222,-0.075360489119443,33.0,0.4109926778512986,0.1436363893874309,0.844617703992941,0.6246440055909492,33.0,32.0,1.0,7.371783005082657,0.4206917053748956,0.230368218908833,0.0844073159008406,0.3382708265116604,0.3926138040475021,3.3953031378613945,5.0,5.0,0.0,0.0553953563835152,0.0366941313242106,0.011079071276703,0.0131057758721204,0.0259156397136706,0.0313048855189406,1.037792670759508
sciver_test_435,1,24,16,40,2000,0.3932381642221951,49.0,45.0,0.9183673469387756,4.591836734693878,9.0,1.0,3.0,0.1904761904761904,0.1690140845070422,3.0,0.3333333333333333,0.0,0.0,0.0,0.0,0.0,0.0,0.0,0.0,0.0,0.0,0.0,1.0,0.0204081632653061,1.0,0.0204081632653061,0.2077091333695548,-0.1068059363844157,0.0269524323513606,0.003332410536252,0.118930325812701,0.0797424729974206,-0.0028456944464386,-0.0377251321403199,-0.0276432595662961,-0.1190311142683778,-0.0244754645612987,-0.0711980145979401,0.0046128451171438,-0.0249728792032326,0.070478761302459,0.1041049557807884,0.0456171523627167,-0.0390889466691625,0.0583129172508393,0.0173732652665105,-0.0026206462406612,-0.0169815694721148,-0.0130831971692245,0.0898048622292813,40.0,0.3107349553369368,0.1692499486250272,0.8037128349246924,0.5185617250367832,34.0,33.0,1.0,6.269724776994436,0.4574411973690606,0.1899916599089223,0.1186647209808609,0.3878903929493617,0.4103189998529393,3.297802551262352,4.0,3.0,1.0,0.0444649772751122,0.0352325559131659,0.014821659091704,0.0144503670921971,0.0292843447836131,0.0322584503483895,0.6509698050256854
sciver_test_436,1,24,16,40,2000,0.2768455721031285,49.0,43.0,0.8775510204081632,5.551020408163265,4.0,0.0,0.0,0.1666666666666666,0.1272727272727272,1.0,0.1666666666666666,0.0,0.0,0.0,0.0,0.0,0.0,0.0,0.0,0.0,0.0,0.0,0.0,0.0,0.0,0.0,0.2639107155695249,-0.0578127143417713,-0.0396880180613138,0.1174115792732879,-0.1019807285104752,0.0234132018136218,0.0108829939965872,-0.0237980689913611,-0.0260747695381705,-0.0115794356287646,0.0950405032648213,0.081111793150676,0.0393309449282768,0.0049760424771231,-0.0474739109521075,-0.0122247472605631,0.0409534100731146,0.090265429372675,-0.0398062155967063,0.0091430547154683,-0.0581151306923996,0.025528557417442,0.0791436342654606,0.0061833784326193,40.0,0.4233954730852293,0.1769285960902493,0.8085174676280155,0.6444662664311003,38.0,37.0,1.0,7.99382281171798,0.5113130073045986,0.216049265181567,0.1248208654211968,0.4248289624171981,0.4449204249408801,3.4321687568551815,3.0,3.0,0.0,0.0991787246255515,0.0571509704651423,0.0330595748751838,0.0195049737205958,0.0522505197179535,0.0547007450915479,0.9064413737280016
sciver_test_438,1,24,16,40,2000,0.1460821603927825,36.0,33.0,0.9166666666666666,6.472222222222222,1.0,0.0,2.0,0.12,0.0888888888888888,0.0,0.0,0.0,0.0,0.0,0.0,0.0,0.0,0.0,0.0,0.0,1.0,0.0277777777777777,0.0,0.0,1.0,0.0277777777777777,0.1673086542078027,-0.1200531271571143,-0.0229063198766286,0.0617131011159791,0.0161179504974462,0.0145851905962675,-0.0111111041654984,-0.0469545676739511,0.0201529925277941,-0.0629510493786626,0.070941061362758,0.0672119893966786,-0.1215990294871077,0.0374728861346832,0.0476930291018909,-0.0059673727645166,0.0187457218808531,-0.0284319266688711,-0.1524311206880039,-0.0486157652975935,0.1049079600764692,0.0081378053803686,0.072898518633313,-0.0072892884075226,33.0,0.4226255675300381,0.1320399544693224,0.7262027788223968,0.5984774131816809,33.0,32.0,1.0,7.496850474248373,0.4605146970544347,0.2342765773202616,0.0932047005775771,0.3672768133480646,0.4437549230843416,3.389752716726046,5.0,5.0,0.0,0.0487423192727775,0.0330852999142902,0.0097484638545555,0.0120788306469066,0.0236853269414745,0.0283853134278823,0.9379327164061702
sciver_test_439,1,24,16,40,2000,0.1392072095317694,43.0,40.0,0.9302325581395348,5.651162790697675,4.0,1.0,3.0,0.140625,0.074074074074074,0.0,0.0,0.0,1.0,0.0232558139534883,0.0,0.0,0.0,0.0,0.0,0.0,0.0,0.0,0.0,0.0,0.0,0.0,0.201862768474456,-0.035751090487704,-0.0468832274978991,-0.0375179442651414,0.0686061616255855,-0.0776683870067296,0.0093520937540036,0.0608974443151008,0.0103287152318785,-0.0035153767681509,-0.0911840847603042,0.0559720461920706,0.0397779088818009,-0.0488645400308656,0.0614718138332093,0.0291895533235911,0.0134678142183809,0.0821513818536731,0.0151486096754354,0.0750937191397011,-0.0080085046290673,-0.0139004785597867,-0.0425243677876717,-0.0288702123472633,40.0,0.3863108460353889,0.1437536565506969,0.8165741037135196,0.5871256986652803,39.0,38.0,1.0,7.858248761623138,0.4937742036045447,0.2067960200427141,0.0995108452781437,0.3251738237815088,0.3649908261597809,3.516166939584446,6.0,6.0,0.0,0.1612823880242581,0.0799163672842213,0.026880398004043,0.0270993838679959,0.0600637224202348,0.069990044852228,1.2869741034300617
sciver_test_440,1,24,16,40,2000,0.2798139297945238,38.0,36.0,0.9473684210526316,5.605263157894737,4.0,0.0,1.0,0.1428571428571428,0.1388888888888889,2.0,0.3333333333333333,0.0,1.0,0.0263157894736842,0.0,0.0,0.0,0.0,1.0,0.0263157894736842,0.0,0.0,1.0,0.0263157894736842,1.0,0.0263157894736842,0.2392544773799124,-0.0890757437595954,0.0337180589150967,-0.0599967573321323,-0.089047752676468,-0.0711305392917132,0.0943809790812177,-0.0377383656262592,-0.0333306212916116,0.0415357099190124,0.0069090198181292,0.0397470177704105,0.004640817599503,0.0369719258140089,0.0729029954200534,0.0346274194627785,-0.0536303495226517,0.0177565957998812,0.0491579189098557,0.0169163307657237,-0.0668264737342352,-0.0740677685641982,-0.0548623216048444,-5.23844147756324e-05,36.0,0.4013066158679279,0.1708026101087608,0.8706634169374942,0.6417210716763246,34.0,33.0,1.0,6.926666737958349,0.4831272474030494,0.2098989920593439,0.104222687796371,0.339201919489814,0.4210961098226402,3.3748214185088785,4.0,4.0,0.0,0.0483541845775515,0.0266189066783341,0.0120885461443878,0.0087756612403852,0.0216738229559979,0.024146364817166,1.1389442218229662
sciver_test_445,1,24,16,40,2000,0.3073041217229529,42.0,41.0,0.9761904761904762,5.214285714285714,3.0,2.0,7.0,0.240506329113924,0.1940298507462686,0.0,0.0,0.0,2.0,0.0476190476190476,0.0,0.0,0.0,0.0,0.0,0.0,0.0,0.0,0.0,0.0,0.0,0.0,0.2587774163485981,-0.1233705901914814,-0.0379170600734859,-0.0702238988858869,0.0255296894401065,0.0092342706605308,0.1181203755762898,0.066743597260871,0.0156231449682193,-0.1004115533837813,-0.1102895979954141,0.1449052763648418,-0.0460306377004914,0.0799583218924471,-0.0251629083128092,0.0127114348733988,-0.0003563844360027,0.027377837969937,-0.0620450404565622,-0.0055724106247253,-0.1073762919867021,0.0686576665924911,0.0410803339484589,-0.1085466738590373,40.0,0.315607939043554,0.1473167172247953,0.7885428431623214,0.5446224600302689,36.0,35.0,1.0,6.2525482210822005,0.4158656270985186,0.1786442348880628,0.0951553527683966,0.3233010019037518,0.3844052566437875,3.416314375017724,5.0,5.0,0.0,0.0953107498212862,0.06252944810017,0.0190621499642572,0.0233524315123621,0.0473697399329039,0.054949594016537,0.9203422653197748
sciver_test_447,1,24,16,40,2000,0.2386300746225009,52.0,41.0,0.7884615384615384,4.576923076923077,6.0,0.0,4.0,0.1904761904761904,0.1886792452830188,1.0,0.1666666666666666,0.0,0.0,0.0,0.0,0.0,0.0,0.0,0.0,0.0,1.0,0.0192307692307692,0.0,0.0,0.0,0.0,0.2470886165372336,-0.1038990687580724,0.1063570848380705,-0.0150869961479734,0.1296783198917847,0.0039655226289614,0.0906454260555957,-0.0780858448001484,-0.0637140649278455,0.0145450003453028,-0.0715588373793712,0.0164321302702557,0.0425399179544333,-0.0727658605500902,0.0773787609619151,-0.0431009365354527,-0.0517345822761497,-0.047551366305363,-0.0804208399380426,-0.0372708909845852,-0.0225384714927104,-0.0026131929329162,0.0262551463966999,0.0185250590158306,40.0,0.3961752947923632,0.1790154537019453,0.8213809556426107,0.6049054460205276,35.0,34.0,1.0,7.952208905386426,0.4818815986529139,0.2338884972172478,0.1371162497744365,0.4138430869423201,0.4548094391233671,3.342337641963373,5.0,5.0,0.0,0.0384348548597983,0.0293932644895028,0.0076869709719596,0.0109429615856809,0.0194571780683173,0.02442522127891,0.8069754207842093
sciver_test_449,1,24,16,40,2000,0.5401734053649746,46.0,37.0,0.8043478260869565,5.173913043478261,3.0,0.0,5.0,0.2293577981651376,0.1875,1.0,0.2,0.0,1.0,0.0217391304347826,0.0,0.0,0.0,0.0,0.0,0.0,0.0,0.0,0.0,0.0,1.0,0.0217391304347826,0.2090596442633972,-0.0880349683310045,-0.0228781326527516,0.035976349635889,0.0354089219309868,0.0859810957822962,-0.0183547209927015,0.110977664882353,0.0606586989981391,0.0637992783930247,-0.0083470846881721,0.0580775051931822,0.0158909086042285,0.1093790412262017,0.1305864942843136,-0.0619138813223984,0.1301359863094308,-0.0840889883910234,-0.0662039585839957,0.0200804062803552,0.0355043517202849,0.0556941174696058,-0.0525030354186178,0.0105137220841556,37.0,0.3846959400409205,0.1521037676471792,0.7602296871449509,0.5799255496528805,33.0,32.0,1.0,6.900579066734663,0.3669396824827,0.2156430958354582,0.0970503044643848,0.3465903274302833,0.3611383571749919,3.350582700378125,3.0,3.0,0.0,0.0899461853684334,0.0705959303015325,0.0299820617894778,0.0287969836159431,0.0589327174009292,0.0647643238512308,0.6619010410739529
sciver_test_451,1,24,16,40,2000,0.0451569618344026,41.0,37.0,0.902439024390244,5.951219512195122,4.0,0.0,4.0,0.0927835051546391,0.0588235294117647,1.0,0.0714285714285714,0.0,0.0,0.0,0.0,0.0,0.0,0.0,0.0,0.0,0.0,0.0,0.0,0.0,0.0,0.0,0.2229261623771628,-0.0764489409991692,-0.0321544406863861,0.0809566370283575,-0.0758868221070583,-0.0229331580905711,-0.0278842231307513,-0.0364922173200856,0.018311037422,-0.0616834272946698,0.0129766377320435,-0.0243965768688289,0.0639880013741978,-0.0163077691831602,0.0697040478950725,0.0026411808264901,0.0151527309065178,0.033892236483924,0.0887016910246737,-0.0248291444397364,0.0717540567461585,-0.042744602294551,0.0271789067086003,0.0901737618198207,37.0,0.4065034669696027,0.1474153070291464,0.7911844978122569,0.5930407349403066,35.0,34.0,1.0,7.4410687606926995,0.4718405583747512,0.2188549635497853,0.1053695332846584,0.3378319673197728,0.3900226611636875,3.4056509081309705,3.0,3.0,0.0,0.0245836621889981,0.0161954457526517,0.0081945540629993,0.0057088209401545,0.0139822882580974,0.0150888670053745,0.8697842637638933
sciver_test_453,1,24,16,40,2000,0.3031915933642049,49.0,44.0,0.8979591836734694,5.448979591836735,5.0,0.0,3.0,0.18,0.1363636363636363,2.0,0.2,0.0,0.0,0.0,0.0,0.0,0.0,0.0,0.0,0.0,0.0,0.0,0.0,0.0,1.0,0.0204081632653061,0.2141922837999761,-0.0676466213893522,-0.1213636466511326,0.0857732594782444,-0.009967075793824,0.1330398188625729,-0.0289418767749681,0.0462552033436046,0.0136212272710775,-0.0540909424606144,-0.0028355101533806,0.039475815866152,0.0114266293751904,0.0995357484318542,0.0485727982043966,-0.0032442058849418,0.0674667974633566,0.0354169872906972,-0.0769112536269493,0.129646919927216,0.0162149972858802,0.0605963663884886,-0.0226648995689343,-0.0784219602806832,40.0,0.4061480705528997,0.1647648687059824,0.837811075231705,0.6007928274255427,34.0,33.0,1.0,8.053221197743266,0.4260182048449574,0.2440370059922201,0.1054822359342584,0.3559550084450342,0.4113731911196434,3.3801770670745146,2.0,2.0,0.0,0.0641314728822801,0.0393094083748133,0.03206573644114,0.0072436719336732,0.0378606739880786,0.038585041181446,0.6674100505721221
sciver_test_455,1,24,16,40,2000,0.1652415616424159,46.0,42.0,0.9130434782608696,5.260869565217392,5.0,1.0,5.0,0.2162162162162162,0.1639344262295081,1.0,0.1111111111111111,0.0,0.0,0.0,1.0,0.0217391304347826,0.0,0.0,0.0,0.0,0.0,0.0,1.0,0.0217391304347826,0.0,0.0,0.1854076329930981,-0.1075517052065759,-0.081709441322395,0.0072152911461594,0.0825086228280972,-0.0583412868934644,-0.0487445360753285,-0.064620322038504,-0.0136255399563311,-0.0064958030175552,0.0112662665678013,0.0052462550992962,-0.0222176173332832,0.0134934612067123,0.0574144808651228,-0.0063419318211181,0.0890096066940754,0.0121486222161837,0.0082445949256595,0.0202609413595795,-0.0109423283591814,0.020327048126509,0.0220488271767122,0.0425359427481467,40.0,0.3843994201435913,0.1668124037152754,0.7885428431623214,0.5918570364689687,39.0,38.0,1.0,7.5379162167973135,0.47018950161606,0.1983662162315082,0.1226828520448395,0.397833747567952,0.4198661288961955,3.425850442675507,4.0,4.0,0.0,0.092751598574151,0.0419043702415477,0.0231878996435377,0.0173487600026946,0.0407699132339167,0.0413371417377322,1.0258302412120492
sciver_test_458,1,24,16,40,2000,0.0712958026780213,31.0,26.0,0.8387096774193549,4.612903225806452,4.0,1.0,3.0,0.088235294117647,0.0714285714285714,1.0,0.3333333333333333,0.0,0.0,0.0,0.0,0.0,0.0,0.0,0.0,0.0,0.0,0.0,1.0,0.032258064516129,0.0,0.0,0.1891908363355458,-0.0624196732242476,-0.0233865530184246,0.004992300296213,-0.0040252814724496,0.1288347939501279,0.0120138756741717,0.0554751645043218,0.053195859200572,-0.1338737580272488,0.1009465696779601,0.0538582549092015,0.0738855263196065,0.1037683471789037,-0.0214092129689139,-0.0905561727894003,-0.0237431759555533,0.0213430323819148,-0.0985377115979049,-0.0944729728272501,-0.040338602509266,0.0179927418208296,-0.0604615502489844,-0.0679748571549062,26.0,0.3800039568463755,0.1578942871984972,0.7825023836850754,0.5939114233755936,23.0,22.0,1.0,5.65995671746629,0.5273283489501827,0.2572707598848314,0.1172829194157563,0.4329853794234,0.4808797218272102,2.9863735369745656,1.0,1.0,0.0,0.0070641362850386,0.0070641362850386,0.0070641362850386,0.0,0.0070641362850386,0.0070641362850386,-0.0
sciver_test_459,1,24,16,40,2000,0.0584275479525247,30.0,30.0,1.0,7.3,1.0,1.0,3.0,0.1403508771929824,0.125,0.0,0.0,0.0,0.0,0.0,0.0,0.0,0.0,0.0,0.0,0.0,0.0,0.0,1.0,0.0333333333333333,0.0,0.0,0.1550531192508418,-0.0718552071083821,-0.0189167059157345,-0.0828323550340724,-0.0229749359039987,-0.0228453718894896,0.0601467612425454,-0.0675198689083642,-0.0553068466172009,-0.0582215974503116,0.0245131475179209,0.0194575830608462,-0.0112195361096197,-0.0335688883059146,0.0574631793829287,-0.0530712530568684,-0.0700658750764831,0.0439089111733717,-0.0073747667123944,0.0347693508433174,0.0610396852710186,-0.0019663936933715,0.0055663843096413,0.0293591114221604,30.0,0.3765447670019842,0.1190670979661442,0.7030548053156754,0.5391946982806733,30.0,29.0,1.0,6.729306036754192,0.4574689993490719,0.2320450357501445,0.0856318532089568,0.3630632257059863,0.4093545626910391,3.302965659799835,5.0,5.0,0.0,0.0247197450076336,0.0101485734082112,0.0049439490015267,0.0043238103082471,0.0101432617531454,0.0101459175806783,1.1624967307561274
sciver_test_460,1,24,16,40,2000,0.2253995597062487,34.0,32.0,0.9411764705882352,6.147058823529412,2.0,0.0,2.0,0.1125,0.1029411764705882,0.0,0.0,0.0,1.0,0.0294117647058823,0.0,0.0,0.0,0.0,1.0,0.0294117647058823,0.0,0.0,0.0,0.0,0.0,0.0,0.1808267083845646,-0.035277700811732,0.0277115443340056,-0.0087428066726745,-0.0046321759320959,-0.047828440720792,0.1034066539942931,-0.002139868426922,0.0824761879321815,-0.0758154083209368,-0.0171705904587308,0.0042959137619338,-0.0244006943412427,-0.0749875268930147,-0.0907229254367152,-0.0794690609843633,0.0188019177252981,0.1067362028958973,0.1350653761699097,0.1969690177636585,0.0247650843193236,0.0047990201110704,0.0141304521476474,0.0100966901407075,32.0,0.4043812041915726,0.1653543701400663,0.829606448015326,0.6067916282476766,31.0,30.0,1.0,7.020367243670094,0.5200850657623931,0.2340122414556698,0.1298506523419301,0.4266565969912155,0.4562826313022622,3.2538233507350593,4.0,4.0,0.0,0.0202753366034565,0.0159405433884735,0.0050688341508641,0.0063801854343559,0.0121514666752964,0.014046005031885,0.6701208525611274
sciver_test_461,1,24,16,40,2000,0.1211142094384628,41.0,39.0,0.951219512195122,7.439024390243903,0.0,0.0,3.0,0.125,0.1153846153846153,0.0,0.0,0.0,0.0,0.0,0.0,0.0,0.0,0.0,1.0,0.024390243902439,0.0,0.0,0.0,0.0,0.0,0.0,0.1671433808096225,-0.1228965409030212,-0.0207969719391994,-0.0619172404770698,-0.0706513361494976,0.0195855916463668,0.0553298352684568,-0.0219606258413629,-0.0106092581103762,-0.0180317643602651,0.0167763133900599,0.0566950735378905,-0.0223981037902355,-0.0588448650896902,-0.0549550033302957,0.0357765975340564,0.0605288704548175,-0.0666483593438565,-0.0347146661369721,-0.0297485844413527,0.0020906325963721,-0.0551110255664779,0.086359498353482,0.0626450836749488,39.0,0.4451323925872363,0.1334714748818215,0.8166151211585151,0.6161567930312754,39.0,38.0,1.0,9.527632639076243,0.488765657251664,0.2507271747125327,0.096358728254114,0.3660842599590994,0.3886844898871801,3.5602430026335625,7.0,7.0,0.0,0.1664547655720971,0.0903541614073235,0.0237792522245853,0.0299779993097178,0.0619485594362841,0.0761513604218038,1.315599576669557
sciver_test_463,1,24,16,40,2000,0.3078721057105699,36.0,36.0,1.0,6.722222222222222,2.0,2.0,4.0,0.0930232558139534,0.0555555555555555,0.0,0.0,0.0,1.0,0.0277777777777777,0.0,0.0,0.0,0.0,0.0,0.0,0.0,0.0,1.0,0.0277777777777777,0.0,0.0,0.161326657544846,-0.1154809264313988,-0.0762724040342391,-0.0736364764815986,0.0002669494504472,-0.0308922501664541,0.0042000888548039,0.0397108214344181,-0.0205202047671488,-0.0333461107952863,-0.0532815904361093,0.0148052890339472,-0.117747304943832,-0.0264083296594909,0.0213925145541891,-0.055806516542832,-0.0214011506617573,-0.0107866047342194,0.0347717074259809,-0.0630861058247982,0.0004376458362269,0.0229390393810281,-0.0102766935700242,0.037114792993252,36.0,0.4126156213699368,0.1508071538274667,0.7884823649102616,0.6060503026107743,36.0,35.0,1.0,7.439222781342201,0.3625879101276112,0.2125492223240628,0.0933508514459435,0.3449524594554376,0.3522455703152919,3.449077511081304,3.0,3.0,0.0,0.0657612237564038,0.0417665794585579,0.0219204079188012,0.0161019515786373,0.0377467018679341,0.039756640663246,0.7723620215467069
sciver_test_465,1,24,16,40,2000,0.3896423253666037,46.0,43.0,0.9347826086956522,6.0,7.0,0.0,3.0,0.2037037037037037,0.1875,2.0,0.2222222222222222,0.0,0.0,0.0,0.0,0.0,0.0,0.0,0.0,0.0,0.0,0.0,0.0,0.0,0.0,0.0,0.1675283464531255,-0.1142308309797901,-0.0934219814694456,-0.1524933367901929,0.0443219752857085,0.041100717244291,-0.0296188123928904,0.0368314772844165,-0.0037242576773476,0.0668415377676702,-0.045385823726281,0.1244849707455309,-0.0175099989847803,-0.002189614399189,0.0050152493342406,-0.0696127049261879,0.060262258301135,-0.0527898492479101,0.1243033317116317,-0.0216957404476655,0.0348456598379448,-0.0156356237439643,0.0874588656593855,-0.0142789265078828,40.0,0.3358769979185386,0.1315527362858931,0.7461258086641246,0.5164735263789749,39.0,38.0,1.0,6.952602684306049,0.4365698660870678,0.1829632285343697,0.0953242237587377,0.291002316395568,0.2992147548684792,3.482907582024506,5.0,5.0,0.0,0.0499087892497019,0.0294459211842916,0.0099817578499403,0.0101332543008296,0.0209276911591546,0.0251868061717231,1.1470082246772717
sciver_test_466,1,24,16,40,2000,0.304457575091967,38.0,33.0,0.868421052631579,5.842105263157895,4.0,0.0,3.0,0.1388888888888889,0.0967741935483871,0.0,0.0,0.0,0.0,0.0,0.0,0.0,0.0,0.0,0.0,0.0,0.0,0.0,0.0,0.0,1.0,0.0263157894736842,0.1485788956120582,-0.0903939400075151,-0.0015127648953498,-0.0975709788107874,0.0240582465952962,-0.026185727279178,-0.0780081825509935,0.1279681010606568,-0.0194676014860881,-0.0612099148618046,-0.0911418102194805,0.0742285299987821,-0.0629029032408574,0.0349655203983723,0.108066747242477,-0.0947444791728585,0.0628241058425509,0.033929290565807,0.119309241450176,0.1308070947394402,0.0881957062811617,0.0467465282399611,0.1295168342116115,-0.0081999773545448,33.0,0.3533824879677287,0.1447027912496861,0.7085809403485476,0.5440129804691362,31.0,30.0,1.0,5.812434042211153,0.4050231332922502,0.1937478014070384,0.0954260449573092,0.3268096406588968,0.340485688013688,3.271028305757803,3.0,3.0,0.0,0.0467476422027876,0.0236852130397905,0.0155825474009292,0.0092161149839005,0.0230226358483094,0.02335392444405,0.8707518683574025
sciver_test_468,1,24,16,40,2000,0.1101995202920977,34.0,34.0,1.0,6.852941176470588,1.0,0.0,3.0,0.0784313725490196,0.0454545454545454,0.0,0.0,0.0,0.0,0.0,0.0,0.0,0.0,0.0,0.0,0.0,1.0,0.0294117647058823,0.0,0.0,1.0,0.0294117647058823,0.1245855397780585,-0.0608009004938036,-0.0956482853467191,-0.107787061646341,0.0088190873456799,0.0559471697520978,0.0495131315388044,0.014831040636082,0.0246171290021345,0.0157555415403766,0.0553332845883514,-0.0256568632862849,0.0101364903665522,0.0886362914729475,-0.0729598010074136,-0.0220149530676379,-0.0266038225838928,-0.0523757592904277,0.0136403806339175,-0.0169844243637737,-0.0350912110970108,0.0077335280874379,0.0232111200648973,-0.0079921864329497,34.0,0.435816719050842,0.1467947944029142,0.7781988813834589,0.6190281266742201,34.0,33.0,1.0,7.776115469193512,0.4152059894900781,0.2356398627028336,0.0989535652178147,0.3730482684116117,0.3831815716971136,3.4022651952683014,2.0,2.0,0.0,0.025644164174859,0.0244560196344337,0.0128220820874295,0.0116339375470042,0.0221292321250329,0.0232926258797333,0.1875699074916371
sciver_test_470,1,24,16,40,2000,0.2996701610476592,39.0,37.0,0.9487179487179488,6.666666666666667,1.0,0.0,1.0,0.1267605633802817,0.081967213114754,0.0,0.0,0.0,1.0,0.0256410256410256,0.0,0.0,0.0,0.0,0.0,0.0,0.0,0.0,0.0,0.0,1.0,0.0256410256410256,0.1860516077314013,0.027298678078185,-0.0998603531496957,-0.0411530419681714,-0.0113933821353036,-0.0377816607604781,0.0112169842112665,-0.0548051127779993,0.0112596458830206,0.0446452446290566,0.035639686480312,0.0203517762517929,-0.024650958929546,-0.1361728482213252,-0.0712536696649542,-0.01035922010725,0.0258869999469708,-0.0466504439203399,0.0447846229428189,-0.0060712455005103,-0.0353112193613429,-0.0123978580691435,0.0478018681783908,0.1210006090863562,37.0,0.3995911532414714,0.124131433159438,0.6859040454644463,0.5550303714987237,37.0,36.0,1.0,7.940482670886927,0.3980163917987764,0.2205689630801924,0.0933191693729038,0.335534133652965,0.3451138358233131,3.467502446496877,7.0,7.0,0.0,0.1613517225350412,0.0400852839690554,0.0230502460764344,0.0118153210635671,0.0352098655810162,0.0376475747750358,1.7960156089534784
sciver_test_472,1,24,16,40,2000,0.0,28.0,26.0,0.9285714285714286,6.285714285714286,3.0,0.0,5.0,0.0,0.0,0.0,0.0,0.0,0.0,0.0,0.0,0.0,0.0,0.0,0.0,0.0,0.0,0.0,0.0,0.0,0.0,0.0,0.137695999800387,-0.0498452044214875,-0.0427551158402703,-0.0798107150862225,0.1524214669230126,-0.1018629322636033,0.0257855285697916,0.0600807910664066,-0.0388194570255973,0.046032660189885,-0.0553791386563748,0.0697335687911504,0.0569812155500427,-0.0807435105969159,0.1438943651278178,-0.0204363414666973,0.0304810399603667,-0.0015043320194638,0.075429012052796,0.0959040829085949,-0.1109211882898716,0.0525895424800718,0.0206713377761123,-0.0580801720936561,26.0,0.4115516898433605,0.1473240358025656,0.7146446342099656,0.5941576863370016,25.0,24.0,1.0,6.056358784526882,0.4748410214878025,0.2523482826886201,0.1211302464755989,0.4067588708524088,0.4408249322368079,3.0582819510182273,1.0,1.0,0.0,0.0157250793799647,0.0157250793799647,0.0157250793799647,0.0,0.0157250793799647,0.0157250793799647,-0.0
sciver_test_473,1,24,16,40,2000,0.1892161049888698,37.0,36.0,0.972972972972973,5.945945945945946,5.0,0.0,2.0,0.125,0.1363636363636363,2.0,0.2857142857142857,0.0,0.0,0.0,1.0,0.027027027027027,0.0,0.0,0.0,0.0,0.0,0.0,0.0,0.0,0.0,0.0,0.1643022041707616,-0.0132766242650112,-0.0464243851276352,-0.0458595616843243,0.0052513443329894,-0.0297705991929276,-0.0722270371848289,-0.0415045031045848,-0.1354217330934703,0.0054565843231392,-0.0702135008404774,-0.0045192179293196,0.0506928331128097,0.099757909731163,-0.0179196794915305,-0.0785531200569051,-0.1160144107110994,0.2294278506354647,-0.1400619102020589,-0.0588319286461817,0.0167009848240768,0.0137067646060245,0.1054824465081781,0.1270728307882407,36.0,0.3860243051483837,0.1242604041162283,0.7215377378284652,0.545372408805067,35.0,34.0,1.0,6.870910665010846,0.3733627163902923,0.2020856077944366,0.0776657041623271,0.3002854079925888,0.3190406116732133,3.4467129219790493,1.0,1.0,0.0,0.017762077404209,0.017762077404209,0.017762077404209,0.0,0.017762077404209,0.017762077404209,-0.0
sciver_test_475,1,24,16,40,2000,0.2333952768585033,38.0,38.0,1.0,6.421052631578948,4.0,3.0,5.0,0.1081081081081081,0.0927835051546391,0.0,0.0,0.0,0.0,0.0,0.0,0.0,0.0,0.0,0.0,0.0,0.0,0.0,0.0,0.0,0.0,0.0,0.1305957919183881,-0.0696159802468154,-0.1060816258803976,0.0014522894977125,-0.0176603695830304,0.0172983718253676,-0.0139922337950019,-0.049289900361187,0.0894360976043844,0.100666047602154,0.0002852309643531,0.024141447051492,-0.0682755664665406,0.0046667099138517,-0.0521277284373103,0.0531504781743511,0.0732780294963035,0.0262148338751423,0.0383176261876547,-0.0349250059702759,-0.0518950086559391,-0.0248684224012765,-0.0048066613744591,-0.0179685638734017,38.0,0.3669292823302138,0.1309011859240675,0.7307227865413264,0.5369561380013438,38.0,37.0,1.0,7.598455570533766,0.3986091326006076,0.2053636640684801,0.0932410538981091,0.3205878853905496,0.3520473890356104,3.4983853330663828,7.0,7.0,0.0,0.0483050345445587,0.0304795316979429,0.0069007192206512,0.0098215154182438,0.0163197154757643,0.0233996235868536,1.2332962756239405
sciver_test_476,1,24,16,40,2000,0.527487418326142,48.0,44.0,0.9166666666666666,5.916666666666667,2.0,2.0,2.0,0.1948051948051948,0.1666666666666666,0.0,0.0,0.0,1.0,0.0208333333333333,1.0,0.0208333333333333,2.0,0.0416666666666666,0.0,0.0,0.0,0.0,0.0,0.0,0.0,0.0,0.1682991700646286,-0.0572384802234745,-0.0490918642578788,0.0170367856718756,-0.0353284557503714,-0.0420332987890704,0.0303119228340866,-0.0232593726614619,0.0099593247713161,0.0624255805015964,-0.0252594491878782,0.0423234233342489,0.0312672897293582,0.0241738030818377,0.0545262540463144,-0.0181002864808689,-0.0106914422547349,0.0071729205008236,-0.0288072868901319,-0.0108372269517743,-0.0219528156355795,0.042271124045898,0.0633005825610269,-0.0376182257355802,40.0,0.386874377440158,0.1479009898424533,0.8590718986564255,0.5765946576387438,40.0,38.0,2.0,7.5235044926224095,0.3907240858315576,0.1979869603321686,0.1000820362480432,0.3412106847932062,0.3468937819453399,3.493341248637288,3.0,3.0,0.0,0.0946957494483882,0.0480175802280407,0.0315652498161294,0.0187999312765416,0.046699320762662,0.0473584504953513,0.8664279430521322
sciver_test_477,1,24,16,40,2000,0.0335786381984061,32.0,31.0,0.96875,6.96875,4.0,1.0,4.0,0.0972222222222222,0.0483870967741935,0.0,0.0,0.0,1.0,0.03125,0.0,0.0,0.0,0.0,0.0,0.0,0.0,0.0,0.0,0.0,0.0,0.0,0.1674334345214185,-0.0632504689906088,-0.0632200865223432,-0.0170128045780369,-0.0537602878305181,-0.034071935447447,-0.0986098423030821,0.0851460835435812,-0.0906167838882072,-0.0152655812390116,0.0469666541486336,0.0653439871656014,0.009492582151366,-0.0414085595815848,-0.0418331915970209,0.0588892491148599,0.0327981189834645,0.0597264093080086,-0.0172592417949033,0.0581575318348613,0.0204441162570353,-0.0555395831262014,-0.0041572865205342,0.0266240786397927,31.0,0.4380073202198544,0.1423328124479207,0.7391105047912226,0.6192521910985677,31.0,30.0,1.0,6.747245420141153,0.4771688726619463,0.2249081806713717,0.1158639908412029,0.3914745229379683,0.4184377256578291,3.253547312631104,2.0,2.0,0.0,0.0297708774882136,0.0186382294948302,0.0148854387441068,0.0037527907507234,0.0178876713446855,0.0182629504197579,0.6610215473039516
sciver_test_481,1,24,16,40,2000,0.0786613737667259,44.0,41.0,0.9318181818181818,5.431818181818182,6.0,0.0,7.0,0.1136363636363636,0.08,1.0,0.1,0.0,2.0,0.0454545454545454,0.0,0.0,0.0,0.0,0.0,0.0,1.0,0.0227272727272727,0.0,0.0,0.0,0.0,0.1932937479899899,-0.0619427233905878,-0.0038104586575138,-0.1065799771915599,0.0169500163983197,-0.0142159475620576,0.0608346947457159,-0.0092415267541671,0.0102037905789621,-0.0466560939185569,0.1106577526057072,0.0205569059175074,0.1438577381758686,0.0619171406470594,-0.0001478388074031,-0.0706085291689792,-0.0401383617026473,-0.0073248744410703,0.0399692599431748,-0.0020740397507983,0.0199957936928038,-0.0030092306034851,0.0683595170688667,-0.0264199040697735,40.0,0.3467610226914498,0.1647891544596553,0.9118722799536736,0.5419589842054208,38.0,36.0,2.0,6.19254522304923,0.3956049409602011,0.1720151450847008,0.0993230410541673,0.3103903617218262,0.3387796598402555,3.40587333494531,2.0,2.0,0.0,0.0143092761373515,0.0101352942705467,0.0071546380686757,0.002980656201871,0.0095391630301725,0.0098372286503596,0.6036647187372641
sciver_test_483,1,24,16,40,2000,0.1995099103223882,43.0,39.0,0.9069767441860463,6.023255813953488,4.0,0.0,3.0,0.1034482758620689,0.06,0.0,0.0,0.0,0.0,0.0,0.0,0.0,0.0,0.0,0.0,0.0,0.0,0.0,1.0,0.0232558139534883,0.0,0.0,0.1521856674813455,-0.038984391894208,-0.0817976001277016,-0.0074078121048453,0.0404023783936889,-0.049886378711027,0.0084985198281831,-0.0026329671215489,-0.1208743294593069,-0.0349292499710597,0.076936153702,-0.0198625046904607,0.0681716276341427,-0.0282120269577996,-0.0202702530679468,0.0352409973355651,0.1103057960399852,0.0131582866594581,-0.026827527748903,-0.0262654828314943,0.015683020344905,0.0231526447022398,-0.0600867759016375,-0.0420995600818255,39.0,0.4086185514619927,0.1501968427730639,0.7771454350595975,0.5952265960549775,37.0,36.0,1.0,8.306783538704847,0.4973844700028088,0.2307439871862457,0.1131124732366826,0.3743654102929769,0.4360686242738602,3.4529773646313267,3.0,3.0,0.0,0.0523668002810351,0.0364312801656045,0.0174556000936783,0.0136338229938742,0.0313306696669897,0.0338809749162971,0.8038798209164921
sciver_test_484,1,24,16,40,2000,0.5572023185237036,57.0,44.0,0.7719298245614035,4.0701754385964914,9.0,2.0,9.0,0.1584158415841584,0.1477272727272727,3.0,0.4285714285714285,0.0,2.0,0.0350877192982456,0.0,0.0,0.0,0.0,1.0,0.0175438596491228,1.0,0.0175438596491228,0.0,0.0,0.0,0.0,0.2363470270907924,-0.1079782739499066,0.0366581346106466,0.0699173130338744,0.024722522400628,0.1535963738693701,0.0221780509278508,-0.0301203554360475,0.1146326081085541,-0.1521808151249062,-0.0338839567970008,0.0299403877276027,-0.0605147220866944,0.060094167134714,-0.0575546886033145,0.0833191677862863,0.0303684283322891,-0.0321100543809284,4.441829047725948e-05,-0.0662295843173415,-0.019936965763828,0.0715098245228858,-0.0351322460909722,0.0390065638011224,40.0,0.3656693949275288,0.1692409350604522,0.8833602483879951,0.5963614858789154,35.0,34.0,1.0,7.171804738224696,0.4369159680375819,0.2109354334771969,0.0994463841392953,0.3380219916902688,0.3854366746096301,3.4072963250662527,2.0,2.0,0.0,0.0122704792410525,0.0119302467415754,0.0061352396205262,0.0057950071210491,0.0107712453173656,0.0113507460294705,0.1267525512660971
sciver_test_487,1,24,16,40,2000,0.2167654000878115,41.0,33.0,0.8048780487804879,5.609756097560975,7.0,0.0,0.0,0.1304347826086956,0.1,1.0,0.1111111111111111,0.0,0.0,0.0,0.0,0.0,0.0,0.0,1.0,0.024390243902439,0.0,0.0,0.0,0.0,0.0,0.0,0.1507549839398267,-0.0536768805295289,-0.1204649185823118,-0.0222782170947973,-0.003111430381977,0.1221583328040274,0.0210653988053282,0.0884501584968049,-0.10467281839488,-0.0794249575207308,0.2159000517585041,0.2333365487465795,0.1057971421161259,0.0559226244577478,-0.03828190594102,-0.0749071576075081,-0.0468206907274182,0.0199329198223096,0.0006205765233293,0.0429200439133965,-0.0181833355542633,0.0613774670573854,0.0624919731433172,-0.1135889009446893,33.0,0.3630486540035983,0.1353206741318178,0.7274853010598604,0.5474198094203365,32.0,31.0,1.0,5.703075253762138,0.3850259312413153,0.183970169476198,0.0935101363912945,0.3320876647577989,0.3504970768581842,3.2916353726702616,2.0,2.0,0.0,0.0561183901630535,0.0359420170149286,0.0280591950815267,0.0078828219334018,0.0343654526282482,0.0351537348215884,0.6531486145812034
sciver_test_488,1,24,16,40,2000,0.2689366088925551,39.0,36.0,0.9230769230769232,6.512820512820513,1.0,0.0,1.0,0.1111111111111111,0.125,0.0,0.0,0.0,0.0,0.0,0.0,0.0,0.0,0.0,0.0,0.0,1.0,0.0256410256410256,1.0,0.0256410256410256,0.0,0.0,0.1643504122262334,-0.1140866404672128,-0.1305681091462016,-0.0864776227895876,0.0077727486367833,0.0387185077606956,0.0493401648039032,0.0374517893995638,-0.0534010469349363,0.0816457655618873,-0.0369615663115339,-0.0161819229067641,-0.0302281503072206,-0.0394511961140184,0.0565849547041381,-0.0035345107698137,0.0558838658362332,-0.0643067331917167,-0.0452802543360704,-0.0068121253927579,-0.0451741134423459,-0.0690982279379938,-0.0015918251163349,-0.1085479810805324,36.0,0.4370160442328594,0.1399746512699237,0.8038529215226142,0.6221424001465925,35.0,34.0,1.0,8.25289175712972,0.4762717678398078,0.2427321105038153,0.0861378528458349,0.3196897345749028,0.4165933122817311,3.4666330303817716,8.0,8.0,0.0,0.1598558666702082,0.0511689420982334,0.019981983333776,0.0141088950679294,0.0360266566814107,0.0435977993898221,1.8471580360292816
sciver_test_489,1,24,16,40,2000,0.0199896675088724,29.0,27.0,0.9310344827586208,5.241379310344827,5.0,0.0,0.0,0.0588235294117647,0.0344827586206896,0.0,0.0,0.0,0.0,0.0,0.0,0.0,0.0,0.0,1.0,0.0344827586206896,0.0,0.0,1.0,0.0344827586206896,0.0,0.0,0.1874791379679882,-0.1023161767674143,0.1078436207066391,-0.0115876452221289,0.0273487336452162,0.0832062836402443,0.0498713081893214,0.0212909785847384,0.0571198906536112,-0.0210441178315927,-0.0725056390729637,-0.0092255918330457,0.0017084227047586,-0.0758400453397659,0.0538433427730279,-0.0115106701030971,-0.0631770186320268,0.0938890513322344,-0.0334761539099696,0.0331095280841283,0.0793590397261546,-0.0406084317805469,-0.0560351647075623,-0.0004552035801772,27.0,0.3245612412058022,0.1479553542192211,0.7206065816755126,0.5010431466065315,23.0,22.0,1.0,4.282185437331622,0.3825914019949851,0.1946447926059828,0.1024303228588956,0.3228806091192501,0.3528569933795902,2.936323354897823,2.0,2.0,0.0,0.0188833382943339,0.0176573283371002,0.0094416691471669,0.0082156591899333,0.0160141964991136,0.0168357624181069,0.2403103954829901
sciver_test_491,1,24,16,40,2000,0.0,33.0,30.0,0.9090909090909092,5.909090909090909,2.0,2.0,2.0,0.0465116279069767,0.054054054054054,0.0,0.0,0.0,1.0,0.0303030303030303,0.0,0.0,1.0,0.0303030303030303,0.0,0.0,1.0,0.0303030303030303,0.0,0.0,0.0,0.0,0.1466917388208647,-0.0788031960080197,-0.010402615461493,-0.1506013115868148,0.0009123222023895,-0.0494356853586248,0.0519061514030676,-0.0653420367329752,-0.0262654844227134,0.0284401125911434,0.0188492613380784,-0.0302711240407843,-0.0894276599711247,0.0228898034047844,0.0449229620235856,0.0548617543278105,-0.0260864602249124,-0.0316727166445247,0.0010889652835484,-0.0344843821469819,0.0005092600660857,0.0394423757692453,-0.0263308061824242,-0.0835060260244628,30.0,0.3692201433056962,0.1429377692284908,0.770112722092823,0.5564032929327533,30.0,29.0,1.0,6.285850275504,0.5107799802108786,0.216753457776,0.1290698046856828,0.371192283962745,0.4198055900477559,3.186306361812689,0.0,0.0,0.0,0.0,0.0,0.0,0.0,0.0,0.0,0.0
sciver_test_493,1,24,16,40,2000,0.2507946788951261,30.0,30.0,1.0,6.7,2.0,0.0,0.0,0.1016949152542373,0.0816326530612244,0.0,0.0,0.0,0.0,0.0,0.0,0.0,0.0,0.0,0.0,0.0,0.0,0.0,0.0,0.0,0.0,0.0,0.1406062973534356,-0.0494596686838042,-0.0915527269779421,-0.1028602727561826,0.0444021250281106,-0.0285337208161195,-0.0473391290110379,0.0507169333064454,-0.0504433207925358,0.0276243656791978,0.0381252593477851,-0.0392565569586546,0.0520015200881024,0.0048493179804743,0.0506778936404009,-0.0414139103250351,0.0243951554497711,0.1034066782471231,-0.0527312093831945,0.0292261009614266,0.0222005343737004,0.0952870347946609,-0.0563893114949718,0.0050411269089356,30.0,0.4449995502153185,0.1284191471397605,0.8140211955899352,0.6106163322818824,30.0,29.0,1.0,7.292430020468848,0.4525062613802919,0.2514631041540982,0.0807524662412736,0.3583432069321518,0.4071371472130882,3.3160847823521333,4.0,4.0,0.0,0.0519200903962816,0.0234452699060169,0.0129800225990704,0.0062956645940553,0.0200932513660986,0.0217692606360578,1.2785722450339745
sciver_test_494,1,24,16,40,2000,0.0328403868009302,34.0,29.0,0.8529411764705882,5.382352941176471,1.0,0.0,0.0,0.0192307692307692,0.0,0.0,0.0,0.0,1.0,0.0294117647058823,2.0,0.0588235294117647,0.0,0.0,0.0,0.0,0.0,0.0,1.0,0.0294117647058823,0.0,0.0,0.2278071741909784,-0.0168447680019543,-0.1000585077258488,0.1026752324342056,-0.0872829357622506,-0.0141854537356178,0.0412693008048648,-0.0934177025655412,-0.0064150940050997,0.0675851127042381,-0.05428571970465,-0.0507620126543694,0.032942455792979,0.0131233005460168,0.0020061508977616,0.016039552610364,0.0263723376361346,0.0336807093022572,-0.0083438818441099,-0.0211027766538327,0.0670682938905007,1.6459501215484812e-05,0.0122294930578116,0.0266210954999977,29.0,0.3547725552996264,0.1310159981317958,0.7615246531342608,0.5382335753139991,29.0,28.0,1.0,5.6077342675358475,0.456520403531168,0.2002762238405659,0.0923824642619142,0.3215373920758864,0.3290236166680622,3.2242505371421952,3.0,3.0,0.0,0.0574384583232221,0.0518840043316137,0.0191461527744073,0.0231500143360675,0.0421114555049606,0.0469977299182871,0.3844324628432132
sciver_test_495,1,24,16,40,2000,0.0839810395947529,34.0,27.0,0.7941176470588235,4.588235294117647,9.0,4.0,6.0,0.0638297872340425,0.0263157894736842,0.0,0.0,0.0,1.0,0.0294117647058823,0.0,0.0,0.0,0.0,1.0,0.0294117647058823,0.0,0.0,0.0,0.0,3.0,0.088235294117647,0.2174866258300229,-0.0076965149423265,0.1638372637087639,-0.1409069313346232,-0.1839760140461991,0.0147010058926774,-0.2417505377095567,-0.1111853592587503,-0.0248511942911473,-0.009986384336738,-0.1243239749911715,0.1331820416922134,0.0026344487504248,-0.0786637372076579,-0.0951344256771433,0.0498477102739187,0.0742563471870041,0.0221197280582358,0.0263115574400795,0.0269006664261543,0.1704348452490593,-0.0370499866932347,-0.0213611595800643,-0.0999273120607339,27.0,0.3598621769842252,0.1495711089082858,0.7974279015537343,0.5517144999686766,27.0,26.0,1.0,4.580727644300011,0.4386695614441152,0.1761818324730773,0.115225076131142,0.3014855105113513,0.3272081719651229,3.0096796950640177,2.0,2.0,0.0,0.0160753709052461,0.0155860437659637,0.008037685452623,0.0075483583133406,0.0140763721032955,0.0148312079346296,0.136266801132864
sciver_test_496,1,24,16,40,2000,0.2644915986125489,40.0,34.0,0.85,4.3,10.0,0.0,4.0,0.2083333333333333,0.175,0.0,0.0,0.0,2.0,0.05,0.0,0.0,0.0,0.0,2.0,0.05,1.0,0.025,0.0,0.0,0.0,0.0,0.2645705419811632,-0.0522909578607633,0.1466602493043708,0.057350330124101,0.0393580201725935,0.1134946708865896,0.016331995622055,0.0917933205770876,0.0933997951122733,0.0565767050622107,0.0579700120816044,0.0892870077402081,0.1167477553578051,-0.0837665518355516,0.0773688539754972,0.1502513616078572,-0.0401543970744312,0.0296807808481657,-0.0455167798891216,-0.0429672158226371,0.0198340107507616,-0.0418964085347764,-0.0217594250132626,-0.0708605395880146,34.0,0.2962885506005743,0.1486580440198331,0.6661499092250686,0.4948859553372723,29.0,28.0,1.0,5.09887748817545,0.3849882099553484,0.1821027674348375,0.1062252229351432,0.3302721259552623,0.3586132746003707,3.1512916648656377,2.0,2.0,0.0,0.0216265481157393,0.0157634957420819,0.0108132740578696,0.0049502216842122,0.0147734514052394,0.0152684735736606,0.5843542108759884
sciver_test_499,1,24,16,40,2000,0.1938407017632582,22.0,18.0,0.8181818181818182,5.454545454545454,3.0,1.0,4.0,0.09375,0.1111111111111111,0.0,0.0,0.0,1.0,0.0454545454545454,0.0,0.0,0.0,0.0,0.0,0.0,0.0,0.0,1.0,0.0454545454545454,0.0,0.0,0.1301579747782992,0.035718539985563,0.0179504915061048,-0.0657373706900075,0.0396873012223449,-0.1007044730986711,-0.0194849562112334,0.073360261874756,0.0334190221835382,-0.0206564304645734,-0.1082389637602185,0.0236950811407867,0.0769649493535861,-0.0288488615088556,0.0738344037017198,0.0666678094137606,-0.0629752161821467,-0.0151196190536673,-0.0962754386509694,-0.0712649842873898,-0.0417298829392553,0.0016024486003072,-0.0451724231651855,-0.0814573651858593,18.0,0.4833842442532194,0.1898872659394437,0.9825475728201156,0.7558433659566303,17.0,16.0,1.0,4.497241165494755,0.5948097416395296,0.2810775728434221,0.1329482029287401,0.4704212393594016,0.5232140898796462,2.6673145834471965,0.0,0.0,0.0,0.0,0.0,0.0,0.0,0.0,0.0,0.0
sciver_test_500,1,24,16,40,2000,0.0978444563934931,30.0,24.0,0.8,4.166666666666667,5.0,1.0,4.0,0.0697674418604651,0.0588235294117647,1.0,0.1428571428571428,0.0,0.0,0.0,0.0,0.0,0.0,0.0,1.0,0.0333333333333333,0.0,0.0,0.0,0.0,0.0,0.0,0.2051586155706918,0.068098234242356,0.0429483470444261,0.0743817186954372,0.1282047944872517,-0.0075057852976167,0.0238776662012085,0.0138186378973625,0.0522744336271493,0.0530020767964459,0.0179448101724487,0.1600094082497777,-0.0486709611667168,0.0900810094217136,0.1402814044423314,-0.0611433135375427,0.053079708732022,-0.1380086541635752,-0.0944217505404788,0.0121423831520538,0.0528565070199893,0.0183705735153332,-0.0248523092214537,0.1299129711878891,24.0,0.318545502146091,0.1455348008554727,0.6804955960156849,0.5007485445628714,22.0,21.0,1.0,3.6789790509638154,0.4699337265559851,0.1751894786173245,0.1003842216285425,0.2497800185298069,0.2685557385237545,2.8727581432328977,1.0,1.0,0.0,0.0024836609345226,0.0024836609345226,0.0024836609345226,0.0,0.0024836609345226,0.0024836609345226,-0.0
sciver_test_501,1,24,16,40,2000,0.1755592149830003,38.0,29.0,0.7631578947368421,5.184210526315789,3.0,0.0,1.0,0.0377358490566037,0.0425531914893617,0.0,0.0,0.0,1.0,0.0263157894736842,0.0,0.0,0.0,0.0,1.0,0.0263157894736842,0.0,0.0,0.0,0.0,2.0,0.0526315789473684,0.2894679778023616,0.3406650086570348,-0.0359977764602249,0.0700918236923475,-0.1257622369828905,0.0842318171536181,0.0729217758686046,0.0412612481971869,0.0172542550853716,0.0556177019761837,0.0625851336701302,0.039428930491862,-0.1004473419549634,0.0393577604966049,0.0987912702602183,0.0282898746424492,-0.0010733721669158,0.1556119144536197,0.1245531782688868,-0.010732574882341,-0.0834511731450583,-0.1307305153415345,-0.0411329473213328,0.0713669270180383,29.0,0.4529053149828375,0.1652314663300697,0.8497310079089015,0.6662762160933995,29.0,28.0,1.0,7.18683821565689,0.4512911515300272,0.2566727934163175,0.1126540465484653,0.4129413547803266,0.4436771527969335,3.2272608606959547,1.0,1.0,0.0,0.0020603963036874,0.0020603963036874,0.0020603963036874,0.0,0.0020603963036874,0.0020603963036874,-0.0
sciver_test_503,1,24,16,40,2000,0.0801537205330004,27.0,23.0,0.8518518518518519,4.37037037037037,8.0,0.0,6.0,0.088235294117647,0.064516129032258,0.0,0.0,0.0,1.0,0.037037037037037,0.0,0.0,0.0,0.0,2.0,0.074074074074074,0.0,0.0,0.0,0.0,0.0,0.0,0.1713133434550364,0.1872279925356271,0.0691779489379329,-0.0496199409479165,0.1008116977959724,0.0918838239936918,0.0139907543229533,0.1727817016746741,-0.0242420013973738,0.0723035110039193,-0.0801562272621934,-0.0785042059440013,-0.021977815408014,0.1002186029806772,-0.0323194080270811,0.0841441578193811,-0.0546872709162142,0.0825024380572127,0.0595593322182457,0.0049957408586455,0.0555715175522324,0.0746654852645914,0.1543675490057064,0.1045719617531395,23.0,0.295293531212966,0.1425872587678245,0.6917390748599339,0.4758271212853555,20.0,19.0,1.0,3.1240914999522476,0.3726729119923908,0.1644258684185393,0.0866991269017824,0.2436245312535885,0.2670712578745308,2.785405869480344,1.0,1.0,0.0,0.0191810146412733,0.0191810146412733,0.0191810146412733,0.0,0.0191810146412733,0.0191810146412733,-0.0
sciver_test_504,1,24,16,40,2000,0.30855126806597,25.0,22.0,0.88,5.32,4.0,0.0,1.0,0.1166666666666666,0.1176470588235294,0.0,0.0,0.0,1.0,0.04,0.0,0.0,0.0,0.0,1.0,0.04,0.0,0.0,0.0,0.0,0.0,0.0,0.2317405364727667,0.1688396896503738,-0.0059827098733619,0.0218775168803525,0.0596550919995716,-0.1507324763366251,0.0779055064722559,-0.0431084408052983,0.1130427082405639,0.0275115960175627,0.1402161212873827,-0.0408848301116252,0.0598195187939674,0.1253300702620963,0.0581417768147609,0.0016238190030827,0.0748070442645858,-0.0227258186071023,-0.0270400325611513,0.0428091978472095,0.0362352245109765,-0.1447950663089749,0.0303551973145705,0.0977370103585779,22.0,0.3295811948641369,0.1233879369250655,0.6438035181567674,0.4898283188162662,22.0,21.0,1.0,4.039622113954379,0.3688702740579349,0.1923629578073513,0.096218964035114,0.3465152698270379,0.3543620756128888,2.9162353015705955,2.0,2.0,0.0,0.0101041027755848,0.0072527894846705,0.0050520513877924,0.002200738096878,0.0068126418652948,0.0070327156749827,0.595013187377265
sciver_test_505,1,24,16,40,2000,0.0617616021636791,28.0,24.0,0.8571428571428571,5.392857142857143,1.0,0.0,0.0,0.1224489795918367,0.0714285714285714,0.0,0.0,0.0,1.0,0.0357142857142857,1.0,0.0357142857142857,0.0,0.0,1.0,0.0357142857142857,0.0,0.0,0.0,0.0,1.0,0.0357142857142857,0.2530793774842041,0.1842763378272396,-0.0338686866725354,0.0272922632137815,-0.1882458601384664,0.0087028245653329,-0.0933247675262226,-0.0844638549323718,0.054322954965588,-0.0588005190383657,0.0142112204411194,0.0669924347056125,0.0487073791775908,-0.0685485890473515,-0.0280554643508285,-0.0508731468701267,-0.0066998491821652,-0.0212897562969476,-0.0579530450556131,0.0459080574757021,0.01818870407084,0.0670475630478775,-0.022212143146319,0.0353159545555902,24.0,0.3383240552592965,0.1021516858828284,0.6295375839425518,0.4805389895318983,24.0,23.0,1.0,4.8797315335902685,0.4457332686979905,0.2121622405908812,0.0819718692569073,0.285104598235027,0.3563774788950581,3.056845000516263,4.0,4.0,0.0,0.0347348911726374,0.0141385245695919,0.0086837227931593,0.0056448171774633,0.0141130093774239,0.0141257669735079,1.1271732592545518
sciver_test_506,1,24,16,40,2000,0.1349562722852522,27.0,24.0,0.8888888888888888,5.925925925925926,3.0,0.0,2.0,0.1351351351351351,0.0909090909090909,0.0,0.0,0.0,0.0,0.0,0.0,0.0,0.0,0.0,1.0,0.037037037037037,0.0,0.0,1.0,0.037037037037037,0.0,0.0,0.2163056989720049,-0.0129935040105059,-0.0562699446035409,0.0999974278999056,-0.0738119879324572,0.0097909117540189,0.0224096906102783,-0.0140655764420043,-0.0603799275344773,-0.0320666804353009,0.1084806034723196,-0.1174489550626158,0.0069885129658894,-0.1009923281735991,0.0776166337113326,0.1078515122835214,-0.0070494806675181,-0.0334513794828506,-0.0263779824565729,0.0034422994897564,0.1154683497258376,-0.0074254482941453,0.0087336890472715,0.0514639400026516,24.0,0.3455532649964896,0.1335285230458404,0.702288423688561,0.5142302782946808,24.0,23.0,1.0,4.886045546217574,0.4214563955858927,0.2124367628790249,0.1063385903745013,0.3541020457220256,0.4132012986280752,3.0047433191945667,1.0,1.0,0.0,0.0027397448335336,0.0027397448335336,0.0027397448335336,0.0,0.0027397448335336,0.0027397448335336,-0.0
sciver_test_507,1,24,16,40,2000,0.2025745520768493,26.0,22.0,0.8461538461538461,4.576923076923077,6.0,1.0,1.0,0.0697674418604651,0.0857142857142857,0.0,0.0,0.0,2.0,0.0769230769230769,0.0,0.0,0.0,0.0,2.0,0.0769230769230769,0.0,0.0,0.0,0.0,0.0,0.0,0.2282999313008802,0.3633973320543916,0.0816249974415152,-0.2053874070321701,0.0975075343373877,-0.0021296377038021,0.0999587056266381,-0.0584325584072595,-0.0702547175249587,0.1278515835844651,-0.03052634283716,-0.0371931992158702,-0.0525960177172252,0.0620338604628221,0.1036602544969785,0.1762047287299215,0.0022738353283569,0.0226900011832061,0.0303781352158494,0.0170898959606909,0.1246672052512006,0.0212780618918739,0.0292538474961479,-0.0849119911322622,22.0,0.281286037693469,0.1114894731916675,0.6134503781498996,0.4459206905974811,22.0,21.0,1.0,3.1749169490167266,0.3511427077191778,0.1511865213817488,0.084730763553209,0.255428849213862,0.2556892015062877,2.883834083873787,0.0,0.0,0.0,0.0,0.0,0.0,0.0,0.0,0.0,0.0
sciver_test_508,1,24,16,40,2000,0.4322275235053713,28.0,23.0,0.8214285714285714,4.535714285714286,4.0,0.0,0.0,0.2758620689655172,0.2727272727272727,0.0,0.0,0.0,0.0,0.0,0.0,0.0,0.0,0.0,2.0,0.0714285714285714,0.0,0.0,0.0,0.0,0.0,0.0,0.1093556595572268,0.0048539455392138,0.0454969279891989,0.0288301351157034,-0.0167705042563483,-0.0213991572891595,-0.0590868377658514,0.0383750668630936,-0.0146567774231071,0.0729341281368525,0.0004512090081675,-0.0398280874675996,-0.0020557719615953,-0.0138497705294163,-0.0968434917995085,0.0227705903329443,0.033487996239037,-0.0646467384446543,0.0068987795818229,0.0067014230336971,-0.0335666791825836,-0.0307092677797243,0.0207860478739075,0.0196872443025081,23.0,0.4192589065082641,0.1646399195912122,0.8046783250355506,0.6353485857182696,23.0,22.0,1.0,5.2522340348059915,0.4660071797485121,0.2387379106729996,0.1401561776547491,0.4188418462377372,0.4246209680144798,2.891502600278312,3.0,3.0,0.0,0.1114567864188369,0.105556542999162,0.0371522621396123,0.0483743831811489,0.0852098659920996,0.0953832044956308,0.2414157086717767
sciver_test_511,1,24,16,40,2000,0.0741114301251393,40.0,35.0,0.875,4.425,3.0,0.0,0.0,0.1428571428571428,0.1016949152542373,0.0,0.0,0.0,1.0,0.025,1.0,0.025,0.0,0.0,1.0,0.025,2.0,0.05,1.0,0.025,0.0,0.0,0.314395783751736,-0.0239246279800907,0.0803115992308655,0.1376526691927524,-0.1111555796413577,-0.1374348543083319,-0.0214730183592203,-0.0764103210743134,-0.0593909515923579,0.010460210464877,-0.0687826653864364,-0.024689071344471,0.032857584934927,-0.0094337438699184,0.0828327261808905,-0.0617479498841554,-0.0557343914275666,-0.0055279734967718,-0.038748229262313,-0.0457144291731445,-0.0633288220266285,-0.0076185877657151,-0.0321892536341201,-0.0138073229091044,35.0,0.378026983670178,0.176314743910366,0.8790176471153959,0.6070855058967414,34.0,33.0,1.0,6.8071641931920315,0.5385180108955487,0.2062777028240009,0.1328527854411858,0.3601985359656899,0.4515432544579703,3.2896558279451504,3.0,3.0,0.0,0.0217782769013559,0.0147935263992703,0.0072594256337853,0.0053520168042643,0.012658854132547,0.0137261902659087,0.8445084578845865
sciver_test_513,1,24,16,40,2000,0.1961234255395099,31.0,26.0,0.8387096774193549,5.419354838709677,3.0,0.0,0.0,0.2244897959183673,0.1904761904761904,0.0,0.0,0.0,1.0,0.032258064516129,0.0,0.0,0.0,0.0,2.0,0.064516129032258,0.0,0.0,0.0,0.0,2.0,0.064516129032258,0.2444280699466983,0.30492774034987,0.0557652948148339,-0.0392762761402724,-0.028856081462149,0.169342525940187,0.0895417540157904,0.1492069160825938,-0.0575539765756673,0.19314693866791,0.19977699878583,0.172896608272702,-0.0308121498235609,0.1059130290705647,0.1000818994585599,0.0731352905439517,-0.0866593369183929,0.1810747020404675,0.1540106073228472,-0.0566730210149074,-0.0254740068180137,-0.0700453935320336,0.0121845550296254,0.0254177935224001,26.0,0.3109420844835125,0.1292552183547458,0.7164658310449894,0.480719356381583,26.0,24.0,2.0,4.248325641387877,0.3720900953534327,0.1770135683911615,0.097067000019629,0.304618081583285,0.3611164263418525,3.01092273206506,2.0,2.0,0.0,0.0030022146721184,0.0020763733126144,0.0015011073360592,0.0005752659765552,0.0019613201173034,0.0020188467149589,0.6178032804939491
sciver_test_514,1,24,16,40,2000,0.5125684463284323,33.0,27.0,0.8181818181818182,4.9393939393939394,5.0,1.0,5.0,0.2352941176470588,0.1818181818181818,0.0,0.0,0.0,1.0,0.0303030303030303,0.0,0.0,0.0,0.0,2.0,0.0606060606060606,0.0,0.0,0.0,0.0,0.0,0.0,0.2475364023123908,-0.0159310004753875,-0.0112746653464203,0.1319714031768463,-0.1310739140343946,-0.0668609693966489,0.0762979718705093,0.0848631254236129,0.0917795788736498,0.1274038654810801,-0.1705963309145901,-0.033942809280483,0.0021852312754693,0.0196999953467723,-0.0711958210105094,0.0141496258063078,0.0510019205641988,-0.0859648109245638,0.0812001134293658,-0.0858890770564851,0.0355858412533676,0.0341044019747062,-0.0580513728874705,-0.011484244957392,27.0,0.373212658239089,0.1617686517156938,0.7928433452036218,0.5739047163300852,26.0,25.0,1.0,4.9790559902988605,0.4564341071250315,0.1991622396119544,0.1222611335105209,0.3849801698854616,0.4057635927935575,3.024640515310133,2.0,2.0,0.0,0.0168668238412737,0.0099844897679796,0.0084334119206368,0.0015510778473427,0.009674274198511,0.0098293819832453,0.6761371259669847
sciver_test_515,1,24,16,40,2000,0.2255973724273529,32.0,29.0,0.90625,4.21875,5.0,2.0,3.0,0.1666666666666666,0.1333333333333333,1.0,0.1428571428571428,0.0,0.0,0.0,0.0,0.0,0.0,0.0,1.0,0.03125,1.0,0.03125,0.0,0.0,0.0,0.0,0.2763058777226087,-0.0393330568211957,0.131529652292221,0.0265352225282396,0.0205002774441973,-0.0405387853408993,-0.0417137630849199,0.061762519213584,0.0407365062889951,0.0917017829317718,-0.196586757728888,0.0573769303569541,0.1066635211217724,-0.0668795476394997,-0.0356849070869232,0.0836310008355546,-0.1167023173962427,-0.0709182236830106,0.006398591657211,0.1336329392449469,-0.0002435696708555,0.0125918420456954,0.0235599346815851,-0.0901044996239608,29.0,0.2629344943066897,0.140104005256138,0.5835260476639493,0.4323504969524842,25.0,24.0,1.0,3.840380664300701,0.3825722796485089,0.1600158610125291,0.1073129799681595,0.2691804908715415,0.2779027719547741,2.9143159949994866,1.0,1.0,0.0,0.0110317539272741,0.0110317539272741,0.0110317539272741,0.0,0.0110317539272741,0.0110317539272741,-0.0
sciver_test_517,1,24,16,40,2000,0.1381397429197923,29.0,24.0,0.8275862068965517,5.206896551724138,3.0,0.0,2.0,0.141025641025641,0.1176470588235294,0.0,0.0,0.0,1.0,0.0344827586206896,1.0,0.0344827586206896,0.0,0.0,2.0,0.0689655172413793,0.0,0.0,0.0,0.0,0.0,0.0,0.3177575858849636,0.3562575407985917,0.0122275760398906,0.0582910109958385,0.0533995224003693,-0.1406164914818314,0.0181159470180786,-0.0274149269847305,-0.0900709577695287,-0.014459462740514,0.0025468893226729,-0.0913455631972547,-0.1026832064379064,-0.0524397589186905,-0.0271011217817722,-0.101683545857984,-0.0004955491041809,0.0024720534820167,-0.0918064963348124,-0.099540557742397,-0.0536683827947006,-0.0237763666340275,0.1242492229072981,0.069370726929782,24.0,0.4097684850885488,0.1630462806791497,0.8759589275703267,0.6292582272001211,24.0,22.0,2.0,4.912413919713713,0.416111385005714,0.2232915418051687,0.0838657674149501,0.3434427942226832,0.350794133536204,3.0227059630315245,3.0,3.0,0.0,0.0520176427440553,0.0307649718276484,0.0173392142480184,0.0103637911947908,0.0277555574124348,0.0292602646200416,0.91064681803061
sciver_test_518,1,24,16,40,2000,0.0474128003787999,24.0,22.0,0.9166666666666666,4.166666666666667,5.0,0.0,0.0,0.0769230769230769,0.0493827160493827,1.0,0.1,0.0,0.0,0.0,0.0,0.0,0.0,0.0,2.0,0.0833333333333333,0.0,0.0,0.0,0.0,0.0,0.0,0.224868745602502,-0.0651808941901759,0.2559976626609384,0.0895802083409431,0.0460228344949194,-0.0404322211189726,-0.0180950849424,0.0261518297868484,-0.0288634772529901,0.0872227067123821,0.0149925024829733,-0.0228377581625455,-0.0593445475677831,0.0987808901069748,-0.0994116052881565,-0.1073638709151831,-0.065630637579993,-0.027130154370656,-0.04002908165982,0.0453840881689798,0.0241320172857693,-0.0049730647385347,0.0251580582571646,-0.0253131459753327,22.0,0.322583859970599,0.1589200832882701,0.6750127546408636,0.5219439447833757,20.0,19.0,1.0,3.3299557131539603,0.4397842369396275,0.1752608270081031,0.1106375810351403,0.3589996552520623,0.3953631245392032,2.763114755050446,1.0,1.0,0.0,0.0233972176023602,0.0233972176023602,0.0233972176023602,0.0,0.0233972176023602,0.0233972176023602,-0.0
sciver_test_519,1,24,16,40,2000,0.1236357217647034,35.0,28.0,0.8,4.714285714285714,7.0,0.0,2.0,0.0303030303030303,0.037037037037037,0.0,0.0,0.0,0.0,0.0,0.0,0.0,0.0,0.0,2.0,0.0571428571428571,0.0,0.0,0.0,0.0,0.0,0.0,0.226163551168434,0.0340265340150219,0.0092058262930995,-0.0705733592324129,-0.1144787426875608,-0.1265838890202137,0.0468400637053861,0.0381079987971684,0.2408779096816635,-0.0382741079816053,0.1360138779244129,-0.1812887826241278,0.2174226023136117,0.1134304654079674,-0.0389417757246579,-0.0879711797890499,-0.035626393130989,-0.1333899737556875,-0.0015623767062687,-0.0799127513972856,0.0248640271145032,-0.0114394299937024,-0.0891706825730439,0.0508277850294156,28.0,0.3618163100569488,0.1419496296929296,0.7017461740714156,0.540359250018555,28.0,27.0,1.0,5.431230466135355,0.4265244329923677,0.201156683930939,0.1108799757903166,0.3881740044361894,0.397334620310165,3.139582924395475,1.0,1.0,0.0,0.0033504292674794,0.0033504292674794,0.0033504292674794,0.0,0.0033504292674794,0.0033504292674794,-0.0
sciver_test_520,1,24,16,40,2000,0.2519554423291454,45.0,37.0,0.8222222222222222,4.333333333333333,10.0,1.0,2.0,0.2142857142857142,0.1864406779661017,4.0,0.5,1.0,0.0,0.0,0.0,0.0,0.0,0.0,3.0,0.0666666666666666,0.0,0.0,0.0,0.0,1.0,0.0222222222222222,0.2366930462902569,0.058532244045562,0.1234515328125289,-0.0119233507962927,0.1139665172705547,0.2096642363779988,-0.1026543423645732,0.2463621339668358,0.0032771313314453,0.1820430773809262,-0.0859727050947475,-0.1443171398859241,0.050421712459047,0.0165778267181784,-0.0610168333460709,-0.2087503223639516,0.02588665378193,-0.0077970885782883,0.091576694034551,0.0811134565292202,0.0141610960329958,0.0830005700465007,0.1083355909723891,0.0082048162926014,37.0,0.3719791854829864,0.2043044439867816,0.920318390447154,0.6721402855300698,32.0,31.0,1.0,6.528281074043319,0.6596555923914554,0.2105897120659135,0.1358918573348624,0.3325918742356565,0.4030957714918695,3.219352141431019,3.0,3.0,0.0,0.0275253310055673,0.0096364302861099,0.0091751103351891,0.0005885153042763,0.0096180198536662,0.009627225069888,1.0965224049106923
sciver_test_522,1,24,16,40,2000,0.06001953090797,22.0,18.0,0.8181818181818182,4.318181818181818,4.0,2.0,2.0,0.0333333333333333,0.04,0.0,0.0,0.0,1.0,0.0454545454545454,0.0,0.0,0.0,0.0,0.0,0.0,0.0,0.0,0.0,0.0,0.0,0.0,0.1504745531426427,0.0014484446097536,-0.0588546431065953,0.0156987826496321,-0.007584483015473,-0.0459141413073356,0.010106610605881,0.0812589609347695,0.0239277815991385,0.1190455403200906,-0.0242013008176044,-0.0880789796461097,-0.1249573585322754,-0.0188276907420621,-0.0720188076304096,0.0188180382790421,-0.0433593376826691,-0.0263227764602445,0.0441275539008516,0.0161143594019696,-0.0653955893778364,0.0594270447864564,-0.0191007405720525,-0.0465972831533949,18.0,0.3245306448679862,0.1397141011981608,0.6703044018395387,0.5669305217373867,18.0,17.0,1.0,3.2986286099522375,0.4672182810939698,0.1940369770560139,0.11409469041197,0.3143333193353189,0.3629489205266509,2.644842383704739,0.0,0.0,0.0,0.0,0.0,0.0,0.0,0.0,0.0,0.0
sciver_test_523,1,24,16,40,2000,0.3682697477462254,30.0,24.0,0.8,4.766666666666667,7.0,0.0,3.0,0.0975609756097561,0.081081081081081,0.0,0.0,0.0,1.0,0.0333333333333333,0.0,0.0,0.0,0.0,1.0,0.0333333333333333,0.0,0.0,0.0,0.0,0.0,0.0,0.1564364875536416,0.044383351635623,0.0137366521652748,-0.0111991128201428,-0.0182186550095284,-0.0147180768491319,0.0618840155703109,0.0398226662357236,0.1330635061177473,0.0882841674089425,0.038644070672922,-0.1023315385306994,0.0351687615070484,-0.0567592693784312,-0.1709642891936917,-0.1128531702315288,-0.0525068557404001,-0.1207059750390342,0.0793642762475046,0.0565598694760208,0.158163410261462,0.0474549236193929,-0.0606560201964976,0.0458058307604613,24.0,0.3637561828067647,0.1847365797344188,0.8421094104440795,0.6121717105622669,21.0,20.0,1.0,4.566110755871661,0.5482508992573937,0.228305537793583,0.143392884971224,0.4271098468266311,0.4747686280360004,2.804495306807326,1.0,1.0,0.0,0.0083283557888876,0.0083283557888876,0.0083283557888876,0.0,0.0083283557888876,0.0083283557888876,-0.0
sciver_test_524,1,24,16,40,2000,0.3437678323543702,29.0,25.0,0.8620689655172413,5.103448275862069,6.0,0.0,0.0,0.0714285714285714,0.0638297872340425,0.0,0.0,0.0,1.0,0.0344827586206896,0.0,0.0,0.0,0.0,0.0,0.0,0.0,0.0,0.0,0.0,0.0,0.0,0.1041763604419408,-0.0504581568505032,-0.0268773702402858,-0.0515109739230294,0.0198896284071822,-0.0288759622139143,-0.036271843976671,0.0026963198905103,-0.035472320875919,0.0122745489189478,0.0132008682316973,-0.0536555622900419,0.0132446418075357,0.0118709345299856,0.0547079864766223,0.0215270581212174,-0.004908308280452,0.0905145011171524,-0.0403167351224284,0.0566184703508887,0.0642239145317888,0.1203486642467004,-0.0354512689580323,0.0015945744082095,25.0,0.3730212278453695,0.1409742179215673,0.730129977764428,0.545135074369988,25.0,24.0,1.0,4.124839603675241,0.3807043248402053,0.1718683168198017,0.0913788110931915,0.3030348261683786,0.3146386944988903,3.025284216612029,3.0,3.0,0.0,0.0372093830403946,0.0184611294584796,0.0124031276801315,0.005178874311915,0.0173566544343538,0.0179088919464167,1.0050034641354744
sciver_test_525,1,24,16,40,2000,0.0380232978882911,28.0,25.0,0.8928571428571429,4.178571428571429,5.0,0.0,0.0,0.1578947368421052,0.1224489795918367,1.0,0.1111111111111111,0.0,0.0,0.0,1.0,0.0357142857142857,0.0,0.0,0.0,0.0,0.0,0.0,0.0,0.0,0.0,0.0,0.2286220832936086,-0.1313761420717941,0.1554796565352194,0.0210357458298319,-0.0352788858800143,-0.0027494977856139,0.1335673551426794,-0.0292773905199316,-0.0163236481132688,0.0003096657522249,0.0039936523922033,-0.0166387743955892,-0.0837456317925191,-0.0718806933863722,0.0561885046334915,0.0633592009538673,-0.0934575079950395,0.0118352003237703,-0.0829670313511984,0.0512212173588617,0.0304589094389102,0.0530040776830684,0.0397912488375581,-0.0788363258221038,25.0,0.3014000585241996,0.1583121930424738,0.7050578371276477,0.5330465698662942,22.0,20.0,2.0,3.6606408170742073,0.3733627488803488,0.1830320408537103,0.0973295905275167,0.3194405302349863,0.3549234863296657,2.8492512353205997,2.0,2.0,0.0,0.0136543387018303,0.008766799058487,0.0068271693509151,0.0019396297075718,0.0083788731169726,0.0085728360877298,0.6522282486614843
sciver_test_527,1,24,16,40,2000,0.2106521096876845,22.0,19.0,0.8636363636363636,5.545454545454546,2.0,2.0,2.0,0.1538461538461538,0.0909090909090909,0.0,0.0,0.0,0.0,0.0,0.0,0.0,0.0,0.0,0.0,0.0,0.0,0.0,1.0,0.0454545454545454,1.0,0.0454545454545454,0.1450165810741853,-0.0004681180729817,-0.1059222176209043,0.0849814551412899,-0.1182071397954669,0.028562344164018,0.0118827517060861,0.0624164773595757,0.024014496727547,0.0060852215136992,0.0090139095722319,0.0779422813462767,0.0376135172565029,-0.0116043987342616,-0.0313549883543787,-0.1061255496114467,0.007273169600281,-0.0536589884948071,-0.0177826155424298,-0.1201113986332515,0.1072891292509319,0.0019825495298313,-0.002001154859106,-0.1379003932809323,19.0,0.4773598109998232,0.1668782187523085,0.8650857808805251,0.7013116491275118,19.0,18.0,1.0,5.076886369959194,0.4665133469588583,0.2820492427755108,0.1063872028635428,0.4255810699308053,0.4351104734177156,2.811324260726765,2.0,2.0,0.0,0.0329670583346005,0.032195968264636,0.0164835291673002,0.0157124390973357,0.0290534804451688,0.0306247243549024,0.1109531273530328
sciver_test_529,1,24,16,40,2000,0.116867901634949,31.0,22.0,0.7096774193548387,4.32258064516129,10.0,6.0,6.0,0.1428571428571428,0.0909090909090909,1.0,0.125,0.0,0.0,0.0,0.0,0.0,0.0,0.0,0.0,0.0,0.0,0.0,0.0,0.0,0.0,0.0,0.1313335864133005,-0.0438567632739703,-0.0526488518895132,-0.0592946390672901,0.0315924086444202,0.0126817575680417,-0.0777672990492991,0.0516528423132166,-0.0323470822335595,-0.0044202569410027,0.0319890830369421,0.0337953548022877,-0.0266653148911736,-0.0095034055087308,-0.0138356891278472,0.0437283401398891,-0.0915548695154539,-0.0810967257845626,-0.0517856780415559,-0.0356850064956744,0.0107332520865939,-0.0422700007460171,-0.0468214933771317,-0.1316555565771044,22.0,0.3611041320049905,0.2046070352957208,0.7702053234875783,0.6289934700405946,20.0,19.0,1.0,4.492168265277463,0.5653056479009727,0.2364299086988138,0.1858752398187076,0.4368151633229978,0.4683817932531284,2.559863191128777,0.0,0.0,0.0,0.0,0.0,0.0,0.0,0.0,0.0,0.0
sciver_test_530,1,24,16,40,2000,0.0,18.0,17.0,0.9444444444444444,4.166666666666667,3.0,0.0,0.0,0.0689655172413793,0.08,0.0,0.0,0.0,1.0,0.0555555555555555,0.0,0.0,0.0,0.0,0.0,0.0,0.0,0.0,0.0,0.0,0.0,0.0,0.2448487516108431,0.3438269490280357,-0.0380399574584432,-0.1388339554800731,0.0107889095571972,-0.1179803920634278,0.1173747508193575,-0.0057242243862708,0.1526347270036289,-0.1239729996968092,-0.030665886495088,-0.1083342719839643,0.056005804147028,0.0569853034436571,0.1042513270617633,0.0089910227604974,-0.0162696040532674,0.0061264260130584,-0.0951621020277211,-0.0832513497060722,-0.0288897877295918,-0.0371729493948673,-0.0215655385370825,-0.0231431999773859,17.0,0.3931228935268633,0.1583957551802301,0.7713437465534575,0.6281465872497838,17.0,16.0,1.0,3.5127008837122538,0.4719479718112059,0.2195438052320158,0.1303776912401925,0.3956470515838521,0.437291144455493,2.582239101648857,0.0,0.0,0.0,0.0,0.0,0.0,0.0,0.0,0.0,0.0
sciver_test_531,1,24,16,40,2000,0.4124800977425238,31.0,24.0,0.7741935483870968,5.032258064516129,6.0,0.0,3.0,0.1818181818181818,0.1923076923076923,0.0,0.0,0.0,1.0,0.032258064516129,0.0,0.0,0.0,0.0,2.0,0.064516129032258,0.0,0.0,0.0,0.0,0.0,0.0,0.12822507763378,0.0772808273069003,0.071131792217245,0.0157164153867494,-0.0305605498248502,-0.0019235891793675,0.1093616708774439,0.0140990692226668,-0.0099961364194383,-0.0028572911729335,0.0350801545484496,-0.0015637761001546,-0.0302501824918598,0.0334752383853557,-0.0193336417990829,0.0260701113313391,0.0151898376485397,-0.0071703046740385,0.0392109287887962,-0.0079215952063021,0.0495390747430599,-0.056422759586082,0.0359656175133423,0.0209905082778863,24.0,0.3338546230689274,0.149907422629288,0.7963063869110324,0.4959979052870119,24.0,23.0,1.0,3.916157255198653,0.3746489456854576,0.1702677067477675,0.0919425903262168,0.2624449626722368,0.3593726160937897,2.9862539696847725,1.0,1.0,0.0,0.0053959824634839,0.0053959824634839,0.0053959824634839,0.0,0.0053959824634839,0.0053959824634839,-0.0
sciver_test_532,1,24,16,40,2000,0.2958393376994023,26.0,20.0,0.7692307692307693,5.038461538461538,2.0,2.0,3.0,0.2121212121212121,0.1785714285714285,0.0,0.0,0.0,2.0,0.0769230769230769,0.0,0.0,0.0,0.0,0.0,0.0,0.0,0.0,0.0,0.0,2.0,0.0769230769230769,0.1874392159052319,0.2130326636526403,-0.0518168285866281,-0.0549221550994811,0.0345985381328973,-0.0255716939015406,0.140149110552828,0.0382067499229118,0.0473398379026095,-0.0064489715757852,-0.0514602234086594,0.0748868717637008,-0.0023547197490302,-0.1714877118866609,-0.0170294882912989,-0.0721754630465407,-0.021095322106066,-0.0462893766537126,0.0400576188593467,-0.0371449965503844,0.2505289267219915,-0.0749710302242517,-0.0063128776377117,-0.1229675948369418,20.0,0.3933137353899709,0.1613129306227611,0.8117711510386236,0.6397972193881698,20.0,19.0,1.0,4.847677080195083,0.6300674075167718,0.2551408989576359,0.1397591782696959,0.4604959986591297,0.5041441289670922,2.8121785125121286,2.0,2.0,0.0,0.03082544807332,0.0221201395167594,0.01541272403666,0.0067074154800994,0.0207786564207395,0.0214493979687495,0.5952118761971741
sciver_test_537,1,24,16,40,2000,0.2466775030919972,38.0,29.0,0.7631578947368421,4.7894736842105265,6.0,2.0,3.0,0.088235294117647,0.1034482758620689,0.0,0.0,0.0,0.0,0.0,0.0,0.0,0.0,0.0,1.0,0.0263157894736842,2.0,0.0526315789473684,0.0,0.0,1.0,0.0263157894736842,0.121504597299114,-0.0664644306744712,0.0667969441164257,0.0261593276494412,-0.0504263536883747,-0.0285404756001554,0.0450417749356368,0.032360599707283,-0.0109441749717466,0.056778041522855,-0.0176942635256013,0.0015027954640662,-0.0893261098667613,0.0539751132056731,-0.0090231689264262,0.0185151059615932,-0.005486590003453,0.041528532520773,0.0641326652823845,-0.0210867939246743,-0.0412866166994896,-0.0355538299423243,-0.072221940983736,-0.0106353390684063,29.0,0.3576565437627838,0.1629574125668067,0.7893246039529305,0.582251845118494,29.0,28.0,1.0,4.884551841542363,0.4407989759573152,0.1744482800550844,0.1121029311194158,0.3212876070930354,0.3935150511192719,3.118631731972931,0.0,0.0,0.0,0.0,0.0,0.0,0.0,0.0,0.0,0.0
sciver_test_538,1,24,16,40,2000,0.2119476598186641,25.0,21.0,0.84,4.72,5.0,4.0,4.0,0.1142857142857142,0.1034482758620689,0.0,0.0,0.0,1.0,0.04,0.0,0.0,0.0,0.0,0.0,0.0,0.0,0.0,0.0,0.0,2.0,0.08,0.228527617626446,0.3371232111211183,-0.0068834385028372,-0.156636291426945,-0.0426917645913987,0.0085970588091726,-0.0350132601705945,-0.0744353927964872,0.0692167508171759,-0.0346547390340046,-0.0351499595138206,0.0424100837505193,-0.1081491377797336,-0.0936437574712793,0.115006979158803,-0.0050833012129795,0.0659466305038767,-0.009074510551328,0.0541088052052272,0.0004943321011208,0.1423537137106111,0.0533816771376299,-0.0069073610891815,-0.0134143347388708,21.0,0.3379128924881806,0.1568410797743347,0.7480813300469378,0.5953086168477155,21.0,20.0,1.0,3.937325506990815,0.4998637596556969,0.1968662753495407,0.1306853345020783,0.3480557133631907,0.4794052624727558,2.7670324098819714,0.0,0.0,0.0,0.0,0.0,0.0,0.0,0.0,0.0,0.0
sciver_test_539,1,24,16,40,2000,0.1167681095027093,35.0,30.0,0.8571428571428571,4.828571428571428,8.0,6.0,6.0,0.0714285714285714,0.0857142857142857,0.0,0.0,0.0,2.0,0.0571428571428571,0.0,0.0,0.0,0.0,0.0,0.0,1.0,0.0285714285714285,0.0,0.0,2.0,0.0571428571428571,0.2221860622633445,0.0058740330556069,0.172273410270598,-0.2064347969345925,-0.2177460039009724,0.0307729288276622,-0.1980370497203316,-0.213332840057086,-0.0193275054046421,0.0317792444155615,-0.0388236685974074,0.1410090332407877,0.01625018456483,-0.0518876471295316,-0.0312629320594483,0.0792768512770541,0.0194096023030512,-0.0348319603345338,0.0493631487117882,0.0894923202804018,0.0262563982959824,0.07611607140325,-0.1240332652172593,-0.0052255289353474,30.0,0.3143364616117654,0.1309544058719557,0.6488081081176238,0.4866605604967363,30.0,29.0,1.0,5.134441927031149,0.3657270245277891,0.1770497216217637,0.1138727796862323,0.3312815414175678,0.3523948910591168,3.126656432088173,2.0,2.0,0.0,0.0126327794284428,0.0113980632707579,0.0063163897142214,0.0050816735565364,0.0103817285594506,0.0108898959151042,0.3200866189458267
sciver_test_540,1,24,16,40,2000,0.1313445281047843,31.0,25.0,0.8064516129032258,5.516129032258065,2.0,0.0,4.0,0.15625,0.1153846153846153,0.0,0.0,0.0,2.0,0.064516129032258,0.0,0.0,0.0,0.0,0.0,0.0,0.0,0.0,0.0,0.0,0.0,0.0,0.2067177812289204,-0.0324553569371378,-0.1168175871720648,-0.0138185433180006,-0.0208172482996874,-0.0329303110866004,0.0484281509334209,-0.068824049664818,-0.045209797119289,-0.1748446752637847,-0.0328798853397783,0.0501836238006575,-0.023447940564969,-0.0150778999100882,0.0726316261399267,-0.0430744935742119,-0.0247735107512918,-0.0008457223418835,-0.0420898827990557,0.1211359207471933,0.095726918268821,-0.050461579892548,-0.0860008860249469,-0.044263250981186,25.0,0.3962669129632929,0.1255611687004263,0.6991164842140974,0.5568955687593565,24.0,23.0,1.0,5.484532703933254,0.4441634119741116,0.2384579436492719,0.1040142883446339,0.3849233313114144,0.4196342466214265,3.02720446427704,1.0,1.0,0.0,0.0057089825794617,0.0057089825794617,0.0057089825794617,0.0,0.0057089825794617,0.0057089825794617,-0.0
sciver_test_541,1,24,16,40,2000,0.0953148119448266,26.0,23.0,0.8846153846153846,4.615384615384615,5.0,0.0,0.0,0.2258064516129032,0.1923076923076923,1.0,0.2,0.0,1.0,0.0384615384615384,0.0,0.0,0.0,0.0,2.0,0.0769230769230769,0.0,0.0,1.0,0.0384615384615384,2.0,0.0769230769230769,0.2151764322741306,0.2461663584623075,0.0570918007350968,-0.0825369000274702,0.0627733567874807,0.1830429094511181,0.1239277255213994,0.0660034156033984,-0.0664357534181586,0.0785188052737142,-0.0085618003093195,0.0382143175469013,0.0274083449490474,0.1098920033357566,0.0626615429175483,0.0946898830430658,-0.0759556885582695,-0.0084565555465384,-0.0164178802401458,0.0025481323929395,0.0622478319573309,0.1105231560008565,0.0998210261909846,0.0132660603903166,23.0,0.3143045562167741,0.1169866128475736,0.6195807677653938,0.4891948947031874,22.0,21.0,1.0,4.024014539131048,0.4135147323718143,0.1916197399586213,0.0836388435485889,0.2666653330568903,0.3376936640373896,2.945139538311946,1.0,1.0,0.0,0.011375995173781,0.011375995173781,0.011375995173781,0.0,0.011375995173781,0.011375995173781,-0.0
sciver_test_542,1,24,16,40,2000,0.0206264557352039,21.0,19.0,0.9047619047619048,4.9523809523809526,4.0,2.0,3.0,0.0545454545454545,0.0217391304347826,0.0,0.0,0.0,0.0,0.0,0.0,0.0,0.0,0.0,0.0,0.0,1.0,0.0476190476190476,0.0,0.0,2.0,0.0952380952380952,0.1978785952886863,-0.0041071095184155,-0.0064579953935984,0.0657333883612037,-0.0463943737491349,-0.0148214968779893,-0.1330073590183465,-0.1439027416693523,-0.0191634603376848,0.003806972521912,-0.0196608213607081,0.0735562363395344,0.0067432277886744,-0.1163177291086758,0.0161760992516849,0.001431895613074,-0.0712441192388022,0.0889109831070209,-0.0543192101207498,-0.0628784683360721,0.1376032982743773,0.0005028734456354,0.0031376898780891,-0.0830014370303748,19.0,0.3674973680842047,0.1648763777947391,0.7493553204710458,0.6010313114375432,18.0,17.0,1.0,3.685033186038809,0.4465200664384641,0.2167666580022829,0.1151425290613569,0.3963198692251551,0.4255971709344606,2.6877633638007863,0.0,0.0,0.0,0.0,0.0,0.0,0.0,0.0,0.0,0.0
sciver_test_544,1,24,16,40,2000,0.4705137119003528,31.0,24.0,0.7741935483870968,4.870967741935484,3.0,3.0,3.0,0.2352941176470588,0.2307692307692307,0.0,0.0,0.0,0.0,0.0,0.0,0.0,0.0,0.0,2.0,0.064516129032258,0.0,0.0,0.0,0.0,1.0,0.032258064516129,0.1583941184774629,0.0019847168499534,-0.0047683991875001,0.0401472664509331,0.0393294497851252,0.0062459051877461,-0.0983374947701971,0.1105268253253107,-0.0368156567320332,0.0295546188323888,0.0454442538530679,0.0965745746852134,0.0190388162410368,0.1023331320089768,-0.0020002174644119,-0.0852027373311641,0.0137591681687748,-0.0502206495940416,0.0130485668412364,-0.0133940283488156,0.0201605336663151,-0.0766068010376051,-0.0419705701575441,-0.0542387593017011,24.0,0.4231698920527161,0.1810553273895478,0.9092154335159078,0.6560111996186837,22.0,21.0,1.0,5.028983762647047,0.5148572677592401,0.239475417268907,0.1359184336721531,0.46750364015428,0.4687634975388454,2.8791512874039307,1.0,1.0,0.0,0.001835872149572,0.001835872149572,0.001835872149572,0.0,0.001835872149572,0.001835872149572,-0.0
sciver_test_546,1,24,16,40,2000,0.2174005833256728,17.0,17.0,1.0,5.764705882352941,2.0,0.0,1.0,0.1428571428571428,0.1666666666666666,0.0,0.0,0.0,1.0,0.0588235294117647,0.0,0.0,0.0,0.0,0.0,0.0,0.0,0.0,0.0,0.0,0.0,0.0,0.0934498187520485,0.0104059410590473,-0.0185588930987313,-0.0650098867283741,-0.0444007155353075,-0.0359524412419189,0.088626129360942,-0.010587600748501,0.0931003811145097,0.0613211425996142,-0.0438630696905642,0.0091553828254599,-0.0613679457714494,-0.1526752340620619,-0.1876644080653144,-0.102623327035981,0.057206007041835,0.0044431855520299,0.1209635599585881,0.1166344697316754,0.0242986539931681,-0.0169017106097453,-0.0453284253286646,0.0737271057474384,17.0,0.4491452479041657,0.1724380591035297,0.8415907798400637,0.6642606148870129,17.0,16.0,1.0,4.1940790881729075,0.5816049398393573,0.2621299430108067,0.1414127702692487,0.413926395715587,0.4799815661814939,2.6057334109802412,0.0,0.0,0.0,0.0,0.0,0.0,0.0,0.0,0.0,0.0
sciver_test_547,1,24,16,40,2000,0.0322903273238975,30.0,29.0,0.9666666666666668,4.866666666666666,4.0,2.0,3.0,0.0789473684210526,0.032258064516129,0.0,0.0,0.0,1.0,0.0333333333333333,0.0,0.0,0.0,0.0,2.0,0.0666666666666666,0.0,0.0,0.0,0.0,1.0,0.0333333333333333,0.2560817804131289,0.0415514535654924,0.1826459780748077,-0.0902343881550739,-0.0874225645127987,-0.0258862048196651,-0.100495572543957,0.0308845667942827,0.0827214488930674,0.0205979055763089,0.0068383823353384,-0.0358058849784669,0.0494793400606736,0.1377672354353589,0.0498580351239823,0.0638665929834012,-0.0748214424306622,-0.1644311855300505,0.0051751138802086,0.0981232669852088,-0.0648715756743453,0.2033631591544983,-0.0106087930568196,-0.0684878572940619,29.0,0.3349654946444642,0.1806116384924663,0.7695951625336547,0.6080413386494214,26.0,25.0,1.0,4.625520202487445,0.4553482397691228,0.1850208080994978,0.1163550234765959,0.3367561843437509,0.3944868253855627,3.0134926994606888,0.0,0.0,0.0,0.0,0.0,0.0,0.0,0.0,0.0,0.0
sciver_test_549,1,24,16,40,2000,0.0332822426144907,29.0,22.0,0.7586206896551724,4.620689655172414,3.0,2.0,5.0,0.054054054054054,0.0344827586206896,0.0,0.0,0.0,0.0,0.0,0.0,0.0,0.0,0.0,1.0,0.0344827586206896,0.0,0.0,0.0,0.0,1.0,0.0344827586206896,0.2641765813922269,0.1169362987800866,-0.1127122217747992,0.1377519134790039,-0.2346564713461724,0.0751126301725235,0.0011640125398611,-0.1950043049985224,0.0524563624886811,0.0514750000992473,-0.166946279015158,0.0562270004458405,-0.0645648060397277,0.1190033260122503,-0.0183404970669553,-0.0055773225636452,0.06906944003401,0.0161911324552372,0.0749321035442537,0.0294448166283044,-0.0631086053871449,0.068039098463051,-0.0904356734896305,-0.107746798059568,22.0,0.3687351744817369,0.1273086503698328,0.7074481062668464,0.5490946616988545,21.0,20.0,1.0,4.543915054591532,0.4794103962911321,0.2271957527295766,0.0869094896321879,0.3040031855266984,0.39566393588543,2.927080930727764,1.0,1.0,0.0,0.0128279756300387,0.0128279756300387,0.0128279756300387,0.0,0.0128279756300387,0.0128279756300387,-0.0
sciver_test_550,1,24,16,40,2000,0.2709708210351429,28.0,24.0,0.8571428571428571,4.857142857142857,4.0,2.0,3.0,0.0952380952380952,0.1212121212121212,1.0,0.1666666666666666,0.0,1.0,0.0357142857142857,0.0,0.0,0.0,0.0,1.0,0.0357142857142857,0.0,0.0,0.0,0.0,1.0,0.0357142857142857,0.2408829184151457,0.2519912659963707,0.0372780976583319,-0.0073517660594292,-0.0508751482088205,0.0108977982780862,-0.0582502756779854,-0.1097450366959991,0.0842244778360728,-0.0980864396980717,-0.0090386478447275,0.0065924859677339,0.0934680629850457,-0.0729377248640188,0.0220214970261246,-0.0262765090563932,-0.0216659678105829,-0.1989991935222916,0.1318569196302478,0.0054039731230668,-0.0309130826385598,-0.0376083306919764,-0.1385174235240086,-0.0026605850991439,24.0,0.311772077059097,0.16095343780888,0.7336202272115522,0.5426758983580003,22.0,21.0,1.0,4.1271159175499115,0.4665074032151459,0.1965293294071386,0.1160129372024383,0.3721680238551823,0.407487150790247,2.867741576571236,1.0,1.0,0.0,0.0268354694466009,0.0268354694466009,0.0268354694466009,0.0,0.0268354694466009,0.0268354694466009,-0.0
sciver_test_555,1,24,16,40,2000,0.2779131619977408,34.0,30.0,0.8823529411764706,4.911764705882353,4.0,2.0,6.0,0.109375,0.0925925925925925,0.0,0.0,0.0,0.0,0.0,0.0,0.0,0.0,0.0,2.0,0.0588235294117647,0.0,0.0,2.0,0.0588235294117647,1.0,0.0294117647058823,0.212244032887814,-0.0641840127913899,0.1154478647248342,-0.0050272578581182,-0.0416039121777327,0.0835943438098066,0.0301650469616429,0.0446112420710092,-0.1078957121877142,-0.0829096596894211,0.1157355971638991,0.0428942443970657,0.0075866610307822,0.0132377062184253,0.0671607411774269,-0.0544954613718541,-0.0817108868652918,-0.0051254679886219,0.046448908146685,-0.0200342758317285,0.0999057791873973,-0.038812618423737,-0.0005687881436494,-0.1525729765677842,30.0,0.3546313694034567,0.1620069687652197,0.7742060350014397,0.5538254755236176,27.0,26.0,1.0,5.323662994158463,0.4097960744234306,0.2047562690060947,0.1073153532665659,0.341268879254723,0.3859059619843385,3.105484088750616,5.0,5.0,0.0,0.0243885353279558,0.0088462252127092,0.0048777070655911,0.0020598390196362,0.007146321320957,0.0079962732668331,1.5303039339322766
sciver_test_556,1,24,16,40,2000,0.2069297759713649,23.0,21.0,0.9130434782608696,5.608695652173913,3.0,0.0,2.0,0.1379310344827586,0.0980392156862745,0.0,0.0,0.0,1.0,0.0434782608695652,0.0,0.0,0.0,0.0,2.0,0.0869565217391304,0.0,0.0,0.0,0.0,2.0,0.0869565217391304,0.1834940105443707,0.241997224015091,0.0398318385959166,-0.0260550267973675,0.0497697723961142,0.0275030291307175,0.1698066098512404,0.1644333665340975,-0.0752024721629974,0.2079032704540644,0.0613620711100825,0.0296995949598814,-0.0587242417978067,0.1054612572226507,0.1200995024436325,0.0955364342020849,-0.0522076517203709,0.1298538000379112,0.1340935069780447,-0.0058300591914516,-0.0246347741429363,-0.1199002582360528,-0.0320862727531651,0.0447250251282409,21.0,0.3970354607417,0.166288204105323,0.8647147570821279,0.664648677891779,21.0,20.0,1.0,4.610011021601072,0.6003795455696495,0.2305005510800536,0.1454058377759491,0.4101932899113388,0.5589447678705806,2.80774462411733,1.0,1.0,0.0,0.0087818308117069,0.0087818308117069,0.0087818308117069,0.0,0.0087818308117069,0.0087818308117069,-0.0
sciver_test_558,1,24,16,40,2000,0.0125453166882127,46.0,32.0,0.6956521739130435,4.782608695652174,5.0,4.0,4.0,0.0408163265306122,0.024390243902439,0.0,0.0,0.0,1.0,0.0217391304347826,0.0,0.0,0.0,0.0,0.0,0.0,0.0,0.0,1.0,0.0217391304347826,3.0,0.0652173913043478,0.2484785151687409,0.2133718137428537,-0.0690634439324419,-0.0005137320346925,-0.1106952960776265,0.0504551864752787,-0.048116542316512,-0.0256907083064553,0.0133441632516748,-0.053300441096794,0.0399241712671944,-0.010345005855436,-0.0794034576740996,-0.1603505427866103,0.0525276649169465,-0.0179560732920371,-0.039997116088576,-0.0152016094699465,-0.0385959451467617,-0.0865855221835751,0.1634934889050818,0.0399578141196486,0.0419300338344007,-0.0676738008003633,32.0,0.360957224515059,0.1572783796581779,0.8377797623661541,0.5943216325514481,32.0,30.0,2.0,5.472668244053061,0.5181189531348038,0.1824222748017687,0.1102687428064335,0.319271753411335,0.3308889419850044,3.2127956726281353,3.0,3.0,0.0,0.0203234504324092,0.0089859142644319,0.0067744834774697,0.0024708950478661,0.0087911070044482,0.00888851063444,1.024000183155466
sciver_test_562,1,24,16,40,2000,0.1097241682528815,36.0,24.0,0.6666666666666666,4.75,5.0,0.0,0.0,0.1627906976744186,0.1111111111111111,0.0,0.0,0.0,2.0,0.0555555555555555,1.0,0.0277777777777777,0.0,0.0,0.0,0.0,0.0,0.0,0.0,0.0,0.0,0.0,0.1291465954194771,0.0703361016636596,-0.027574965876552,0.0351858486665411,0.0700509629422733,-0.0797352383001926,0.0019452769126206,-0.0385131901487924,-0.0184428936005415,0.0043790074560945,-0.012093740813786,-0.0396643588845658,-0.0007632297858621,-0.0909874874370358,-0.0532730311582046,-0.0968389292606893,-0.0051232913803658,-0.0684590919279208,0.0521877652187589,0.0294985124436274,0.0203078272499801,-0.0386337923192684,-0.033041543724407,-0.0184065212100606,24.0,0.2478090221363957,0.1275944342285811,0.6134503781498996,0.435689114612557,24.0,22.0,2.0,2.371482719459903,0.2552549414454604,0.1077946690663592,0.0759493020391256,0.1999671525881677,0.2179299548253267,2.80339816704161,0.0,0.0,0.0,0.0,0.0,0.0,0.0,0.0,0.0,0.0
sciver_test_563,1,24,16,40,2000,0.4719299818923771,23.0,18.0,0.782608695652174,4.782608695652174,7.0,0.0,8.0,0.1944444444444444,0.2,2.0,0.3333333333333333,0.0,1.0,0.0434782608695652,0.0,0.0,0.0,0.0,1.0,0.0434782608695652,0.0,0.0,0.0,0.0,0.0,0.0,0.1128552405155062,0.1323557046230545,0.0444152828917305,-0.1236416202949328,-0.0129385702487311,-0.016933471872294,0.031511988537463,0.0456325673867201,0.0226557246650248,0.0242127297939796,-0.0402756604757163,-0.1021131475810529,0.0362358314030634,0.2307374779706218,-0.0876528520586635,0.0004590034811244,-0.0236214570993705,0.0524012463683073,-0.0008925440953044,-0.0063527666728488,0.0852882284934526,-0.1315153765838522,0.1186980222153424,0.0436064393775669,18.0,0.3194174351080586,0.1099068528459757,0.5403912750987744,0.4559749890727368,18.0,17.0,1.0,3.2039897259662937,0.4222441475765923,0.1884699838803702,0.1122617595531552,0.3037915062484481,0.338140087262936,2.620461054642447,2.0,2.0,0.0,0.0019320331113625,0.001095647858628,0.0009660165556812,0.0001296313029467,0.0010697215980387,0.0010826847283333,0.684116269704321
sciver_test_564,1,24,16,40,2000,0.3564444400634226,33.0,30.0,0.9090909090909092,4.636363636363637,5.0,0.0,1.0,0.144927536231884,0.1379310344827586,1.0,0.1666666666666666,0.0,0.0,0.0,1.0,0.0303030303030303,0.0,0.0,1.0,0.0303030303030303,0.0,0.0,0.0,0.0,0.0,0.0,0.259628335100225,0.0119417691858175,-0.0518385893503837,0.1898481929172699,-0.0672596689226662,-0.0078262722813807,-0.0498756366363362,-0.0384831884721187,-0.0179187994412365,0.0893887491701528,-0.0281880398027244,-0.1317464462875402,0.031028522045831,0.000557223039474,-0.0192512576727943,-0.0740060884344926,-0.0514788127675981,0.0553777413619591,-0.0193897641934283,-0.0200811680419857,-0.0021214772127134,0.0812881391537954,-0.0285243395868302,0.0129708167330119,30.0,0.3359060928507277,0.1227539941726781,0.7272259425011983,0.5235809994068856,29.0,27.0,2.0,4.717005926782611,0.3298080428665605,0.1747039232141707,0.0712166291617644,0.2632509877966107,0.2907752063925645,3.2050750338134075,3.0,3.0,0.0,0.0362945589739751,0.0180674938642002,0.0120981863246583,0.0057806385950682,0.0172441559831529,0.0176558249236766,0.9667288672371456
sciver_test_565,1,24,16,40,2000,0.0518710146317545,48.0,33.0,0.6875,3.1458333333333335,15.0,1.0,7.0,0.08,0.024390243902439,0.0,0.0,0.0,1.0,0.0208333333333333,3.0,0.0625,0.0,0.0,1.0,0.0208333333333333,0.0,0.0,0.0,0.0,0.0,0.0,0.3048545891144083,0.0348812591179319,0.0282017692424263,0.1681720471373221,0.3004104259900392,0.0917971150720587,-0.0724141623732183,0.0393629058640262,0.2225949373162767,0.0194434916775458,0.0017111303959254,0.1144704204633659,0.1125136570006697,0.0298880643098585,-0.0049446763051245,-0.0055237784427562,-0.0110649448715192,0.0757857206005258,-0.0762571167515466,0.1511348958175805,-0.0473419372729259,0.022948408831049,0.1215289893153133,-0.0700661906476572,33.0,0.2466599575168405,0.1595500157826941,0.665582062356873,0.469623340564769,26.0,25.0,1.0,3.807745476801311,0.3819594313049261,0.1523098190720524,0.1083951573328757,0.3010880847728575,0.3507020603313737,2.9490023109427628,0.0,0.0,0.0,0.0,0.0,0.0,0.0,0.0,0.0,0.0
sciver_test_571,1,24,16,40,2000,0.0679862038858959,35.0,28.0,0.8,4.2,8.0,0.0,5.0,0.0769230769230769,0.0697674418604651,0.0,0.0,0.0,1.0,0.0285714285714285,0.0,0.0,0.0,0.0,0.0,0.0,0.0,0.0,0.0,0.0,0.0,0.0,0.2409257367482432,0.007013065634301,0.1329449873256835,-0.0305615257776265,0.1771296633293025,0.0425458782062511,0.0682112028991319,-0.0217460221803249,-0.0314659466646635,0.1152115964286906,-0.0832519433231459,-0.0080307342066822,0.017848751294151,-0.1674708876731881,0.0498461723750377,-0.065416859968041,-0.0676771031318712,-0.0613740817783718,-0.0224742312259783,0.0002240001226698,-0.0651270958674532,-0.060947202380973,-0.0774975183897612,-0.028779904020151,28.0,0.3519293196410902,0.1786532868182593,0.802543146046582,0.643964765447758,25.0,24.0,1.0,4.522938138647106,0.4263669015016527,0.1884557557769627,0.1197799081418986,0.3504995500324848,0.3993747601458992,2.965874343987018,0.0,0.0,0.0,0.0,0.0,0.0,0.0,0.0,0.0,0.0
sciver_test_573,1,24,16,40,2000,0.5163575529497215,21.0,19.0,0.9047619047619048,4.285714285714286,4.0,0.0,3.0,0.1875,0.2051282051282051,2.0,0.3333333333333333,0.0,0.0,0.0,1.0,0.0476190476190476,0.0,0.0,0.0,0.0,0.0,0.0,0.0,0.0,0.0,0.0,0.1493853006815959,-0.116385870595983,0.1403019463511929,-0.0360058214104209,-0.049475218169837,-0.0418741434679131,0.0762530650498039,-0.0115902671715458,0.0315954280974764,-0.0804757192679082,-0.0477335133826199,0.0522177499674737,-0.0424279262221267,-0.003558012056875,-0.0717401620800524,0.0018037861179981,0.1431168179929302,0.022744191683167,0.0306187496493578,0.0487250672175854,0.0422939263327741,0.0217860040782228,0.004481542362517,0.2184796279731196,19.0,0.2843000888258331,0.15682799464687,0.6315771372200538,0.4992625372432605,17.0,16.0,1.0,2.9419433230708423,0.4651106914432297,0.1838714576919276,0.1326075148124752,0.3523310672854853,0.4174504905663742,2.484667291790943,0.0,0.0,0.0,0.0,0.0,0.0,0.0,0.0,0.0,0.0
sciver_test_576,1,24,16,40,2000,0.4339821845297505,31.0,24.0,0.7741935483870968,4.838709677419355,5.0,0.0,0.0,0.1463414634146341,0.1492537313432835,0.0,0.0,0.0,1.0,0.032258064516129,0.0,0.0,0.0,0.0,1.0,0.032258064516129,0.0,0.0,0.0,0.0,0.0,0.0,0.203274048669468,0.0592696618508958,-0.0174182732774713,-0.0283557472589283,-0.1310037975279066,-0.0825360560458322,0.0192125137020803,-0.0140272568829903,0.1409233990890387,0.0732001626777157,0.0814478367978393,-5.980124001036413e-05,0.2050264605534513,-0.128791517314579,-0.1608374523130103,-0.123602680130256,-0.0190900436586818,-0.0199213242465791,-0.0301545977155141,0.010650617129777,0.1192630018237821,-0.0500123847088512,-0.0611036805495903,0.0535715346659618,24.0,0.3578175139301605,0.1522801012417414,0.7499081804118228,0.558488406101264,24.0,23.0,1.0,4.597030077196903,0.4222441475765923,0.1998708729216045,0.119899869994303,0.3893312019324023,0.3931900752583582,2.944576942526297,1.0,1.0,0.0,0.010793569049206,0.010793569049206,0.010793569049206,0.0,0.010793569049206,0.010793569049206,-0.0
sciver_test_577,1,24,16,40,2000,0.2280233090073552,26.0,24.0,0.9230769230769232,5.5,4.0,2.0,4.0,0.1428571428571428,0.1621621621621621,0.0,0.0,0.0,1.0,0.0384615384615384,0.0,0.0,1.0,0.0384615384615384,0.0,0.0,0.0,0.0,0.0,0.0,3.0,0.1153846153846153,0.1624003435146238,0.0270704277323354,0.0263076023014777,-0.0694530463844515,-0.0643190543068922,-0.0884815978452751,-0.0566664546753661,-0.0007342844181,0.0860071427828727,-0.0738445008239061,-0.0662923566502915,0.0693655078596825,0.0366430907794839,-0.0528012063106551,0.0543092433680723,-0.0314466462672277,0.0060584430538442,0.0731265668631841,0.0253462650013073,-0.0622823815178416,0.1394960820422507,-0.0458100291600532,-0.0167511730984211,-0.1155249339322136,24.0,0.4171410991902399,0.1580019906333146,0.8188155293754316,0.6370074556499778,23.0,22.0,1.0,5.812559806505401,0.5035461784390993,0.2642072639320637,0.1268452683303801,0.4095943120503301,0.4364356937705935,2.961056682827273,1.0,1.0,0.0,0.0272785197178157,0.0272785197178157,0.0272785197178157,0.0,0.0272785197178157,0.0272785197178157,-0.0
sciver_test_578,1,24,16,40,2000,0.3396607314509925,40.0,31.0,0.775,4.275,12.0,2.0,4.0,0.16,0.1428571428571428,0.0,0.0,0.0,1.0,0.025,0.0,0.0,0.0,0.0,2.0,0.05,0.0,0.0,0.0,0.0,0.0,0.0,0.2460745932678775,-0.1408904790226942,0.2341988467936897,-0.0352109161104169,-0.0273975331422829,0.0791745227185026,0.0583405703480023,-0.0478404834811777,0.0097986842716251,-0.0738596596883138,0.0379702191821641,0.0176119283729447,-0.020427650162573,-0.0205435624424853,-0.1459676436249341,-0.0292130769044712,0.028751152582672,0.0316623705165338,-0.0006390442687137,0.1039664119162761,-0.0276460395997547,-0.0270785536999695,0.0023922688448517,0.0085969006381711,31.0,0.3486434567109908,0.1524101225821685,0.639291191346702,0.5291410682884189,30.0,29.0,1.0,5.273896963287755,0.4660071797485121,0.1818585159754398,0.1353174952728688,0.3590757631898646,0.4178338631886658,3.058566638916068,0.0,0.0,0.0,0.0,0.0,0.0,0.0,0.0,0.0,0.0
sciver_test_579,1,24,16,40,2000,0.1243851645414372,36.0,25.0,0.6944444444444444,3.9166666666666665,6.0,0.0,3.0,0.0943396226415094,0.05,0.0,0.0,0.0,0.0,0.0,0.0,0.0,0.0,0.0,0.0,0.0,2.0,0.0555555555555555,2.0,0.0555555555555555,0.0,0.0,0.1456701949797541,-0.0582706924994061,-0.016086524796988,0.0924235734502027,0.013289447945401,-0.0073063886862019,-0.0392552736925391,0.0460771055715801,-0.0016348818876162,-0.0968794704604174,-0.0099048715354766,0.0060512593772637,-0.0509590566712063,-0.0088767207681699,0.0289466365071854,0.0407635000904113,-0.0231323105251653,0.0677653346480196,0.0257544144206393,0.0591929578370784,0.0184963114081387,0.0371850976620219,-0.0994436726190869,0.0504674155929721,25.0,0.3854546954341575,0.1858385916425941,0.8185182716621789,0.640513978225229,22.0,21.0,1.0,4.214352029657519,0.3349901053822983,0.2006834299836913,0.0958677261546612,0.3173765970784055,0.3273101781680252,2.914882175631728,0.0,0.0,0.0,0.0,0.0,0.0,0.0,0.0,0.0,0.0
sciver_test_580,1,24,16,40,2000,0.2568031150585416,28.0,28.0,1.0,4.214285714285714,6.0,3.0,4.0,0.1515151515151515,0.1333333333333333,0.0,0.0,0.0,2.0,0.0714285714285714,0.0,0.0,0.0,0.0,1.0,0.0357142857142857,0.0,0.0,0.0,0.0,1.0,0.0357142857142857,0.1938894465493036,0.0844305633629317,0.0851137398274232,-0.0481603882583285,0.1358296667803102,-0.1498588695932448,-0.1366204911074227,0.0708845040282756,0.1717388530945794,-0.0311288470049306,-0.0714924678749918,0.0844870165876491,0.0612037958872494,0.120433854577842,-0.0584126719256913,-0.0272856351645855,-0.0241914004268039,0.0302771786763891,-0.0097008053146746,0.0887957750328067,0.0684298155024209,0.0555630462434412,0.0343163978470972,-0.0544347210847892,28.0,0.2751259849385631,0.1479497063266184,0.660620679342422,0.4756310701308293,22.0,21.0,1.0,3.8530375700022335,0.4273340925600227,0.1834779795239158,0.1147164811870449,0.3131065562032756,0.4058078716939785,2.8518510656328613,1.0,1.0,0.0,0.0091281570764109,0.0091281570764109,0.0091281570764109,0.0,0.0091281570764109,0.0091281570764109,-0.0
sciver_test_581,1,24,16,40,2000,0.0112092075567618,39.0,28.0,0.717948717948718,2.9743589743589745,15.0,0.0,9.0,0.0256410256410256,0.0298507462686567,1.0,0.05,0.0,0.0,0.0,0.0,0.0,0.0,0.0,0.0,0.0,0.0,0.0,0.0,0.0,0.0,0.0,0.0801868993702283,-0.0094438206774075,0.0084967790302245,-0.0358618701317751,0.0863985944725355,-0.0009771884208211,0.0031408761058037,-0.023105168537645,0.0037771788180422,0.0777497523813496,-0.0204247577181011,0.074606898107041,0.0572996358573766,-0.0658042985507697,0.0240135387301443,0.0859054343561983,0.0369063030919115,-0.0458450196292776,-0.0392937303146578,0.0172131186128521,-0.0274113794030518,-0.018705823681414,0.0108243415054904,-0.0188479193663158,28.0,0.1653212018051316,0.1579074462259606,0.6136137375286613,0.3759840369574851,25.0,23.0,2.0,1.8711636981309767,0.3657270245277891,0.0813549433969989,0.1181364600152905,0.3074481334436953,0.3534768352735227,2.332225172305968,2.0,2.0,0.0,0.000877054085171,0.000671710889616,0.0004385270425855,0.0002331838470305,0.0006250741202099,0.0006483925049129,0.5442167143869852
sciver_test_583,1,24,16,40,2000,0.1623978012341976,29.0,28.0,0.9655172413793104,5.068965517241379,4.0,2.0,4.0,0.1052631578947368,0.064516129032258,0.0,0.0,0.0,2.0,0.0689655172413793,0.0,0.0,1.0,0.0344827586206896,0.0,0.0,0.0,0.0,1.0,0.0344827586206896,1.0,0.0344827586206896,0.2640568214443917,0.3292657356730337,-0.0178724905970011,-0.2179135018702543,-0.0675733191697543,0.0090849834291499,-0.1116175502033398,-0.1152174782322244,0.0998086616438689,-0.0300148626692569,-0.0311463557365968,-0.0479279551479706,-0.1191600633158452,0.1546500437587875,0.0010872461847088,0.059981255284682,-0.0744059827369538,0.0772802529602498,-0.0742585133832501,-0.1173331994937756,-0.0428230119330791,-0.003294114995331,0.021110575848356,0.0282367250398726,28.0,0.3811128047140911,0.1588883232072561,0.8211529345769801,0.5984210220587522,27.0,26.0,1.0,5.949976327118975,0.5347404084885775,0.2288452433507298,0.1224183776490504,0.4027013380246315,0.4699311987414619,3.10977034931914,4.0,4.0,0.0,0.0311268422264135,0.0195532044945494,0.0077817105566033,0.0069321454358612,0.0155130621568161,0.0175331333256828,1.039266334220736
sciver_test_584,1,24,16,40,2000,0.1629387849154215,32.0,26.0,0.8125,3.875,5.0,0.0,5.0,0.1134020618556701,0.0952380952380952,3.0,0.2142857142857142,0.0,0.0,0.0,0.0,0.0,0.0,0.0,1.0,0.03125,0.0,0.0,0.0,0.0,0.0,0.0,0.1902001376926101,0.0467581794852777,0.0232932917971127,0.1784013312106651,0.0573765958807546,-0.1190426249177566,-0.0556852599593398,-0.034802608242844,-0.0886522852571752,0.0430343645947342,0.0184880070293527,-0.0655352427173809,0.0245604298252431,-0.063001824070381,-0.0510099811576959,-0.1383130377740071,-0.0438407298369613,-0.0470470786363481,-0.0413140218424584,-0.0508308553485937,-0.042262605943149,-0.0297093856912389,0.0500123170924059,-0.0127905972274868,26.0,0.3021738129573185,0.1657546814406269,0.6750127546408636,0.50598043796623,24.0,23.0,1.0,3.481791075577929,0.4468848174042423,0.1513822206773012,0.1255709110096201,0.3351474938139379,0.3492626511382496,2.802951704801817,1.0,1.0,0.0,0.0024863307629998,0.0024863307629998,0.0024863307629998,0.0,0.0024863307629998,0.0024863307629998,-0.0
sciver_test_585,1,24,16,40,2000,0.2538996439920974,37.0,32.0,0.8648648648648649,3.72972972972973,11.0,0.0,3.0,0.0975609756097561,0.1142857142857142,1.0,0.0833333333333333,0.0,2.0,0.054054054054054,0.0,0.0,0.0,0.0,2.0,0.054054054054054,2.0,0.054054054054054,1.0,0.027027027027027,0.0,0.0,0.2715888150773423,0.0149804858228128,0.1760092116050262,-0.0155019406706734,0.0567976965006177,0.0812159124296337,0.0405920294418267,0.102525928915431,-0.0994837992237787,-0.0265162016006919,-0.1714030298633901,0.0154667935927755,0.0536442860808983,0.132542447067932,-0.0318239683551724,-0.1701089644938828,-0.029844294096539,-0.0108813984748127,-0.1199538770637284,-0.1168594177512519,-0.066900876802327,-0.060390116763643,0.0601973636236843,0.0558582858702111,32.0,0.377026840102698,0.1937107868952743,0.9577865906482516,0.6330998337289666,27.0,26.0,1.0,5.139391669958609,0.4168551693296207,0.1976689103830234,0.0958294926904485,0.3336177592592334,0.3554559979368296,3.1388914740737297,1.0,1.0,0.0,0.0245655934950125,0.0245655934950125,0.0245655934950125,0.0,0.0245655934950125,0.0245655934950125,-0.0
sciver_test_586,1,24,16,40,2000,0.0181014970016016,23.0,20.0,0.8695652173913043,5.434782608695652,4.0,0.0,3.0,0.0512820512820512,0.0,0.0,0.0,0.0,1.0,0.0434782608695652,0.0,0.0,0.0,0.0,2.0,0.0869565217391304,0.0,0.0,0.0,0.0,0.0,0.0,0.2023174147296914,0.2455802359840377,0.0465479622357684,0.0646011859241705,0.1743742920638238,-0.1561104506375809,0.1496810928426115,-0.0018040942483667,-0.2470113781452752,-0.022491536969756,0.1169796659535217,-0.0839855412854875,0.0823169009773243,0.0369728413745784,-0.2148903148960911,0.1038853414943301,0.2978978391378366,0.1899178508450956,-0.0033126399536485,-0.0584156662732378,0.0900490936012666,0.1640619521071795,-0.1153305062636822,-0.0768341098639881,20.0,0.3690845371479601,0.1698648419584672,0.8635558277368446,0.5983717215205925,20.0,18.0,2.0,2.911778197624935,0.3511427077191778,0.1617654554236075,0.0983161652242994,0.2796520633525858,0.3379003932645099,2.68252173346968,0.0,0.0,0.0,0.0,0.0,0.0,0.0,0.0,0.0,0.0
sciver_test_588,1,24,16,40,2000,0.1857428414165999,40.0,31.0,0.775,5.175,5.0,3.0,5.0,0.1842105263157894,0.1515151515151515,0.0,0.0,0.0,0.0,0.0,1.0,0.025,0.0,0.0,1.0,0.025,0.0,0.0,0.0,0.0,0.0,0.0,0.1675989462786822,-0.0023303990811023,-0.016885987249904,0.0120107825541332,0.0896084642622877,-0.0685002539228956,0.0500530924210538,-0.0420944241181367,-0.0301029701843218,0.0832168348752992,-0.0273455914465606,0.0622447864227323,0.0955511035706678,-0.0696764292567446,0.0894616259988943,0.0571705009995721,0.03704238833943,-0.0119594077087733,-0.0627173879126179,0.0345704744986801,-0.0234892809540892,-0.0346463806908103,0.0023609233638278,-0.0258553124065137,31.0,0.3955332677216557,0.1487872703759188,0.7663089598810321,0.5884971794851855,31.0,30.0,1.0,6.559791707201162,0.4819878374527983,0.218659723573372,0.1350219044270148,0.3748115459489486,0.4499994240381987,3.1862977913427533,2.0,2.0,0.0,0.0232374328711332,0.0116489623539853,0.0116187164355666,3.024591841876978e-05,0.0116429131703016,0.0116459377621435,0.6931437922140166
sciver_test_591,1,24,16,40,2000,0.1325729847040474,34.0,26.0,0.7647058823529411,4.176470588235294,8.0,6.0,8.0,0.1351351351351351,0.064516129032258,2.0,0.1818181818181818,1.0,0.0,0.0,0.0,0.0,0.0,0.0,2.0,0.0588235294117647,3.0,0.088235294117647,0.0,0.0,0.0,0.0,0.294227264932152,-0.0169632333194116,0.3497580599797219,-0.018642566977155,-0.0701191823201036,-0.1429120432046729,-0.1023649695608058,0.0293082464743256,-0.0823964199876112,0.0054045947938473,-0.0218667015713417,0.0314814468382736,-0.031527038493146,-0.0082347214837242,0.0833869162338511,0.1102876207567531,-0.0968897200128869,-0.0303237718302307,0.0888113998380717,0.0423313863230072,-0.1301043437103172,0.0320416141355893,-0.1225476080698011,-0.0639305162747837,26.0,0.2684226524376985,0.1168436325630976,0.5923642621605879,0.4282988871038942,25.0,23.0,2.0,3.0878964504302115,0.3141681034700494,0.1342563674100092,0.0821527566100328,0.2589923471380292,0.2758375919586231,2.9542609334853283,0.0,0.0,0.0,0.0,0.0,0.0,0.0,0.0,0.0,0.0
sciver_test_593,1,24,16,40,2000,0.4857796456510841,34.0,27.0,0.7941176470588235,5.5588235294117645,3.0,3.0,6.0,0.3414634146341463,0.3333333333333333,0.0,0.0,0.0,1.0,0.0294117647058823,0.0,0.0,0.0,0.0,1.0,0.0294117647058823,0.0,0.0,1.0,0.0294117647058823,1.0,0.0294117647058823,0.2847543610930241,0.1336694382571924,-0.0908115414954464,0.0665566918688314,0.000195466164343,-0.1227600447710968,0.0362671327260102,0.038018153766775,0.0039283819422981,-0.0300801663964908,-0.105417087840919,-0.0080327581032098,-0.0075289606304877,0.0345993490039794,0.0800895939353212,0.0488487758491338,0.0738793431704016,0.1077899040508927,0.0501649419569932,-0.0378333190892108,0.0275433915337292,-0.088736829208947,-0.0012043758597535,-0.0986402537618469,27.0,0.4059201815856929,0.1682837936134609,0.8565471926678814,0.6497369617674973,26.0,25.0,1.0,6.049662743132673,0.4434071187439334,0.2419865097253069,0.1201078144160831,0.382847476892366,0.4333508386452826,3.07686140215432,1.0,1.0,0.0,0.001735676104993,0.001735676104993,0.001735676104993,0.0,0.001735676104993,0.001735676104993,-0.0
sciver_test_598,1,24,16,40,2000,0.1501909940557958,24.0,23.0,0.9583333333333334,5.625,3.0,2.0,2.0,0.1481481481481481,0.1063829787234042,0.0,0.0,0.0,1.0,0.0416666666666666,0.0,0.0,0.0,0.0,0.0,0.0,0.0,0.0,1.0,0.0416666666666666,1.0,0.0416666666666666,0.2002583432109724,0.0084299510039538,0.1073658388938059,-0.0520334749503033,-0.1692051907029935,-0.0372672912807956,-0.1032539201145754,-0.0942023438249249,0.0234762148242313,0.0102194303755025,-0.0886763369588035,0.0175676457783442,-0.0692434517018329,0.0272897860540083,0.0420620446536518,0.0666369330071559,0.0076643099040919,0.0240488216902357,0.0582921314190204,0.0042005466047633,-0.0480879129239019,0.0735714552331713,-0.0799952046507754,-0.0185983286258583,23.0,0.3624168545605069,0.1290040715097042,0.6796889749302505,0.5265926240889409,23.0,22.0,1.0,4.297489913835919,0.3571494935682534,0.1953404506289054,0.0850686416442016,0.2941794644999688,0.3169593144034666,2.984913721561119,0.0,0.0,0.0,0.0,0.0,0.0,0.0,0.0,0.0,0.0
sciver_test_599,1,24,16,40,2000,0.0109979744899927,26.0,22.0,0.8461538461538461,4.769230769230769,4.0,4.0,4.0,0.0188679245283018,0.0,0.0,0.0,0.0,1.0,0.0384615384615384,0.0,0.0,0.0,0.0,2.0,0.0769230769230769,1.0,0.0384615384615384,0.0,0.0,0.0,0.0,0.2310498924832705,-0.1019746076715895,0.2372700499890741,0.0179341837592552,-0.0521606230094403,-0.088944831728728,0.1265791633265149,-0.0137515175934241,-0.0787650456957299,0.0450783808593496,-0.0204364989860731,0.0753944737463637,0.0412874594487451,0.0137146734021138,0.0634516053157519,0.0563123168303893,-0.0438482095447373,-0.031385551093493,-0.1009653672773236,0.03217493897246,0.0659154980130716,-0.0383855881793675,0.010065008945946,-0.0151914284075775,22.0,0.2560004785119497,0.1125444360330167,0.5576084946100948,0.4164313453077362,22.0,21.0,1.0,2.9783728727680523,0.3702219003184523,0.1418272796556215,0.0869622664631047,0.2090510515670337,0.3314330087568709,2.8678506664323153,1.0,1.0,0.0,0.003720748027586,0.003720748027586,0.003720748027586,0.0,0.003720748027586,0.003720748027586,-0.0
sciver_test_604,1,24,16,40,2000,0.3969284933774552,21.0,18.0,0.8571428571428571,4.238095238095238,5.0,0.0,2.0,0.0666666666666666,0.0833333333333333,2.0,0.25,0.0,1.0,0.0476190476190476,1.0,0.0476190476190476,0.0,0.0,1.0,0.0476190476190476,0.0,0.0,0.0,0.0,0.0,0.0,0.1316066003301066,-0.0113392392067631,0.050094426129109,0.0147510910161557,0.0393818788264839,0.233707107735923,-0.0218787376187835,0.1181096542908909,-0.0114286717417281,0.0498566085403861,-0.0449487056854432,-0.1143257849771116,0.09469117809126,0.0265698101971603,0.0234361762975021,-0.1886972713111683,0.0985956466604578,-0.0252041391081435,-0.0881348722694899,-0.0734996440558934,-0.0260554877620261,0.0159864662873951,-0.1182498680199264,-0.0195849564509008,18.0,0.418660532244805,0.1913090789640085,0.8657880095087461,0.6590149242911937,16.0,15.0,1.0,3.9833869616386215,0.5385128187293946,0.2655591307759081,0.1474135685159954,0.4958737438228469,0.5198086858182333,2.550341350959843,1.0,1.0,0.0,0.0081383665326836,0.0081383665326836,0.0081383665326836,0.0,0.0081383665326836,0.0081383665326836,-0.0
sciver_test_605,1,24,16,40,2000,0.0590473828494637,33.0,29.0,0.8787878787878788,5.090909090909091,7.0,5.0,6.0,0.1041666666666666,0.048780487804878,0.0,0.0,0.0,1.0,0.0303030303030303,0.0,0.0,0.0,0.0,2.0,0.0606060606060606,2.0,0.0606060606060606,0.0,0.0,1.0,0.0303030303030303,0.2468299256957568,0.139182403114549,0.1186255855923946,-0.0255494715021903,-0.0795795022996219,-0.0443249257524301,-0.0781715210683783,-0.095809747553018,-0.0464347785810131,-0.0390810686102275,0.0569644753358988,0.0138830508957331,0.037379852510258,-0.0112547756296603,-0.0555869108014229,0.0656637276507969,-0.086634005530185,0.0015669884228536,-0.0354327716890838,0.0964083785345241,-0.0610733521481677,0.026995387889883,-0.0789009107598385,-0.0594076322181728,29.0,0.3610975338573705,0.1194598906824404,0.6807116827692384,0.5223561642880221,29.0,28.0,1.0,5.546792323026017,0.4469428487729669,0.1980997258223577,0.0992826080105686,0.3033777496975268,0.3418316054731468,3.192549784057337,1.0,1.0,0.0,0.0087790272213086,0.0087790272213086,0.0087790272213086,0.0,0.0087790272213086,0.0087790272213086,-0.0
sciver_test_606,1,24,16,40,2000,0.0764771836949701,50.0,38.0,0.76,4.48,12.0,3.0,5.0,0.1964285714285714,0.1702127659574468,1.0,0.0769230769230769,0.0,0.0,0.0,0.0,0.0,0.0,0.0,0.0,0.0,1.0,0.02,1.0,0.02,3.0,0.06,0.2461569719361067,0.0563723815236503,-0.0742762650795206,0.1044719765363325,-0.0801845965374691,0.0510175365423555,-0.040658752577024,0.0771544911343033,-0.0572943869435565,-0.0889849647277473,0.0483773901251246,0.0869715745465934,0.0073946614749701,-0.0303452295757537,0.1253422925922555,0.0015678153993635,0.0180633915356322,0.0647969342406879,0.0035357405909288,0.0334003813300561,0.0323331031514488,0.010137975666084,0.051771983387724,0.0440195490842615,38.0,0.3084874854966237,0.1549805461016984,0.77241880165076,0.535417916824225,36.0,35.0,1.0,5.398163135775801,0.5338115179771765,0.1542332324507371,0.1174892404705913,0.3237114389928816,0.360452803807674,3.274710190408421,2.0,2.0,0.0,0.0285184214113523,0.026586802351136,0.0142592107056761,0.0123275916454598,0.024121284022044,0.02535404318659,0.2477332861255246
sciver_test_608,1,24,16,40,2000,0.0,30.0,22.0,0.7333333333333333,5.266666666666667,4.0,0.0,0.0,0.0,0.0,0.0,0.0,0.0,1.0,0.0333333333333333,0.0,0.0,0.0,0.0,2.0,0.0666666666666666,0.0,0.0,0.0,0.0,2.0,0.0666666666666666,0.261541397712071,0.0969260289602612,0.1426709407268717,-0.1640095822922672,-0.1237441076076009,0.0405823720832385,-0.2482433599419088,-0.1896406656210695,0.0605702422051457,0.1621638501358254,-0.0129729796671009,0.1630327803068959,0.0945541736406003,-0.0609261067174888,-0.0020979744144181,0.2062836652410332,-0.0052758905648979,-0.0367473326733981,-0.0534427764716292,0.0128408106106464,-0.0708757749933222,0.0804909012614534,-0.0278711507173147,-0.0653168574299362,22.0,0.3556610926941692,0.1532471142663325,0.7246724492647311,0.571577218419211,22.0,21.0,1.0,4.02385116562323,0.4764973681469604,0.1916119602677728,0.1165785143339273,0.3380092671166472,0.426170278978797,2.8553199983913484,0.0,0.0,0.0,0.0,0.0,0.0,0.0,0.0,0.0,0.0
sciver_test_609,1,24,16,40,2000,0.3487008619165734,36.0,30.0,0.8333333333333334,4.833333333333333,6.0,0.0,2.0,0.2151898734177215,0.1714285714285714,3.0,0.3333333333333333,0.0,2.0,0.0555555555555555,0.0,0.0,0.0,0.0,1.0,0.0277777777777777,0.0,0.0,0.0,0.0,1.0,0.0277777777777777,0.255624860916305,0.0628638296235465,-0.0627527405990636,0.1775348700734386,0.0116892931458138,0.0228599933379504,-0.0255193335281695,-0.0379557656862403,0.1991363238650142,0.0061821319936125,-0.0703024334667719,-0.0152745509050718,0.0485582337400312,-0.039688623777155,-0.1546230041746146,0.0134779046218868,0.0031143654752722,0.1140274478222615,0.1181242322502457,0.2132560635618818,0.029919285200154,-0.079910713807313,0.0775505606436863,-0.1470365737079703,30.0,0.4150183711811194,0.1865439007844791,0.8259240376052859,0.6454311640301224,27.0,26.0,1.0,5.863276362212801,0.4809981024088303,0.2255106293158769,0.1409193127396038,0.4572468165993646,0.4787871102543609,3.0539849538908643,1.0,1.0,0.0,0.0053776923247078,0.0053776923247078,0.0053776923247078,0.0,0.0053776923247078,0.0053776923247078,-0.0
sciver_test_612,1,24,16,40,2000,0.2262635913276246,43.0,30.0,0.6976744186046512,3.604651162790698,10.0,0.0,4.0,0.15,0.1372549019607843,1.0,0.1,0.0,1.0,0.0232558139534883,2.0,0.0465116279069767,0.0,0.0,0.0,0.0,0.0,0.0,1.0,0.0232558139534883,1.0,0.0232558139534883,0.1616728101881,0.0641766923155446,-0.0863583891976777,0.0767362087307833,-0.0301608977044213,0.0442422331757793,0.0210836619845624,-0.0521709343656845,0.000650186311087,-0.0647714336128924,0.0137417744950362,0.0462290110644779,0.0144005515084425,-0.0105151538653274,-0.0290512353967557,-0.0412716236648917,-0.033661246712857,0.0804538777930605,-0.0382635438029266,0.0190137769311489,-0.016818888341131,-0.029718308675609,-0.0073284897079017,0.0067488293634707,30.0,0.2408129574121384,0.1608382976142912,0.7515043659347164,0.4779178661098249,23.0,22.0,1.0,3.485970697280649,0.400478810724091,0.1584532135127567,0.1083641101811889,0.2974734922370967,0.3949569851642076,2.8355796587589994,1.0,1.0,0.0,0.0068826945033288,0.0068826945033288,0.0068826945033288,0.0,0.0068826945033288,0.0068826945033288,-0.0
sciver_test_613,1,24,16,40,2000,0.6735700668699767,52.0,28.0,0.5384615384615384,3.25,17.0,0.0,13.0,0.3142857142857143,0.3666666666666666,2.0,0.3333333333333333,0.0,0.0,0.0,1.0,0.0192307692307692,0.0,0.0,2.0,0.0384615384615384,0.0,0.0,0.0,0.0,0.0,0.0,0.180921519454149,-0.0392368305765779,0.016383004181549,0.0528481420502208,0.0940849888047096,0.2634688378472472,-0.0673381590073256,0.0762326969942191,-0.0005419441868908,-0.0477604695175257,-0.0088778348744862,-0.183275670355606,0.0344129655790811,0.0114446071809255,0.0007367806796825,-0.0236949107612466,-0.0311900004056063,-0.0096072865191974,-0.1111554948820766,0.0306424218559513,0.0033857598318332,0.0151123827063219,-0.1076402569587517,-0.0510922735030915,28.0,0.3444875435032208,0.1789437520931888,0.7730519898019794,0.5685936017401882,23.0,22.0,1.0,4.115826273552767,0.4935927751116193,0.1870830124342166,0.1185879066304349,0.3340982729415442,0.3452813129976508,2.8740048456874714,0.0,0.0,0.0,0.0,0.0,0.0,0.0,0.0,0.0,0.0
sciver_test_615,1,24,16,40,2000,0.3928283115306986,32.0,25.0,0.78125,5.28125,5.0,2.0,4.0,0.203125,0.1785714285714285,1.0,0.0714285714285714,0.0,0.0,0.0,0.0,0.0,0.0,0.0,1.0,0.03125,0.0,0.0,0.0,0.0,0.0,0.0,0.1833180419753723,-0.0493453385682219,0.0729041076248683,-0.0802210026538459,0.0166773897812576,-0.1450617611027977,-0.0603687207107852,0.0810922705089145,0.0739868340816048,0.0135236004058043,0.0147648969672116,-0.0294248572843824,-0.0439409336012394,0.0232254993844298,0.0089645003714192,0.046135003712528,-0.0610464470883706,0.0283622714294617,0.0462781692784574,-0.0283782268746346,0.0114983432620369,0.0490434212277172,-0.0492254503047348,0.016130485494441,25.0,0.3250295607814788,0.1471027382123279,0.6798148307153005,0.5291877547659548,25.0,24.0,1.0,4.436618202878635,0.4972048412173521,0.1848590917866097,0.1214843218864382,0.3258548618226566,0.4062505833296406,2.957724829189111,1.0,1.0,0.0,0.0043088962650761,0.0043088962650761,0.0043088962650761,0.0,0.0043088962650761,0.0043088962650761,-0.0
sciver_test_617,1,24,16,40,2000,0.2101889666142908,49.0,31.0,0.6326530612244898,3.3877551020408165,12.0,0.0,5.0,0.1232876712328767,0.109375,2.0,0.2222222222222222,0.0,0.0,0.0,0.0,0.0,0.0,0.0,1.0,0.0204081632653061,1.0,0.0204081632653061,0.0,0.0,0.0,0.0,0.1340960110494608,-0.0462264463510953,0.0433921156193011,0.0301292128976405,0.0265175551875452,0.1702523036250839,0.0157280733017421,-0.0129277221845269,-0.0556141041408589,-0.0403107261498962,0.086944348653323,0.0422488428928128,-0.0086272488028272,-0.0140358992814601,-0.0488058233712017,0.0031314154387773,-0.0708592021761367,-0.0417813381262761,-0.0143742631361646,0.007547988633482,-0.0272354790866119,-0.0386550179589938,-0.0515673979753509,-0.1860199340816857,31.0,0.3004728191501207,0.1407417698268284,0.684058265373628,0.4520329577378851,25.0,23.0,2.0,4.434272827745308,0.3916507485234233,0.1927944707715351,0.0846631562199527,0.2997054463020088,0.3087913934970516,3.0375347012828047,3.0,3.0,0.0,0.0091746236920527,0.0048594283790217,0.0030582078973509,0.0015031190364397,0.0045145875616644,0.004687007970343,0.9673146398171444
sciver_test_618,1,24,16,40,2000,0.0403718463137717,24.0,23.0,0.9583333333333334,5.25,3.0,0.0,0.0,0.0967741935483871,0.0833333333333333,0.0,0.0,0.0,0.0,0.0,1.0,0.0416666666666666,0.0,0.0,0.0,0.0,1.0,0.0416666666666666,0.0,0.0,0.0,0.0,0.1867423709285809,0.0487631827327128,0.0444385147482604,-0.0019481987935492,-0.1444746844887154,0.034031497237778,0.0100259315705256,-0.083804908440848,-0.0182777238324082,-0.087770236938897,-0.0489597165495805,0.063197866556321,-0.1157062783706637,-0.0228569133545381,0.0208503107461843,-0.0598531403584111,0.0668230939557378,-0.0044651200419695,-0.0602991357653749,-0.0377991249883265,-0.0605509567515702,-0.0502133201166891,0.0123309970560683,0.1076129865473506,23.0,0.4268582655443039,0.1628694015179287,0.8326375263692521,0.6320717190065899,23.0,22.0,1.0,5.178987098361272,0.4817032031759784,0.2354085044709669,0.1267621690015492,0.3914474408771771,0.4645633986983727,2.940201680527898,1.0,1.0,0.0,0.0012919046843116,0.0012919046843116,0.0012919046843116,0.0,0.0012919046843116,0.0012919046843116,-0.0
sciver_test_622,1,24,16,40,2000,0.1856615032239288,30.0,24.0,0.8,4.2,5.0,1.0,3.0,0.0958904109589041,0.0491803278688524,0.0,0.0,0.0,0.0,0.0,2.0,0.0666666666666666,0.0,0.0,2.0,0.0666666666666666,0.0,0.0,0.0,0.0,0.0,0.0,0.2696654833312926,0.0938970563311764,-0.0158866823345224,0.1610139337471938,-0.0999766665676153,0.1528969049470182,0.0263723954184451,0.0107758377922566,-0.0716024391936308,0.0380683891928316,0.0941159317203052,0.0931924190652386,0.0489857629988551,0.0613483956277745,0.0103489970275907,-0.163930569304446,0.0234956194762373,-0.0155189781574742,-0.0393335636682579,-0.077078552545785,0.0058486239967105,-0.0328440938325678,0.0365941177417991,-0.0132264159728982,24.0,0.3642715083268173,0.1608054387055286,0.7526291818222847,0.573303787400689,22.0,21.0,1.0,4.93089827882636,0.4626085998431902,0.2348046799441124,0.1173734806474787,0.3576436004747305,0.4359891750359067,2.906021388128249,0.0,0.0,0.0,0.0,0.0,0.0,0.0,0.0,0.0,0.0
sciver_test_623,1,24,16,40,2000,0.4898863613272753,26.0,20.0,0.7692307692307693,5.538461538461538,3.0,3.0,5.0,0.175,0.1212121212121212,0.0,0.0,0.0,1.0,0.0384615384615384,0.0,0.0,0.0,0.0,2.0,0.0769230769230769,0.0,0.0,0.0,0.0,0.0,0.0,0.2347246151098971,-0.0373449138042906,-0.0880283379588846,0.1827857850245478,-0.1886696422715978,-0.01402365022851,0.0913893935125739,0.0346789056635553,0.0449760199359536,0.1000475761800751,-0.1339215322565853,0.0150545437052706,-0.0358851247724465,0.1256914339320169,-0.070459854641956,0.0620345940370691,0.0808513229861013,-0.0309743060899642,0.0533258216516046,-0.1183863916081545,-0.0413342949163191,0.021464254212838,-0.0123758233904446,-0.1024168668487428,20.0,0.3526306858805836,0.1561561171300446,0.6806959638006105,0.5681212830042239,20.0,19.0,1.0,3.71273302915104,0.4471983758890316,0.1954070015342652,0.113988889756125,0.3163926754063105,0.3728160165005785,2.751767482792553,0.0,0.0,0.0,0.0,0.0,0.0,0.0,0.0,0.0,0.0
sciver_test_625,1,24,16,40,2000,0.4895892019020251,38.0,29.0,0.7631578947368421,4.526315789473684,11.0,0.0,3.0,0.1123595505617977,0.1081081081081081,1.0,0.0769230769230769,0.0,0.0,0.0,0.0,0.0,0.0,0.0,0.0,0.0,0.0,0.0,0.0,0.0,0.0,0.0,0.2044247599409732,-0.1287103381462754,0.2482338817324277,-0.1466366482499743,0.0084629899230997,0.0027791605236858,0.1860767159368528,-0.0052846838455848,0.048351880466884,-0.0873810416706346,-0.0454632364177419,-0.0022530744181477,-0.0654178260626493,0.0208161344060303,0.0374632583742036,0.0190327522257836,-0.0349364881784495,0.0145659836037101,-0.046994870783998,0.0720005737683564,-0.0129344289968454,0.0423083466557277,0.0062327044606189,-0.0352357634699312,29.0,0.4280675227331195,0.2089203477847441,0.8884561867280304,0.7525711914503066,28.0,27.0,1.0,4.51935066122201,0.381823692860802,0.1673833578230374,0.1129803966288446,0.3171187399834209,0.3390064317273542,3.0358469079214028,0.0,0.0,0.0,0.0,0.0,0.0,0.0,0.0,0.0,0.0
sciver_test_626,1,24,16,40,2000,0.1103044774217843,30.0,25.0,0.8333333333333334,3.8333333333333335,4.0,1.0,4.0,0.1724137931034483,0.1489361702127659,0.0,0.0,0.0,0.0,0.0,3.0,0.1,1.0,0.0333333333333333,1.0,0.0333333333333333,0.0,0.0,0.0,0.0,0.0,0.0,0.1842415509346241,0.0018820682913629,-0.0968910627567124,0.1721029958395763,-0.0513759817780475,0.0087082398028204,-0.0164221310361156,-0.0938861200129353,0.0501218416089098,0.0896846636097068,-0.0790234665077675,-0.0247464826835799,-0.0780757465332033,0.0717096149025217,-0.0968696041430088,0.041165394363819,0.0314759377363881,0.0736612880032063,-0.0026044414919117,-0.1451024384275673,-0.0970143976814584,0.0817607936323238,0.0127424419585412,-0.0408649110146784,25.0,0.3368908308202799,0.1338930386616789,0.7272259425011983,0.5389661044935351,25.0,24.0,1.0,4.409555461737295,0.4696233405647689,0.1837314775723872,0.1065581993984135,0.2828478147896102,0.3802327288798892,3.005028818538772,2.0,2.0,0.0,0.0205508321203296,0.0110523028209167,0.0102754160601648,0.0007768867607519,0.0108969254687663,0.0109746141448415,0.6902862907825729
sciver_test_627,1,24,16,40,2000,0.1190458874371536,33.0,29.0,0.8787878787878788,5.363636363636363,4.0,0.0,2.0,0.0754716981132075,0.0454545454545454,0.0,0.0,0.0,1.0,0.0303030303030303,0.0,0.0,0.0,0.0,1.0,0.0303030303030303,0.0,0.0,0.0,0.0,0.0,0.0,0.1972311887072843,0.0185086332635707,0.0513009990182257,-0.009037396660331,-0.0080482162830416,-0.0844291685228294,0.0667955757560831,-0.0579250306959925,0.1025821797951078,0.1697547325819255,0.033937043842928,0.0050662435115554,0.1068153457216886,-0.1770313014972647,-0.1490661966415147,-0.0953701127390619,-0.0648876793002529,0.0029102526058703,-0.0041609156964992,0.0058010016945339,0.1689582694715767,-0.0078865657090069,-0.0488833829640311,0.0783902391041405,29.0,0.3862048711763694,0.1696774763764784,0.8553929781951207,0.6064010198063683,29.0,28.0,1.0,5.676569281822643,0.4288953730141437,0.2027346172079515,0.1047794963485035,0.3371266789879574,0.372359950544771,3.1889520700120033,2.0,2.0,0.0,0.0159548436218541,0.0109701461582826,0.007977421810927,0.0029927243473555,0.0103716012888115,0.0106708737235471,0.6210274963626046
sciver_test_629,1,24,16,40,2000,0.1427487385547001,37.0,30.0,0.8108108108108109,4.0,6.0,0.0,3.0,0.0888888888888888,0.0833333333333333,0.0,0.0,0.0,0.0,0.0,0.0,0.0,0.0,0.0,3.0,0.081081081081081,1.0,0.027027027027027,0.0,0.0,0.0,0.0,0.2522390757890522,-0.0263573883550333,0.1441431651334611,0.2033857771556823,0.0057613384329226,-0.0632287778275402,-0.0504048548851269,-0.0285313249714426,-0.1181830498986495,0.0231844129767806,0.01644790638042,-0.1284319944096094,0.0099178767042014,0.0309964119894433,0.050300658437289,-0.0358845326970668,-0.017745422253472,-0.0096499315586976,0.0571209994409685,-0.0702950558145485,-0.0426258484491128,-0.0665866423006849,0.0245422445470791,0.0665208074969814,30.0,0.3226571381654818,0.176897057230903,0.770869932074153,0.5634354828111208,25.0,24.0,1.0,4.470615230439412,0.4764186559459347,0.1862756346016421,0.1191215179920967,0.3575867303575209,0.3923806394360168,2.9749788675898494,1.0,1.0,0.0,0.0015120128157768,0.0015120128157768,0.0015120128157768,0.0,0.0015120128157768,0.0015120128157768,-0.0
sciver_test_631,1,24,16,40,2000,0.0053385938229616,27.0,22.0,0.8148148148148148,4.555555555555555,3.0,0.0,3.0,0.0566037735849056,0.0217391304347826,0.0,0.0,0.0,3.0,0.1111111111111111,2.0,0.074074074074074,0.0,0.0,0.0,0.0,0.0,0.0,0.0,0.0,1.0,0.037037037037037,0.2105832220073197,0.2948100215784384,-0.0493827071392091,-0.008920613354627,-0.1367712518254994,0.0631071879896357,-0.0666310349929444,-0.1345195835288905,0.0190356091695065,-0.1117369482536508,-0.0479328152219936,0.1045802457024104,-0.0918638757282476,-0.0612284384188252,-0.0007419538168195,-0.0852962133805036,0.0133218002694973,-0.0293159819812799,-0.0034894205569117,-0.0086545993594851,-0.0262089119903546,0.0762139704332076,-0.0196743487595198,0.0452282349712196,22.0,0.3010063340360602,0.1367271272492976,0.6252969309264567,0.4769145245926502,19.0,18.0,1.0,3.292497777378996,0.4046910338394374,0.182916543187722,0.0964988752039756,0.2930914812320743,0.3825818120904932,2.7500171439928125,1.0,1.0,0.0,0.003418056631889,0.003418056631889,0.003418056631889,0.0,0.003418056631889,0.003418056631889,-0.0
sciver_test_632,1,24,16,40,2000,0.2893939295067578,33.0,26.0,0.7878787878787878,5.121212121212121,5.0,0.0,3.0,0.1111111111111111,0.0967741935483871,0.0,0.0,0.0,0.0,0.0,0.0,0.0,0.0,0.0,1.0,0.0303030303030303,0.0,0.0,0.0,0.0,0.0,0.0,0.1353225846781109,0.003952072964265,-0.0017176345497267,-0.0046493562580009,0.1416010982456308,-0.0026216848426618,0.0345229649378717,0.0073854594193866,-0.2146818214669779,-0.0591353942408428,0.1409528866092959,0.0955238382816162,0.1489587046782531,0.0371271998492476,-0.219861960565298,-0.0195255929843387,0.1978786091861312,0.094973791935033,0.0178253847831244,-0.0298971803006108,-0.0145906353819716,0.1596449705621945,-0.0010032816820738,-0.0636870269446351,26.0,0.3922316550632265,0.1599442133738627,0.8458173240450371,0.6018818287233884,24.0,23.0,1.0,5.213835195467355,0.5319265762880675,0.2266884867594502,0.1139129731985935,0.3643564973711537,0.399120033909714,3.0031455884691227,1.0,1.0,0.0,0.0042023363448334,0.0042023363448334,0.0042023363448334,0.0,0.0042023363448334,0.0042023363448334,-0.0
sciver_test_633,1,24,16,40,2000,0.3108958249187176,43.0,29.0,0.6744186046511628,4.790697674418604,5.0,0.0,5.0,0.1136363636363636,0.0769230769230769,0.0,0.0,0.0,0.0,0.0,0.0,0.0,0.0,0.0,0.0,0.0,0.0,0.0,0.0,0.0,0.0,0.0,0.2277643106010058,-0.0289806805629811,-0.0907475853571457,0.2159056469240997,-0.0142639541834165,0.0244077198488111,-0.0271980621174636,-0.1090530322659418,0.1600985111036485,-0.0180219779224623,-0.1332143689549022,-0.05745033852418,0.0962347359381404,0.0569468249315425,-0.0561051339667467,-0.0367453433890134,0.0190521619009255,0.1073513172098889,0.0817999594251913,0.1174403833962319,0.0377730789280152,0.0685391505805756,0.1296857064245195,-0.0450719625961893,29.0,0.3435611130630666,0.153037462628927,0.7272259425011983,0.5531188811358113,27.0,26.0,1.0,4.888319135522608,0.4094577551863514,0.1880122744431772,0.103202415009276,0.3028473275135422,0.3502795812497513,3.0845581509381907,1.0,1.0,0.0,0.0241626411141194,0.0241626411141194,0.0241626411141194,0.0,0.0241626411141194,0.0241626411141194,-0.0
sciver_test_634,1,24,16,40,2000,0.2449924548216362,40.0,32.0,0.8,3.425,7.0,0.0,0.0,0.12,0.0930232558139534,0.0,0.0,0.0,0.0,0.0,0.0,0.0,0.0,0.0,1.0,0.025,1.0,0.025,0.0,0.0,0.0,0.0,0.1663345948199991,-0.0614382717723495,-0.0262618927057473,0.1004497857473816,0.0531880724247693,0.0602637234255125,-0.0335201315660273,-0.0242082627626401,-0.0300277457276592,-0.0206835659311368,-0.0143217131319055,0.0322256173748273,0.0419132812580599,-0.0100544621857828,-0.0293999827454331,0.0103503261287834,-0.0495660393565118,0.0083161591849684,0.0527362681263261,0.0275890121972325,-0.021877971050367,-0.0187626241296986,-0.0179072224099845,-0.0809116246162038,32.0,0.3030512787482415,0.1597111560558677,0.7515043659347164,0.5215178547749764,27.0,26.0,1.0,5.110246103216822,0.4436774485464158,0.1965479270468008,0.1151587424125955,0.3486429791729948,0.3793051253548796,3.067246116772498,2.0,2.0,0.0,0.0290188671594529,0.0241269998729916,0.0145094335797264,0.0096175662932651,0.0222034866143385,0.023165243243665,0.4536201288386637
sciver_test_639,1,24,16,40,2000,0.2285537688778951,28.0,26.0,0.9285714285714286,5.535714285714286,2.0,2.0,2.0,0.1964285714285714,0.1224489795918367,0.0,0.0,0.0,1.0,0.0357142857142857,0.0,0.0,0.0,0.0,2.0,0.0714285714285714,1.0,0.0357142857142857,1.0,0.0357142857142857,0.0,0.0,0.2448367382945085,0.0075121590675197,-0.0434645308010104,0.094671009451515,-0.1262232301891002,-0.0573509847348919,0.0834242048470309,-0.0050197440582888,0.0745866838105895,0.0771459910748353,-0.1045234905950127,-0.0548059874674252,-0.0317086161372956,-0.042320590418143,-0.105499505257378,-0.0473144583937166,0.0411109468029917,-0.1026017467284147,0.0882132333328212,0.0093378980320681,-0.0199513674086953,-0.0045513574480345,-0.06039360893266,-0.0534708036896159,26.0,0.380415758013915,0.1487680968816121,0.7928433452036218,0.592880293578143,26.0,25.0,1.0,5.2200934737939,0.4767861052388247,0.208803738951756,0.101886087555689,0.3419043889566847,0.3775677673607868,3.09876332105824,2.0,2.0,0.0,0.011365578923465,0.0110951825970633,0.0056827894617325,0.0054123931353308,0.0100127039699972,0.0105539432835302,0.112446430749895
sciver_test_640,1,24,16,40,2000,0.2376442318480421,25.0,24.0,0.96,4.56,4.0,0.0,1.0,0.1285714285714285,0.0983606557377049,1.0,0.1428571428571428,0.0,0.0,0.0,1.0,0.04,0.0,0.0,2.0,0.08,0.0,0.0,0.0,0.0,0.0,0.0,0.1840973706317508,0.0118086805472395,-0.0082814922753704,0.1198038909609942,0.0831980927915439,-0.0968913213568443,-0.1092397761435166,0.008915622170282,-0.1337768991323351,-0.0152342529836963,0.0528977105776871,-0.0507674996158817,0.0098937223455327,0.024557621545526,-1.206329527755174e-05,0.0456794105153448,-0.0596667148670151,-0.0715118951363199,0.0212177333610905,0.0252302114990114,0.0127163332137583,0.0011291276563602,-0.0800782748774018,0.0616677600166629,24.0,0.2994904006069728,0.1529821818703226,0.6399195108505074,0.4932344540198661,23.0,22.0,1.0,3.7419160988460183,0.4018719619499415,0.1700870954020917,0.1282688247440188,0.3537628468207676,0.3572166647758089,2.7882426085114393,0.0,0.0,0.0,0.0,0.0,0.0,0.0,0.0,0.0,0.0
sciver_test_641,1,24,16,40,2000,0.1708202642046214,29.0,26.0,0.896551724137931,4.413793103448276,6.0,0.0,7.0,0.1836734693877551,0.1627906976744186,0.0,0.0,0.0,0.0,0.0,1.0,0.0344827586206896,0.0,0.0,1.0,0.0344827586206896,0.0,0.0,0.0,0.0,0.0,0.0,0.2549576729685107,-0.0332511734435676,-0.0012954198863801,0.0825559856365325,0.0995501092359015,0.0702789235667705,-0.1079264883516208,-0.1001750930167991,0.0846020026965654,0.0577234968247445,-0.0163623445925183,-0.0277058610207289,0.1236945193290305,-0.0622004332307315,-0.1861221087297983,0.0984094708486675,0.0398654756696649,0.0535064600075313,-0.0038428315142146,0.0394313724446553,0.0056866537534902,0.0047607241938021,0.1024546384435187,0.0427425467777128,26.0,0.3353945640787428,0.1505536873958218,0.6783680775399402,0.5312222242458051,21.0,20.0,1.0,4.68486208779746,0.4107225825128738,0.234243104389873,0.0958101290404474,0.3685261876012127,0.3789437850295734,2.895807785996824,1.0,1.0,0.0,0.0069838552084277,0.0069838552084277,0.0069838552084277,0.0,0.0069838552084277,0.0069838552084277,-0.0
sciver_test_644,1,24,16,40,2000,0.2994112652683228,31.0,27.0,0.8709677419354839,4.580645161290323,9.0,1.0,7.0,0.125,0.1063829787234042,5.0,0.4166666666666667,0.0,1.0,0.032258064516129,1.0,0.032258064516129,0.0,0.0,2.0,0.064516129032258,0.0,0.0,0.0,0.0,0.0,0.0,0.235023810595194,0.1922327852657183,-0.043641628179821,0.1382832630120347,-0.0308657969842209,0.0228159115797817,0.0597899853325575,-0.0734376307790102,0.1678702269471876,-0.0434683822347136,-0.0571912747403482,-0.0436504070708843,0.0134077137606973,0.0297296393328817,-0.0950500981608395,-0.0480194441627822,0.0682349805218554,0.0374102983721754,0.0530981091593365,0.143834934002864,-0.0574007574241449,-0.0814989056821053,0.1138745381671069,-0.0372792719552418,27.0,0.3215974095077986,0.1454784433284514,0.7352057408735332,0.5281844934138116,27.0,25.0,2.0,3.896571205168136,0.4222441475765923,0.1558628482067254,0.1142117709863228,0.3222473046125223,0.35165653277298,2.9399146070721085,1.0,1.0,0.0,0.0009040810865059,0.0009040810865059,0.0009040810865059,0.0,0.0009040810865059,0.0009040810865059,-0.0
sciver_test_646,1,24,16,40,2000,0.0776465298713818,33.0,25.0,0.7575757575757576,5.2727272727272725,3.0,0.0,0.0,0.1,0.0476190476190476,0.0,0.0,0.0,0.0,0.0,1.0,0.0303030303030303,0.0,0.0,0.0,0.0,0.0,0.0,0.0,0.0,0.0,0.0,0.1335747134653121,-0.1062676942650366,0.0252106523951081,-0.0867159895343924,-0.0245446761300116,-0.0060175730983106,-0.010758830811786,-0.0342529770071105,0.0025484429247104,0.0621777240759553,-0.0051382001842667,-0.0273834462581254,0.0120564109760558,-0.0335286274806128,-0.1036525286031167,0.0415248963470942,0.1154194081702984,-0.0531403753271102,0.0126939399767156,-0.0386518911615995,-0.0558813742929233,-0.0760293840668877,-0.0018630280474075,0.0841771641967859,25.0,0.3597054945549464,0.1522635724487803,0.7579125565021224,0.5731278922820672,25.0,24.0,1.0,4.850654410551821,0.5624576067157969,0.2021106004396592,0.1223301191845634,0.3663183461041232,0.4060497817056283,3.009204404690596,1.0,1.0,0.0,0.0053354698684832,0.0053354698684832,0.0053354698684832,0.0,0.0053354698684832,0.0053354698684832,-0.0
sciver_test_648,1,24,16,40,2000,0.1870748072844901,28.0,24.0,0.8571428571428571,5.035714285714286,5.0,0.0,2.0,0.1621621621621621,0.1666666666666666,1.0,0.1666666666666666,0.0,1.0,0.0357142857142857,1.0,0.0357142857142857,0.0,0.0,1.0,0.0357142857142857,0.0,0.0,0.0,0.0,0.0,0.0,0.255040375702608,0.0120605709170533,0.0155016001247601,0.1184156659322917,-0.0377532105823385,0.0053358247712595,-0.1272514468100708,0.142679183591501,0.0027631591475617,-0.06272756127624,0.0649023502994863,0.0437688591644697,-0.0092069378461472,-0.0025475498901568,-0.0969847444948271,0.0979423185114476,-0.0747277113626852,0.0289814691766372,-0.039591933126443,0.0006200867379518,-0.0246939113349641,-0.0388663686904057,-0.0103379334509834,-0.0309678230191736,24.0,0.3764277579482913,0.1881717217970747,0.7811406698147068,0.6247260306073107,22.0,21.0,1.0,4.275838251997119,0.5483781590018277,0.2036113453331961,0.1325725035111666,0.3743481043015615,0.3849882099553484,2.8382791635509106,0.0,0.0,0.0,0.0,0.0,0.0,0.0,0.0,0.0,0.0
sciver_test_650,1,24,16,40,2000,0.4185164719535323,42.0,34.0,0.8095238095238095,4.214285714285714,8.0,0.0,0.0,0.1538461538461538,0.1403508771929824,1.0,0.1111111111111111,0.0,0.0,0.0,0.0,0.0,0.0,0.0,1.0,0.0238095238095238,1.0,0.0238095238095238,0.0,0.0,0.0,0.0,0.1218726120520065,-0.0264539413336323,0.0761213367164584,0.0082778728092799,0.0207217709869644,0.0629199059414095,0.0329734834487813,-0.0114871075602035,-0.018405852978197,-0.0041725158572995,0.0285500524084555,-0.0332288931937054,-0.0281249069499734,0.0155379972405944,-0.0658403062800406,-0.0091070766696312,-0.0450896199827826,0.0145387439000022,-0.0101663752593116,0.0679388610968945,-0.0014890019903463,-0.0156751655869277,-0.0564355490335393,-0.0231109284433397,34.0,0.3414719202139186,0.1422501943747392,0.6972293265168724,0.5188344379357099,31.0,30.0,1.0,6.133299654833429,0.4687145235484684,0.2044433218277809,0.1183212748856658,0.3636825238052095,0.4012991008876738,3.2248445143629976,3.0,3.0,0.0,0.0448731057065124,0.0262492351579113,0.0149577019021708,0.0103262001809576,0.024465789804772,0.0253575124813416,0.7832253029146601
sciver_test_652,1,24,16,40,2000,0.1870981361582281,36.0,28.0,0.7777777777777778,4.361111111111111,6.0,0.0,0.0,0.2121212121212121,0.16,0.0,0.0,0.0,0.0,0.0,0.0,0.0,0.0,0.0,2.0,0.0555555555555555,0.0,0.0,1.0,0.0277777777777777,0.0,0.0,0.2867580635890195,0.0159312706376822,0.0750078556158886,0.0860410837609489,0.0031167727165454,-0.1884528508605351,-0.1076082572133515,0.1423522161882527,-0.0005949932778602,-0.0332929434723344,0.0101378591686639,-0.0896395233854436,0.0309990452233762,-0.0271314925339813,-0.0351778924979987,0.0514967784439658,-0.0365528376885866,-0.0614347566168576,0.0463806581042046,-0.03864588272272,-0.1219408332827494,-0.0710481274609875,-0.0359931873606507,0.000963589466792,28.0,0.4330263743327544,0.1863943654310626,0.860895185295787,0.6711672419288259,28.0,27.0,1.0,5.7594291663033905,0.4263669015016527,0.21331219134457,0.1306378360526024,0.3927042444986823,0.407567681576822,3.0942359870629565,3.0,3.0,0.0,0.0537951084301072,0.0421325670133085,0.0179317028100357,0.0176600764658857,0.0359410655365315,0.03903681627492,0.5604621871108381
sciver_test_655,1,24,16,40,2000,0.0352338043729669,37.0,33.0,0.8918918918918919,5.243243243243243,6.0,0.0,2.0,0.0625,0.0377358490566037,0.0,0.0,0.0,1.0,0.027027027027027,1.0,0.027027027027027,0.0,0.0,1.0,0.027027027027027,0.0,0.0,0.0,0.0,0.0,0.0,0.1732618679567899,-0.0290532284598966,-0.058059711923134,0.1190670070088318,-0.0862468334449963,-0.0374079371956871,0.0014359957060621,0.0273428042997388,0.004497017914745,0.0479098303088901,0.0183253602357536,0.0232055654877692,0.0704862722610046,0.0479951064197292,-0.0289948632044575,-0.0057929435952255,-0.0272754874863413,-0.0178497115854946,0.0248625818291965,-0.0817334792724063,-0.0197205440705091,-0.0038319364147017,-0.0370780049325422,0.0082065072735073,33.0,0.3487396779821175,0.1548387128301995,0.7526081470042421,0.5532241581230493,33.0,32.0,1.0,6.352613892285884,0.4813080449778378,0.1985191841339338,0.130032853836549,0.3919163980983988,0.4065192661897617,3.227290144150603,1.0,1.0,0.0,0.0336189568000574,0.0336189568000574,0.0336189568000574,0.0,0.0336189568000574,0.0336189568000574,-0.0
sciver_test_656,1,24,16,40,2000,0.3202658447823946,27.0,25.0,0.925925925925926,4.444444444444445,6.0,0.0,4.0,0.2,0.2413793103448276,0.0,0.0,0.0,1.0,0.037037037037037,0.0,0.0,0.0,0.0,2.0,0.074074074074074,0.0,0.0,0.0,0.0,0.0,0.0,0.2072053503175085,0.118139091394111,0.0544203950369542,0.0074390001755912,0.1291994353913468,-0.0276797890599686,-0.0868293228770907,0.1194317590827742,-0.0035679209854066,-0.0529453094568433,0.0108965746729485,-0.1146538288271365,0.0004038333658076,-0.0232423579885615,-0.0136041237796126,-0.0729198541547552,0.0007632706157899,0.0435489769778794,-0.0323720978463413,0.0667291786939866,-0.022792713176091,-0.0210708404555782,0.0047855101750327,-0.0486906042090501,25.0,0.2741260860154342,0.1181215253682787,0.6075345221635583,0.4392687218867552,23.0,22.0,1.0,3.6664919198133,0.3806051884682356,0.1666587236278772,0.0908957592254678,0.3216920622161863,0.3500440288187438,2.948171415279434,1.0,1.0,0.0,0.0086341707374121,0.0086341707374121,0.0086341707374121,0.0,0.0086341707374121,0.0086341707374121,-0.0
sciver_test_658,1,24,16,40,2000,0.0883211609233845,36.0,29.0,0.8055555555555556,4.666666666666667,6.0,1.0,4.0,0.0793650793650793,0.0377358490566037,0.0,0.0,0.0,0.0,0.0,0.0,0.0,0.0,0.0,1.0,0.0277777777777777,2.0,0.0555555555555555,0.0,0.0,2.0,0.0555555555555555,0.3089868310881693,-0.1042937447370022,0.1625065469914189,0.1254294570083856,-0.1206455181994424,-0.0958789780215658,0.0961624624691365,0.0224922849894939,0.0163599889051656,0.0274678152101142,-0.1421248058816367,0.0769001272925726,-0.0014872963407486,-0.0001905340813548,0.0920330570934479,0.0702051998129637,-0.0300418083540772,0.023185430350517,0.0414389216900264,0.0143754784269885,0.0034489871442251,-0.0391559722728191,-0.0982889362346641,-0.078649221343705,29.0,0.4091819307482593,0.1933892413967176,0.8565471926678814,0.6773520315004471,28.0,27.0,1.0,5.737057451470251,0.6009489868502376,0.212483609313713,0.1496687309262729,0.404744382962742,0.4695991641783256,3.0551550799585896,2.0,2.0,0.0,0.026068541049307,0.025797168593305,0.0130342705246535,0.0127628980686515,0.0232445889795747,0.0245208787864399,0.0578769715990342
sciver_test_660,1,24,16,40,2000,0.1112226411183671,32.0,26.0,0.8125,4.21875,7.0,0.0,6.0,0.1384615384615384,0.1092436974789916,7.0,0.2,0.0,0.0,0.0,0.0,0.0,0.0,0.0,0.0,0.0,0.0,0.0,0.0,0.0,0.0,0.0,0.2549627591514922,0.2230424362242114,-0.0934033539742145,0.1005273429520991,-0.0721496441842877,0.0528972683655442,-0.0011567554657995,0.1190339137549711,-0.0167291736033915,-0.1782829373697732,0.0637326538181086,0.1215685485806502,-0.060604048355916,-0.0454261690185706,-0.0111781211639424,-0.1099425206875639,-0.0373439819520852,-0.0266950695730725,-0.0040036482993872,0.0064559932547808,-0.022454468631327,-0.0243980309415597,0.0237601849419571,0.0238395173951933,26.0,0.3877956168790145,0.2053414386465707,0.8326520683651782,0.6721605277615815,25.0,24.0,1.0,4.390642051445129,0.4859407435403369,0.1829434188102137,0.1304910178719021,0.3569622886610484,0.382629601668049,2.895833892667009,1.0,1.0,0.0,0.011852781446785,0.011852781446785,0.011852781446785,0.0,0.011852781446785,0.011852781446785,-0.0
sciver_test_662,1,24,16,40,2000,0.0967129965164957,24.0,21.0,0.875,3.8333333333333335,5.0,0.0,0.0,0.125,0.0384615384615384,0.0,0.0,0.0,0.0,0.0,0.0,0.0,0.0,0.0,1.0,0.0416666666666666,1.0,0.0416666666666666,0.0,0.0,0.0,0.0,0.2120023633737206,-0.0441813571051292,0.1322330811641697,0.0853298460582124,0.0749437173145522,-0.1550776691957031,-0.031044434677296,0.0008378983703072,-0.0875860563508386,0.0168468335111782,-0.0776332733464853,0.0607486149013064,0.0201350977175222,-0.0115712979264942,0.0462990539533773,0.0066824714007531,-0.0650825580589051,0.0350963274227697,-0.0209561855430097,0.0042831200747162,-0.0604116264808769,-0.0817736835247019,-0.0258676274776148,-0.0755988240896403,21.0,0.4098134050123948,0.1843148481336894,0.794290489973869,0.6203670362228373,19.0,18.0,1.0,4.096643170971249,0.4901513410591282,0.2275912872761805,0.1483865311121701,0.4323495804893699,0.4692755624521283,2.658499480701142,0.0,0.0,0.0,0.0,0.0,0.0,0.0,0.0,0.0,0.0
sciver_test_664,1,24,16,40,2000,0.0587076439391233,43.0,33.0,0.7674418604651163,3.9069767441860463,11.0,2.0,2.0,0.1666666666666666,0.1,1.0,0.0909090909090909,0.0,0.0,0.0,0.0,0.0,0.0,0.0,2.0,0.0465116279069767,0.0,0.0,0.0,0.0,0.0,0.0,0.2679692555464026,-0.0674363715832696,-0.054594586664455,-0.0210190709903131,0.0339416055310832,0.1939772680219335,0.001277413526459,0.0747332707343869,-0.0940557992271033,0.0378295098897515,0.0780479337321632,-0.0243509859177089,0.0811480410191385,-0.000383116256518,-0.1038470922203382,0.1079188884801326,0.020153369487449,-0.0584178032754182,-0.141328377872907,0.0223450685235005,0.066653967505747,-0.0734662644251872,-0.0513453799188065,-0.0717977299786341,33.0,0.2804950484412649,0.1421242158600848,0.71535654620225,0.4866012661412645,30.0,29.0,1.0,4.424443533529657,0.4492968776975883,0.1525670183975744,0.1133328765563975,0.3139849903674001,0.3755947908001217,3.10204411715585,1.0,1.0,0.0,0.0014780433000306,0.0014780433000306,0.0014780433000306,0.0,0.0014780433000306,0.0014780433000306,-0.0
sciver_test_665,1,24,16,40,2000,0.3098769983410737,28.0,24.0,0.8571428571428571,4.607142857142857,4.0,3.0,4.0,0.3125,0.24,1.0,0.25,0.0,0.0,0.0,0.0,0.0,0.0,0.0,0.0,0.0,0.0,0.0,0.0,0.0,0.0,0.0,0.1574850867577884,-0.0401612022266152,-0.0863481598071138,0.0399234632778078,-0.0844173814020512,0.0149840608865761,-0.0114360118893386,0.0650108160463377,-0.0479989187125032,0.0043630641502813,0.0701254830251058,0.044024807130743,-0.0122750869079314,-0.0398957253529053,0.0045218387552381,0.0113291313945751,-0.0033231327344987,-0.0593487884931424,-0.0726562372192246,-0.0522168728706923,0.0114049191993881,0.0401031069605616,0.0859589014752326,-0.0496618947559004,24.0,0.3701298874281716,0.1563606339952242,0.7412639651595034,0.5876054737437095,24.0,23.0,1.0,4.528433807231338,0.5609453143169668,0.1968884264013625,0.1335559106308511,0.3785627556229134,0.4327005494947695,2.908573345809267,2.0,2.0,0.0,0.0256276339020721,0.0208798848514085,0.012813816951036,0.0080660679003724,0.019266671271334,0.0200732780613712,0.4792749252535492
sciver_test_668,1,24,16,40,2000,0.0692455178495329,23.0,21.0,0.9130434782608696,5.173913043478261,6.0,0.0,1.0,0.088235294117647,0.074074074074074,1.0,0.1666666666666666,0.0,0.0,0.0,0.0,0.0,0.0,0.0,0.0,0.0,0.0,0.0,0.0,0.0,1.0,0.0434782608695652,0.188956232085383,0.2134078732553535,0.0322002469835384,-0.1738717832098047,-0.012101468465174,0.181546615771881,-0.1470373324792065,0.0171129409369744,-0.0573548829619718,-0.0104269449531505,-0.0583221978385009,-0.03047751545904,-0.0917532226980355,0.025954194316523,0.0646921980868383,-0.0110593890415772,0.0031202427255992,0.0313383291304818,-0.1026009689266029,-0.0301793065108919,-0.076856678605853,0.1594831063445501,-0.0521774076037484,0.1127343894033799,21.0,0.4623441329870902,0.1733249780076259,0.871895945443576,0.7211724204941606,21.0,20.0,1.0,4.345553939791048,0.4843694884732784,0.2172776969895524,0.1223905763060907,0.3804830537919124,0.4071067445450651,2.8070607399980783,1.0,1.0,0.0,0.0156082120213842,0.0156082120213842,0.0156082120213842,0.0,0.0156082120213842,0.0156082120213842,-0.0
sciver_test_670,1,24,16,40,2000,0.3212623820437325,29.0,24.0,0.8275862068965517,4.344827586206897,8.0,4.0,9.0,0.0476190476190476,0.0571428571428571,1.0,0.125,0.0,4.0,0.1379310344827586,0.0,0.0,0.0,0.0,0.0,0.0,0.0,0.0,0.0,0.0,2.0,0.0689655172413793,0.118445400351784,0.045848578999109,0.0268362732044663,-0.1735201276799536,0.0057389594860001,-0.0060029729182677,-0.1625403729235269,0.1127017830727364,-0.0261925575943261,-0.0628601392359846,-0.2383464967285652,0.1145226844140732,-0.015059294699961,0.0284871535822942,-0.0180143163386049,-0.159692296584384,0.082631309667565,-0.0196648280116813,0.1975573524739352,-0.0514719414746016,0.2454389191261908,-0.0229980532159265,0.0922325857533447,-0.124211910039392,24.0,0.3183347711152908,0.1434812634350572,0.7714926545891256,0.4689979976687285,22.0,20.0,2.0,3.645423167403433,0.3652011935080999,0.1822711583701716,0.0883143517870952,0.2991747726627166,0.3163089749971581,2.8683242802452464,0.0,0.0,0.0,0.0,0.0,0.0,0.0,0.0,0.0,0.0
sciver_test_671,1,24,16,40,2000,0.1043791889292262,18.0,17.0,0.9444444444444444,5.888888888888889,3.0,2.0,4.0,0.1851851851851851,0.1904761904761904,0.0,0.0,0.0,1.0,0.0555555555555555,0.0,0.0,0.0,0.0,0.0,0.0,0.0,0.0,0.0,0.0,2.0,0.1111111111111111,0.2192902060692086,0.4105154714928132,0.0365978520286867,-0.2902115752813633,-0.0840360667576663,0.0279287519641045,-0.0953279584482625,-0.156897138747563,0.126652542398117,-0.1734096345099962,-0.0230636970111331,-0.0069158477116823,0.0181782301047324,0.041854233996428,-0.0241641393069987,-0.0913101116793612,-0.0065489203957064,-0.0390964423334252,-0.0854331704681956,0.0302540196769717,-0.1605365857731591,0.0887990595141932,-0.0265669787189423,0.0421157243573305,17.0,0.3584003172475448,0.1011009328444261,0.5907582128743099,0.4950686377054912,17.0,16.0,1.0,3.7817034794238578,0.4257388686702554,0.2363564674639911,0.0778972208156626,0.3118693387770598,0.3535074230144903,2.7117480560392755,2.0,2.0,0.0,0.011682103376659,0.0068829325931009,0.0058410516883295,0.0010418809047713,0.0066745564121466,0.0067787445026237,0.677153419548302
sciver_test_673,1,24,16,40,2000,0.4152616523706832,36.0,32.0,0.8888888888888888,4.861111111111111,6.0,0.0,6.0,0.3265306122448979,0.35,1.0,0.1666666666666666,0.0,1.0,0.0277777777777777,0.0,0.0,0.0,0.0,1.0,0.0277777777777777,0.0,0.0,0.0,0.0,0.0,0.0,0.1920962059711871,-0.0918046646104565,0.0660274710765106,-0.0386954371024408,-0.0502217823717324,0.0330741198035851,0.0228334838910129,-0.0418539560571383,0.0311805863377233,-0.0329016073285585,-0.0094584879942241,-0.0952808298760275,0.0705929951074485,0.0410695568572629,0.0361627460163363,-0.0559014558356784,-0.0697412322267827,0.0142452550840359,-0.0269317918593172,-0.0338485088126716,0.1104595976758967,-0.0848693058644043,-0.0934988225001133,0.0467676473801529,32.0,0.3071436474396684,0.148230604475524,0.6611508634516344,0.4967384544202503,30.0,29.0,1.0,4.962163879506521,0.4686804997333386,0.1711090992933283,0.1152083950424617,0.328000079228918,0.3491644537452266,3.141156306212278,0.0,0.0,0.0,0.0,0.0,0.0,0.0,0.0,0.0,0.0
sciver_test_675,1,24,16,40,2000,0.2535424493618705,39.0,38.0,0.9743589743589745,5.0,2.0,0.0,1.0,0.1219512195121951,0.1176470588235294,1.0,0.5,0.0,1.0,0.0256410256410256,0.0,0.0,0.0,0.0,0.0,0.0,1.0,0.0256410256410256,0.0,0.0,0.0,0.0,0.1795577688236184,-0.0383108188908471,-0.0698968425798178,0.0612955458803134,0.0231824194222473,0.0845426655438954,-0.0899905003861686,-0.0221108323315027,-0.0384355996752344,-0.1090646708767912,-0.0285232305047219,-0.0825950564420227,0.0658830096298191,-0.0035339811665548,0.1202659889102154,0.1060275316010798,-0.0183385471270097,-0.0915969826362391,0.1394639189826478,-0.0195562217421814,0.0774258378527437,-0.0096127718225555,-0.0552602974796746,0.1407970254557028,38.0,0.3463658656314196,0.1609616316071289,0.767141170340749,0.548334479517215,32.0,31.0,1.0,6.601524697813518,0.4794103962911321,0.2129524096068876,0.1139472303111457,0.3666733502223288,0.4427611653453015,3.2904749603650845,2.0,2.0,0.0,0.0168999740132476,0.0148460077184416,0.0084499870066238,0.0063960207118178,0.0135668035760781,0.0142064056472599,0.3699755276435864
sciver_test_677,1,24,16,40,2000,0.4195467604690636,45.0,36.0,0.8,5.4222222222222225,0.0,0.0,2.0,0.14,0.1428571428571428,0.0,0.0,0.0,0.0,0.0,0.0,0.0,0.0,0.0,0.0,0.0,0.0,0.0,0.0,0.0,0.0,0.0,0.1641832119170169,-0.0375339031669725,-0.1565277958705075,-0.0070667640312116,-0.0842064574149076,-0.04065655692528,0.0024376874223741,-0.031433557059379,0.054187139506476,0.0491897577047614,0.0713293274842894,-0.1511760313767897,0.0403138120541447,0.1131244099099721,0.0510754961266898,-0.0036305757642502,0.0309782878869202,-0.0151830672261358,0.0162522193833701,0.0436854132226422,0.0143960079111625,0.1282125840077165,0.0028331727972977,-0.0037932180727681,36.0,0.3672572908017604,0.1312657976886684,0.7383534959525387,0.5393101257017093,36.0,35.0,1.0,7.0274293391072185,0.4319959094512906,0.2007836954030633,0.1044263265562945,0.3572687308837949,0.3712635444152906,3.4150209807022582,6.0,6.0,0.0,0.0575318674704603,0.0203061435472942,0.00958864457841,0.0062377387859695,0.0168828895102252,0.0185945165287597,1.5434191369039023
sciver_test_678,1,24,16,40,2000,0.0625990777636739,15.0,15.0,1.0,5.8,4.0,0.0,1.0,0.0689655172413793,0.0384615384615384,1.0,0.25,0.0,1.0,0.0666666666666666,0.0,0.0,0.0,0.0,0.0,0.0,0.0,0.0,0.0,0.0,0.0,0.0,0.2237327907238605,0.3008746759701764,0.0221616787987114,-0.2696291055392578,0.2119171359843571,-0.0360790539478391,0.1918445689597551,0.0154288378126508,0.1035794437871864,0.0186869466822973,-0.0678077043406416,-0.1425840788676375,0.051314770639022,0.1732085365463455,0.0342181366511555,0.155094926732305,-0.0755077714933992,0.026702122260382,-0.1116239954958418,-0.0100742022938641,0.0618692838709925,-0.0022231570766328,0.0254018743320852,-0.11826013922278,15.0,0.3908130858813473,0.1366838899113234,0.6426831964503533,0.5564852656848727,14.0,13.0,1.0,2.9733540272195667,0.4329830140464803,0.2287195405553513,0.1198974512665735,0.3596468048939894,0.3933983630446042,2.393163256873214,0.0,0.0,0.0,0.0,0.0,0.0,0.0,0.0,0.0,0.0
sciver_test_680,1,24,16,40,2000,0.5958149694919418,36.0,29.0,0.8055555555555556,4.222222222222222,6.0,1.0,5.0,0.1194029850746268,0.1071428571428571,1.0,0.1666666666666666,0.0,0.0,0.0,1.0,0.0277777777777777,0.0,0.0,0.0,0.0,0.0,0.0,0.0,0.0,0.0,0.0,0.1725264805841256,-0.0609256023712391,-0.0217463940742775,0.1245065896895684,0.044169227559819,-0.0395786845835801,-0.0034719715017221,-0.1082740278414756,-0.0159647383356786,-0.0885051335830738,-0.0538696920892188,0.0591636560759094,0.0031612385840412,0.0242037503121364,0.0686092172221847,-0.0542197582700337,-0.0025020182498476,0.1028284714845335,-0.0313469580557293,0.0519222334640928,-0.0396589455065871,0.0322063694807576,-0.03183764150862,0.0372232061321247,29.0,0.3809782669237575,0.1934294111502013,0.8933582192796331,0.6453850562561942,26.0,25.0,1.0,5.728661339817036,0.6072110062800088,0.2291464535926814,0.1496144423693651,0.4498108500980578,0.5009462225395036,3.0096843673642746,0.0,0.0,0.0,0.0,0.0,0.0,0.0,0.0,0.0,0.0
sciver_test_683,1,24,16,40,2000,0.1603594924657264,31.0,25.0,0.8064516129032258,5.064516129032258,5.0,0.0,1.0,0.1282051282051282,0.0895522388059701,0.0,0.0,0.0,2.0,0.064516129032258,0.0,0.0,0.0,0.0,0.0,0.0,0.0,0.0,0.0,0.0,0.0,0.0,0.3231764391764464,0.4346601350381222,-0.0990362583119494,-0.0061346767852965,0.0565928118154668,-0.0149393592446675,0.2498179385848564,0.036570049454663,0.0025440587980144,-0.0324396130689424,-0.044670092516754,-0.0174822638126386,-0.0904650697303223,-0.0649792508713651,0.1100360887663688,0.1238351047997015,0.0530241261008975,0.0246888079158016,-0.0081432984568299,0.0763637696660545,0.1264809669919994,-0.1258729450770605,0.0231515609935515,0.0512156031072037,25.0,0.389252392176352,0.1377103828526569,0.7064263896323331,0.5659968318728231,24.0,23.0,1.0,4.987064263188872,0.5087184592348416,0.2168288810082118,0.1121068187472641,0.3606947290863421,0.4362018980344682,2.9940710847738226,1.0,1.0,0.0,0.0108271458550707,0.0108271458550707,0.0108271458550707,0.0,0.0108271458550707,0.0108271458550707,-0.0
sciver_test_685,1,24,16,40,2000,0.4318870439850323,31.0,26.0,0.8387096774193549,4.935483870967742,6.0,2.0,4.0,0.2258064516129032,0.2083333333333333,1.0,0.1666666666666666,0.0,1.0,0.032258064516129,0.0,0.0,0.0,0.0,2.0,0.064516129032258,0.0,0.0,0.0,0.0,3.0,0.0967741935483871,0.2733268780536998,0.3298772357264726,0.0436432850123347,-0.0964902956676113,-0.0547194411338666,0.0008147966267198,-0.0148297904471224,-0.1563742489156994,-0.0173136485503635,-0.0311102376554986,-0.0091004794924618,-0.0210522814981184,-0.022674704987738,0.1128134569854011,0.0582644417948697,-0.0011123965900143,-0.0150587459378156,-0.0036227195090364,0.0134286213438963,-0.0129679419128832,-0.0369600622667686,-0.0064192953935976,0.0008490404623902,-0.0041491784119309,26.0,0.415344886163652,0.1578272493391024,0.8565471926678814,0.6275516032391388,25.0,24.0,1.0,5.72704169444477,0.4794103962911321,0.2386267372685321,0.1026837246675257,0.381024419499119,0.3987143334228535,3.0824029864156692,1.0,1.0,0.0,0.0041153037193595,0.0041153037193595,0.0041153037193595,0.0,0.0041153037193595,0.0041153037193595,-0.0
sciver_test_692,1,24,16,40,2000,0.0091942228723324,28.0,24.0,0.8571428571428571,5.392857142857143,4.0,2.0,5.0,0.0588235294117647,0.0357142857142857,0.0,0.0,0.0,2.0,0.0714285714285714,0.0,0.0,0.0,0.0,2.0,0.0714285714285714,0.0,0.0,1.0,0.0357142857142857,2.0,0.0714285714285714,0.293803737644476,0.3207838403849337,-0.0726796342766137,0.0314037779889581,-0.0184363731202694,0.0601021647166743,0.2131835053144782,0.0692122366857411,-0.0558669294196113,0.0172741359434545,0.1509608445916287,0.1104844077570436,-0.0148987073175117,0.0625252928581091,0.0120637682009846,0.047684086831005,-0.0700268657846431,0.0652448661566701,0.0960899717961594,0.0632187935141184,0.0044744622703626,-0.2192818255455923,-0.0551011614742,-0.0069731881977667,24.0,0.4060653581362922,0.1856306980853017,0.848871198441543,0.6740589399658496,23.0,22.0,1.0,5.225193884409849,0.6665236481820229,0.2375088129277204,0.1460584299033858,0.4679415650306819,0.5442106437730768,2.9341761839556697,1.0,1.0,0.0,0.0339141816972867,0.0339141816972867,0.0339141816972867,0.0,0.0339141816972867,0.0339141816972867,-0.0
sciver_test_694,1,24,16,40,2000,0.0660829156840959,30.0,21.0,0.7,3.3,9.0,3.0,6.0,0.0666666666666666,0.0434782608695652,0.0,0.0,0.0,0.0,0.0,1.0,0.0333333333333333,0.0,0.0,0.0,0.0,1.0,0.0333333333333333,1.0,0.0333333333333333,1.0,0.0333333333333333,0.2073961259537645,-0.0568311615865522,0.145363672715498,0.0059282208211921,0.1319910686555661,0.0302519433558367,-0.1141021056409535,0.0651862065977375,-0.0767593465802692,-0.0372458474771986,-0.0345851660965821,-0.1134909737706822,-0.088563327563712,-0.132844416223556,0.0671323731210169,-0.0951634996531875,-0.0483713726731724,0.0601390287781379,0.0051608710296785,-0.0915600812867088,0.0074117119251435,-0.0131656472739276,-0.0118409996900189,-0.1891212726138464,21.0,0.335411656940013,0.194572876022965,0.8118653786925741,0.5943963938990695,17.0,16.0,1.0,3.534013946992343,0.4523839341268064,0.2208758716870214,0.1375686112283506,0.405507955457599,0.4361413037158861,2.555564648358356,0.0,0.0,0.0,0.0,0.0,0.0,0.0,0.0,0.0,0.0
sciver_test_696,1,24,16,40,2000,0.1720878097662352,29.0,24.0,0.8275862068965517,5.931034482758621,4.0,0.0,2.0,0.1296296296296296,0.1041666666666666,0.0,0.0,0.0,1.0,0.0344827586206896,0.0,0.0,0.0,0.0,0.0,0.0,0.0,0.0,5.0,0.1724137931034483,1.0,0.0344827586206896,0.1943993667141773,0.0247321790795273,-0.0604195645875668,-0.1371518830649721,-0.1602752358192803,0.0497705993128438,-0.1992951314399935,-0.1315419442220165,-0.0600222629815545,-0.0629424594522629,0.0174725661547482,0.0425570320867908,0.022529067391717,0.0103605675270359,0.0508498591153169,0.0497941617478654,-0.0051287902339191,-0.0776245676489924,-0.1127923075604885,0.0199881883374691,0.0243414126224777,0.0155368524749903,-0.0438875211421271,-0.0428647210243232,24.0,0.4377699629809965,0.1564645961862782,0.8743726769605119,0.6586941808193842,24.0,23.0,1.0,5.823272374901626,0.4929665356407495,0.2531857554305055,0.1112668660680995,0.4424950924272793,0.476263030243807,3.0420139053872894,1.0,1.0,0.0,0.007502959832653,0.007502959832653,0.007502959832653,0.0,0.007502959832653,0.007502959832653,-0.0
sciver_test_698,1,24,16,40,2000,0.1504167141604933,32.0,26.0,0.8125,4.4375,11.0,4.0,5.0,0.106060606060606,0.1052631578947368,2.0,0.1176470588235294,0.0,2.0,0.0625,1.0,0.03125,0.0,0.0,0.0,0.0,0.0,0.0,0.0,0.0,2.0,0.0625,0.2141091261795207,0.1257616289116132,0.0984036805573798,-0.1181159468897869,-0.0747433839009501,0.0454716960473227,-0.342641540732826,-0.3195493519641625,-0.1203993220385691,0.0264377329197636,-0.0377579037034936,0.078088479998158,0.0322436375720021,-0.0003309077859597,-0.0383211990171313,-0.0145441397692494,0.074482944413737,-0.0933095531032478,0.0503057985947486,0.0387109419652222,-0.0581654125453678,0.1198411361500731,-0.0046658785185768,-0.038515336106162,26.0,0.2937105294398983,0.1648760170253811,0.6857161317419438,0.5421817840726454,25.0,24.0,1.0,3.715002414441524,0.5161381215372187,0.1547917672683968,0.1414835225126696,0.3240480080488536,0.4466251357408182,2.780988184131255,1.0,1.0,0.0,0.0031806906781698,0.0031806906781698,0.0031806906781698,0.0,0.0031806906781698,0.0031806906781698,-0.0
sciver_test_699,1,24,16,40,2000,0.3738885760824703,24.0,19.0,0.7916666666666666,5.333333333333333,5.0,2.0,4.0,0.1304347826086956,0.1764705882352941,2.0,0.3333333333333333,0.0,0.0,0.0,0.0,0.0,0.0,0.0,0.0,0.0,0.0,0.0,0.0,0.0,1.0,0.0416666666666666,0.1890246746455059,-0.0388916977928548,0.0212414989653694,0.0937749162489097,-0.1813858579751111,-0.0264520141205343,-0.0090840710800582,-0.0363518977597132,0.0233322725169984,0.0236429825873686,-0.0913182081754786,-0.0318748033287618,-0.0248747111168175,0.0765889825258749,0.0085273239853243,-0.0641966860326287,0.0600457230639479,0.0246209201283651,0.0301293671980064,-0.0489471967635979,0.0009103182884012,0.0506234221867384,0.0582317482596769,-0.098763791540708,19.0,0.4213324286499043,0.1652458663812847,0.7727705560291236,0.6021450126640742,19.0,18.0,1.0,4.445744784457063,0.5031196782034976,0.2469858213587257,0.15626756276902,0.4505204069425019,0.4735414228774834,2.6633690761119806,1.0,1.0,0.0,0.0376403244322552,0.0376403244322552,0.0376403244322552,0.0,0.0376403244322552,0.0376403244322552,-0.0
sciver_test_702,1,24,16,40,2000,0.0407867366987612,30.0,27.0,0.9,4.166666666666667,6.0,2.0,2.0,0.0697674418604651,0.0833333333333333,0.0,0.0,0.0,1.0,0.0333333333333333,0.0,0.0,0.0,0.0,1.0,0.0333333333333333,1.0,0.0333333333333333,0.0,0.0,0.0,0.0,0.2679003924139801,-0.0875620582545844,0.1847058994316382,0.1083944085684227,-0.0915942797670968,-0.0900380011644664,-0.0147008464841866,-0.0031226730629908,-0.0052232036804449,0.0896401310320803,0.0123161271308646,-0.0580598648582728,-0.0384049351258754,-0.0384208591550283,-0.0509852155104442,0.0748863130838478,-0.0226522438462078,-0.0681690326865289,0.0133743497138825,0.0235015896840485,-0.0166684986297411,0.0021311273848189,0.03856187400112,-0.0570542704528744,27.0,0.3417829422823762,0.1627920298768325,0.7272259425011983,0.5725679527595281,27.0,26.0,1.0,4.523629163493226,0.5512525465271891,0.1739857370574317,0.1431138681662685,0.3877687258362081,0.4706342566654565,2.941668186757004,3.0,3.0,0.0,0.0318450236380673,0.0288985451792312,0.0106150078793557,0.0129818086281151,0.0237015972127453,0.0263000711959883,0.3139815879679501
sciver_test_704,1,24,16,40,2000,0.4754609189048845,40.0,29.0,0.725,4.15,9.0,0.0,4.0,0.2972972972972973,0.34375,3.0,0.3333333333333333,0.0,2.0,0.05,0.0,0.0,0.0,0.0,2.0,0.05,0.0,0.0,3.0,0.075,4.0,0.1,0.2139454122618361,0.1896766521423396,-0.024706124824659,0.028419035055744,-0.0741211526348984,0.0533093884774956,0.0903977274447189,-0.0065186579660795,-0.0276633885477385,0.003211061031958,-0.0665250625942669,0.1312285156502116,0.0184183690464149,0.0197722917032213,-0.0628525591157535,-0.0414411204428715,0.0424283719334884,-0.0168865920407689,0.0208118016656224,0.1477633291770982,0.0713528470483786,-0.1455585888127097,0.1054500299174617,0.0566013551228156,29.0,0.253896477125937,0.1331854691576743,0.6019813607342418,0.4037853136510143,25.0,24.0,1.0,3.508418832035523,0.3852125868901896,0.1461841180014801,0.0944013662142257,0.2410087651698815,0.3178344389843203,2.941835200502244,1.0,1.0,0.0,0.0135455585707134,0.0135455585707134,0.0135455585707134,0.0,0.0135455585707134,0.0135455585707134,-0.0
sciver_test_706,1,24,16,40,2000,0.0128892296461402,22.0,21.0,0.9545454545454546,5.636363636363637,3.0,0.0,0.0,0.0606060606060606,0.0,0.0,0.0,0.0,1.0,0.0454545454545454,0.0,0.0,0.0,0.0,1.0,0.0454545454545454,0.0,0.0,0.0,0.0,1.0,0.0454545454545454,0.2347327367645744,0.0600873601030361,0.0408592448558021,-0.0104235241820729,-0.0415351467873493,-0.1771052440299285,-0.0756449779253933,0.3011740687831602,0.1004340909578384,-0.1269572176361475,0.006425146596568,0.0299986410378945,0.0687203873223545,0.10051774642688,-0.0703334811050678,0.0405769691361066,-0.0839561440347135,0.0619266800774959,0.1024606589081204,-0.1231958192632822,-0.0817646717352984,-0.088296080425296,-0.092497381083547,-0.0759506904678859,21.0,0.3525957874225319,0.1751929810420628,0.7858230008187591,0.6102070866927901,21.0,20.0,1.0,3.9768656221349223,0.4800476897111629,0.1988432811067461,0.1453445420366861,0.4169609361182916,0.4443298437158836,2.7340592577815053,0.0,0.0,0.0,0.0,0.0,0.0,0.0,0.0,0.0,0.0
sciver_test_708,1,24,16,40,2000,0.3041435702008163,29.0,25.0,0.8620689655172413,4.827586206896552,2.0,1.0,3.0,0.2058823529411764,0.1967213114754098,1.0,0.2,0.0,0.0,0.0,0.0,0.0,0.0,0.0,0.0,0.0,0.0,0.0,0.0,0.0,0.0,0.0,0.160204878787236,-0.012575740957375,-0.1034105636048081,0.0738769848179193,-0.0698464429654363,-0.0375139390088491,-0.0570230381747417,0.0085765054970616,-0.0455069534588766,-0.006812411525159,0.0176272821919344,-0.0606641597926343,-0.0223096683142538,-0.0154585608796389,0.0358877369006552,0.0018850924933338,-0.0907246267771367,-0.0194537568060726,-0.0272476764833536,-0.0035584642046274,0.0194633756499894,0.0556819044502579,-0.0385238355929427,0.0286665896088449,25.0,0.33405835242671,0.122620586168462,0.6722654494474626,0.5000584555156878,25.0,24.0,1.0,4.7439559293388704,0.3957726950023114,0.1976648303891196,0.0938448061541879,0.3101669239511384,0.3818601957851275,3.056477790469025,2.0,2.0,0.0,0.0688563897054344,0.0621506482931762,0.0344281948527172,0.027722453440459,0.0566061576050844,0.0593784029491303,0.3193041780546886
sciver_test_709,1,24,16,40,2000,0.0062117037436961,28.0,26.0,0.9285714285714286,4.25,5.0,0.0,1.0,0.0263157894736842,0.0,0.0,0.0,0.0,1.0,0.0357142857142857,0.0,0.0,0.0,0.0,1.0,0.0357142857142857,0.0,0.0,1.0,0.0357142857142857,0.0,0.0,0.2012112044486961,-0.1171344367968906,0.0863334988575669,-0.0026915937773709,-0.0658141702265352,0.0976417995683436,-0.0108478813151274,-0.0120289834518466,0.0344494167177964,-0.0334266459618452,-0.0180001924841046,0.0008443619695595,0.0021570921397319,-0.0118514610547777,-0.0367325713809074,0.0270439501613524,0.1149547366505235,-0.0282281771098449,-0.0721937642146239,0.0310956596868656,0.0151947892319718,-0.0546390310352105,-0.02589873056352,0.0190958121728762,26.0,0.3232965589008866,0.1706807254865674,0.8000489787803516,0.5500312131097155,23.0,22.0,1.0,4.383333614145796,0.5339018933036208,0.199242437006627,0.1438950377893058,0.3625131213056045,0.4774311308469064,2.8183691769611,3.0,3.0,0.0,0.0268679475449731,0.0120642252632296,0.008955982514991,0.0024075991077965,0.0113724946626666,0.0117183599629481,1.0625327017815696
sciver_test_710,1,24,16,40,2000,0.0,25.0,23.0,0.92,4.6,3.0,0.0,0.0,0.0,0.0,0.0,0.0,0.0,0.0,0.0,1.0,0.04,0.0,0.0,1.0,0.04,0.0,0.0,0.0,0.0,0.0,0.0,0.1486007098757782,0.0033635369742939,-0.0159263134256864,0.0213973606265678,-0.0201431857830237,0.0734460813690506,-0.036018495473457,-0.0264263678179008,0.0027181232004051,0.0303718219430028,-0.0069976073457534,-0.0367130261612379,0.0182094659153243,0.001611381116198,0.0045117247935843,0.0055891181758691,-0.031477208147987,0.0151196523596665,0.0030992098582555,-0.0155412263368163,0.0405134129969116,0.1226873441843781,0.0211119668495656,0.047748613271674,23.0,0.2556756055188092,0.0849208050263482,0.4654530735933799,0.3559043766197891,22.0,21.0,1.0,2.9083793139636303,0.2601381804315786,0.1384942530458871,0.0706787421316815,0.2383173725415886,0.2458343425420192,2.9062807418997805,2.0,2.0,0.0,0.014959165263585,0.0116545775065507,0.0074795826317925,0.0041749948747582,0.0108195785315991,0.0112370780190749,0.5280538157093766
sciver_test_713,1,24,16,40,2000,0.1209284159519634,35.0,25.0,0.7142857142857143,4.628571428571429,6.0,0.0,5.0,0.2127659574468085,0.1707317073170731,2.0,0.3333333333333333,0.0,0.0,0.0,0.0,0.0,0.0,0.0,2.0,0.0571428571428571,0.0,0.0,0.0,0.0,0.0,0.0,0.1546950671002564,0.0417268928273476,0.0620867076178006,-0.0152774848728715,0.1750301073188598,-0.0884155093237962,0.084998111468489,0.0074846334578162,-0.2308732561576196,0.01631415032893,0.0120401267689056,0.0701010409011769,0.1774773204620433,-0.052304494447965,-0.2266533578112602,0.1205778024955883,0.301330619235399,0.0946096998750387,-0.061272949919306,-0.0336786476577946,-0.0136295502938281,0.1809609783523196,-0.1537871531926631,-0.0182307328760784,25.0,0.331531388341056,0.1828661876878049,0.7992432703731924,0.5593207759133855,22.0,21.0,1.0,3.9337412829301335,0.3963937241194162,0.1873210134728635,0.128384467300904,0.3402545475348766,0.3511427077191778,2.769581543753228,1.0,1.0,0.0,0.0031283132933833,0.0031283132933833,0.0031283132933833,0.0,0.0031283132933833,0.0031283132933833,-0.0
sciver_test_714,1,24,16,40,2000,0.0409056979717,35.0,28.0,0.8,4.228571428571429,6.0,0.0,2.0,0.054054054054054,0.064516129032258,1.0,0.1428571428571428,0.0,2.0,0.0571428571428571,0.0,0.0,0.0,0.0,1.0,0.0285714285714285,0.0,0.0,0.0,0.0,0.0,0.0,0.3244416325421541,0.2948929327135339,-0.0715123425911756,-0.0364117883883773,-0.031243878924658,0.008919674265318,0.1561650398748955,0.0264606073608784,0.0709970159223038,-0.1551078098711064,0.0715671033340142,0.0334568553570206,0.1720789737789527,-0.041292230543494,0.0089463853833284,-0.1301118780883501,-0.045665768220724,0.0423189954188704,-0.1622006583787252,0.1080362720659526,-0.0869036886779265,-0.0825368103511646,-0.0196684712581267,0.0032528773848713,28.0,0.3963927497787637,0.1320373206657183,0.6858669996947954,0.5586969657297848,27.0,26.0,1.0,5.222181509133917,0.3755100065898845,0.2008531349666891,0.088412193995416,0.3058108094016339,0.3239253891792151,3.1478330464604816,3.0,3.0,0.0,0.0834777939414458,0.040672814217,0.0278259313138152,0.0102195376057619,0.0379655121474516,0.0393191631822258,1.029618488474228
sciver_test_716,1,24,16,40,2000,0.264709171123264,24.0,22.0,0.9166666666666666,4.458333333333333,3.0,0.0,2.0,0.1555555555555555,0.131578947368421,0.0,0.0,0.0,1.0,0.0416666666666666,1.0,0.0416666666666666,0.0,0.0,2.0,0.0833333333333333,0.0,0.0,0.0,0.0,0.0,0.0,0.2278170364685083,0.2887590578518409,0.0156009948618522,-0.0230210399804046,0.0199539802665589,-0.0227318615077224,0.1004734679880051,-0.039518192027141,0.0100339257054624,0.0132993121794298,-0.0012160357613931,-0.0401145526611816,0.0154318712625455,0.0642789415989071,0.081363469550626,-0.0206846385773781,0.0443028232854082,0.0291706357708137,0.0061446300020373,-0.0656587205691332,-0.0321349535561263,-0.0234579686875146,0.0405785896385429,0.060179572527405,22.0,0.3550768301276945,0.125758287011374,0.6471587061456816,0.5201657333817082,22.0,21.0,1.0,4.302519756429054,0.4073725729242443,0.2048818931632882,0.0892519131351307,0.3311000414888775,0.3511427077191778,2.946269079263089,2.0,2.0,0.0,0.032261396144968,0.0165434963933875,0.016130698072484,0.0004127983209034,0.0164609367292068,0.0165022165612971,0.6928196989352592
sciver_test_717,1,24,16,40,2000,0.1233240103392893,34.0,28.0,0.8235294117647058,3.941176470588235,6.0,0.0,1.0,0.1262135922330097,0.0898876404494382,2.0,0.1176470588235294,0.0,1.0,0.0294117647058823,0.0,0.0,0.0,0.0,0.0,0.0,0.0,0.0,0.0,0.0,0.0,0.0,0.1616841231202144,-0.0465345267650442,-0.0585997985847902,0.0522706875333895,0.0484152943359092,-0.0407246859657254,-0.102556678732544,-0.0771153770125312,-0.0952521387436638,0.0266863731768956,0.0355011528676847,0.0068950859325213,-0.024795857714078,0.0368975716018341,0.0170535835878781,-0.0018779448514666,-0.032936185376999,0.029874648490378,-0.0938866315480445,0.039282552353343,0.036713932376018,0.0132860935620411,-0.0313491722023508,0.0868855076831833,28.0,0.3863483576001102,0.1917020681211738,0.8549811752330303,0.6403312495777284,26.0,25.0,1.0,4.861264386617861,0.557517807924148,0.1944505754647144,0.1495371990281628,0.434345244464771,0.5266907557595283,2.937077521453406,0.0,0.0,0.0,0.0,0.0,0.0,0.0,0.0,0.0,0.0
sciver_test_721,1,24,16,40,2000,0.1974201703344112,26.0,24.0,0.9230769230769232,4.3076923076923075,5.0,0.0,3.0,0.109375,0.109090909090909,0.0,0.0,0.0,0.0,0.0,0.0,0.0,0.0,0.0,0.0,0.0,0.0,0.0,0.0,0.0,0.0,0.0,0.166751374100471,-0.0179624753366494,-0.0405759046944799,0.0764418817893386,0.0027813666110077,0.0022701709666201,0.0356542870266683,-0.0601915715784891,-0.03109069523768,0.0324427231200252,-0.0486803951894064,0.0253335846694269,0.1484681926752618,-0.0542629792554941,0.0765078157156593,-0.0003877210604149,-0.0702400631091571,0.0550542244450178,-0.0571180794992662,-0.0237176958006769,0.0329867299489335,0.017186733905883,0.0111943952916791,0.1129265966667129,24.0,0.3292782612520025,0.1636569203755287,0.770869932074153,0.5662804215947229,20.0,19.0,1.0,4.1169014565909245,0.4626085998431902,0.2166790240311012,0.1133646712814433,0.3680928794296284,0.4424481766175845,2.8068333226496605,1.0,1.0,0.0,0.0103170122394708,0.0103170122394708,0.0103170122394708,0.0,0.0103170122394708,0.0103170122394708,-0.0
sciver_test_722,1,24,16,40,2000,0.3890266857212385,38.0,34.0,0.8947368421052632,4.421052631578948,13.0,0.0,2.0,0.1151079136690647,0.096,5.0,0.238095238095238,0.0,2.0,0.0526315789473684,0.0,0.0,0.0,0.0,0.0,0.0,0.0,0.0,1.0,0.0263157894736842,0.0,0.0,0.1723683133815462,-0.0270613190729402,-0.0544060431915829,0.0044689697717135,0.0231497179144753,0.0728575340451771,0.0070722052339877,0.0005578942807496,0.0083333260200274,-0.01994209621357,0.0687063141224168,0.0943771313944865,0.0705432463358764,-0.0501781598465491,-0.0735880322799804,0.0454595343408423,-0.0251123185693916,-0.0539948847167562,0.0244701832457666,-0.0454426230629909,0.0740326907539461,0.0362175243604037,0.0431531411672585,0.0601757025129796,34.0,0.3666528439114624,0.1950041762355638,0.9005672687129945,0.6399862784924276,33.0,32.0,1.0,6.3510346819116785,0.5799979082310418,0.1984698338097399,0.1535207715418282,0.4268836296576863,0.4523275877102832,3.1268807461512114,0.0,0.0,0.0,0.0,0.0,0.0,0.0,0.0,0.0,0.0
sciver_test_724,1,24,16,40,2000,0.1391986029093373,40.0,33.0,0.825,4.8,8.0,0.0,1.0,0.0365853658536585,0.0149253731343283,0.0,0.0,0.0,0.0,0.0,1.0,0.025,0.0,0.0,0.0,0.0,0.0,0.0,1.0,0.025,0.0,0.0,0.1484365941119937,-0.051281828243776,-0.0454515297001247,-0.032211139487774,0.1105472683287023,0.0523685631116859,-0.0228225435066219,0.0668704834479434,-0.0334639901996503,4.475916302120567e-05,-0.077614365224971,-0.0255746195247753,0.0507890058759215,-0.0106736627229705,0.0968217811117657,0.0197119299260474,-0.0732363916002061,0.0303581759191576,-0.1099088912704701,0.0709917003249234,0.0347134454687183,0.0639049034208258,-0.0211919598765636,0.034561597450268,33.0,0.3267472005876521,0.1603930892097663,0.7436570233298299,0.535422418393223,29.0,28.0,1.0,5.1730584648888795,0.4986383105079672,0.1847520880317457,0.1064905285805597,0.2912459021543969,0.346437674622735,3.1659281706728137,1.0,1.0,0.0,0.007549884431502,0.007549884431502,0.007549884431502,0.0,0.007549884431502,0.007549884431502,-0.0
sciver_test_726,1,24,16,40,2000,0.0082058267491342,21.0,18.0,0.8571428571428571,5.0476190476190474,5.0,2.0,2.0,0.027027027027027,0.0,0.0,0.0,0.0,2.0,0.0952380952380952,0.0,0.0,0.0,0.0,0.0,0.0,0.0,0.0,0.0,0.0,0.0,0.0,0.1200682919317705,0.1890385957312187,-0.0645549948121657,-0.0935458000109067,0.0028004822901408,0.0088196090892482,0.1151246190173085,-0.023621799402665,0.0756543747013532,-0.0245732428734949,-0.0136731885000852,0.0210053247491582,-0.1349521143890771,-0.1711236620337254,-0.1114434454299561,-0.1597496874296109,0.0453958689189823,-0.0846672884076276,0.0724786730446763,0.0786249199689692,0.0056904465347322,-0.0023400905398164,-0.0642887723388084,0.0863269601025094,18.0,0.3644765225575341,0.1246374680727898,0.6559342709724795,0.5242178754693885,18.0,17.0,1.0,3.708677669848257,0.4388811485955856,0.2181575099910739,0.1008122962378069,0.3398380992169091,0.38031425872167,2.7061575969530285,2.0,2.0,0.0,0.009131521556143,0.0048136415423378,0.0045657607780715,0.0002478807642662,0.0047640653894845,0.0047888534659111,0.6916726869300649
sciver_test_728,1,24,16,40,2000,0.0,26.0,25.0,0.9615384615384616,5.615384615384615,4.0,0.0,2.0,0.0689655172413793,0.08,0.0,0.0,0.0,0.0,0.0,0.0,0.0,0.0,0.0,2.0,0.0769230769230769,0.0,0.0,0.0,0.0,0.0,0.0,0.1973157624064392,0.0379115393008359,-0.0165560557163375,0.0721295096176608,-0.0472400529289435,-0.0029705855191621,0.0066008175732789,0.1381957454652235,-0.0777327852024587,0.0550150054696139,0.0744687408962011,0.0755083753094397,0.1031258818568845,-0.0290248489513675,-0.0291991468656158,0.0945764788199565,-0.0276493413975435,-0.074393377007464,-0.0427986727013818,0.0041365341074944,0.0282882786522673,0.0286413253089781,0.087327103807382,-0.0233071060414494,25.0,0.3235455354426689,0.1426811778291726,0.679263774808765,0.5359958795395104,25.0,24.0,1.0,4.36083709797157,0.4517080228341474,0.1817015457488154,0.1209317750701867,0.3438262071392582,0.4322690704294759,2.947124901715694,0.0,0.0,0.0,0.0,0.0,0.0,0.0,0.0,0.0,0.0
sciver_test_730,1,24,16,40,2000,0.0797793597590052,30.0,27.0,0.9,5.133333333333334,3.0,0.0,0.0,0.0666666666666666,0.0377358490566037,0.0,0.0,0.0,1.0,0.0333333333333333,0.0,0.0,0.0,0.0,1.0,0.0333333333333333,0.0,0.0,0.0,0.0,2.0,0.0666666666666666,0.2641176672549015,0.2939547312184277,-0.0590670823515323,0.1173709538006118,-0.0479552314394136,-0.0293056611886322,0.1214204200109584,0.1171348189593836,0.0240260714843315,0.0424616895151511,0.0190063015681216,0.0072245596760605,-0.1043203735354944,0.0219227426643887,0.0435546804446205,0.0561196601160343,-0.0612846159585191,0.0785487427816664,0.1049186460479105,0.0512472856898701,-0.0765927167980197,-0.1448479276295497,-0.0758213553758911,0.0319973289592923,27.0,0.4034279361817262,0.1616205710405156,0.8201535615369848,0.6202968996707927,26.0,25.0,1.0,5.699506764462174,0.5609453143169668,0.2279802705784869,0.1375183404853807,0.4384853202745025,0.5134823999668616,3.0447150793175046,2.0,2.0,0.0,0.0138391143672489,0.0082425220172742,0.0069195571836244,0.0013229648336497,0.0079779290505442,0.0081102255339092,0.6747569534805771
sciver_test_732,1,24,16,40,2000,0.0077798520385676,19.0,17.0,0.8947368421052632,4.315789473684211,1.0,0.0,0.0,0.0357142857142857,0.0,0.0,0.0,0.0,0.0,0.0,0.0,0.0,0.0,0.0,0.0,0.0,0.0,0.0,1.0,0.0526315789473684,0.0,0.0,0.1806921057994082,0.0197252400129828,-0.0499990073980324,0.0987400318651103,0.0027956150928969,-0.0618872427107044,-0.0104056336238484,0.1165500902810124,0.0676108164306959,0.0526171444518938,-0.0241398264071593,0.0164170779435289,-0.004524567161889,-0.1320778159901988,0.0253654966687428,0.0320147388294342,-0.1016135134728273,0.0181432897129729,0.0101071562910825,0.032498760425845,0.0139405847694053,0.0403722157832374,-0.0380517456175353,0.0655718632617219,17.0,0.311558372387606,0.1185423194359065,0.5491258226069903,0.4625275389077206,16.0,15.0,1.0,3.17347593362285,0.3944979160421967,0.2115650622415233,0.1016854853399482,0.3347585760690563,0.3659509378411198,2.5735073011556557,0.0,0.0,0.0,0.0,0.0,0.0,0.0,0.0,0.0,0.0
sciver_test_733,1,24,16,40,2000,0.4615686817781853,25.0,21.0,0.84,4.44,4.0,0.0,3.0,0.1621621621621621,0.1379310344827586,0.0,0.0,0.0,0.0,0.0,0.0,0.0,0.0,0.0,1.0,0.04,0.0,0.0,0.0,0.0,1.0,0.04,0.2676417759835487,-0.0446027636951988,-0.109740604254087,0.1658154733095056,-0.1279666308828222,0.0111305895190168,-0.0212686386933976,-0.0799165202673065,-0.065785971258478,0.1392105755403301,-0.1144064683665766,-0.0169447148051938,-0.0335325630422876,0.0490909872331137,-0.0983313830880693,0.0015026313736049,0.0199639990380797,0.0004470406311007,0.0647303295760217,-0.0463479575177302,-0.0902884620480213,-0.1086897956964714,0.0431405012886099,-0.0337629797951023,21.0,0.4041399304626026,0.2113736470860578,0.8991428103676292,0.6691981835602895,19.0,18.0,1.0,4.479731368211783,0.5609453143169668,0.2488739649006546,0.1753326235207225,0.515416648975012,0.5233553881875861,2.609679367438744,1.0,1.0,0.0,0.0084075304029912,0.0084075304029912,0.0084075304029912,0.0,0.0084075304029912,0.0084075304029912,-0.0
sciver_test_734,1,24,16,40,2000,0.2164524931090975,31.0,28.0,0.9032258064516128,4.354838709677419,5.0,2.0,5.0,0.1904761904761904,0.1875,1.0,0.1428571428571428,0.0,0.0,0.0,1.0,0.032258064516129,0.0,0.0,2.0,0.064516129032258,0.0,0.0,0.0,0.0,2.0,0.064516129032258,0.2641885348151311,0.1457035996664462,0.0871029263453393,-0.136433843951322,-0.0184120245057222,-0.1195172661130328,-0.3869823150929109,0.1093283184627409,-0.0960467937519869,-0.0643800921509162,-0.1367594095061804,0.0165623731392119,-0.0390018786637599,0.0386689746129373,-0.1292310902752051,0.049651967483439,-0.04932449649352,0.0916985455200896,0.0038832861501361,-0.0792803691828031,0.0769654928000757,0.0374179399349239,0.1197045982418959,0.0040583978287171,28.0,0.3469382830700493,0.1741873852899734,0.8086286308705306,0.5701247225399136,26.0,25.0,1.0,4.79176134639945,0.458801182151663,0.191670453855978,0.1240331876074678,0.3686303734894424,0.4108247623053091,2.9925207623508716,1.0,1.0,0.0,0.0021399737238918,0.0021399737238918,0.0021399737238918,0.0,0.0021399737238918,0.0021399737238918,-0.0
sciver_test_737,1,24,16,40,2000,0.0087277133215607,23.0,19.0,0.8260869565217391,4.6521739130434785,7.0,3.0,7.0,0.0285714285714285,0.0,0.0,0.0,0.0,1.0,0.0434782608695652,0.0,0.0,0.0,0.0,0.0,0.0,0.0,0.0,0.0,0.0,1.0,0.0434782608695652,0.2320490790081404,0.3088896646315512,-0.0664360386518589,-0.0059266251427791,-0.0306783591538182,0.1573051000808496,0.1012043387652844,0.021980558518612,-0.0133183348435721,-0.1168252056788978,0.0762517024053917,0.0744039773701426,-0.0687337431965434,-0.0708375630131656,0.023216962276996,-0.080814388962135,0.0652097517053048,0.0025367857804302,-0.0142264890339633,-0.0456722345836239,0.1043891748906503,-0.1072859087095634,0.0086153405487024,-0.0926433401408916,19.0,0.3842807716265894,0.1648750237850726,0.7923620469922803,0.6391558545877365,18.0,17.0,1.0,3.698030276173209,0.4334421368382929,0.2175311927160711,0.1113840892724725,0.374110502474583,0.3986100361547678,2.6964265997872965,0.0,0.0,0.0,0.0,0.0,0.0,0.0,0.0,0.0,0.0
sciver_test_739,1,24,16,40,2000,0.3205045737625782,18.0,18.0,1.0,4.444444444444445,4.0,2.0,2.0,0.1764705882352941,0.1724137931034483,1.0,0.2,0.0,0.0,0.0,0.0,0.0,0.0,0.0,0.0,0.0,0.0,0.0,0.0,0.0,1.0,0.0555555555555555,0.2196911266399378,0.2819156722913249,0.1257740579557245,-0.1562261322837092,-0.0289489110461123,0.2969995641102416,-0.2143196280324128,0.0816418448894055,-0.0516171057137123,0.0993125392012107,-0.1199753161923651,0.0077083923932098,0.0104785404734023,-0.0466849440570694,0.2392720626626633,-0.1294980867882376,0.1165241891904383,0.0903526847557658,-0.0433028148706666,-0.0344399964868231,-0.1440850737764111,0.0998445556709259,-0.1385162783563966,0.0868363857718052,18.0,0.2626362405395541,0.1089736894313641,0.4747273887417988,0.402624280691323,15.0,14.0,1.0,2.5738007753405867,0.3094196037750565,0.1838429125243276,0.0865319419961294,0.2835050418568808,0.2995973233307779,2.5006008853888044,2.0,2.0,0.0,0.0039190872476382,0.003809675759255,0.0019595436238191,0.0018501321354359,0.0034396493321678,0.0036246625457114,0.1274272809245993
sciver_test_740,1,24,16,40,2000,0.4114039800684142,28.0,28.0,1.0,4.392857142857143,4.0,0.0,1.0,0.2,0.175,1.0,0.2,0.0,1.0,0.0357142857142857,0.0,0.0,0.0,0.0,0.0,0.0,0.0,0.0,0.0,0.0,0.0,0.0,0.2591271459642468,0.3397617952387416,-0.0253346466019468,-0.1192269163217498,0.0409898117145799,0.0694362816642346,0.0171505673515542,-0.0516765636521306,-0.0197038359384275,-0.0725313729324423,0.0576608450347372,-0.1131516418278559,-0.1530005251154029,0.048952134504463,0.0166949882045019,0.0393985429948335,0.0407975792908019,-0.0571250136813797,-0.0315960250425337,0.036523235249119,-0.0065720414137867,-0.013807432267581,0.0035247597164071,0.0317330883805708,28.0,0.3713860390091507,0.1514869777626596,0.6945782165674288,0.549526289415151,27.0,26.0,1.0,5.271778918898117,0.4815149166287113,0.2027607276499275,0.1304683226454765,0.4028660004216029,0.4396596676830855,3.0398884230336685,1.0,1.0,0.0,0.0098094059172489,0.0098094059172489,0.0098094059172489,0.0,0.0098094059172489,0.0098094059172489,-0.0
sciver_test_741,1,24,16,40,2000,0.0322860769616674,28.0,25.0,0.8928571428571429,4.535714285714286,6.0,0.0,0.0,0.081081081081081,0.09375,1.0,0.1428571428571428,0.0,2.0,0.0714285714285714,0.0,0.0,0.0,0.0,2.0,0.0714285714285714,0.0,0.0,0.0,0.0,0.0,0.0,0.1895619937389073,0.0275474806411059,0.1120740167323225,-0.0059302408701668,0.1028096657475588,-0.0067270067512462,0.1293576769187875,0.1134143201385715,0.0316120026302325,-0.0418831814014699,-0.0849357328390047,0.0440834228682198,-0.0318628822547675,0.0111577790758555,-0.1245125893784394,0.0441278792190777,0.0371467386593678,-0.1482811731540665,0.0797732723971336,-0.0581937588415016,0.0470854482841089,0.1832872678642804,0.0108363719748501,0.167381987513304,25.0,0.3062864035468594,0.1414299946398652,0.6804955960156849,0.4914514520205943,24.0,23.0,1.0,3.8865513185751506,0.3511427077191778,0.168980492111963,0.0996131995194046,0.3050723484993313,0.317731341623345,2.939838671481058,0.0,0.0,0.0,0.0,0.0,0.0,0.0,0.0,0.0,0.0
sciver_test_743,1,24,16,40,2000,0.0846667403760231,33.0,28.0,0.8484848484848485,4.303030303030303,7.0,0.0,0.0,0.2564102564102564,0.2258064516129032,2.0,0.25,0.0,2.0,0.0606060606060606,0.0,0.0,0.0,0.0,2.0,0.0606060606060606,1.0,0.0303030303030303,0.0,0.0,0.0,0.0,0.2132643658034768,-0.0270578821510497,0.1443181267466088,0.0749080703852296,-0.0876223171185478,-0.0314632717478967,-0.0643449657139191,0.1421806932587008,-0.0615689374668361,-0.013211193908391,0.087181911538932,-0.0956283064157875,-0.0606157437193905,-0.019027087375628,0.0112882607129119,0.1602922151220057,-0.056399754454586,-0.0841473284292523,0.0095551301513879,0.0481547360138079,0.0101674987864327,0.0975480119562128,0.0079271422698878,-0.0114525422666418,28.0,0.3665092809775735,0.1415480738051251,0.7229906861635887,0.5467236018389139,26.0,25.0,1.0,5.416511334060104,0.4815149166287113,0.2166604533624041,0.1045139692317113,0.3278817621927827,0.3371431180486129,3.087067153532153,6.0,6.0,0.0,0.0256397626495472,0.0130498105440742,0.0042732937749245,0.0044308930000121,0.0096021520397792,0.0113259812919267,1.2560328409062809
sciver_test_746,1,24,16,40,2000,0.016640021977013,38.0,28.0,0.7368421052631579,4.157894736842105,7.0,6.0,7.0,0.0606060606060606,0.0357142857142857,1.0,0.125,1.0,0.0,0.0,0.0,0.0,0.0,0.0,1.0,0.0263157894736842,1.0,0.0263157894736842,1.0,0.0263157894736842,1.0,0.0263157894736842,0.1857695358470386,-0.0349473503671088,0.0493979341974633,0.0452041406999108,0.1062894972726059,-0.1019528559131617,-0.1070942923258835,-0.0412768990707071,-0.1639643983838236,-0.0127678286459063,0.0494464862777513,-0.0371523907325475,-0.0277655227699351,-0.03622008478406,0.0286547477205707,-0.022890277183114,-0.0437190770919971,-0.0801774351203763,0.0015647962202288,-0.0219516237310232,-0.0415653877335917,-0.021881861283077,0.0846552532362883,-0.0720253357284822,28.0,0.4826237733513044,0.2155528794680254,1.015686535467391,0.767431222276826,28.0,27.0,1.0,5.4870964016523835,0.4648052921064813,0.2032257926537919,0.1198272040854872,0.3655360017631947,0.3715222742527252,3.1049808383230597,1.0,1.0,0.0,0.0339965516407091,0.0339965516407091,0.0339965516407091,0.0,0.0339965516407091,0.0339965516407091,-0.0
sciver_test_747,1,24,16,40,2000,0.0484556490516748,33.0,31.0,0.9393939393939394,5.090909090909091,5.0,4.0,4.0,0.0377358490566037,0.0227272727272727,0.0,0.0,0.0,0.0,0.0,0.0,0.0,1.0,0.0303030303030303,1.0,0.0303030303030303,0.0,0.0,0.0,0.0,1.0,0.0303030303030303,0.2504521025394162,-0.0290829090617471,0.0783969947358956,-0.0370736063957256,0.0121325532841811,-0.0954947694344541,0.0370581095184403,-0.0789898763408768,-0.0244077556089052,0.2178278719155648,-0.1172054902642927,-0.0167261962168674,0.0938553990356663,0.0185331226188914,-0.0037842001507055,0.1054631995591474,-0.051792277847887,-0.073532120022234,-0.069475783526352,-0.0308677615524101,-0.0357996624369976,0.0473678609348688,-0.0241625923069168,-0.062732414135536,31.0,0.3708380937749003,0.1647091510259376,0.8459123426609707,0.6057550760288926,31.0,30.0,1.0,6.151390508583974,0.4589056754291522,0.2050463502861324,0.121327231523976,0.3852793126353285,0.4316135303768095,3.206332135905648,3.0,3.0,0.0,0.0261656941859294,0.0108130171667832,0.0087218980619764,0.0014927320848394,0.0102357970148739,0.0105244070908286,1.084410487892067
sciver_test_749,1,24,16,40,2000,0.1311756505815491,34.0,30.0,0.8823529411764706,4.647058823529412,4.0,1.0,5.0,0.1578947368421052,0.1333333333333333,1.0,0.1111111111111111,0.0,1.0,0.0294117647058823,0.0,0.0,0.0,0.0,1.0,0.0294117647058823,0.0,0.0,0.0,0.0,1.0,0.0294117647058823,0.3012917932524326,0.1741180570077537,-0.0250754229672787,0.1910179456764967,0.0412824331396239,-0.0584152812172604,0.0958199398335203,-0.077122862141271,-0.0572445437674092,0.0480270143925919,-0.0042315439170544,-0.0891778530033923,-0.047444419719703,0.0377537981423658,0.0006031673241721,0.0281034035668503,0.0555788434687249,0.0616919248218755,0.0437111090727323,0.0458113821101955,0.0051721698545675,-0.0347170563384139,0.0714487729835783,-0.1055435658822393,30.0,0.375320317176355,0.1821786781096389,0.8565471926678814,0.620263426437344,27.0,26.0,1.0,5.5072634408661525,0.5039087705441809,0.2118178246486981,0.1272134853538696,0.3845865007478357,0.4436906994661028,3.0756905377742263,1.0,1.0,0.0,0.0141756256069235,0.0141756256069235,0.0141756256069235,0.0,0.0141756256069235,0.0141756256069235,-0.0
sciver_test_750,1,24,16,40,2000,0.0,26.0,22.0,0.8461538461538461,4.384615384615385,6.0,0.0,4.0,0.0,0.0,0.0,0.0,0.0,1.0,0.0384615384615384,1.0,0.0384615384615384,0.0,0.0,0.0,0.0,0.0,0.0,0.0,0.0,0.0,0.0,0.1372262073842408,-0.0547853036413838,-0.0373380081431346,-0.0015663058572699,0.0243610755296623,0.0658692226833502,0.0798801460304618,0.0013160716833837,0.0271459296319089,-0.002983924963198,-0.1311496728342433,0.0172291427732015,-0.0129806835818446,-0.0212137286575703,0.0182933138771146,0.0025253517871755,0.0082575071232612,-0.009962510836006,-0.0530917646400144,-0.081945323116781,-0.0599312995387297,0.0105506548417122,-0.0089178955449257,-0.0931691125626996,22.0,0.3960511564926373,0.1812984319844602,0.8588362764299271,0.6428341787143178,18.0,17.0,1.0,4.460873986549948,0.566574978187193,0.2624043521499969,0.139618085797684,0.4203165640946014,0.4851541646107936,2.68044479788082,1.0,1.0,0.0,0.0115693993722732,0.0115693993722732,0.0115693993722732,0.0,0.0115693993722732,0.0115693993722732,-0.0
sciver_test_752,1,24,16,40,2000,0.0403067284346916,29.0,25.0,0.8620689655172413,4.379310344827586,4.0,0.0,1.0,0.1296296296296296,0.1304347826086956,0.0,0.0,0.0,1.0,0.0344827586206896,0.0,0.0,0.0,0.0,1.0,0.0344827586206896,0.0,0.0,0.0,0.0,0.0,0.0,0.2082823060661605,0.1025962002637949,0.0607084949015539,0.0564215817952941,0.0816403433257276,-0.0401363411349698,0.0123939969078663,-0.0503164981343592,0.0038616751076316,0.0255379028198119,0.0128794779111511,-0.0469713162911461,0.1063077610468962,-0.0809538901922245,-0.077360547075528,-0.0623593579538902,-0.001836558966133,0.0142769241244787,-0.0909124017204638,0.1018611271094505,-0.025937772157116,-0.0818854471293207,-0.0400184052415178,-0.0076754632589405,25.0,0.2841181658880831,0.1207623030332178,0.6075411182312953,0.4626326277923996,22.0,21.0,1.0,3.8067774196557527,0.3912058349879555,0.1812751152217025,0.0909752525526068,0.2753279775434872,0.3630505561964172,2.918751063869763,4.0,4.0,0.0,0.0201165148017817,0.0141654551378745,0.0050291287004454,0.0054064116398665,0.0110790027456124,0.0126222289417435,0.8640825212703067
sciver_test_753,1,24,16,40,2000,0.2431174130755597,21.0,17.0,0.8095238095238095,5.0476190476190474,4.0,0.0,0.0,0.2222222222222222,0.1818181818181818,1.0,0.3333333333333333,0.0,1.0,0.0476190476190476,0.0,0.0,0.0,0.0,0.0,0.0,0.0,0.0,1.0,0.0476190476190476,0.0,0.0,0.1862953444428731,-0.0554880419334581,-0.053208913539024,0.0834512132397878,-0.0124129002169567,-0.0184448794054862,-0.0506379235478449,-0.115017550752191,-0.0881693751210027,0.0077446112779769,-0.0157137101296173,0.035329442881908,0.0778581690667065,-0.0364336589697419,0.015699089619316,0.0010341340041361,-0.057123567911467,-0.042657942038722,-0.1425564358653834,-0.0203685512929959,0.0206762990330854,-0.06142892730989,-0.036052262901181,0.0047729790022366,17.0,0.3978734251455154,0.1504652596440483,0.7524104151396912,0.5894986439776846,16.0,15.0,1.0,4.032611093548695,0.4696233405647689,0.268840739569913,0.1114164159185187,0.4483478716009451,0.455272783075615,2.621674932189543,0.0,0.0,0.0,0.0,0.0,0.0,0.0,0.0,0.0,0.0
sciver_test_755,1,24,16,40,2000,0.0425217058503511,31.0,27.0,0.8709677419354839,5.870967741935484,0.0,0.0,2.0,0.09375,0.0350877192982456,0.0,0.0,0.0,0.0,0.0,0.0,0.0,0.0,0.0,1.0,0.032258064516129,0.0,0.0,0.0,0.0,0.0,0.0,0.2621552445012823,0.0234810520473512,-0.1992853885103511,0.189638509498689,-0.1963784382527598,-0.0287128188446121,0.0135159341345711,-0.01485708981798,-0.0097878512152451,0.0994327241960559,-0.035040559866295,-0.1267257020928584,0.0039213384889325,0.0513548392500957,0.0204892297210652,0.0608970208909015,0.0193203491078617,-0.0114008452309656,0.0218557790682718,0.0662416726930643,0.0057411976646055,0.0886298959485098,-0.0365362552450275,-0.0332309906624882,27.0,0.4240540161016555,0.1459808826947977,0.7885428431623214,0.6117554644201721,27.0,26.0,1.0,6.036288084813672,0.4699639925068523,0.2321649263389874,0.1060973309259949,0.3465446707587131,0.4271633064462873,3.1461433376120835,2.0,2.0,0.0,0.0592139106969019,0.0488838468430086,0.0296069553484509,0.0192768914945576,0.045028468544097,0.0469561576935528,0.4628777376102414
sciver_test_757,1,24,16,40,2000,0.2054238613322231,22.0,18.0,0.8181818181818182,5.136363636363637,3.0,0.0,0.0,0.1521739130434782,0.1538461538461538,0.0,0.0,0.0,1.0,0.0454545454545454,0.0,0.0,0.0,0.0,1.0,0.0454545454545454,0.0,0.0,0.0,0.0,0.0,0.0,0.1252136623785727,0.077116081793449,0.01108453830515,0.0596249051284345,0.0182351844880604,-0.02201967148792,0.0575208086989771,0.0186835366657787,0.0499937182405727,0.0081285112041267,-0.0158939070936141,0.0290802654946577,0.0421493854725675,-0.0223291729813448,-0.0129607102265427,-0.0022286598739278,-0.0188133432652748,-0.0189584287583042,-0.0157169672583778,0.0908550854514358,0.0547209106476287,-0.0649119060965724,-0.0165865268223322,0.0304403396508696,18.0,0.2884855056978177,0.1412191224288304,0.7148871193516572,0.5020163215174025,17.0,16.0,1.0,3.0273647051809887,0.4979472264701263,0.1892102940738118,0.1225076955238743,0.3269887416575962,0.4009830479104957,2.557873531991314,1.0,1.0,0.0,0.0023625901228177,0.0023625901228177,0.0023625901228177,0.0,0.0023625901228177,0.0023625901228177,-0.0
sciver_test_758,1,24,16,40,2000,0.0410587181972691,19.0,17.0,0.8947368421052632,5.421052631578948,3.0,1.0,2.0,0.081081081081081,0.0333333333333333,0.0,0.0,0.0,0.0,0.0,0.0,0.0,0.0,0.0,0.0,0.0,0.0,0.0,0.0,0.0,0.0,0.0,0.132546302616368,0.0239751008209386,-0.0650488307661625,-0.0156609532135428,-0.0748256133636928,-0.1012043682953165,-0.0156942515935718,0.0300555872552976,0.0902276553160954,-0.0483859156329632,0.083201714651369,-0.1485501176102399,0.0982813549577242,-0.0234819143897717,0.0626760260585252,-0.0292742080903914,-0.0381408544209007,0.0535757158993407,-0.0627920240724592,0.018290793364495,-0.0180429893601227,0.0779768829028507,0.0840206264986842,0.0343136782012051,17.0,0.3952270244349455,0.1090705031479844,0.6561502894654215,0.5297446614268487,17.0,16.0,1.0,4.219733756645587,0.4101696776595985,0.2637333597903492,0.1047925530562671,0.3872673578087616,0.4098936536720169,2.681574452550476,0.0,0.0,0.0,0.0,0.0,0.0,0.0,0.0,0.0,0.0
sciver_test_759,1,24,16,40,2000,0.0,30.0,24.0,0.8,4.366666666666666,5.0,0.0,0.0,0.0277777777777777,0.0333333333333333,0.0,0.0,0.0,1.0,0.0333333333333333,0.0,0.0,0.0,0.0,0.0,0.0,0.0,0.0,0.0,0.0,0.0,0.0,0.2167650717807981,0.067616706278951,-0.1142133899469128,0.1188310476628694,-0.0601517666320939,-0.0279032510594529,0.0785259865049443,-0.1572917414162702,0.0609086578737798,0.1440813010602054,-0.0809291564070823,-0.03339395176059,-0.0614907716652183,0.010630692706952,-0.0253230728043451,-0.1019746645081713,0.0589691849142973,-0.0139935024513904,0.1102965331971656,-0.0359953317134758,-0.0009937036402446,0.0445725477524137,-0.1248258032398941,-0.0427778407431014,24.0,0.3622327904358679,0.1499436933670097,0.7766883336597086,0.5708573835219164,24.0,23.0,1.0,4.857516880455752,0.4691349730303308,0.2111963861067718,0.117427498380558,0.3502370514541625,0.3826512219901369,2.947479241373393,0.0,0.0,0.0,0.0,0.0,0.0,0.0,0.0,0.0,0.0
sciver_test_760,1,24,16,40,2000,0.3046809904468199,28.0,21.0,0.75,4.678571428571429,3.0,2.0,2.0,0.1451612903225806,0.1176470588235294,0.0,0.0,0.0,0.0,0.0,0.0,0.0,0.0,0.0,2.0,0.0714285714285714,1.0,0.0357142857142857,0.0,0.0,3.0,0.1071428571428571,0.2134546943913885,0.0623009655306909,0.0965278512302702,-0.0096896071879704,-0.150917422968663,-0.0304572876281344,-0.1837615871730423,0.0190014163355313,-0.0148287602552405,0.026386735764008,-0.017289034309291,0.0941276891074476,0.0414010564288316,-0.1246017716042802,-0.1171820955614013,0.0773767792887937,-0.0180260506367067,-0.0446698532347232,0.0317142943365738,-0.0525094740970503,0.0691613683341121,-0.0097438884747162,-0.0157820300409683,-0.0594948752150316,21.0,0.4112203887056023,0.2040196155200033,0.9008841163771504,0.7009668352846292,21.0,20.0,1.0,4.850579436301203,0.5774850854438291,0.2425289718150601,0.1714892843637388,0.5367849629701638,0.5528389527279595,2.743315551896342,1.0,1.0,0.0,0.0747606637462148,0.0747606637462148,0.0747606637462148,0.0,0.0747606637462148,0.0747606637462148,-0.0
sciver_test_762,1,24,16,40,2000,0.1054460923951887,37.0,28.0,0.7567567567567568,4.27027027027027,6.0,0.0,0.0,0.1428571428571428,0.125,0.0,0.0,0.0,0.0,0.0,1.0,0.027027027027027,0.0,0.0,1.0,0.027027027027027,1.0,0.027027027027027,0.0,0.0,0.0,0.0,0.1839723607294835,-0.0183324956665669,0.1131552867702585,0.1095951247502096,0.0540258162038804,-0.1090772734702782,-0.0309639450703968,-0.0580562760010258,-0.0233408832015481,0.0454117575889201,0.0159889878562452,0.0143416917737727,-0.0045683158250933,-0.0448795951334319,0.017151974525642,-0.0147633071383095,-0.0212496576878504,0.0169070256764656,-0.0034567600311341,-0.0039031686173381,-0.1185758884467569,-0.0320877367120579,0.054563521756753,0.0059627509426268,28.0,0.3859477786411059,0.1609420503614246,0.7550383081861393,0.5804409062623979,27.0,25.0,2.0,4.838754368834443,0.468774489777059,0.1935501747533777,0.1344881975758313,0.3684032938381945,0.4463432336397823,2.9688316129355745,3.0,3.0,0.0,0.0304745973344247,0.0204568497281351,0.0101581991114749,0.0081645428185249,0.0182715329462909,0.019364191337213,0.697227022682511
sciver_test_764,1,24,16,40,2000,0.0686028678278197,37.0,31.0,0.8378378378378378,4.837837837837838,6.0,0.0,1.0,0.0869565217391304,0.0181818181818181,0.0,0.0,0.0,1.0,0.027027027027027,0.0,0.0,0.0,0.0,3.0,0.081081081081081,1.0,0.027027027027027,1.0,0.027027027027027,0.0,0.0,0.2561144068395685,-0.0895512754344151,0.1675252919104942,0.1064534198161118,-0.1397055891302275,-0.0114462022620989,0.0583663480793435,0.0870001189999089,-0.014796231832388,-0.0399938795603668,0.0158202962503958,-0.0415546143210099,-0.0704559326371121,0.0453429692375508,-0.0066738937520827,0.0625380109005489,-0.0155099289174815,-0.1387035358458275,0.0230992123720553,-0.0333995965828866,0.0014322767327161,0.1273497099243773,0.0426669729384767,0.0017637386865276,31.0,0.4071430978695243,0.1634529004973402,0.8157584317135296,0.6099088616922625,28.0,27.0,1.0,6.039740037413267,0.4632617466896754,0.2236940754597506,0.1280971302488536,0.3863951026461677,0.4411040025508819,3.1102584066986925,1.0,1.0,0.0,0.0036478551639945,0.0036478551639945,0.0036478551639945,0.0,0.0036478551639945,0.0036478551639945,-0.0
sciver_test_766,1,24,16,40,2000,0.2297599601464598,21.0,19.0,0.9047619047619048,4.904761904761905,4.0,0.0,0.0,0.1904761904761904,0.1142857142857142,0.0,0.0,0.0,1.0,0.0476190476190476,0.0,0.0,0.0,0.0,0.0,0.0,0.0,0.0,0.0,0.0,0.0,0.0,0.1671893519422838,0.1680347136871595,-0.0046755916418756,-0.0449029803339228,0.0461010940194835,-0.022686731066135,0.0743229275064421,0.088137620519193,0.0277453154619272,0.0265103945151894,0.0137735890707602,-0.1077789029566545,-0.0442022268000359,-0.061237325334345,0.0612210545093627,0.0257218223454316,0.0151239458746084,0.0130252699518469,-0.0273614122939614,-0.0136612499826503,-0.0417932866167603,-0.0099033923532966,0.0905856108863479,-0.0247527903953204,19.0,0.4117280260146924,0.1401594426894885,0.7302820588038069,0.5645969536932932,18.0,17.0,1.0,4.255697982537254,0.4381184455809596,0.2503351754433678,0.1238871183726071,0.4037286312924337,0.4282147840523962,2.690152756859124,2.0,2.0,0.0,0.0421621724727331,0.0392560570394823,0.0210810862363665,0.0181749708031157,0.0356210628788591,0.0374385599591707,0.2508547525311103
sciver_test_768,1,24,16,40,2000,0.1176260355006537,25.0,23.0,0.92,4.36,3.0,0.0,0.0,0.0898876404494382,0.0384615384615384,0.0,0.0,0.0,0.0,0.0,0.0,0.0,0.0,0.0,1.0,0.04,0.0,0.0,0.0,0.0,0.0,0.0,0.2368443149768156,0.2025033977181206,-0.0082162120321991,0.130252798066877,0.0267571085461665,-0.0750673438128039,-0.033640673982649,-0.0080023739115276,-0.0155848292982726,-0.0600284075159092,0.0348503013466426,-0.0258600050637402,-0.0876093453265855,-0.0635684006455909,0.020580066775646,-0.090927536893039,0.0305570589232412,-0.0136734367799977,0.0515628951265019,0.0542096768266179,-0.0595579705883784,-0.1081660140798087,-0.0241475090405875,0.0087100774855431,23.0,0.3723407962369742,0.126436263987151,0.6638569458507384,0.5275519176647778,23.0,22.0,1.0,4.990122392593339,0.4623431208086406,0.226823745117879,0.1043110432973685,0.3248506398483826,0.3946778267311328,2.9756834175654183,1.0,1.0,0.0,0.0105810372685555,0.0105810372685555,0.0105810372685555,0.0,0.0105810372685555,0.0105810372685555,-0.0
sciver_test_770,1,24,16,40,2000,0.1627019126877416,21.0,19.0,0.9047619047619048,4.571428571428571,5.0,0.0,1.0,0.0980392156862745,0.0952380952380952,1.0,0.1428571428571428,0.0,1.0,0.0476190476190476,0.0,0.0,0.0,0.0,2.0,0.0952380952380952,0.0,0.0,0.0,0.0,0.0,0.0,0.1838477233014026,0.002207624661785,0.2366184616942804,-0.0370207018972951,-0.1061294012053943,0.0019591104834851,-0.0280722311775718,0.1039777934828515,0.0407519161678499,0.0379732591050473,0.1038885097075771,-0.1210592855138008,0.0123385547803952,0.0751397427964596,-0.0418662073999141,0.0225947062867457,-0.04022113917677,-0.1134012542952838,0.0007933682867874,0.0255812866841313,-0.0002974433447971,0.058747081417663,-0.0327619115730575,0.0169719206714905,19.0,0.3146776892095287,0.1535626695110844,0.6921188283003609,0.5330194964581939,19.0,18.0,1.0,3.272758408943436,0.4078118546714811,0.1818199116079686,0.1225631487758163,0.3557677545559559,0.3640864817661745,2.6554098382353923,1.0,1.0,0.0,0.0004874817873753,0.0004874817873753,0.0004874817873753,0.0,0.0004874817873753,0.0004874817873753,-0.0
sciver_test_772,1,24,16,40,2000,0.2046112520128514,25.0,24.0,0.96,3.64,5.0,1.0,3.0,0.125,0.1515151515151515,2.0,0.4,0.0,1.0,0.04,1.0,0.04,0.0,0.0,1.0,0.04,0.0,0.0,0.0,0.0,0.0,0.0,0.2316220594648494,0.2152526827537375,-0.0449998787312282,0.0129831536485726,0.0955751945819656,0.0136033675753277,0.0885331262426968,-0.0734995565126398,-0.0237897392586135,-0.1324776566209438,-0.1500095084229181,0.0543179063087812,-0.0513135249957505,-0.0184977209498067,-0.07184274777427,-0.095442623327807,-0.1053361418269131,0.0215819632273663,-0.1080686532570051,0.0457752847353812,-0.1714608846426395,-0.0043682668700099,0.0181341522957602,0.0467960434174615,24.0,0.3077956110844619,0.1561942625075209,0.7272259425011983,0.5353995491090267,21.0,19.0,2.0,3.555938579280184,0.460052383567772,0.1871546620673781,0.1035370762650066,0.3097734259977067,0.3355922791744088,2.785502449286132,0.0,0.0,0.0,0.0,0.0,0.0,0.0,0.0,0.0,0.0
sciver_test_774,1,24,16,40,2000,0.0635789245739802,43.0,34.0,0.7906976744186046,4.627906976744186,10.0,4.0,4.0,0.0754716981132075,0.0697674418604651,0.0,0.0,0.0,1.0,0.0232558139534883,0.0,0.0,0.0,0.0,2.0,0.0465116279069767,0.0,0.0,0.0,0.0,1.0,0.0232558139534883,0.3033211729950548,-0.0695270335863725,0.3491311238264433,-0.0225146087795159,-0.202050803387136,0.0691955821270648,-0.0338950106481113,0.028754747486129,-0.0223355419998217,0.089570514511459,0.1020786278829596,0.0232549851716935,-0.0403827543350222,-0.0125058062368568,-0.0043185717556921,0.046082014098303,-0.0532695915647983,0.0358696100357071,0.0363177060399587,0.0576219120237297,0.0228638643216591,0.0863179127007435,0.0009303777358653,-0.0736861693445513,34.0,0.3589456817468933,0.1766548692897382,0.8690859756454243,0.5884171986802577,32.0,31.0,1.0,6.0200092659577695,0.5749753402381423,0.1941938472889603,0.1391403494365796,0.4190508394420918,0.4386527939976548,3.184685244911236,1.0,1.0,0.0,0.0004874817873753,0.0004874817873753,0.0004874817873753,0.0,0.0004874817873753,0.0004874817873753,-0.0
sciver_test_777,1,24,16,40,2000,0.1521293449851648,21.0,15.0,0.7142857142857143,4.190476190476191,2.0,0.0,0.0,0.2,0.1666666666666666,0.0,0.0,0.0,0.0,0.0,0.0,0.0,0.0,0.0,1.0,0.0476190476190476,0.0,0.0,0.0,0.0,2.0,0.0952380952380952,0.1396738818923457,-0.0083094356204463,-0.0128567485385793,0.0446501499539766,-0.0660078572001717,0.025008344194775,0.0271007154283724,0.00405535041405,-0.0176924956026574,-0.0162528598281793,-0.0052101698291412,-0.0024343362861546,0.0407997646387507,0.0279737959922236,-0.0122095000504872,0.0038964317483914,-0.0084527570960235,0.0437892892342296,-0.0303205933979587,-0.0278553907232543,0.0652893180424685,0.0591893070191124,0.0143977541078728,0.0407422705770119,15.0,0.3023896998834853,0.1414739896044914,0.6353721285214328,0.4852863858505339,15.0,14.0,1.0,2.71792646105582,0.4616056149529792,0.19413760436113,0.1149582570009665,0.3614823773398434,0.4130129586724375,2.4728903033699496,1.0,1.0,0.0,2.957054326013786e-06,2.957054326013786e-06,2.957054326013786e-06,0.0,2.957054326013786e-06,2.957054326013786e-06,-0.0
sciver_test_779,1,24,16,40,2000,0.2871791538195772,31.0,28.0,0.9032258064516128,4.0,4.0,3.0,3.0,0.09375,0.08,0.0,0.0,0.0,0.0,0.0,0.0,0.0,0.0,0.0,0.0,0.0,0.0,0.0,1.0,0.032258064516129,0.0,0.0,0.1628329170780084,0.0051131064219936,-0.0536941445853338,-0.0138829518193652,0.0047102587316169,0.0406509430388479,0.0447285081277908,0.0496315689291754,0.0118979478257909,0.018502390451863,-0.0258199243802451,0.0930633226225665,0.0327524098957057,-0.0821416643085759,0.0232815784955224,0.0144721771824676,0.0474126237880657,-0.1060936579291922,-0.027695659476919,-0.00557452977689,-0.0743088518237348,0.0264482849441349,0.0536971481549061,-0.0100025161178442,28.0,0.3368629926329019,0.1829608887166981,0.7884823649102616,0.572078256777972,25.0,24.0,1.0,4.7876303377726686,0.5432870978424812,0.1994845974071945,0.14315454306199,0.4114874843263372,0.4689406968791245,2.9025084128199072,3.0,3.0,0.0,0.0400084791441588,0.0310359988271307,0.0133361597147196,0.0127908466710555,0.0263724342649926,0.0287042165460616,0.62298787287246
sciver_test_781,1,24,16,40,2000,0.1692451029327945,34.0,30.0,0.8823529411764706,4.882352941176471,4.0,2.0,4.0,0.1304347826086956,0.087719298245614,1.0,0.1666666666666666,0.0,0.0,0.0,0.0,0.0,1.0,0.0294117647058823,1.0,0.0294117647058823,1.0,0.0294117647058823,1.0,0.0294117647058823,1.0,0.0294117647058823,0.3011139680762158,0.0041838610202478,0.0545526581552334,0.0666774590015202,-0.1568641379691026,0.0232261636702882,-0.0237883617352303,0.038020382345442,-0.0469119260856278,0.1034542000618466,0.0442547325794742,0.0678283277749887,0.1272615925842197,-0.0187527801877942,-0.003983662565501,-0.0130953299234341,-0.1868196980386984,0.1323004651150897,-0.0187158244382489,0.034813389307924,0.0825018898386486,0.0657033761514418,-0.055725323347164,-0.0002218680936199,30.0,0.3362439261548919,0.1385995351725128,0.6813618675747249,0.5439178832673881,29.0,28.0,1.0,5.641660009232732,0.3966824429455126,0.2014878574725975,0.1025709522339126,0.3222586892657725,0.3522648974929512,3.184013595049804,3.0,3.0,0.0,0.0340025390600842,0.0181741803189536,0.0113341796866947,0.0053334938558599,0.01667281716322,0.0174234987410868,0.9846636991364088
sciver_test_782,1,24,16,40,2000,0.4163242532440457,27.0,25.0,0.925925925925926,5.296296296296297,1.0,0.0,0.0,0.2580645161290322,0.1851851851851851,0.0,0.0,0.0,1.0,0.037037037037037,1.0,0.037037037037037,0.0,0.0,0.0,0.0,0.0,0.0,0.0,0.0,0.0,0.0,0.1936604495720398,0.0133477178778308,-0.1243057174049622,0.0626887562998837,-0.0933358533325237,-0.0197192551825463,-0.0286123966113908,-0.0600925659375342,-0.067090863141409,-0.1211522393748909,-0.0122613293203684,0.041237507251131,0.0226507557050211,0.0014154629242313,0.1027047952096887,-0.0106952051329213,0.0072434835600421,-0.0022043658927504,-0.0554063744578901,-0.0263442479526462,0.0733454280192154,-0.054473971626474,-0.0220890385317816,0.1205321673797919,25.0,0.4005414983474168,0.1579218754020529,0.7362512286006689,0.6008291743354273,25.0,24.0,1.0,5.54482043638098,0.4786279805252433,0.2310341848492074,0.1278238024559661,0.4284274410233098,0.4623279388809778,3.0144811190929897,1.0,1.0,0.0,0.0091800333120921,0.0091800333120921,0.0091800333120921,0.0,0.0091800333120921,0.0091800333120921,-0.0
sciver_test_784,1,24,16,40,2000,0.3978487673549357,35.0,28.0,0.8,3.8285714285714287,6.0,0.0,3.0,0.135593220338983,0.125,0.0,0.0,0.0,3.0,0.0857142857142857,1.0,0.0285714285714285,0.0,0.0,1.0,0.0285714285714285,0.0,0.0,0.0,0.0,1.0,0.0285714285714285,0.2107279943115005,0.0618764811647151,-0.0349737702388051,0.0329157369688612,0.0463999980620143,0.0853786712642402,-0.0217720996362775,-0.0072529045445603,-0.1171128161947971,-0.0512613533813602,0.1176171327693044,0.0693659795741552,-0.0350906129029979,-0.0147953118718323,-0.0574328819174429,0.0310683374448579,-0.0257441982066953,-0.0730434590969797,0.0120027747086957,0.0358208232497134,0.0544357114554271,-0.0538920876105146,0.0045146823617645,-0.0964587829048426,28.0,0.2917847785212222,0.1431273212421255,0.6134503781498996,0.4804819195008182,25.0,24.0,1.0,4.179846640175249,0.4685455910396817,0.1741602766739687,0.118552184876049,0.3421148957397832,0.3565769493392695,2.9419485020697933,0.0,0.0,0.0,0.0,0.0,0.0,0.0,0.0,0.0,0.0
sciver_test_787,1,24,16,40,2000,0.357765362248344,32.0,24.0,0.75,5.0,3.0,0.0,3.0,0.1707317073170731,0.1818181818181818,0.0,0.0,0.0,0.0,0.0,0.0,0.0,0.0,0.0,2.0,0.0625,0.0,0.0,0.0,0.0,0.0,0.0,0.2624246774000802,0.0236364784313806,0.0617729842234758,0.1733868143285096,-0.1360397729044831,-0.06498987780452,0.0865304590999378,-0.0357845254181342,-0.0159531362025101,0.0252543494874183,-0.0166557894657366,-0.0186091163374412,0.0674682662581356,0.0352248792047428,-0.0362016628694196,0.0066558475380626,-0.0588791265105137,0.007933468435442,-0.006205710743995,0.0525098084623641,0.0945229346080797,-0.0382424193563955,-0.0902236064082736,0.0639498008469592,24.0,0.412967787611297,0.1581897597751956,0.770869932074153,0.6183429658735199,24.0,23.0,1.0,5.073752068768117,0.4867701573158789,0.2205979160333964,0.1089502644674511,0.330691390663072,0.4178823422710473,3.01336374558028,0.0,0.0,0.0,0.0,0.0,0.0,0.0,0.0,0.0,0.0
sciver_test_789,1,24,16,40,2000,0.0,19.0,18.0,0.9473684210526316,4.947368421052632,5.0,1.0,5.0,0.0,0.0,0.0,0.0,0.0,1.0,0.0526315789473684,0.0,0.0,0.0,0.0,1.0,0.0526315789473684,0.0,0.0,0.0,0.0,0.0,0.0,0.1844154055692417,-0.0110888394962246,0.0029019184003296,0.0331138996086882,-0.0797234311947186,-0.0842958774109203,-0.137756767910624,0.1421269785029668,0.0328001309167206,0.0201165840363199,-0.0101367077814031,0.0185523385024085,-0.0207253368987259,-0.1223351952258111,-0.0706617081295298,0.0793501398050907,0.0190702072198001,0.048621079891136,0.0397967687478114,0.0078990638775104,-0.0990145822639124,-0.0101377804639791,0.0214221378008958,0.0272942007491675,18.0,0.4195081130679,0.1756824885280725,0.82098926019621,0.6378572436129663,18.0,17.0,1.0,3.9701459444141824,0.4615167930305454,0.233537996730246,0.153276990030542,0.4301586748751782,0.4439387772571675,2.5705862729738436,1.0,1.0,0.0,0.0523118141372098,0.0523118141372098,0.0523118141372098,0.0,0.0523118141372098,0.0523118141372098,-0.0
sciver_test_791,1,24,16,40,2000,0.2515071172028473,23.0,20.0,0.8695652173913043,5.391304347826087,5.0,0.0,0.0,0.1612903225806451,0.1304347826086956,0.0,0.0,0.0,0.0,0.0,0.0,0.0,0.0,0.0,0.0,0.0,0.0,0.0,2.0,0.0869565217391304,0.0,0.0,0.1224472797552063,-0.0371980492213323,0.0674444505565859,0.0160001691583631,-0.0589446864935074,-0.0500854270264163,0.0295335457502941,0.0834236310918348,0.0133861098119547,-0.0447886615303696,0.0459095544327299,-0.0703152438237923,-0.1043624206640491,-0.0980530178249288,0.0060219885473624,0.0076656939317189,0.0176996141721587,0.0069440864118347,-0.0345149006169885,0.0134399648024715,0.0213568799153821,0.0675452614883159,0.020765641913612,0.0397633243839057,20.0,0.3853661012185323,0.1802797204498896,0.8160158200647936,0.6377037147671826,20.0,19.0,1.0,4.165414577275218,0.5372992758533097,0.2192323461723798,0.140535734929893,0.3793899546867249,0.4658537172707558,2.719273229881934,0.0,0.0,0.0,0.0,0.0,0.0,0.0,0.0,0.0,0.0
sciver_test_793,1,24,16,40,2000,0.3276035849115185,23.0,18.0,0.782608695652174,2.5217391304347827,8.0,0.0,3.0,0.1756756756756756,0.1111111111111111,4.0,0.5714285714285714,0.0,0.0,0.0,0.0,0.0,0.0,0.0,0.0,0.0,0.0,0.0,0.0,0.0,0.0,0.0,0.2473072445020156,-0.1767532096194238,0.1735605398586142,-0.0274061123440557,0.024381515259977,0.279552482086261,0.0696924439958041,0.042018675255647,0.0381795304634726,-0.1821049459262478,0.0255090768792029,-0.0718482199006248,-0.0659151669864037,-0.0296298483962633,-0.0761834277724127,0.0423491011940024,-0.0119975758990615,0.0599434505809311,-0.0326628556381514,0.0485689023704813,0.06948394451578,0.0075132877155163,-0.0676874492019007,-0.0430614022525857,18.0,0.1987427437661925,0.1635231820073502,0.5673263692892596,0.4481635745713209,11.0,10.0,1.0,1.8616441985795575,0.4287660764332067,0.1861644198579558,0.134559545889115,0.3549438736405567,0.3918549750368816,2.0185989801429747,0.0,0.0,0.0,0.0,0.0,0.0,0.0,0.0,0.0,0.0
sciver_test_795,1,24,16,40,2000,0.1434524444096724,27.0,23.0,0.8518518518518519,5.074074074074074,4.0,0.0,1.0,0.0925925925925925,0.0681818181818181,0.0,0.0,0.0,0.0,0.0,0.0,0.0,0.0,0.0,3.0,0.1111111111111111,0.0,0.0,0.0,0.0,0.0,0.0,0.2173849156817764,0.1098222979403213,0.0620955264670401,0.0979130141700608,0.0046261569367541,0.0385108765551172,0.013834873798065,0.0322147517718941,-0.0358681978814021,-0.0990150748837043,0.0239639233953819,0.0206719873425109,-0.1114393878787982,-0.0325099859058468,-0.0379783734429967,-0.0514091103665557,0.0326999623732993,-0.0884782881605933,-0.0961671203055479,-0.030270885029385,-0.1257764843851788,-0.0754753366473424,0.0570456898020966,-0.0067974662360007,23.0,0.4415083733187089,0.206915949459586,1.004114885179613,0.7576922523113627,22.0,21.0,1.0,5.553139224433211,0.5301628291249059,0.2644352011634862,0.1444473288823549,0.4909769641381799,0.5148572677592401,2.8912395755958267,1.0,1.0,0.0,0.0168149489254985,0.0168149489254985,0.0168149489254985,0.0,0.0168149489254985,0.0168149489254985,-0.0
sciver_test_798,1,24,16,40,2000,0.6341319910259953,24.0,21.0,0.875,5.583333333333333,3.0,2.0,2.0,0.1358024691358024,0.1388888888888889,0.0,0.0,0.0,0.0,0.0,0.0,0.0,0.0,0.0,0.0,0.0,0.0,0.0,0.0,0.0,0.0,0.0,0.0899718891226298,-0.0114806585711269,-0.0061735531174441,-0.1026508155264522,0.0535427707897849,-0.0845168987161163,-0.0507812607117343,0.0047914565401727,0.0524973706026465,-0.0021812616210082,0.0349086566073753,-0.0569803631841926,0.0176073668959925,0.0415247071348932,0.0531424081986134,-0.0047033294422802,-0.0506820567718992,0.0528571277050177,0.009393206293487,0.0091403697161461,0.007161552690551,0.0664027986250598,0.0084863718915827,-0.0903346944369248,21.0,0.3048611315511147,0.1093550028973272,0.5973964297117123,0.4658587581088758,21.0,20.0,1.0,3.716658320226607,0.4306196635668758,0.1858329160113303,0.0932484328023485,0.2963985745246013,0.3032318388223658,2.869205519462124,0.0,0.0,0.0,0.0,0.0,0.0,0.0,0.0,0.0,0.0
sciver_test_799,1,24,16,40,2000,0.1501022806741544,34.0,27.0,0.7941176470588235,4.529411764705882,6.0,0.0,0.0,0.1020408163265306,0.0952380952380952,0.0,0.0,0.0,0.0,0.0,0.0,0.0,0.0,0.0,2.0,0.0588235294117647,0.0,0.0,0.0,0.0,0.0,0.0,0.1937748824494776,-0.1312723873990215,0.2916534222295791,0.0135330055221852,-0.0906098386779772,-0.0616578817938213,0.1441226725159861,0.0054076168607937,-0.0114222078148985,-0.0499956041548646,0.0230226263659973,0.026746804244069,-0.0560782211006113,-0.0115519395039941,-0.0158463959112613,-0.0112431854365563,0.0557399975225404,-0.0096587310314664,0.0642798063851952,0.0792623020876716,0.0235623006206579,0.0454130231493304,-0.0244891834198724,0.1059804109476243,27.0,0.3065922303662853,0.152983255986828,0.6966090134839565,0.5093540578904282,27.0,26.0,1.0,4.2802792088520665,0.4872550634964747,0.1646261234173871,0.1142484217146729,0.3004252532068104,0.3353506732769247,3.0236762671431423,0.0,0.0,0.0,0.0,0.0,0.0,0.0,0.0,0.0,0.0
sciver_test_800,1,24,16,40,2000,0.1742394531844919,34.0,28.0,0.8235294117647058,4.264705882352941,7.0,0.0,0.0,0.108695652173913,0.0789473684210526,1.0,0.0833333333333333,0.0,2.0,0.0588235294117647,0.0,0.0,0.0,0.0,1.0,0.0294117647058823,0.0,0.0,0.0,0.0,0.0,0.0,0.2967714193049733,0.1833105300721327,0.1809102960937435,-0.0654426641819052,-0.1070813982855915,0.0699643675580277,0.0690405868457373,-0.0264259569628183,0.0078172186013029,0.0562501844571812,-0.0352604105073775,0.0316055971503843,-0.0904962885273556,-0.0479009205210688,0.0300086456314799,0.1105612645934992,0.0828610993223125,-0.0006337345779779,0.0005269658538483,0.0543083573083608,-0.0115545142893655,0.008985215269198,0.0031240874334165,-0.0003271522867881,28.0,0.3541020638420754,0.1621944276645598,0.8329729574790006,0.5846834413733109,27.0,26.0,1.0,4.954518491489605,0.4794103962911321,0.1905584035188309,0.1351371510921443,0.4050674632392058,0.4660060952632959,3.0083219515114883,2.0,2.0,0.0,0.0120608092251336,0.0084129540611391,0.0060304046125668,0.0023825494485722,0.0079364441714246,0.0081746991162818,0.6129303059532318
sciver_test_801,1,24,16,40,2000,0.3193476383512362,39.0,26.0,0.6666666666666666,4.0,8.0,0.0,0.0,0.0714285714285714,0.088235294117647,0.0,0.0,0.0,2.0,0.0512820512820512,0.0,0.0,0.0,0.0,2.0,0.0512820512820512,0.0,0.0,0.0,0.0,0.0,0.0,0.1545457329129414,-0.0121978851876806,0.0842461409051475,-0.0279413098363707,0.0287948131711835,-0.0286085435135379,0.1549275557103837,0.0242772107052037,0.0794658012713135,0.0190157361151827,-0.0358667851454209,0.0785245569098115,0.0017646582937954,-0.0159138898296719,0.0557871771232637,0.0471855329785453,0.0174511419515144,-0.0660908602119989,0.0577987772921792,-0.0414288624838756,-0.0225685448134393,-0.011826100739427,0.0189961865340069,-0.021961441476587,26.0,0.2869059820553786,0.1251992246573132,0.674072471245655,0.4853890770534177,26.0,25.0,1.0,3.8758784903502903,0.4735327891119221,0.1550351396140116,0.107379579118386,0.241909436832925,0.3574880983610542,2.9818243627329615,2.0,2.0,0.0,0.0089254232678988,0.0057901989756635,0.0044627116339494,0.0013274873417141,0.0055247015073207,0.0056574502414921,0.6482286478184299
sciver_test_804,1,24,16,40,2000,0.1054509676613454,37.0,24.0,0.6486486486486487,4.054054054054054,9.0,0.0,0.0,0.0655737704918032,0.0588235294117647,1.0,0.0909090909090909,0.0,0.0,0.0,0.0,0.0,0.0,0.0,3.0,0.081081081081081,1.0,0.027027027027027,0.0,0.0,0.0,0.0,0.2379154952189998,-0.0957778410322637,0.2153543725451395,0.1518207171589281,0.169937379753408,-0.1428245998781223,-0.0493107139985077,-0.0924773743777923,0.0783091478710329,0.1671924913512414,0.1248169813228051,0.1554864816895288,-0.1617773176750617,0.1743879753852172,0.0034970101036077,-0.0846063178453669,0.0266647390409896,-0.071091204300755,-0.0811599012471989,-0.0245524334909019,0.0053010020538481,-0.0576918206217619,-0.0482273724022532,0.0370828515216883,24.0,0.3410666308220527,0.1686958357540758,0.7272259425011983,0.5726566445091987,22.0,21.0,1.0,3.7546767802218657,0.5682619841332056,0.1787941323915174,0.1339963893276105,0.3511427077191778,0.4137948581011457,2.7948389024852993,0.0,0.0,0.0,0.0,0.0,0.0,0.0,0.0,0.0,0.0
sciver_test_809,1,24,16,40,2000,0.4158647967442729,23.0,20.0,0.8695652173913043,3.739130434782609,5.0,0.0,1.0,0.1136363636363636,0.0555555555555555,1.0,0.1428571428571428,0.0,1.0,0.0434782608695652,0.0,0.0,0.0,0.0,1.0,0.0434782608695652,0.0,0.0,0.0,0.0,0.0,0.0,0.2921984277498123,0.2374457167851081,-0.0126612273157289,0.0943512999426774,0.0719110864483671,-0.0930354514011708,-0.0600631458658501,0.1311803280874927,-0.0157397848246834,-0.2027612912333345,-0.0519844104624544,-0.0530559165854054,-0.0217124318487371,-0.0371511591273561,-0.1817620654545663,-0.0328760208777288,-0.0869198020178809,0.045873538397272,-0.0708179299928295,0.0666147489534426,-0.0883681755180026,-0.0645763530805792,-0.0365026277428922,-0.0248563092225429,20.0,0.3087351867296979,0.1568603341090283,0.6858669996947954,0.5150258050176189,18.0,17.0,1.0,3.247200051715299,0.4701614497502351,0.1910117677479587,0.120268430595177,0.3437399130561944,0.4697309624018622,2.6490005023823016,0.0,0.0,0.0,0.0,0.0,0.0,0.0,0.0,0.0,0.0
sciver_test_811,1,24,16,40,2000,0.0537330887321987,18.0,18.0,1.0,5.388888888888889,2.0,0.0,2.0,0.1111111111111111,0.1132075471698113,0.0,0.0,0.0,1.0,0.0555555555555555,0.0,0.0,0.0,0.0,2.0,0.1111111111111111,0.0,0.0,0.0,0.0,1.0,0.0555555555555555,0.1609202061417172,0.0273894549607782,0.0497979172856269,0.045421539672599,-0.0242883766757346,-0.0600983306462839,-0.0483445461368154,0.1876117673824487,-0.0674334174148048,0.028919852676041,0.1145935429162451,-7.207984620834095e-05,-0.0274287403580055,0.0589536858359823,-0.0153121526192965,0.1128332237904133,-0.1620457626858372,0.061732383015678,0.1395314529721869,0.0211967489474761,-0.0692856469422393,-0.0231582343386269,-0.1030164945290825,0.1104587593366967,18.0,0.3478943100746314,0.1868754550093629,0.7690915725954396,0.5738194295995146,17.0,16.0,1.0,3.486748451349766,0.5084441987070024,0.2179217782093603,0.150821583945287,0.4002729318502043,0.4380812500410361,2.5179659931385254,0.0,0.0,0.0,0.0,0.0,0.0,0.0,0.0,0.0,0.0
sciver_test_812,1,24,16,40,2000,0.2871849458355283,46.0,33.0,0.717391304347826,3.782608695652174,10.0,3.0,7.0,0.1818181818181818,0.1714285714285714,2.0,0.1818181818181818,0.0,0.0,0.0,1.0,0.0217391304347826,0.0,0.0,1.0,0.0217391304347826,0.0,0.0,0.0,0.0,0.0,0.0,0.1696187583031599,0.0051779172181963,-0.017751434015783,0.0767654401233029,0.1050705553210241,-0.0552482132385564,-0.0772803392473141,-0.0702066504127194,-0.0479873801574895,-0.0015844345383684,0.0389075158661005,0.0062479840003726,-0.0236015087616635,-0.0228464993280598,0.096052982959268,-0.0220966780359467,0.0302859005492902,-0.0274666576188165,0.0241533365936168,0.0609924376688207,-0.0078675949412947,0.0236577250940361,0.0185963150845448,-0.0530311654663207,33.0,0.2592917428205377,0.1688584105553901,0.7028489831614231,0.4841103458306844,28.0,27.0,1.0,4.069411395971564,0.4652034515136856,0.1507189405915394,0.1328326260370364,0.3399440415513413,0.3647443492988602,2.879259224403517,0.0,0.0,0.0,0.0,0.0,0.0,0.0,0.0,0.0,0.0
sciver_test_814,1,24,16,40,2000,0.4365240263796847,24.0,23.0,0.9583333333333334,4.958333333333333,4.0,0.0,0.0,0.1641791044776119,0.125,0.0,0.0,0.0,0.0,0.0,0.0,0.0,0.0,0.0,2.0,0.0833333333333333,1.0,0.0416666666666666,0.0,0.0,0.0,0.0,0.2415796958455068,-0.0218064436211541,0.1437687934091519,0.0194457109497519,-0.1228696637812299,-0.1721819088572871,0.0254759294399476,0.0696613040805938,0.0146459191441857,-0.0387894064439629,0.0590060356627254,-0.0884882909285859,0.0642462456351621,0.0686483947684779,0.0259551224182633,0.0091886934353156,-0.0801259851410962,0.0296523507778145,-0.0066034870953276,-0.0138158163913801,-0.067006454367722,-0.0464786924228034,0.010232408430027,0.0963180894437145,23.0,0.3582980816062815,0.1335193324952152,0.6877253240790357,0.5454630603920284,23.0,22.0,1.0,4.642401467419294,0.4226500562108368,0.2110182485190588,0.1071178982099757,0.3458247830210794,0.3818268021660671,2.9488689835313133,0.0,0.0,0.0,0.0,0.0,0.0,0.0,0.0,0.0,0.0
sciver_test_815,1,24,16,40,2000,0.0619548176705798,20.0,19.0,0.95,5.05,4.0,1.0,1.0,0.0606060606060606,0.0,0.0,0.0,0.0,1.0,0.05,0.0,0.0,0.0,0.0,0.0,0.0,0.0,0.0,0.0,0.0,0.0,0.0,0.1756660062146904,-0.004698111379723,-0.0459270095663665,0.0360362120402835,-0.1010204830126729,0.0583737729911151,-0.0615728021465424,0.0962524602874023,-0.0630032658383175,0.0117183033998351,0.0497434056131229,0.1294606577768682,0.1240504301290489,-0.0459324890457653,0.0371247991242103,-0.0329141228143,0.0162499872528875,0.1098643275198221,0.0256915549518084,-0.0253967504195988,0.0132036157266117,0.0196956708586336,0.0826453672484483,0.0322496056964159,19.0,0.3995632996225137,0.1480355131890705,0.7625174958677335,0.5792461138200413,18.0,17.0,1.0,3.997484083173215,0.4987431247438449,0.2351461225396008,0.1133210768724203,0.3350555903153782,0.3740927261660973,2.6870340129622043,0.0,0.0,0.0,0.0,0.0,0.0,0.0,0.0,0.0,0.0
sciver_test_816,1,24,16,40,2000,0.2979808294545735,27.0,23.0,0.8518518518518519,4.7407407407407405,5.0,0.0,0.0,0.1176470588235294,0.1153846153846153,0.0,0.0,0.0,0.0,0.0,0.0,0.0,0.0,0.0,2.0,0.074074074074074,0.0,0.0,0.0,0.0,1.0,0.037037037037037,0.2847419853445902,-0.0628353936938751,0.1492144683971938,0.1593835571674101,-0.0307656847180628,0.0388705648021782,0.0751097081740734,-0.1069069617140326,-0.0939987857276309,-0.0360310575173985,0.0198325092942167,-0.0029417017697885,0.117283870736546,0.1065495800941076,0.0076086147159809,-0.0270294163192061,0.0026253055255915,-0.160578667001753,0.1879972878746511,-0.1376170205346253,0.0772197820002804,0.0082720815170273,0.1119100662170812,0.0126408414720778,23.0,0.3903061080397714,0.1726070530090117,0.7705078213321661,0.598349845789804,22.0,21.0,1.0,4.689962472727312,0.5144285374075345,0.2233315463203481,0.142931926783964,0.4086784802843578,0.4452501376149854,2.819122105918144,2.0,2.0,0.0,0.0230222027077242,0.0211835430266214,0.0115111013538621,0.0096724416727592,0.0192490546920695,0.0202162988593454,0.2784386245791248
sciver_test_818,1,24,16,40,2000,0.1232345181396198,27.0,23.0,0.8518518518518519,4.481481481481482,11.0,0.0,1.0,0.1538461538461538,0.1,0.0,0.0,0.0,0.0,0.0,0.0,0.0,0.0,0.0,0.0,0.0,0.0,0.0,1.0,0.037037037037037,0.0,0.0,0.1867580752628904,-0.0007275581653998,-0.0613803491426144,0.0184893789252539,0.0464114251024977,0.135361326327646,-0.0918565974622078,-0.0422625614559937,0.2669349251440477,0.1315203887931316,0.2377071338417823,0.1990756206276957,-0.0780839544769406,-0.1799926931363777,-0.0597626859574453,0.1187398903931861,-0.0416904319658375,0.1596579635303791,-0.0027469259570439,-0.2123789109293095,-0.1307222304679985,-0.0251865003099388,0.108413009902422,0.0454087754187336,23.0,0.2680387501272547,0.1308030692970339,0.6770862217337364,0.4225098572986788,23.0,21.0,2.0,2.5722743386043234,0.2494678439080887,0.1224892542192535,0.0726786991443966,0.2198761126339444,0.2200252333556977,2.8458626745451157,0.0,0.0,0.0,0.0,0.0,0.0,0.0,0.0,0.0,0.0
sciver_test_819,1,24,16,40,2000,0.0759080486026372,40.0,34.0,0.85,5.05,4.0,0.0,3.0,0.0638297872340425,0.0256410256410256,0.0,0.0,0.0,0.0,0.0,0.0,0.0,0.0,0.0,1.0,0.025,0.0,0.0,0.0,0.0,0.0,0.0,0.2835934194740961,0.0134099998125532,-0.1230892377173652,-0.0075489667890035,-0.0724954972192059,-0.1021800039915869,-0.0896686568450221,0.1924673268871694,0.0156886533686898,-0.0815576356377249,0.1276858690086873,-0.053460846757101,0.13197320834303,0.086937726085629,0.0298753719941594,0.0251263588068198,-0.066273296696226,-0.0552908387136226,-0.037368510729661,-0.0319928196961796,0.0037283027701084,-0.0121490822613834,-0.0506341912118976,-0.0024768102869232,34.0,0.4256520441359525,0.1515811415621255,0.7608775076044834,0.6199281110789018,34.0,33.0,1.0,7.960098743261191,0.5609453143169668,0.2412151134321573,0.1245258939706058,0.4280323770278101,0.4552113148620416,3.362712030372365,3.0,3.0,0.0,0.0457429452613691,0.023435711876568,0.0152476484204563,0.0104975089405439,0.0231241774852501,0.023279944680909,0.7392036026170083
sciver_test_821,1,24,16,40,2000,0.4543487415928343,37.0,30.0,0.8108108108108109,4.162162162162162,9.0,1.0,4.0,0.1911764705882352,0.1785714285714285,2.0,0.1333333333333333,0.0,2.0,0.054054054054054,2.0,0.054054054054054,0.0,0.0,2.0,0.054054054054054,1.0,0.027027027027027,0.0,0.0,0.0,0.0,0.2016600013944025,-0.0423079031486624,0.1217884905351456,0.1230729048423728,0.0416026406252976,-0.0983082306041141,-0.0744076909365971,-0.0429416071310761,0.0246320552566318,0.0395677548084344,0.0888931683902682,0.1142864840940439,-0.0887310271701198,0.148881575638078,0.0141056789099516,-0.0336171680858122,0.0232267964317149,-0.1313380487179997,-0.1021437305216002,0.0182247372073347,0.0824227066889493,0.0240759140349942,-0.0856556955936834,0.0694122112566795,30.0,0.3785820640591324,0.1568012172599483,0.7570289280349765,0.5813391457618492,30.0,29.0,1.0,5.427484826318428,0.5622340457136744,0.187154649183394,0.1194978464705543,0.3122520890318889,0.3773154659941319,3.155502118756388,2.0,2.0,0.0,0.0389263092444374,0.0363603655123693,0.0194631546222187,0.0168972108901506,0.0329809233343392,0.0346706444233543,0.2429496836784478
sciver_test_824,1,24,16,40,2000,0.0396126678415637,35.0,26.0,0.7428571428571429,3.942857142857143,12.0,8.0,20.0,0.048780487804878,0.0588235294117647,1.0,0.0909090909090909,0.0,0.0,0.0,0.0,0.0,0.0,0.0,0.0,0.0,0.0,0.0,0.0,0.0,0.0,0.0,0.2772505486633885,-0.2551113977639292,0.3376704420274395,-0.1056212879166227,-0.066864548207549,0.1416316726241462,0.1762267596420854,-0.0074889345063358,0.0661727775030193,-0.2062115195377675,0.0351929592904426,-0.1259164277627901,-0.1240907702683299,0.0315469245680641,0.0043671805716921,-0.0220592566856953,0.0191211190608482,0.0847125025994083,-0.0538627187966497,0.06134895024661,0.0274762675260656,-0.0094248422891536,-0.0503541537484508,-0.0656844465215408,26.0,0.2573751728264682,0.1420453719381002,0.6528075585480947,0.4495895982871561,24.0,23.0,1.0,3.4760846970530968,0.4078118546714811,0.1511341172631781,0.1246010145415014,0.3492241463347816,0.3560006938015746,2.794539233349791,2.0,2.0,0.0,0.0009641001656333,0.0007045646432883,0.0004820500828166,0.0002225145604716,0.0006600617311939,0.0006823131872411,0.5824612665812714
sciver_test_826,1,24,16,40,2000,0.1423427778532074,48.0,38.0,0.7916666666666666,4.5625,9.0,0.0,2.0,0.0806451612903225,0.0754716981132075,1.0,0.0909090909090909,0.0,0.0,0.0,0.0,0.0,0.0,0.0,1.0,0.0208333333333333,2.0,0.0416666666666666,0.0,0.0,1.0,0.0208333333333333,0.2930803662021227,-0.1086602259446235,0.1466503793202371,0.0810057810450803,-0.0495765009077478,0.0266200257764681,0.0401984508475424,0.0294576304351176,-0.0223203585360447,-0.0214852700664845,-0.0072782142033149,-0.0630544266582245,-0.0732007957921112,-0.0723600125213108,0.0677512447483521,0.0392679535004113,-0.1442634873452361,0.0859264959692847,-0.046791069415821,-0.0190892243488167,-0.0030161085363417,0.0006407523876892,-0.0081616428988623,-0.0489111240813311,38.0,0.3829504866000023,0.1653641216759986,0.7374784714598782,0.5853531453403366,32.0,31.0,1.0,6.914392147789889,0.4270923634011616,0.2230449079932222,0.1274622927851963,0.4070948704079546,0.4115794734125052,3.24733860428824,1.0,1.0,0.0,0.0111868001776793,0.0111868001776793,0.0111868001776793,0.0,0.0111868001776793,0.0111868001776793,-0.0
sciver_test_828,1,24,16,40,2000,0.1969495393824445,21.0,19.0,0.9047619047619048,4.428571428571429,5.0,0.0,0.0,0.1153846153846153,0.0888888888888888,0.0,0.0,0.0,2.0,0.0952380952380952,0.0,0.0,0.0,0.0,0.0,0.0,0.0,0.0,0.0,0.0,0.0,0.0,0.1645871610811471,0.2535437998491452,-0.0321750505843839,-0.1321189070466643,0.1057006902892923,-0.0420271910782317,0.1194476086546749,0.099221642963288,-0.0250096332833676,0.0597785265981836,0.0417041585297532,-0.1732509682430421,-0.154504707124289,0.1000744363005496,0.0395007898861365,0.1305755376928838,0.0644336376798696,0.0554234756927656,0.0044573259062823,0.0023747698174662,0.1449218271145383,0.0004092179947016,0.0809174026578968,-0.0541712287574664,19.0,0.3480742531678639,0.1557192052757435,0.7319258570360194,0.5240216297766042,19.0,18.0,1.0,2.5482420410147872,0.3579362751182204,0.1415690022785992,0.0963436018642078,0.2602885923721758,0.2880156179816768,2.644807424626551,1.0,1.0,0.0,0.021695792820222,0.021695792820222,0.021695792820222,0.0,0.021695792820222,0.021695792820222,-0.0
sciver_test_835,1,24,16,40,2000,0.127694097761687,30.0,26.0,0.8666666666666667,5.933333333333334,0.0,0.0,1.0,0.1052631578947368,0.0612244897959183,0.0,0.0,0.0,2.0,0.0666666666666666,0.0,0.0,0.0,0.0,0.0,0.0,0.0,0.0,1.0,0.0333333333333333,0.0,0.0,0.1402952162749198,-0.0276100458069413,-0.1623935663442834,0.0347118015036721,-0.0925009711276966,0.0279631037070605,0.0567359940693997,-0.0468399629663582,-0.0353394000806285,0.0413632538968073,-0.0211123885710305,-0.0314847401351904,-0.0280151240752418,0.0752404391855588,-0.0062429945177644,0.0257877319623972,0.0111763987480554,-0.0360826259256377,0.0123876301858251,0.0430105524922057,0.0387269432948047,0.0153113452070985,-0.048546924749053,-0.0259935663934075,26.0,0.403379480131732,0.122938291672557,0.7885428431623214,0.5854377593222394,26.0,25.0,1.0,6.024659027836065,0.5165720759545254,0.2409863611134426,0.0808328502402307,0.3154038526360558,0.3320284770055892,3.1661308156437817,2.0,2.0,0.0,0.0469366014397599,0.0442498092080433,0.0234683007198799,0.0207815084881633,0.0400935075104106,0.0421716583592269,0.2193131865085648
sciver_test_836,1,24,16,40,2000,0.0586690808893576,25.0,23.0,0.92,5.32,5.0,2.0,2.0,0.0869565217391304,0.027027027027027,0.0,0.0,0.0,1.0,0.04,0.0,0.0,0.0,0.0,2.0,0.08,1.0,0.04,0.0,0.0,1.0,0.04,0.2214811128544782,0.0460713489900431,0.252824312794808,0.0368719472879309,-0.141696343040779,-0.0545710800834437,-0.1424087714598046,0.0047818367974546,-0.0801279804887197,0.0053632712631985,0.0719257019563611,0.0227284630413489,-0.047066247038537,0.0177998834728491,-0.0213630677532506,0.0414801258768106,-0.0268353235610915,-0.1124054003436356,0.0561962410644685,0.0004958229246371,-0.0230630428792463,0.1293857878212537,-0.0145239157441959,-0.0273797860897205,23.0,0.3586420858683736,0.154206256207081,0.7607040237537575,0.5279541375611736,23.0,22.0,1.0,4.6206647314261104,0.4580126640601047,0.2100302150648232,0.1354694402404221,0.3832207115157662,0.4168750578281785,2.8536993368074817,4.0,4.0,0.0,0.0516803881981824,0.0250774530815058,0.0129200970495456,0.0092062974319186,0.0227551449894518,0.0239162990354788,1.0624121868093126
sciver_test_839,1,24,16,40,2000,0.2416751968517915,24.0,22.0,0.9166666666666666,4.541666666666667,4.0,0.0,1.0,0.048780487804878,0.0571428571428571,0.0,0.0,0.0,1.0,0.0416666666666666,0.0,0.0,0.0,0.0,0.0,0.0,0.0,0.0,1.0,0.0416666666666666,2.0,0.0833333333333333,0.1532449623931355,0.1691382159425354,-0.0255874668821961,-0.052331128983023,0.0538860622340095,0.0587623085643112,0.0754613798348736,0.0485285564696249,0.1158518965364972,-0.045626242812248,-0.0281107874130211,-0.0151234157281603,-0.0478773806951705,-0.091056007758869,-0.0152595641981316,-0.0199635030631128,-0.0138756290656632,-0.1869966161290999,-0.02742408248762,-0.0293250963760492,-0.0523555551254877,0.0593755492900364,0.0211262347146419,0.1047262299369323,22.0,0.3454842345145514,0.1491285492788239,0.6846661959290673,0.549739526336389,20.0,19.0,1.0,4.218537409228016,0.4187689885842178,0.2220282846962114,0.1099944729505192,0.3877617066321966,0.3989266710092479,2.8089182575809333,1.0,1.0,0.0,0.0185798808965712,0.0185798808965712,0.0185798808965712,0.0,0.0185798808965712,0.0185798808965712,-0.0
sciver_test_843,1,24,16,40,2000,0.0,31.0,21.0,0.6774193548387096,3.225806451612903,6.0,0.0,0.0,0.03125,0.0416666666666666,0.0,0.0,0.0,0.0,0.0,0.0,0.0,0.0,0.0,0.0,0.0,0.0,0.0,0.0,0.0,0.0,0.0,0.1988887126319849,-0.0960163222007795,0.1108840980191904,0.1203153474185692,0.2270092604915839,-0.1152656298286094,-0.1403107953792253,-0.0129810057351011,0.1575414372344,-0.0578246485356639,-0.006422806863179,0.1309875390245593,-0.0747683672806447,0.1105553255642143,0.0238463970840246,-0.0774198802729514,0.0408114959269396,0.0514665437758838,0.0664721616977215,0.1562391245894805,0.054152676504364,-0.034809124442058,0.0832386736179293,-0.0445764129925596,21.0,0.3228376903825236,0.1583839130556411,0.6185878959683239,0.5157673442959031,19.0,18.0,1.0,3.20593107303287,0.4696233405647689,0.1781072818351594,0.1255016079476544,0.3529172567726739,0.456918840878763,2.6633074267656225,0.0,0.0,0.0,0.0,0.0,0.0,0.0,0.0,0.0,0.0
sciver_test_844,1,24,16,40,2000,0.2537170017574593,29.0,28.0,0.9655172413793104,5.344827586206897,4.0,0.0,1.0,0.135593220338983,0.125,0.0,0.0,0.0,1.0,0.0344827586206896,0.0,0.0,0.0,0.0,2.0,0.0689655172413793,0.0,0.0,0.0,0.0,1.0,0.0344827586206896,0.2361533444145414,0.1639975215115254,-0.0261706334544023,-0.0416315277952198,0.0398614233916789,-0.1007038089898523,0.1024692632855317,0.0019029317079737,-0.0283711179677206,-0.0230178790250756,0.0717322092956439,-0.0720437955766672,0.0714278003605963,0.0437997526800552,0.0490927371390868,0.0588803258650247,-0.0218819521445874,0.0525037119986715,0.0103052224293362,0.0420812272998689,0.0868753849624821,-0.093596528275963,0.0651173154936605,-0.0903519221042392,28.0,0.423246322981439,0.1547463734370906,0.8634891598772225,0.6239646732471863,27.0,26.0,1.0,6.168114539483183,0.4222441475765923,0.237235174595507,0.1126515789825002,0.4031829158223476,0.4115585144059704,3.1360402340970364,3.0,3.0,0.0,0.0563400338788722,0.036530513664037,0.0187800112929574,0.0133115725569039,0.032291396010908,0.0344109548374725,0.836281627580436
sciver_test_846,1,24,16,40,2000,0.2875208804723458,27.0,26.0,0.9629629629629628,4.777777777777778,4.0,2.0,4.0,0.1304347826086956,0.1025641025641025,1.0,0.1428571428571428,0.0,0.0,0.0,0.0,0.0,0.0,0.0,2.0,0.074074074074074,0.0,0.0,0.0,0.0,0.0,0.0,0.2403280989960386,0.1273487580127155,0.0239764632407075,0.0546046942277418,0.1089967143555204,0.070631868425654,0.0490624138767466,0.0123163318961437,-0.0543021724205012,-0.0938061804644773,-0.0388120004449681,0.0203155925869439,-0.0503770188304302,-0.0559286615572194,-0.0973946540741545,0.0281645655872877,-0.0122538161991672,-0.1843873714799705,-0.1029950053322554,-0.0359893199078852,-0.173705091232309,-0.0079457763270002,0.0550778951378569,0.0967676263688595,26.0,0.3744159751558216,0.1760214475847387,0.8065460119828011,0.622342701177897,23.0,22.0,1.0,4.996443956306306,0.5202809829036208,0.2271110889230139,0.1353403519844054,0.4249189403376677,0.4585647120893246,2.9121809203066333,1.0,1.0,0.0,0.0304309063145961,0.0304309063145961,0.0304309063145961,0.0,0.0304309063145961,0.0304309063145961,-0.0
sciver_test_847,1,24,16,40,2000,0.016335455511003,26.0,24.0,0.9230769230769232,5.730769230769231,5.0,0.0,0.0,0.0638297872340425,0.0232558139534883,0.0,0.0,0.0,1.0,0.0384615384615384,0.0,0.0,0.0,0.0,1.0,0.0384615384615384,0.0,0.0,1.0,0.0384615384615384,2.0,0.0769230769230769,0.1765564681633025,0.1257443332665431,-0.0077522621308834,-0.0763907164212375,0.0945051486494576,0.0796805726204274,0.0952522468291111,0.0448840603293084,-0.1075121513569505,0.0965540854790521,-0.0261530760287239,-0.0766314928537913,-0.0372137880173368,0.116589486602523,-0.0204088915758764,0.1338476118394493,-0.0872923387125585,-0.016219100786557,-0.025227929381319,-0.0231329742636269,0.0911066340282849,0.1184524782454418,0.1201701903662101,0.0637761200533842,24.0,0.3521203209706955,0.1463484587574698,0.6670442079501077,0.5358296203112223,23.0,22.0,1.0,4.379937791267764,0.4921786259666563,0.199088081421262,0.1165192149783706,0.3288952935323528,0.3445794072932702,2.903902391737201,1.0,1.0,0.0,0.013063352628223,0.013063352628223,0.013063352628223,0.0,0.013063352628223,0.013063352628223,-0.0
sciver_test_851,1,24,16,40,2000,0.1868310535754934,35.0,30.0,0.8571428571428571,3.7142857142857144,13.0,3.0,3.0,0.1129032258064516,0.0727272727272727,1.0,0.0769230769230769,0.0,1.0,0.0285714285714285,0.0,0.0,0.0,0.0,0.0,0.0,0.0,0.0,1.0,0.0285714285714285,1.0,0.0285714285714285,0.1681091216368332,-0.0169130528946817,-0.0370984363441954,-0.0695500101695387,0.0622736087613127,0.0961893441475022,-0.0121161962947031,-0.066945201409742,-0.0442503524057211,0.0138059746234432,0.0147122810894606,-0.0741909069231673,0.0147874201574246,0.0479689002317047,-0.011561667524629,0.0395119636217518,-0.0678244597169293,-0.0326521711656048,-0.0872215339809764,-0.0659359955158377,0.0835588214200331,0.0150447163641008,-0.0118495263441704,-0.0081273533659329,30.0,0.2465858697162386,0.1503830864400192,0.6481695117721195,0.4604600435657845,23.0,21.0,2.0,3.277351757483153,0.3814281003147737,0.1560643694039596,0.0890107402242063,0.2464529802151632,0.2558233735796053,2.8680602069064585,0.0,0.0,0.0,0.0,0.0,0.0,0.0,0.0,0.0,0.0
sciver_test_858,1,24,16,40,2000,0.1480756035157784,22.0,19.0,0.8636363636363636,6.090909090909091,3.0,3.0,6.0,0.1052631578947368,0.0689655172413793,0.0,0.0,0.0,0.0,0.0,1.0,0.0454545454545454,0.0,0.0,1.0,0.0454545454545454,0.0,0.0,0.0,0.0,0.0,0.0,0.1589541743422236,0.0141175115228005,-0.097420801047912,0.1074569431511335,-0.0484537575931324,-0.0367515384016965,0.0078437988092321,-0.0731743802920991,-0.0335980533743647,0.0502036546834139,-0.0570058864017262,-0.0263169603894381,0.0172971683975629,0.0327602571830741,-0.0723674968566922,0.0670557406043629,0.0070583162496697,-0.0048677812094673,0.0079230302201871,-0.0497456130706997,-0.0055443324210963,0.0252314801632699,0.0577926373699285,0.0147186075318358,19.0,0.4099177991001287,0.1302153739949604,0.7272259425011983,0.5760529578837068,19.0,18.0,1.0,4.509437939705043,0.4093394806155559,0.2505243299836135,0.0923790854330119,0.3310832483064928,0.358413076282344,2.806999438073009,0.0,0.0,0.0,0.0,0.0,0.0,0.0,0.0,0.0,0.0
sciver_test_860,1,24,16,40,2000,0.4372317738526142,42.0,28.0,0.6666666666666666,5.4523809523809526,3.0,1.0,2.0,0.2054794520547945,0.1935483870967742,0.0,0.0,0.0,1.0,0.0238095238095238,0.0,0.0,0.0,0.0,3.0,0.0714285714285714,0.0,0.0,0.0,0.0,0.0,0.0,0.2224595862594807,0.0315283859248682,-0.0114450817727161,0.05387701033553,0.0594958424588908,-0.1272677477263273,-0.0040475066287602,-0.0896337285039609,0.0484656288013823,0.050442344568378,0.0690123478252917,-0.0217655971265743,0.1813535685746515,0.0250909575898341,0.088569884604792,-0.0237878496949073,-0.0231722860141042,-0.0388953758506394,0.0516500244253299,-0.0339722029774025,0.0043322204060008,-0.0305222357744832,-0.0815257206149934,-0.0194388699312488,28.0,0.4126778983439028,0.1666268958653798,0.8113594312696334,0.6251124036137005,27.0,26.0,1.0,5.964663195689053,0.5148572677592401,0.2294101229111174,0.1281681522907319,0.4379309741675741,0.467963621573631,3.098666256964774,1.0,1.0,0.0,0.0022468096561411,0.0022468096561411,0.0022468096561411,0.0,0.0022468096561411,0.0022468096561411,-0.0
sciver_test_861,1,24,16,40,2000,0.2041524592258004,37.0,31.0,0.8378378378378378,4.297297297297297,8.0,2.0,4.0,0.2678571428571428,0.2127659574468085,2.0,0.2,0.0,0.0,0.0,0.0,0.0,0.0,0.0,0.0,0.0,0.0,0.0,0.0,0.0,1.0,0.027027027027027,0.2976268873870922,-0.0365035451239843,0.1941651886696556,-0.0594532869783035,-0.1103729004303077,-0.0188174268153627,-0.0655757543447485,-0.1093068038052912,0.0493337912629184,-0.1607632573160678,0.0959934844133042,-0.1028721433217131,-0.0188550491805131,-0.0214812070201852,0.160841739974509,-0.0384140147337381,0.0821045393443109,0.0179180460267387,0.0611453917362361,0.0471963310611171,0.0022620408601804,0.068470650432869,-0.1291201901395656,-0.0546337994743867,31.0,0.3082739123469428,0.1379778868981654,0.6528075585480947,0.4835209345752339,27.0,26.0,1.0,4.923476992699994,0.3376120865552118,0.1893644997192305,0.0959793020745989,0.3078945270634073,0.3192953711758787,3.113035002406504,2.0,2.0,0.0,0.032042808860562,0.0311131245173321,0.016021404430281,0.015091720087051,0.0280947804999218,0.029603952508627,0.1312972242421775
sciver_test_862,1,24,16,40,2000,0.1735936573297301,43.0,35.0,0.813953488372093,4.767441860465116,5.0,0.0,4.0,0.1666666666666666,0.1363636363636363,0.0,0.0,0.0,1.0,0.0232558139534883,2.0,0.0465116279069767,0.0,0.0,2.0,0.0465116279069767,0.0,0.0,0.0,0.0,0.0,0.0,0.2031887423549397,0.0452867966951663,-0.0222092708762807,0.0913428424945474,-0.0153538621181629,0.0226665555786046,-0.0340181243472577,0.0590442520111724,-0.0840434380430178,0.0142750653002219,-0.0079985073708099,0.0369786960405846,0.0175934540814586,0.0356490088875274,-0.019789463992362,-0.038705533082991,-0.06571289531686,0.0291198357961451,0.0642205782611377,-0.0290739108662543,0.0236304054975564,0.0345734488994962,0.0366216443773838,0.0686454765171621,35.0,0.3518099624101989,0.1642201159312369,0.8704743541045341,0.5763598452578284,32.0,31.0,1.0,6.1741847336871825,0.4398341738121078,0.1991672494737801,0.1072261375297982,0.3580012313005679,0.3984804367527049,3.280382318916698,5.0,4.0,1.0,0.039400896719229,0.0173472702577144,0.0098502241798072,0.0053797533025245,0.015839877416146,0.0165935738369302,1.23135937198905
sciver_test_865,1,24,16,40,2000,0.0,25.0,22.0,0.88,4.92,4.0,2.0,2.0,0.0909090909090909,0.1034482758620689,0.0,0.0,0.0,0.0,0.0,0.0,0.0,0.0,0.0,1.0,0.04,0.0,0.0,0.0,0.0,0.0,0.0,0.1342031695072285,-0.0011709080178087,0.0418756533379985,-0.0159713763543516,0.0286626097848568,0.0190040150257409,0.0425084601118116,0.0108316824027441,0.0591540281676672,0.105950846301458,-0.0370876813412714,-0.0773338937224017,0.0049444967058031,-0.0235828561152239,-0.1060912175552429,-0.0460530772990605,-0.0536581741123956,-0.0763231850397764,-0.0011914839128528,-0.0944822294501865,0.0021897196123609,0.0060545423301971,-0.058959749972614,-0.0100479729406049,22.0,0.3601462105309262,0.1593909362104296,0.7928433452036218,0.5816592851059469,21.0,20.0,1.0,4.052342157303935,0.5096053339651546,0.2026171078651967,0.1163769872081946,0.4133881401835564,0.4295248380209969,2.846022728676914,1.0,1.0,0.0,0.0168436918069077,0.0168436918069077,0.0168436918069077,0.0,0.0168436918069077,0.0168436918069077,-0.0
sciver_test_867,1,24,16,40,2000,0.196026441470164,31.0,27.0,0.8709677419354839,4.451612903225806,8.0,0.0,6.0,0.1341463414634146,0.1267605633802817,1.0,0.1428571428571428,0.0,0.0,0.0,0.0,0.0,0.0,0.0,1.0,0.032258064516129,0.0,0.0,0.0,0.0,1.0,0.032258064516129,0.2089691427467004,0.0156342046072646,0.0024354871348231,-0.0144622110178284,0.0777710542629317,0.0749493058907066,0.0073901729777288,-0.0683950168478104,0.1739095075774377,0.0207402559711354,0.133171894779905,0.0096536667811093,0.0250053289906326,-0.0413888568642673,-0.0751018265244487,0.021656587055895,-0.08171526078257,-0.0030891676629512,0.017857824246349,-0.1219579026515058,-0.071440504768382,-0.0037913353986226,0.0114304232594675,0.0676311374874053,27.0,0.3198402088308351,0.1302507057646912,0.6438035181567674,0.4913918932145772,24.0,23.0,1.0,4.6126222584615295,0.379299833370002,0.2005487938461534,0.0916844869240067,0.3263224315924088,0.3315436995505991,3.0198156680526727,2.0,2.0,0.0,0.0184998312110755,0.014410367753246,0.0092499156055377,0.0051604521477082,0.0133782773237043,0.0138943225384752,0.5282388610155808
sciver_test_871,1,24,16,40,2000,0.1737331510136208,28.0,24.0,0.8571428571428571,4.464285714285714,4.0,1.0,4.0,0.0888888888888888,0.075,0.0,0.0,0.0,1.0,0.0357142857142857,0.0,0.0,0.0,0.0,2.0,0.0714285714285714,0.0,0.0,0.0,0.0,1.0,0.0357142857142857,0.2726804020263314,0.3018292986678231,0.0642843016486523,0.1113953440188185,0.1361243120520579,-0.154276321163578,-0.0570405901726444,0.0705031841485589,-0.031740163060183,0.009638073341748,0.0235601700819386,-0.0504897596224058,-0.1653625321757684,-0.0403346206924673,-0.074842631399498,-0.1238225984003635,0.0020291467790085,-0.09450075906913,-0.0641000608618802,-0.0728345704194912,-0.0144228874217221,-0.0562051902141414,0.079888788131529,0.0404663344886556,24.0,0.3243431331608176,0.1611955079076167,0.7740068644636338,0.5357611698708308,24.0,23.0,1.0,4.1856833633320365,0.4166657150864342,0.1819862331883494,0.1094128432488058,0.3695287455216869,0.3919509130624237,2.954621813589318,2.0,2.0,0.0,0.0145865669428211,0.0074671064965764,0.0072932834714105,0.0001738230251658,0.0074323418915432,0.0074497241940598,0.6928631405316795
sciver_test_873,1,24,16,40,2000,0.0837150526990094,23.0,23.0,1.0,5.0,3.0,2.0,3.0,0.0689655172413793,0.04,0.0,0.0,0.0,1.0,0.0434782608695652,0.0,0.0,0.0,0.0,0.0,0.0,0.0,0.0,0.0,0.0,1.0,0.0434782608695652,0.1449730478306575,0.0680579587704062,-0.0358233943856657,-0.1256948200913132,0.0100709259245327,-0.0418505917314284,0.0680723762021498,0.0624676917261068,0.0618225281204329,0.0006542003124343,-0.109032128694477,0.0904033567531898,-0.0485708228196282,-0.2179253583458322,-0.057153468128618,-0.155882088080305,-0.0001726147040436,-0.0646683185408154,0.1230978001639216,-0.0376853228809977,0.1382453010029926,0.035707403799133,-0.033405394542627,-0.0046070327121246,23.0,0.4306746185538463,0.1710952981767179,0.8843843401190038,0.6751114815983013,23.0,22.0,1.0,5.446558926733532,0.4602314349250173,0.2475708603060696,0.1213662483336705,0.405280447324424,0.4373140790878695,2.9539581006213176,1.0,1.0,0.0,0.0026302470636,0.0026302470636,0.0026302470636,0.0,0.0026302470636,0.0026302470636,-0.0
sciver_test_874,1,24,16,40,2000,0.3779729351468933,42.0,31.0,0.7380952380952381,4.095238095238095,9.0,0.0,2.0,0.1504424778761062,0.1414141414141414,2.0,0.1428571428571428,0.0,0.0,0.0,0.0,0.0,0.0,0.0,0.0,0.0,0.0,0.0,0.0,0.0,2.0,0.0476190476190476,0.1457514507028712,0.0718814247744758,-0.019493449615061,0.0624185346853996,0.004231178434209,0.0916512360065479,-0.0304840091054831,0.0987223262755333,0.0061122379197626,0.0446369547283149,0.0363486338017349,-0.0398818825122086,0.0063326277598032,0.0473608671090641,0.0311049664619683,-0.051080042701188,0.0488869828010572,0.0620077383085547,0.0143896701189369,0.0137356434533716,-0.0561923840232871,-0.0928576172025731,-0.1135704498685964,-0.016293048768504,31.0,0.3124210034986268,0.1275469919951817,0.7087887378463777,0.4996629147098158,30.0,29.0,1.0,4.7556119329680735,0.4421918664263186,0.1639866183782094,0.1032177964489999,0.2779035237202766,0.3449201202777081,3.1577475082886504,1.0,1.0,0.0,0.0015342176662022,0.0015342176662022,0.0015342176662022,0.0,0.0015342176662022,0.0015342176662022,-0.0
sciver_test_876,1,24,16,40,2000,0.3454063408841083,29.0,24.0,0.8275862068965517,5.103448275862069,3.0,0.0,0.0,0.1481481481481481,0.0888888888888888,0.0,0.0,0.0,1.0,0.0344827586206896,0.0,0.0,0.0,0.0,0.0,0.0,0.0,0.0,0.0,0.0,1.0,0.0344827586206896,0.3182441302047489,0.2713851185886306,-0.1631233243145937,0.1109720347047979,-0.1262134051819461,0.0223817576465472,0.1833385640781864,-0.0069271939556533,-0.0137937364808462,-0.0381735706319569,-0.0382248954959279,0.0870156325910444,-0.0133225005693033,-0.0344918838170322,0.0878200296249431,0.0008709858476221,0.0411641554062536,0.0579608662158469,-0.0241115831442524,0.0704039373578709,0.081884614605712,-0.0756942149067659,0.047173145474769,-0.0317260960423617,24.0,0.3738289201518099,0.1476290419802799,0.767141170340749,0.5692243008283561,23.0,22.0,1.0,4.894416777929035,0.5609453143169668,0.2224734899058652,0.1275066357412514,0.3689452397914267,0.4571192414957342,2.930156107122273,3.0,3.0,0.0,0.0479915572518441,0.0306063971092305,0.0159971857506147,0.0110164218745684,0.0271610884256122,0.0288837427674213,0.8502287044857869
sciver_test_877,1,24,16,40,2000,0.0088769649747557,23.0,20.0,0.8695652173913043,5.391304347826087,6.0,2.0,2.0,0.1071428571428571,0.0909090909090909,1.0,0.1666666666666666,0.0,0.0,0.0,0.0,0.0,0.0,0.0,0.0,0.0,0.0,0.0,0.0,0.0,0.0,0.0,0.1875035144755778,-0.03551785247708,-0.0875292752723933,0.0314025452486685,-0.0289621689291889,0.0328414907768843,-0.1022106348505392,0.1764690467628104,0.0518206603314511,0.1116759408839423,0.0163441320172261,-0.1810442691389371,-0.0631801569401836,-0.05932537701766,-0.0099631822395082,-0.0389697363473946,0.0351254323524722,-0.0881182657279354,-0.0012202679283327,0.0377021936700602,0.0714408216138473,0.0869174476986176,-0.0548429709131955,0.0073102282620245,20.0,0.3635152480998367,0.1468631727145713,0.7665024981363215,0.5731933249383953,20.0,19.0,1.0,3.886442740583968,0.5006185387750264,0.204549617925472,0.1212580985370316,0.3030783705003641,0.3365431372829184,2.7440145705394596,3.0,3.0,0.0,0.0243645563394298,0.0116534375024772,0.0081215187798099,0.0027696036656386,0.0108871344073651,0.0112702859549211,1.0398115367270186
sciver_test_880,1,24,16,40,2000,0.0614961494420792,42.0,29.0,0.6904761904761905,4.5476190476190474,10.0,0.0,0.0,0.1149425287356321,0.081081081081081,1.0,0.1111111111111111,0.0,1.0,0.0238095238095238,0.0,0.0,0.0,0.0,2.0,0.0476190476190476,0.0,0.0,0.0,0.0,1.0,0.0238095238095238,0.2478654369208216,-0.0995713667516599,0.1822555368692285,0.0600460600655506,-0.0839548790198271,-0.0112683285976029,0.0660981011157537,-0.0541927698205079,0.0248253289561781,0.0354665138222899,0.0838955526674799,-0.0009557250204852,-0.0463629162235689,0.0200783053881478,0.0369552934440345,-0.0026944253122532,-0.0065377538822159,0.0860935424125199,-0.0010519908165043,-0.0770295309654432,-0.0402252835345478,0.0028978775642982,0.0962666178685615,-0.0484117425356166,29.0,0.4480257998205256,0.1542060689898218,0.768261129794234,0.6380824997884025,29.0,28.0,1.0,5.893689878527339,0.5273187910953469,0.2104889242331192,0.1264031300970388,0.3677516574558474,0.4111391275147907,3.149085187573976,1.0,1.0,0.0,0.0012347161576849,0.0012347161576849,0.0012347161576849,0.0,0.0012347161576849,0.0012347161576849,-0.0
sciver_test_882,1,24,16,40,2000,0.0,24.0,22.0,0.9166666666666666,5.375,3.0,2.0,3.0,0.0357142857142857,0.0416666666666666,0.0,0.0,0.0,1.0,0.0416666666666666,0.0,0.0,1.0,0.0416666666666666,0.0,0.0,0.0,0.0,0.0,0.0,1.0,0.0416666666666666,0.249155960630851,0.3116205401334255,0.0388123688925347,-0.1699771898086595,-0.0345527051085161,-0.0280265166439795,-0.1123330798292907,-0.1866211895389195,0.059158890634926,-0.0100764714321696,-0.0403516513230205,-0.0275378385022347,-0.0997326182676996,-0.0872086342911385,-0.0472786849514653,-0.1073751958283065,-0.0651287167056152,-0.106911464144815,0.0183158956301279,0.0008963189744794,-0.0435234431040847,0.0942909979808246,-0.1106921482787025,-0.0782239429005724,22.0,0.3295129228722835,0.1171549064073049,0.5997811600627444,0.48535741473702,22.0,21.0,1.0,4.31785104092557,0.4696233405647689,0.205611954329789,0.0982283294130393,0.2862221181823575,0.3812508522633913,2.9241420463389525,2.0,2.0,0.0,0.040996223797202,0.0268354694466009,0.020498111898601,0.0063373575479999,0.0255679979370009,0.0262017336918009,0.6445627289885711
sciver_test_883,1,24,16,40,2000,0.0,28.0,20.0,0.7142857142857143,3.7857142857142856,10.0,0.0,0.0,0.0,0.0,0.0,0.0,0.0,0.0,0.0,0.0,0.0,0.0,0.0,0.0,0.0,0.0,0.0,1.0,0.0357142857142857,0.0,0.0,0.1860815791494396,-0.1074054014074294,0.1064682316758394,-0.0241643628766632,-0.1111185007376934,-0.0431014015183612,0.0056772294275982,-0.0279014612000571,-0.0036717853459491,0.0226732749735906,0.0304973001662383,0.0245584271071503,0.0249385562242185,-0.0810360528699744,-0.0396185491000138,0.0216347952727075,0.0840761071719986,0.0390285374023754,-0.0845341427933957,0.0045298934980161,-0.000874706658694,-0.090992042630056,0.0415681876211486,0.1216706831417274,20.0,0.3574553585746034,0.1744146916346944,0.7358733415957425,0.575078722847929,20.0,19.0,1.0,2.9392643128870812,0.5462846511493505,0.154698121730899,0.1263753699276324,0.2963253593216126,0.3557737620028147,2.645472804248066,1.0,1.0,0.0,0.0008309304019235,0.0008309304019235,0.0008309304019235,0.0,0.0008309304019235,0.0008309304019235,-0.0
sciver_test_884,1,24,16,40,2000,0.1352697734038047,21.0,16.0,0.7619047619047619,4.809523809523809,6.0,0.0,2.0,0.0714285714285714,0.0909090909090909,0.0,0.0,0.0,1.0,0.0476190476190476,0.0,0.0,0.0,0.0,0.0,0.0,0.0,0.0,0.0,0.0,0.0,0.0,0.1753680956180346,-0.0396239499222921,0.1254745908013936,-0.1395870618648676,-0.104900899631603,0.1650434238029123,-0.1616742874993925,-0.0857651021495971,-0.0206762549659224,0.1299346455218396,0.0113172908660193,-0.0153323703681958,0.0552531244452967,-0.091469367358514,-0.0201154273923769,0.0282057481717505,0.0938507950020783,-0.0573558371454905,-0.0803229921504664,0.0928546709523266,0.0233144428580833,-0.0240120243201322,-0.0300980524539965,-0.059384622034959,16.0,0.3334162798391468,0.1399396422293556,0.5829405216317063,0.5217436809367821,16.0,15.0,1.0,2.6538857255394768,0.3934706348612223,0.1769257150359651,0.1285195101473054,0.3541070975049483,0.3735212017800695,2.4136067962440806,0.0,0.0,0.0,0.0,0.0,0.0,0.0,0.0,0.0,0.0
sciver_test_886,1,24,16,40,2000,0.1710599747077926,45.0,35.0,0.7777777777777778,3.6,11.0,0.0,9.0,0.1016949152542373,0.0612244897959183,1.0,0.0833333333333333,0.0,1.0,0.0222222222222222,0.0,0.0,0.0,0.0,1.0,0.0222222222222222,1.0,0.0222222222222222,1.0,0.0222222222222222,0.0,0.0,0.3185063903919476,-0.0640867494779641,0.1469600442747897,0.1621593651544692,-0.0720714204038877,-0.0373751385791394,-0.0138734625220059,0.0600141254404029,-0.0607188455749209,-0.0119707623993298,-0.0137723503106308,0.0021022694249277,-0.0201559024670225,0.0016264887398145,-0.0358593991037137,-0.0082015809627137,-0.0185000198067242,-0.0897830525102294,0.0117795936988577,-0.0313713548301433,-0.0574648593358968,0.1021211133941763,0.001488614010075,-0.0465046423093872,35.0,0.4045449472828143,0.1968541831742132,0.8790176471153959,0.6586665175526378,29.0,28.0,1.0,5.743462460556003,0.5165527680850002,0.2051236593055715,0.1364222204915496,0.4017512675348529,0.4478442159399073,3.103945982874351,4.0,4.0,0.0,0.0312751221160571,0.0117590231616918,0.0078187805290142,0.0043510236127253,0.0112634131347834,0.0115112181482376,1.1555151913603634
sciver_test_889,1,24,16,40,2000,0.2785173475489274,33.0,30.0,0.9090909090909092,5.545454545454546,7.0,2.0,4.0,0.1844660194174757,0.146067415730337,4.0,0.3636363636363636,0.0,3.0,0.0909090909090909,0.0,0.0,0.0,0.0,1.0,0.0303030303030303,0.0,0.0,0.0,0.0,0.0,0.0,0.2298712538427052,0.017528631359449,0.001484411415177,-0.0668916777532326,0.0695067963326998,-0.0291473814056969,-0.0118020628509741,0.1943207679743166,0.0041935481186789,-0.0563175976836126,-0.1008932686617975,0.1056932861802527,0.0404991208427391,-0.0193878264567991,-0.0343662940141827,0.0044340212149839,-0.0012368533535885,0.0445344681759436,-0.0499715203632393,-0.0992482325574272,-0.0322464807719303,-0.043142454655165,-0.002007496448439,-0.018175678068616,30.0,0.3874335297508982,0.1580074462120365,0.7652167229276513,0.5806341145811895,28.0,27.0,1.0,5.409691555297956,0.4190833454065875,0.2003589464925168,0.1138090667217669,0.3732739068087788,0.38330107771276,3.1236502809607583,5.0,5.0,0.0,0.0913992652857875,0.0518500340150763,0.0182798530571575,0.0176116489848201,0.0377328761382591,0.0447914550766677,1.1942698858717051
sciver_test_891,1,24,16,40,2000,0.1190153208042378,18.0,16.0,0.8888888888888888,4.555555555555555,3.0,0.0,0.0,0.0333333333333333,0.0434782608695652,0.0,0.0,0.0,1.0,0.0555555555555555,1.0,0.0555555555555555,0.0,0.0,0.0,0.0,0.0,0.0,0.0,0.0,0.0,0.0,0.181903346780705,0.218292117273679,-0.0416088273412279,-0.0561395453244071,0.0199650485797405,-0.0152579148192019,0.0757925139277752,0.0434288782797578,0.0279638078110979,-0.0773533828420211,-0.0582429891858491,-0.012882457486898,-0.1491948297657604,-0.1031354525486677,0.0176144862831287,-0.0082866047009467,-0.0348582476779662,0.0016790186049815,-0.0622131770411715,-0.0469887465103379,-0.0780960143601483,0.0960297573943116,0.0036244387696639,0.0375344623669054,16.0,0.3369441382490966,0.1291526895095701,0.6080725069824912,0.4915931312490246,16.0,15.0,1.0,2.7637248338893734,0.3786801847230325,0.1842483222592915,0.1043815608218825,0.3254810140019764,0.3749415125351635,2.5328985838940596,0.0,0.0,0.0,0.0,0.0,0.0,0.0,0.0,0.0,0.0
sciver_test_892,1,24,16,40,2000,0.0,28.0,24.0,0.8571428571428571,5.357142857142857,5.0,0.0,0.0,0.0555555555555555,0.0714285714285714,0.0,0.0,0.0,1.0,0.0357142857142857,0.0,0.0,0.0,0.0,3.0,0.1071428571428571,0.0,0.0,0.0,0.0,1.0,0.0357142857142857,0.2181316387750591,-0.0349263509097076,0.3087237310896538,-0.0561559293379688,-0.1287312487987702,0.0673892047264926,-0.0336013885848796,-0.0693486293043856,-0.0555425329260491,-0.0424064531657825,0.0282027062428912,0.0187340172378632,-0.0198504301029511,0.0593368804011928,-0.0294569935223652,0.0827949773350825,0.0150384865157258,-0.0056607564565045,0.048054533322868,0.04872454660048,-0.0090455396226757,0.0155714066922613,-0.0229371641435896,0.0201934080320565,24.0,0.3792307604142609,0.1506659321881037,0.7797010404181303,0.5994607161292381,23.0,22.0,1.0,5.1309936235717855,0.5166594396571184,0.2332269828896266,0.1143751383062443,0.3653502302866736,0.43464322728367,2.957601457416396,3.0,3.0,0.0,0.0089469357187849,0.0045964654833287,0.0029823119062616,0.0013846053692755,0.00430421724511,0.0044503413642194,0.980789050347306
sciver_test_894,1,24,16,40,2000,0.1479331485662302,22.0,22.0,1.0,5.954545454545454,2.0,2.0,4.0,0.125,0.0476190476190476,0.0,0.0,0.0,0.0,0.0,0.0,0.0,0.0,0.0,2.0,0.0909090909090909,0.0,0.0,1.0,0.0454545454545454,0.0,0.0,0.2048210962318873,0.1703873811683667,-0.0037397700074019,-0.0322521752569338,-0.0380473351184668,-0.0137597516561876,0.0362844926669035,0.0645958167939802,0.0630973384067935,-0.0513642166507091,-0.0159084638125081,-0.0006028560167809,-0.0468224134001906,-0.0554139986424652,0.0655949638456779,-0.0343819134909458,0.0245311910982771,-0.1100328312120676,-0.0821192546541122,-0.059735968445235,-0.1388006667372046,0.0266165463760008,0.0869606726436967,0.1552729929385944,22.0,0.3866880421320497,0.1762593666173008,0.8234182445911078,0.620272987447009,22.0,21.0,1.0,4.971191422500471,0.5338308142398375,0.236723401071451,0.1387720743208036,0.435685844971134,0.4914856502611434,2.8697131243714833,0.0,0.0,0.0,0.0,0.0,0.0,0.0,0.0,0.0,0.0
sciver_test_897,1,24,16,40,2000,0.360105244998637,49.0,29.0,0.5918367346938775,4.285714285714286,4.0,0.0,0.0,0.2105263157894736,0.1666666666666666,0.0,0.0,0.0,3.0,0.0612244897959183,0.0,0.0,0.0,0.0,2.0,0.0408163265306122,0.0,0.0,0.0,0.0,0.0,0.0,0.1967812297470057,-0.0609711751544488,-0.0182095486336488,0.0870774202249688,-0.0435781050772176,0.050628995098571,-0.0573318763860999,0.0595916499498583,0.0093495625750353,0.0900809845581599,-0.0580553605957883,0.0011874698394719,-0.0093766579211001,0.0379439106738375,-0.0739411077993965,-0.0401777788305633,-0.0370188849009677,-0.0118684667629292,0.0537497470740137,0.0307972420756514,-0.0683359093043403,0.0115426826446058,-0.0751326143941743,-0.0557713242637153,29.0,0.3206950806123446,0.151644321751085,0.7640682637324975,0.5095919325196574,26.0,25.0,1.0,4.64280628643127,0.4041650955323707,0.1857122514572508,0.0992636428647209,0.3022400231215001,0.340148205523764,3.0602901993129854,2.0,2.0,0.0,0.0240663416435913,0.021227852200778,0.0120331708217956,0.0091946813789823,0.0193889159249815,0.0203083840628798,0.3628091798074835
sciver_test_899,1,24,16,40,2000,0.0590172041621278,29.0,25.0,0.8620689655172413,5.275862068965517,3.0,0.0,1.0,0.1136363636363636,0.1052631578947368,0.0,0.0,0.0,2.0,0.0689655172413793,0.0,0.0,0.0,0.0,2.0,0.0689655172413793,1.0,0.0344827586206896,0.0,0.0,0.0,0.0,0.2174992085954782,-0.0403910671459232,0.0626146745442337,0.0408073700185575,-0.0548666813002661,-0.0882740732688608,-0.0662828484354114,-0.0760807670406972,-0.104533415816154,0.0008574349536381,-0.0044278138498368,0.0163045644477167,-0.0039672973967629,0.0459407203908497,-0.010083810057049,-0.053591194678442,-0.0512038457439891,-0.0230438749297431,-0.0241271149369677,-0.0158121495152549,0.0210439100489619,0.0011907928404962,-0.0363946647742098,0.0238169039789168,25.0,0.3318001229069068,0.1334923892633816,0.6268604847907303,0.4997464942326263,25.0,24.0,1.0,4.458788138909306,0.4126425206339582,0.185782839121221,0.1103159269681354,0.3227649259821109,0.3318381176334311,2.9820209187346567,0.0,0.0,0.0,0.0,0.0,0.0,0.0,0.0,0.0,0.0
sciver_test_901,1,24,16,40,2000,0.492209893592081,39.0,33.0,0.8461538461538461,3.9743589743589745,7.0,0.0,7.0,0.1409395973154362,0.1333333333333333,3.0,0.1578947368421052,0.0,2.0,0.0512820512820512,0.0,0.0,0.0,0.0,0.0,0.0,0.0,0.0,0.0,0.0,0.0,0.0,0.1299745499051954,-0.0423839587511942,-0.0823944587101405,0.006907558351639,0.0186970769389948,0.0438374136023683,-0.0643586797176394,-0.0305465459125107,-0.0772808703900346,-0.0029385198064604,0.0288860548813866,-0.0151110098232811,0.0250908840439656,0.0131117861116767,-0.0201067214468127,0.0844729580478218,-0.0367937794670535,-0.0840234630838286,-0.1287083349944757,0.0810337150889207,0.0504025243155802,-0.0427663484700019,-0.0770155727053875,-0.028332196445122,33.0,0.3088803597252932,0.1665568091160279,0.7978659713503706,0.5418937919235604,28.0,27.0,1.0,4.928760936386988,0.4816531382905982,0.1825467013476662,0.1248356715302961,0.322303024298447,0.4354106834880197,3.053409727337116,1.0,1.0,0.0,0.0103567064453951,0.0103567064453951,0.0103567064453951,0.0,0.0103567064453951,0.0103567064453951,-0.0
sciver_test_903,1,24,16,40,2000,0.48697373709541,32.0,26.0,0.8125,5.0625,3.0,0.0,0.0,0.1555555555555555,0.1388888888888889,0.0,0.0,0.0,2.0,0.0625,2.0,0.0625,0.0,0.0,1.0,0.03125,0.0,0.0,0.0,0.0,0.0,0.0,0.2834746038849853,0.0160661293850126,-0.0872984370888823,0.1595637261087621,-0.0782039179724891,-0.0455533640790246,-0.0870401645459702,-0.086703654678397,-0.1485016212766423,0.003159228993681,0.0016621440889454,-0.0028106561435471,0.0286198796444403,0.0519557751760153,0.0576816952657205,0.0449694035324317,0.0063659039200052,-0.0484167124997748,-0.0212300900804155,0.0220587189277722,0.0140473889043134,-0.0374817860990478,-0.03263855652961,0.0552286820783005,26.0,0.329069530345163,0.1516938080968447,0.7272259425011983,0.5406358919180807,25.0,24.0,1.0,4.510833787575109,0.4735327891119221,0.1879514078156295,0.1112400557677142,0.3460055649402911,0.3840585482925103,3.0043945415217186,1.0,1.0,0.0,0.005850995885482,0.005850995885482,0.005850995885482,0.0,0.005850995885482,0.005850995885482,-0.0
sciver_test_904,1,24,16,40,2000,0.0584147203341905,32.0,25.0,0.78125,4.84375,0.0,0.0,0.0,0.1041666666666666,0.0714285714285714,0.0,0.0,0.0,1.0,0.03125,1.0,0.03125,0.0,0.0,0.0,0.0,0.0,0.0,0.0,0.0,0.0,0.0,0.2808114301381366,0.0230065727848147,-0.1178208269670048,0.1853453475686793,-0.0956878160455603,-0.0663125045703267,-0.102349130729923,-0.1908764418241802,-0.1092239871750587,0.0532435676760441,-0.0229291547051937,-0.0890736354840627,0.0050369100447835,-0.0346515485457239,0.0612874069467241,-0.0381983769852545,0.0233649856058944,-0.015149647499119,-0.0184123665186841,-0.0174787682352138,0.0088163666881201,0.1277011633380201,0.0044095507576437,0.0135474291997768,25.0,0.4087075407561937,0.1470082744647241,0.733901232113762,0.6007393829369763,25.0,24.0,1.0,5.814092932131459,0.4480580434065814,0.2422538721721441,0.1038338809245651,0.3850876483732043,0.3951785460717888,3.0782733835636185,2.0,2.0,0.0,0.005064706754828,0.0044675080178644,0.002532353377414,0.0019351546404504,0.0040804770897743,0.0042739925538194,0.3627476395187095
sciver_test_907,1,24,16,40,2000,0.1019298634345855,29.0,25.0,0.8620689655172413,4.620689655172414,8.0,3.0,8.0,0.1,0.0681818181818181,1.0,0.125,0.0,0.0,0.0,0.0,0.0,0.0,0.0,1.0,0.0344827586206896,0.0,0.0,0.0,0.0,1.0,0.0344827586206896,0.2402800748223056,0.1094137860181819,0.1039865446021519,-0.2020340229073514,-0.0488066564235141,0.0108597477216897,-0.2587116630310572,-0.1926800135349019,0.1785382901540909,0.1106531613422235,0.0957065862391863,0.0319345653217319,0.0838668543659931,-0.0140487870777948,-0.1051556713362069,0.1251675204365428,-0.0259385169544607,0.0648677981332435,-0.0070676304106356,-0.0673319563704287,-0.058796675352258,0.037837815785167,-0.0357174734872055,-0.0369028416349545,25.0,0.3324599005550707,0.1539930340525349,0.6807116827692384,0.5275795441480204,24.0,23.0,1.0,4.555543200824675,0.453377132023815,0.1980670956880293,0.1293947556979376,0.3885566353632421,0.4159316522930389,2.8996524426044425,1.0,1.0,0.0,0.0145891840365952,0.0145891840365952,0.0145891840365952,0.0,0.0145891840365952,0.0145891840365952,-0.0
sciver_test_909,1,24,16,40,2000,0.1954661795011913,30.0,24.0,0.8,4.5,4.0,0.0,2.0,0.1111111111111111,0.1034482758620689,0.0,0.0,0.0,0.0,0.0,0.0,0.0,0.0,0.0,1.0,0.0333333333333333,0.0,0.0,0.0,0.0,0.0,0.0,0.1402140565205148,0.0001767525882679,-0.0401986296152401,0.0812382215598348,-0.0025705841752285,-0.0359759572692844,-0.0709602497231913,0.0156505804974106,-0.0258075339710336,-0.0017716734400484,0.0119301793232958,-0.0764944033726376,0.0158873508627609,0.0050275747426781,0.0456510659795086,0.0077122968246075,0.0397220160165537,-0.0200157085598083,0.0145103891067323,0.0117501145497395,0.0225764196947818,0.0024403555163405,0.0721249742080849,0.0076193001783519,24.0,0.3288678426680003,0.1420174537269874,0.6471587061456816,0.5097933784662185,24.0,23.0,1.0,3.879022408451711,0.4696233405647689,0.1686531481935526,0.1144663267205824,0.319919742722175,0.3733342613275605,2.916009379475666,0.0,0.0,0.0,0.0,0.0,0.0,0.0,0.0,0.0,0.0
sciver_test_912,1,24,16,40,2000,0.1795122860041729,21.0,17.0,0.8095238095238095,5.095238095238095,2.0,0.0,3.0,0.0952380952380952,0.1111111111111111,0.0,0.0,0.0,2.0,0.0952380952380952,0.0,0.0,0.0,0.0,1.0,0.0476190476190476,0.0,0.0,0.0,0.0,0.0,0.0,0.1909560740250016,0.1350613629129798,-0.0723625561511968,0.1093429992183359,-0.1312516917364571,-0.0153088475136904,0.0942824092494478,0.0358330782039115,0.0985000917955143,-0.0529995770934789,0.0803882282256755,0.0184317595363366,0.1830987643919709,-0.0079654090745579,-0.0766854110814232,-0.1832025820838002,-0.0173129608180467,-0.0890754635925576,0.0277237409536259,-0.0009229867213456,0.1272989976453755,0.01332339001252,-0.0690075954757467,-0.0908017449407785,17.0,0.3517579187129711,0.1320920295818334,0.6195807677653938,0.5283296015876362,16.0,15.0,1.0,3.5494489374037386,0.4701491511169171,0.2366299291602492,0.1131430016691139,0.3627746978114077,0.3979383929967394,2.5778431425239474,1.0,1.0,0.0,0.0136044887950284,0.0136044887950284,0.0136044887950284,0.0,0.0136044887950284,0.0136044887950284,-0.0
sciver_test_914,1,24,16,40,2000,0.2218894671330866,27.0,25.0,0.925925925925926,4.666666666666667,4.0,2.0,3.0,0.1842105263157894,0.1935483870967742,0.0,0.0,0.0,1.0,0.037037037037037,0.0,0.0,0.0,0.0,1.0,0.037037037037037,0.0,0.0,0.0,0.0,1.0,0.037037037037037,0.2599104419646205,0.2447598835689116,0.0710521086372512,-0.076387316635858,-0.0621239043025491,0.0500628853443733,-0.03236479128935,-0.1966628356415621,0.041865707026106,-0.027134124660937,-0.027261010113968,0.0976636792478933,-0.0236994431893922,-0.1883447990092421,-0.0486465395146277,-0.0673341355083884,0.0439052007083466,-0.1104346796354842,0.02725389161423,0.1084107115548439,-0.0279488054262562,-0.0267906160572521,-0.0744009988555047,0.0430108228760554,25.0,0.3146432083392518,0.1640555989650787,0.661421416854392,0.5444008484636732,24.0,23.0,1.0,4.049941755842014,0.4653063313077145,0.1760844241670441,0.1312547647017353,0.3838832600336753,0.4075049864889399,2.826204694833795,3.0,3.0,0.0,0.0289080994161003,0.0268354694466009,0.0096360331387001,0.0121722703962502,0.0217990553953817,0.0243172624209913,0.2941090557896115
sciver_test_916,1,24,16,40,2000,0.2278027852996884,22.0,19.0,0.8636363636363636,4.318181818181818,4.0,2.0,4.0,0.1428571428571428,0.1428571428571428,0.0,0.0,0.0,0.0,0.0,0.0,0.0,0.0,0.0,0.0,0.0,1.0,0.0454545454545454,0.0,0.0,1.0,0.0454545454545454,0.2023702119211143,0.0315883477129281,0.1486827266929269,-0.0796573354787792,-0.0601394550030966,-0.0250815823828919,-0.183096489437454,-0.1732917845521581,-0.1136747888227564,0.0385717419381702,-0.0988276996567318,0.0917686582914122,-0.0350930276594681,-0.0403811680717003,-0.0049034334009152,-0.1197889947829024,0.0621238691050987,-0.0400461320070213,0.0876118800775612,0.0016681339635427,0.0105395077475835,0.0517650397632691,0.1064473674440718,0.0037268766649601,19.0,0.3005020016907264,0.1500154537228264,0.6195194760312568,0.4870553915970821,19.0,18.0,1.0,3.069970513763073,0.4596023605090908,0.1705539174312818,0.1286714376160495,0.2991671100021764,0.3328688329509536,2.5838091243182753,0.0,0.0,0.0,0.0,0.0,0.0,0.0,0.0,0.0,0.0
sciver_test_918,1,24,16,40,2000,0.188544219845137,29.0,20.0,0.6896551724137931,4.517241379310345,4.0,0.0,0.0,0.2068965517241379,0.217391304347826,1.0,0.3333333333333333,0.0,0.0,0.0,2.0,0.0689655172413793,0.0,0.0,0.0,0.0,0.0,0.0,0.0,0.0,0.0,0.0,0.2191207718147821,0.0765138971123962,-0.1148807626704063,0.174948460725575,-0.0819035140146713,0.0371188964191798,-0.0017035950588117,-0.0196278576284771,0.0283294142216358,-0.0354448423587469,-0.1749355773389344,0.0534806117449144,-0.0943262560713921,0.0183261451175772,-0.0100239876923107,-0.0120203695504208,0.0471799018285935,0.0090779298725785,-0.0661033560636187,-0.0392023441293561,-0.1250242711610837,-0.0265207756827365,-0.0461483401520248,-0.0259617246156424,20.0,0.4207098341737993,0.2219379339229917,0.8798711576602777,0.6836660244599836,18.0,17.0,1.0,4.3228473366674285,0.6376929806939965,0.2542851374510252,0.1767888897113217,0.5415199587969542,0.5726339353952248,2.599867179812662,3.0,3.0,0.0,0.0201232044016174,0.0075733436533959,0.0067077348005391,0.0008183141475994,0.0074467020515987,0.0075100228524973,1.0910195071745772
sciver_test_921,1,24,16,40,2000,0.2600516868746185,29.0,27.0,0.9310344827586208,5.862068965517241,3.0,0.0,3.0,0.0588235294117647,0.0689655172413793,0.0,0.0,0.0,0.0,0.0,0.0,0.0,0.0,0.0,0.0,0.0,0.0,0.0,3.0,0.1034482758620689,0.0,0.0,0.1388672155579142,-0.1017778232987935,0.0213083844186045,-0.0530748841140455,0.0172489274418053,-0.027899920581567,-0.0730781555334669,-0.0139484585505758,0.0554898523883423,0.0587076613771821,0.0185550542067887,0.1152836517682747,-0.0308105687406867,-0.0219179257788578,-0.0965802251761194,0.0492196175352002,0.1099753664076806,-0.0475157671646164,-0.069754194884453,0.0828662900677905,0.0445927240209888,-0.0879413237442016,0.018011286889164,0.1812954663771209,27.0,0.3557711812852877,0.1687522801037565,0.7693884682661974,0.5881149544983747,27.0,26.0,1.0,4.655402020384721,0.5214964873345654,0.1790539238609508,0.1330241140817963,0.3350026217150207,0.3951984121049332,2.965891433844773,2.0,2.0,0.0,0.0115807174502142,0.0091690376232095,0.0057903587251071,0.0033786788981024,0.008493301843589,0.0088311697333992,0.5116282738696754
sciver_test_925,1,24,16,40,2000,0.3298753123035849,21.0,17.0,0.8095238095238095,4.809523809523809,5.0,0.0,2.0,0.1071428571428571,0.0704225352112676,1.0,0.0909090909090909,0.0,0.0,0.0,0.0,0.0,0.0,0.0,2.0,0.0952380952380952,0.0,0.0,0.0,0.0,0.0,0.0,0.1906047711857527,0.0915283476877927,0.0244891249374131,0.0693451130422908,0.074470493631664,0.1465993517732624,0.0264952185162251,0.0521440292163851,-0.0504409675901389,0.0085488379398535,0.1623107606183404,0.1766962260188394,0.0061615736503458,0.1267933883453137,-0.0047591442653446,-0.1501746590226803,-0.0165637358336741,-0.0630782658065873,-0.03369813543334,-0.0369154772045068,0.0166874813376679,-0.0161441085513862,0.0374418000129372,0.0493537681601029,17.0,0.3953175556782895,0.1988105613171658,0.8186500911161338,0.6757286699451046,14.0,13.0,1.0,3.383618312324688,0.6033617795899768,0.2602783317172837,0.130329550213915,0.3772875729450735,0.4716389853869188,2.447238317811504,0.0,0.0,0.0,0.0,0.0,0.0,0.0,0.0,0.0,0.0
sciver_test_926,1,24,16,40,2000,0.1232931385481816,34.0,27.0,0.7941176470588235,5.352941176470588,4.0,0.0,0.0,0.0444444444444444,0.054054054054054,0.0,0.0,0.0,1.0,0.0294117647058823,0.0,0.0,0.0,0.0,3.0,0.088235294117647,0.0,0.0,0.0,0.0,0.0,0.0,0.2485807656012449,0.2316052754769821,-0.04257095430482,0.1059530635360917,0.0511851721578356,-0.0783926180288771,0.1556526120496188,-0.0550380851613287,-0.1295589950121249,-0.0338228430785774,0.0434832092858283,-0.0276260731886585,0.004516084212437,0.0808752585607736,-0.0933777111669739,0.000388623551484,0.2638683004218356,0.1104536658246956,0.0430833772823154,-0.0700776692272909,0.0316524106753418,0.0977900734440036,-0.1031228766060864,-0.0132465867399995,27.0,0.3467892960058019,0.1635713677418907,0.7315125832638341,0.5627859503975091,26.0,25.0,1.0,5.141991542306099,0.4546632605613585,0.2056796616922439,0.1254473684330411,0.3746414486864972,0.4263805152381291,3.0100902179784814,0.0,0.0,0.0,0.0,0.0,0.0,0.0,0.0,0.0,0.0
sciver_test_927,1,24,16,40,2000,0.1092401369819307,41.0,33.0,0.8048780487804879,3.682926829268293,8.0,0.0,4.0,0.1343283582089552,0.1034482758620689,1.0,0.1,0.0,1.0,0.024390243902439,0.0,0.0,0.0,0.0,2.0,0.048780487804878,0.0,0.0,0.0,0.0,0.0,0.0,0.2471839221302589,-0.0976258948915844,0.1328279705574217,0.1610209674332195,0.0630223639196403,0.0288885336026043,-0.0516261088524666,-0.0786332997339445,-0.0086517927621817,0.0097777221104261,0.0031128956687548,-0.0043289437269867,0.0184039073389365,0.1432369803038858,0.0210258434570171,-0.0041417949471908,0.0212638977842236,-0.1540445582940776,0.0285182733685112,0.0266042358298218,0.0450095113864794,-0.0964801731373896,-0.0753959212257965,0.045207356477155,33.0,0.29555455157134,0.1747606277266033,0.7885428431623214,0.5546725385852029,24.0,23.0,1.0,4.850431731166906,0.4667878021985648,0.2108883361376915,0.1287749154046533,0.3987319248532648,0.4162921468789989,2.944584973106676,0.0,0.0,0.0,0.0,0.0,0.0,0.0,0.0,0.0,0.0
sciver_test_928,1,24,16,40,2000,0.2541655318083586,25.0,24.0,0.96,6.4,0.0,0.0,1.0,0.1372549019607843,0.1363636363636363,0.0,0.0,0.0,0.0,0.0,0.0,0.0,0.0,0.0,0.0,0.0,0.0,0.0,0.0,0.0,0.0,0.0,0.0701700248281356,-0.0496998246713824,-0.1003997831963094,-0.03950207423759,-0.0078587173240562,-0.0343569290980434,-0.0319567283362777,0.030119640088566,-0.0087458957778896,0.0585815163553281,0.0451928816609309,-0.0293738724631841,0.023572527480973,-0.0072982489162918,0.0510152964465749,-0.0130184983430935,-0.046470582144163,0.0272547204453054,0.0606744250965332,0.0726176668299283,-0.0175493010201275,0.1280074438667283,-0.0450829920252302,0.0664961440390994,24.0,0.3726083719367022,0.1242787956349583,0.6709120086861697,0.5418689557696892,24.0,23.0,1.0,5.208284727123183,0.4502086157079119,0.226447162048834,0.1019862561555455,0.3777389407148609,0.3988956374228449,3.0348017700382903,3.0,3.0,0.0,0.0286432821498677,0.0142307640252181,0.0095477607166225,0.0051834609143098,0.0138026846250304,0.0140167243251242,0.9152894486926876
sciver_test_932,1,24,16,40,2000,0.0695357314111092,28.0,23.0,0.8214285714285714,4.428571428571429,7.0,0.0,2.0,0.0512820512820512,0.0333333333333333,0.0,0.0,0.0,1.0,0.0357142857142857,0.0,0.0,0.0,0.0,2.0,0.0714285714285714,1.0,0.0357142857142857,0.0,0.0,0.0,0.0,0.1977512809101684,-0.0446662879989597,0.2225556832480045,0.0338660827249054,-0.054590053594483,-0.0180651330870184,0.0024800898193397,0.1779554555336278,-0.0673247792855504,-0.0164903176432578,0.011991966228268,-0.0321676399152964,-0.0604443402902902,0.0469570488630757,0.0378885036397165,0.0089395576327872,0.0076783349092956,0.0954005125481454,0.0630508589036014,-0.0559661601098081,-0.0194800064990477,0.0064228995134625,0.0365461392736949,0.0914988871940082,23.0,0.3997325514891826,0.1736376975954845,0.792271098542655,0.6348766807416931,20.0,19.0,1.0,3.8896011991978767,0.4714242684395209,0.2047158525893619,0.1222851691035739,0.3674461587883786,0.3937792161572591,2.7597788178728004,2.0,2.0,0.0,0.0052079828038899,0.0036478551639945,0.0026039914019449,0.0010438637620495,0.0034390824115846,0.0035434687877895,0.6104949948828762
sciver_test_933,1,24,16,40,2000,0.3920306112212921,22.0,20.0,0.9090909090909092,4.7727272727272725,5.0,0.0,1.0,0.1,0.0972222222222222,1.0,0.1666666666666666,0.0,0.0,0.0,0.0,0.0,0.0,0.0,2.0,0.0909090909090909,0.0,0.0,0.0,0.0,0.0,0.0,0.1888641894836479,0.0567212972445879,0.1265327466181251,-0.0436476856124958,-0.0580645883024582,0.2241029367533755,-0.1555028013422819,0.0802960796739166,0.0239734898533474,0.2081886979471408,0.034714219933376,-0.0304102302672297,0.1011090299274217,-0.0371655439217345,0.0097952562970731,-0.0690466280799254,0.1707649890005727,0.1214688801974939,-0.0543439405316178,-0.0720337189095444,-0.044739720341843,-0.0470640878873812,-0.0130127935690422,0.0838425912633013,20.0,0.3500512834614038,0.1348788393720627,0.6639582072533244,0.5140605925430586,19.0,18.0,1.0,3.4623917400358986,0.4184587485475652,0.192355096668661,0.1099342851878225,0.3323919597561612,0.3813666918131277,2.704144543991175,0.0,0.0,0.0,0.0,0.0,0.0,0.0,0.0,0.0,0.0
sciver_test_935,1,24,16,40,2000,0.286776284727721,22.0,20.0,0.9090909090909092,5.318181818181818,4.0,0.0,1.0,0.1428571428571428,0.1320754716981132,1.0,0.0909090909090909,0.0,0.0,0.0,0.0,0.0,0.0,0.0,2.0,0.0909090909090909,1.0,0.0454545454545454,0.0,0.0,0.0,0.0,0.2167717485308639,-0.0128547460550658,0.226184875265416,0.0735410743254125,0.048237004330363,-0.1846409107329722,-0.0719792978101471,0.0553089814006026,-0.1066994868127016,0.0027942884834027,0.0002108425251204,-0.0184204331484049,-0.0722315616619866,0.0510292857342863,-0.032157937852808,-0.0496284550668209,-0.0498030166797325,-0.0697192353227205,0.0594644961219786,-0.0256223859469814,-0.0693403648137401,-0.1022624420175824,0.0016981793732755,-0.0206616133498583,20.0,0.3189821410168462,0.1758976429495977,0.7176003628498835,0.5230555511457147,19.0,18.0,1.0,2.9422161225536225,0.4464863197212887,0.163456451252979,0.133802287492624,0.3534277701262082,0.3719185930060805,2.548361340004367,0.0,0.0,0.0,0.0,0.0,0.0,0.0,0.0,0.0,0.0
sciver_test_937,1,24,16,40,2000,0.0996733727664427,20.0,20.0,1.0,5.25,4.0,0.0,1.0,0.0555555555555555,0.074074074074074,0.0,0.0,0.0,0.0,0.0,0.0,0.0,0.0,0.0,0.0,0.0,0.0,0.0,0.0,0.0,0.0,0.0,0.1913902234418583,-0.0515950885668667,0.1729415733208118,-0.0696665010340083,-0.0782080429035348,0.2596844347087994,-0.0115390760477832,0.1436770162222434,-0.0839034663387823,0.1601343106716789,0.0616106546291731,-0.0002116055321652,0.087240402706365,-0.0052493977794299,0.1150107674575875,-0.174149740054573,0.1684093183804935,0.14132734801034,-0.0278640097794105,-0.0653704609618363,0.0145215546173421,-0.0502913018852654,0.0065559634287648,-0.0018851269093588,20.0,0.407674155344537,0.1430642485100818,0.6595452605559446,0.5685128357451109,19.0,18.0,1.0,4.165624224871371,0.4247335539504005,0.2314235680484094,0.1223021038306861,0.4012462632684949,0.4180986585463063,2.734633482096236,1.0,1.0,0.0,0.0045964654833287,0.0045964654833287,0.0045964654833287,0.0,0.0045964654833287,0.0045964654833287,-0.0
sciver_test_938,1,24,16,40,2000,0.2579303817651676,21.0,17.0,0.8095238095238095,5.714285714285714,2.0,2.0,4.0,0.1304347826086956,0.0789473684210526,0.0,0.0,0.0,0.0,0.0,0.0,0.0,0.0,0.0,0.0,0.0,0.0,0.0,1.0,0.0476190476190476,1.0,0.0476190476190476,0.1752102018581489,0.0698557860678467,-0.0725457055832488,0.0047758245187314,-0.0458755909834819,-0.1110318071522723,-0.1135575481353804,0.1091488887511328,0.0994001764378913,-0.1262078741330287,-0.0263315947006629,-0.0643685741253553,0.0241751701301231,-0.1230190166171011,0.0161036415759167,-0.0643363847131798,-0.0448453712363765,0.0070474606044767,-0.0533894240617079,-0.1504654576269914,0.2023501123246498,-0.0064939497340149,-0.0016756876502454,-0.1019674423911101,17.0,0.4234748723244154,0.1547881036205087,0.8377797623661541,0.6634903591035153,17.0,16.0,1.0,4.398169579267259,0.6360458636242339,0.2748855987042037,0.1345757241192665,0.4128233874292996,0.4901316704753971,2.6497616656336147,0.0,0.0,0.0,0.0,0.0,0.0,0.0,0.0,0.0,0.0
sciver_test_939,1,24,16,40,2000,0.2508996490864418,31.0,24.0,0.7741935483870968,4.354838709677419,6.0,0.0,0.0,0.1149425287356321,0.0666666666666666,2.0,0.1538461538461538,0.0,1.0,0.032258064516129,0.0,0.0,0.0,0.0,2.0,0.064516129032258,1.0,0.032258064516129,0.0,0.0,1.0,0.032258064516129,0.2762179642061878,-0.0980388256880293,0.1721366835215146,0.0412751114480858,-0.0783521450698794,-0.0579420383745108,0.0708822453744063,0.0772381773748851,-0.0060677376594334,0.0263219174846334,-0.0685880247047732,0.0411353961806448,0.047927940898862,-0.0438033614407063,-0.01784417960958,0.1742397503064195,-0.034022249633848,-0.0583805421846783,-0.0088401168677648,-0.0429476752140109,-0.0074489302604453,-0.0067480733252749,-0.0314823963973601,0.0527389752879648,24.0,0.4090977201933105,0.1868066178484013,0.8093878585914457,0.6637394203187885,22.0,21.0,1.0,4.416370259353041,0.4375783168862175,0.2103033456834781,0.1346239663567807,0.3806051884682356,0.430546413629673,2.8143832479464477,1.0,1.0,0.0,0.0022700570292371,0.0022700570292371,0.0022700570292371,0.0,0.0022700570292371,0.0022700570292371,-0.0
sciver_test_941,1,24,16,40,2000,0.2230604152493645,37.0,32.0,0.8648648648648649,5.621621621621622,5.0,3.0,5.0,0.1458333333333333,0.119047619047619,0.0,0.0,0.0,0.0,0.0,0.0,0.0,0.0,0.0,0.0,0.0,0.0,0.0,1.0,0.027027027027027,1.0,0.027027027027027,0.2623236654912545,0.0769670558196469,-0.0646683491831712,-0.0690918476651457,-0.1048404191239104,-0.1771734283101927,-0.1837409730027008,0.1368805772182277,0.1170948598354588,-0.1944265889637288,-0.0728070814453355,-0.0294589152140251,0.1567524742132163,-0.0402958891967446,0.0704681012670549,0.0087043942356402,-0.028347743087964,0.0071706118583079,-0.0747201654222468,-0.1299012072211408,0.0913235246287622,-0.0343166286735871,-0.1160614363354726,-0.1259141445836128,32.0,0.4273110207401719,0.1758984900688507,0.9034550934059896,0.6645654163614264,30.0,29.0,1.0,6.742590138382268,0.5440199986795369,0.2325031082200782,0.1295404773259767,0.4289487990954957,0.4369311971020808,3.202382104949039,0.0,0.0,0.0,0.0,0.0,0.0,0.0,0.0,0.0,0.0
sciver_test_942,1,24,16,40,2000,0.1913313805456336,28.0,25.0,0.8928571428571429,5.178571428571429,5.0,2.0,3.0,0.1186440677966101,0.1041666666666666,0.0,0.0,0.0,1.0,0.0357142857142857,0.0,0.0,1.0,0.0357142857142857,2.0,0.0714285714285714,0.0,0.0,0.0,0.0,0.0,0.0,0.1836443414316701,-0.0620009766889108,0.1596601900866294,0.0512811086832726,0.0791418586694456,-0.1455306474854829,-0.060094655136829,0.0002277310428907,0.0503118530179928,0.0785786611030827,0.0478567753724523,0.0842057613300681,-0.1195527742041781,0.2083306007342598,-0.0233065729679802,-0.095608443301901,0.0550289698827095,-0.0992386045006202,-0.05696326219347,-0.0221718732784226,0.1427266670055048,0.0030097302907955,-0.0616584110112991,0.0890987352548841,25.0,0.360733948682941,0.148000876860323,0.729339122998292,0.5682619841332055,24.0,23.0,1.0,4.87930848096189,0.4069880805592499,0.212143846998343,0.1019494831699377,0.3342966706516361,0.389982614135749,2.9992023260886964,5.0,5.0,0.0,0.0173107889399378,0.0089762201718317,0.0034621577879875,0.0030521757061787,0.0069479645920615,0.0079620923819466,1.2307354199204157
sciver_test_943,1,24,16,40,2000,0.4302931055990506,25.0,22.0,0.88,5.4,4.0,2.0,4.0,0.2432432432432432,0.2333333333333333,2.0,0.2857142857142857,1.0,0.0,0.0,0.0,0.0,0.0,0.0,0.0,0.0,0.0,0.0,0.0,0.0,0.0,0.0,0.1878147128386719,-0.0180287201065532,-0.0221618673057608,0.0693462775728158,-0.0013810417313613,-0.1161263746375612,-0.1463092133133265,0.033627056276752,-0.0503333072139714,-0.0010047380462659,0.0175623741255153,0.0010014145587255,0.0263153738373985,-0.0908372260456744,0.0470504733353652,-0.0142094821003067,-0.0625928107254212,0.1225171800119934,-0.0398216274004447,-0.0074255770638578,-0.0653038888960374,0.0024716856413272,0.0572891923871677,0.0282182294954899,22.0,0.4099060375310082,0.1970336275705967,0.8811862044491127,0.6913690759015175,22.0,21.0,1.0,4.98195330046128,0.662174296635566,0.2372358714505371,0.1636617389916859,0.4027611633654629,0.4626901248557982,2.797796732564324,0.0,0.0,0.0,0.0,0.0,0.0,0.0,0.0,0.0,0.0
sciver_test_944,1,24,16,40,2000,0.3337630236566636,28.0,26.0,0.9285714285714286,4.642857142857143,3.0,0.0,6.0,0.1875,0.131578947368421,0.0,0.0,0.0,0.0,0.0,0.0,0.0,0.0,0.0,2.0,0.0714285714285714,0.0,0.0,0.0,0.0,2.0,0.0714285714285714,0.295927471101968,0.1840053825927763,0.077184403694237,-0.0564803546901125,-0.087796977954056,0.1284724685201415,-0.0994326857082912,0.089037313839606,-0.1117268790332524,0.1099156873580607,0.0996045263093011,0.289067825042389,0.0868740955560821,0.0556889381709813,0.0673850128677642,0.0235231307769862,-0.0622198824352607,0.0429741970771833,0.0756486470918805,0.0655080637564798,-0.0243228001205378,0.0640938642049924,0.0302809741923296,-0.0150304951980711,26.0,0.3114526112849481,0.1261414570794426,0.7010308851354705,0.4828711715914414,24.0,23.0,1.0,4.387830018371366,0.3773743166556714,0.1907752181900593,0.0887425759012572,0.2928762348000914,0.3175861748301721,3.009982483829784,1.0,1.0,0.0,0.0043088962650761,0.0043088962650761,0.0043088962650761,0.0,0.0043088962650761,0.0043088962650761,-0.0
sciver_test_945,1,24,16,40,2000,0.110210761739145,36.0,32.0,0.8888888888888888,4.861111111111111,0.0,0.0,1.0,0.1,0.0714285714285714,0.0,0.0,0.0,1.0,0.0277777777777777,1.0,0.0277777777777777,0.0,0.0,0.0,0.0,0.0,0.0,0.0,0.0,0.0,0.0,0.1914873953643372,-0.0321178898969778,-0.0883777088106765,0.0417383049033287,-0.0231623918642375,-0.0138842507274164,-0.0651197491204988,-0.0094257027136828,-0.052336478307248,-0.0156228572094982,-0.0778932852783043,0.054460513759018,0.0615874698642184,-0.0287501655191171,0.0557097804531798,0.0253048162986596,-0.0185654309706882,0.0553169695838361,-0.0525104937054814,0.023099530320227,0.0371085155102819,0.0034145738070119,-0.0994952144183506,0.0529812474645707,32.0,0.3297263068384422,0.1506733794640113,0.7535719917762157,0.5450703755342454,28.0,27.0,1.0,5.3446760839268785,0.394461070583576,0.1979509660713658,0.1032145408492986,0.3510347593228005,0.3799672354071419,3.1416955487135225,2.0,2.0,0.0,0.0253562121068335,0.020281250532306,0.0126781060534167,0.0076031444788892,0.0187606216365281,0.0195209360844171,0.5006056927261425
sciver_test_946,1,24,16,40,2000,0.2609578335214056,23.0,21.0,0.9130434782608696,5.826086956521739,1.0,0.0,0.0,0.28,0.238095238095238,1.0,1.0,0.0,0.0,0.0,0.0,0.0,0.0,0.0,0.0,0.0,0.0,0.0,1.0,0.0434782608695652,2.0,0.0869565217391304,0.1217183385172897,-0.0732018197890559,-0.0171290640065917,-0.0429710800681428,0.0088329168680816,0.0388272960496749,-0.0294791183129341,0.0022625525640969,-0.038704805591433,-0.0241331748740715,-0.0686347048701783,-0.0307451572238587,-0.071596637164381,-0.1040592595897627,-0.0223734457109595,-0.042213979909338,-0.0435279013372103,0.0283543701986786,-0.010836164408923,-0.1024241091546168,0.2308873641327011,-0.0903016359946823,-0.0554749551554181,-0.0854529622152353,21.0,0.4635911482747423,0.1735233569101836,0.844617703992941,0.6902505314457222,21.0,20.0,1.0,5.2357119443797,0.6094284157235871,0.261785597218985,0.139869012068758,0.4322906324756527,0.4504950452518181,2.858052779514201,1.0,1.0,0.0,0.0017618780582056,0.0017618780582056,0.0017618780582056,0.0,0.0017618780582056,0.0017618780582056,-0.0
sciver_test_947,1,24,16,40,2000,0.3059868728354071,33.0,28.0,0.8484848484848485,4.393939393939394,9.0,0.0,1.0,0.2093023255813953,0.1428571428571428,1.0,0.0909090909090909,0.0,1.0,0.0303030303030303,0.0,0.0,0.0,0.0,1.0,0.0303030303030303,0.0,0.0,0.0,0.0,3.0,0.0909090909090909,0.2945390953074762,0.2205596152867852,-0.0389052224071176,-0.0031213057038702,0.0685860307531759,-0.0809668820707608,-0.0776217758226365,0.0962369001926366,-0.0228801464142867,-0.1728161117026622,-0.0615812276963069,-0.0041742249579956,-0.0654145632965883,-0.1892105989718852,-0.0633569970107579,-0.0337860526178164,-0.013944610168929,0.022996133848625,-0.0462871250286784,-0.0678485418471927,0.1416014462206728,-0.0496910258024219,0.0156480657076453,-0.0401584387107971,28.0,0.4709836776545581,0.2203499798580751,0.9932126218922728,0.7800729485645316,26.0,25.0,1.0,5.070977428150701,0.4268566014232899,0.202839097126028,0.1136745081896249,0.3505600759955246,0.3744595954128638,3.0336815449045185,1.0,1.0,0.0,0.0060860633687718,0.0060860633687718,0.0060860633687718,0.0,0.0060860633687718,0.0060860633687718,-0.0
sciver_test_948,1,24,16,40,2000,0.2530098428153882,35.0,25.0,0.7142857142857143,4.628571428571429,1.0,0.0,1.0,0.1818181818181818,0.1481481481481481,0.0,0.0,0.0,1.0,0.0285714285714285,0.0,0.0,0.0,0.0,2.0,0.0571428571428571,0.0,0.0,0.0,0.0,0.0,0.0,0.2405906915743652,0.0979062363076501,-0.0011529171221023,0.1347011990550342,-0.0539689233411896,-0.0065318284160234,0.1080778433503551,-0.0460180549923817,0.0165619284578696,-0.0146860326246022,0.0282313806779456,-0.0141641236843546,0.030157812667634,-0.008398519342924,-0.0598500941963783,-0.1817033609628708,-0.008324679695483,-0.0571673577467061,0.0047939818100558,0.0063736711198665,0.0886496712844851,0.0005136030659641,-0.0418717407775215,-0.0404780981851957,25.0,0.3994932376598256,0.147377068471285,0.735705672089028,0.6126858833743276,25.0,24.0,1.0,5.630073594816405,0.4512583190123698,0.2345863997840168,0.0882080963502061,0.3460055649402911,0.3938795060502324,3.1094198346774875,5.0,5.0,0.0,0.0348416059589798,0.0175438525533648,0.0069683211917959,0.0057625832328701,0.0139399560652997,0.0157419043093323,1.2994155429573842
sciver_test_949,1,24,16,40,2000,0.0354605889194807,24.0,19.0,0.7916666666666666,3.9583333333333335,5.0,0.0,2.0,0.054054054054054,0.0333333333333333,1.0,0.2,0.0,0.0,0.0,0.0,0.0,0.0,0.0,0.0,0.0,0.0,0.0,0.0,0.0,0.0,0.0,0.1399246259656185,-0.0679535440351606,0.1643509279772284,-0.0117931249823027,0.0813539318106615,-0.1006798320921697,0.1241770706010292,0.0360057464516011,-0.1652917417143194,-0.18231597453978,0.0755486777430098,0.0177126941553032,0.0115646666196776,0.0116461706870999,-0.1419205296982265,0.0572598206093513,0.3058457456614627,0.1976298475479823,0.0392680057569583,0.001958854185592,0.0105677407124127,0.2424851566444362,-0.2223834324975384,0.0168423601649577,19.0,0.3005012306672144,0.1582921296544349,0.675265126552107,0.4945738419504333,17.0,16.0,1.0,2.8932160812458605,0.3265374726810406,0.1808260050778662,0.1076510066344725,0.2975643910893917,0.3088153110434383,2.547530284078886,0.0,0.0,0.0,0.0,0.0,0.0,0.0,0.0,0.0,0.0
sciver_test_950,1,24,16,40,2000,0.2902629968686587,33.0,27.0,0.8181818181818182,4.393939393939394,6.0,0.0,3.0,0.2,0.2068965517241379,0.0,0.0,0.0,0.0,0.0,0.0,0.0,0.0,0.0,2.0,0.0606060606060606,0.0,0.0,0.0,0.0,1.0,0.0303030303030303,0.2024390074666684,-0.0782959464888269,0.1887369317540773,0.0814075902961702,0.0511492341638699,0.0263965727763397,-0.0154325493960076,-0.1019788133321912,-0.0833029851320468,-0.0881154170570994,0.0695842022918975,-0.0461566843103403,0.175775448940191,0.0300200697698569,0.0329831254622068,0.0266956065565577,0.012914787669751,-0.1373817386374861,0.2411462785402995,-0.099932655599702,-0.0088084226971016,-0.1085412390752821,0.0376657595580763,0.06945051923738,27.0,0.3614869174749195,0.1725681863763693,0.8212186903406876,0.6010046884638026,25.0,24.0,1.0,4.8498024368087265,0.4090379036647405,0.2020751015336969,0.1134645916919766,0.3543162863171957,0.3942712063073841,2.998623209750915,1.0,1.0,0.0,0.0073613326501491,0.0073613326501491,0.0073613326501491,0.0,0.0073613326501491,0.0073613326501491,-0.0
sciver_test_951,1,24,16,40,2000,0.4625272507623607,33.0,25.0,0.7575757575757576,3.727272727272727,4.0,0.0,2.0,0.1627906976744186,0.1470588235294117,1.0,0.1428571428571428,0.0,1.0,0.0303030303030303,2.0,0.0606060606060606,0.0,0.0,1.0,0.0303030303030303,0.0,0.0,0.0,0.0,1.0,0.0303030303030303,0.2629673645240714,0.0478678267905021,-0.0080997333351048,-0.0029217454739427,0.0778548721168569,-0.0186571661638564,0.1669900761681971,0.0939255982821728,-0.0068777330150137,0.0903734723709807,-0.1015033852021141,0.2128484065025848,0.1224944893960329,-0.0957511875336027,0.0875643035900569,0.1107514189431409,-0.0085664816141697,-0.0752032272848821,-0.0430037896072001,0.0146178006823042,-0.0550449220413339,0.0404302509734686,0.013885046834807,-0.0233397319225331,25.0,0.249726387324304,0.1092162370183363,0.510193355871239,0.3961983300270027,24.0,23.0,1.0,3.2595292553082613,0.3303808483907908,0.1417186632742722,0.085409945997334,0.2237126699920558,0.2403901359336926,2.910411986915968,3.0,3.0,0.0,0.0245323897853708,0.0162185440787573,0.0081774632617902,0.0063204796554031,0.0144823399142092,0.0153504419964832,0.7454505833659086
sciver_test_953,1,24,16,40,2000,0.0214739708068172,28.0,21.0,0.75,5.357142857142857,8.0,3.0,3.0,0.0625,0.0256410256410256,1.0,0.125,0.0,2.0,0.0714285714285714,0.0,0.0,0.0,0.0,2.0,0.0714285714285714,0.0,0.0,0.0,0.0,0.0,0.0,0.1272532655169987,0.0593407669055941,-0.0250028638490007,0.0181949147328522,0.0120114166214048,0.0605571924162198,0.0705059426806351,0.0569412463772927,0.0536385029974003,0.0265510218490636,0.0262537014542945,-0.0265386385676438,0.0354682142673672,-0.0630724161181181,-0.1206015522134956,-0.0971110222716148,-0.0572065024440701,-0.1341964669798871,0.0085580343868557,0.0344625771896289,0.0916637795751771,0.051409995600994,-0.0744327086383793,-0.0134202607538419,21.0,0.2898150339866081,0.112809761389026,0.549847656350857,0.4294290158147876,19.0,18.0,1.0,2.9581177105729233,0.2655902938208856,0.1643398728096068,0.0804029314890288,0.2465323134939016,0.2521908231748665,2.7453825226764548,0.0,0.0,0.0,0.0,0.0,0.0,0.0,0.0,0.0,0.0
sciver_test_955,1,24,16,40,2000,0.1613048186999016,37.0,31.0,0.8378378378378378,5.27027027027027,5.0,0.0,0.0,0.131578947368421,0.0793650793650793,0.0,0.0,0.0,0.0,0.0,0.0,0.0,0.0,0.0,2.0,0.054054054054054,0.0,0.0,0.0,0.0,0.0,0.0,0.1806162016522764,-0.0209850207567948,0.076306947174952,0.0274571370714582,0.0089687678298444,-0.0807191535028129,-0.0545289254177065,0.1034233552777332,-0.0057642978611457,0.0790039205553763,0.0123306282633391,-0.0423850365532486,0.0176673274500904,-0.0487118529226774,-0.1300167145857148,-0.051251580232083,-0.0279638488933878,-0.0090614894728296,0.0220928428795319,0.0351692123237701,0.0300915185295044,0.0234680188458402,-0.0148658031556613,0.0820609473103627,31.0,0.3177743598797891,0.1436653138340798,0.7340320505402984,0.5244601730700299,29.0,28.0,1.0,5.305721556650142,0.5024607208991334,0.1894900555946479,0.11422724757666,0.3337872447404647,0.3990970836128198,3.144232032915287,5.0,5.0,0.0,0.0234888711113686,0.0118318661530139,0.0046977742222737,0.0038081361543099,0.0089185833836624,0.0103752247683382,1.2959671275593951
sciver_test_956,1,24,16,40,2000,0.2046838234401101,30.0,21.0,0.7,3.466666666666667,8.0,1.0,3.0,0.1111111111111111,0.081081081081081,0.0,0.0,0.0,0.0,0.0,0.0,0.0,0.0,0.0,0.0,0.0,1.0,0.0333333333333333,0.0,0.0,1.0,0.0333333333333333,0.2489938310387287,-0.1487285537741905,0.2973764234039377,-0.101444546746123,0.0774140120450879,0.0349078289823383,0.2349693142078121,0.0205366460527071,0.0954450394706917,0.0678996240873127,-0.1308476747793087,0.0963121231996442,0.0523626627236442,-0.1695014507711645,0.1171217852525612,0.1545128252234049,-0.0321578705925019,-0.0153705508981643,-0.067494950215196,-0.005773921919831,-0.0582464082964433,-0.0036029363330511,-0.0303267845187935,0.0166259522595794,21.0,0.2729110748782196,0.1573693524524328,0.7194821809065809,0.4043467956378658,20.0,18.0,2.0,2.1069447245600204,0.2963058876668977,0.1170524846977789,0.0817232628870474,0.2410126944457998,0.2621205353975808,2.637294078635103,1.0,1.0,0.0,0.0017157547471029,0.0017157547471029,0.0017157547471029,0.0,0.0017157547471029,0.0017157547471029,-0.0
sciver_test_957,1,24,16,40,2000,0.0161031058871378,29.0,24.0,0.8275862068965517,4.758620689655173,6.0,0.0,1.0,0.1282051282051282,0.0909090909090909,0.0,0.0,0.0,0.0,0.0,0.0,0.0,0.0,0.0,2.0,0.0689655172413793,1.0,0.0344827586206896,0.0,0.0,0.0,0.0,0.2377326202419381,-0.1530322978754901,0.339547419496965,0.0264639303020649,-0.1533240596537224,-0.013573914447688,0.145805353265731,0.0494176471836799,-0.0320017652833341,-0.0807674443123142,0.099122415607628,-0.0637353477838068,-0.0666688208331946,-0.0268315419099574,0.0437011568864163,0.0503423851862801,-0.0531146222516233,0.05274125657623,0.0233511987773406,0.0796271293403789,0.0346951494414542,0.004882006909223,-0.0375429092720849,-0.0099769061305208,24.0,0.3631839581892713,0.1372166115380439,0.6905955429622332,0.5262561856907554,24.0,23.0,1.0,4.434362993303943,0.3967219690564735,0.1927983910132149,0.1157263776490836,0.3417704542098852,0.3844433778896108,2.9444661950068656,2.0,2.0,0.0,0.0039797099027254,0.0036478551639945,0.0019898549513627,0.0016580002126318,0.0033162551214681,0.0034820551427313,0.286963849564576
sciver_test_958,1,24,16,40,2000,0.441534056024111,35.0,25.0,0.7142857142857143,5.0285714285714285,9.0,0.0,3.0,0.1951219512195122,0.2352941176470588,1.0,0.1428571428571428,0.0,0.0,0.0,0.0,0.0,0.0,0.0,1.0,0.0285714285714285,1.0,0.0285714285714285,1.0,0.0285714285714285,0.0,0.0,0.1271970035316237,-0.0659282212446711,0.1523123650717495,-0.0158747821822029,-0.0089719490797781,-0.0431858666669837,0.0264638631016162,-0.0497695870833201,0.0132396812770542,0.0422953346540386,0.0402026125315306,-0.0156081725423842,-0.0248062064261219,-0.0430562982100373,-0.0185533665377812,-0.0111810952610595,-0.0347350530407878,-0.0325312029669774,0.0181959802263721,0.0447161521601703,-0.03353353752235,-0.0333170864345861,-0.0522766140963217,-0.0063229888219931,25.0,0.3617380168278351,0.167999371910994,0.8075630736803044,0.5956054099442277,25.0,24.0,1.0,4.761201103043691,0.5737240969043692,0.1983833792934871,0.1364949565577552,0.3237031960800129,0.4077531152591913,2.9382499393836863,2.0,2.0,0.0,0.0067653027889411,0.0062633365327707,0.0033826513944705,0.0028806851383002,0.0056871995051107,0.0059752680189407,0.2643628240899906
sciver_test_959,1,24,16,40,2000,0.0,25.0,22.0,0.88,4.64,3.0,1.0,3.0,0.0,0.0,0.0,0.0,0.0,0.0,0.0,0.0,0.0,0.0,0.0,1.0,0.04,1.0,0.04,1.0,0.04,0.0,0.0,0.2418045793404448,0.058141009722292,0.0338155690092527,0.049215177253656,0.0932239702894688,-0.1037269329984762,-0.0095673482245567,0.0124778405738785,-0.0918931438339741,-0.0585101686600641,-0.086389152023974,0.135928448418577,0.0935177671747405,-0.0115967319109757,0.1457681846138576,-0.0210066620096089,-0.1026439783113607,-0.0212463084138082,0.0120256938472095,0.0273321808885613,-0.0042378719710628,-0.1296333500609778,-0.0169548347668798,0.0593726045245065,22.0,0.3103451742494286,0.1407318423432038,0.6444221537284768,0.5138769890862368,21.0,20.0,1.0,3.902100800759187,0.4781501844658322,0.1951050400379593,0.1284365386167881,0.3938122035776513,0.4700496827598221,2.7849909716099894,1.0,1.0,0.0,0.0148615673313281,0.0148615673313281,0.0148615673313281,0.0,0.0148615673313281,0.0148615673313281,-0.0
sciver_test_960,1,24,16,40,2000,0.1923335376115474,29.0,26.0,0.896551724137931,4.620689655172414,5.0,2.0,5.0,0.1739130434782608,0.1607142857142857,0.0,0.0,0.0,0.0,0.0,0.0,0.0,0.0,0.0,1.0,0.0344827586206896,0.0,0.0,0.0,0.0,0.0,0.0,0.2718999155349272,-0.123215111911146,0.182279076685395,0.0411873402907495,-0.1365441941093585,-0.0271744787041177,0.0931714439653205,0.1145253507960445,0.0314630841558291,-0.1258081460160012,0.1586625679425948,0.0404703805959699,-0.0313206955778804,0.0521916666941575,0.0448580408452374,-0.0710698884649853,0.0531975229445345,0.0059499466684179,0.0231507755450807,0.0210863702628893,0.0281562522031621,0.0786952920983913,0.0223423638690079,-0.0085510263394032,26.0,0.3463211562820375,0.1878860994498087,0.8933233916271772,0.553516239593894,24.0,23.0,1.0,4.426885835959432,0.4902910157033441,0.1924732972156274,0.1191445411954904,0.3485498827727828,0.4051356892166817,2.9473346218050733,1.0,1.0,0.0,0.0053244431639585,0.0053244431639585,0.0053244431639585,0.0,0.0053244431639585,0.0053244431639585,-0.0
sciver_test_961,1,24,16,40,2000,0.0774872762727456,29.0,23.0,0.7931034482758621,4.241379310344827,7.0,0.0,4.0,0.087378640776699,0.0659340659340659,1.0,0.0588235294117647,0.0,0.0,0.0,0.0,0.0,0.0,0.0,1.0,0.0344827586206896,0.0,0.0,0.0,0.0,1.0,0.0344827586206896,0.2907089508060345,-0.117002008246731,0.0932842354643049,0.1799236618694088,-0.1257633676091902,0.1213938176779867,0.0729491161617081,-0.057601393354971,0.0710572936738407,0.0345170227270227,-0.1466398539390718,-0.0337700271143757,-0.0509359260941492,0.154220669834591,-0.070503676212014,-0.0144654708600553,0.0591707450311951,0.0260204380796778,-0.0132171930499724,0.0853163179577526,-0.062692863572145,-0.030643950592997,-0.035896955206899,-0.0846061654042421,23.0,0.3446022144827308,0.2027145975121922,0.7664334536403561,0.5733272835462566,18.0,17.0,1.0,4.350816488463491,0.5421988234295853,0.255930381674323,0.1666334558133019,0.4864079020999556,0.4992908737355363,2.607882666757149,1.0,1.0,0.0,0.0012136664230404,0.0012136664230404,0.0012136664230404,0.0,0.0012136664230404,0.0012136664230404,-0.0
sciver_test_964,1,24,16,40,2000,0.2426858735996142,39.0,29.0,0.7435897435897436,3.4871794871794872,6.0,0.0,2.0,0.2162162162162162,0.2333333333333333,3.0,0.4285714285714285,0.0,1.0,0.0256410256410256,1.0,0.0256410256410256,0.0,0.0,2.0,0.0512820512820512,0.0,0.0,0.0,0.0,0.0,0.0,0.2629538279504249,0.0369965980050584,0.0119827973249347,0.1439797237183655,0.2260993147784513,-0.0152179677631389,0.0492419268924254,-0.1215423654706072,-0.2214802202108884,-0.0639590579032652,0.1139785528974154,-0.0232242687590175,0.18691335169149,0.0340756490710009,-0.1028760645266816,0.0849169501653763,0.1612611314610397,0.088380539745238,0.1526329670392911,-0.0910342128844803,0.0672716196323888,0.1493950372863767,-0.1564306576330889,0.0096931520726657,29.0,0.2947161630225,0.1840771213450849,0.7374577723814372,0.5654641895540257,22.0,21.0,1.0,4.2756761740531335,0.4975490394564939,0.2036036273358635,0.1296375679673106,0.3573136303240614,0.4695459458511317,2.839211170831291,0.0,0.0,0.0,0.0,0.0,0.0,0.0,0.0,0.0,0.0
sciver_test_965,1,24,16,40,2000,0.2229459459578532,38.0,29.0,0.7631578947368421,3.4210526315789473,6.0,0.0,2.0,0.1212121212121212,0.1052631578947368,1.0,0.1111111111111111,0.0,0.0,0.0,1.0,0.0263157894736842,0.0,0.0,0.0,0.0,0.0,0.0,0.0,0.0,0.0,0.0,0.2790406253883906,0.0129711488300968,-0.1064023606218588,0.19087360321558,0.0133872407719713,0.0328099734925078,-0.0045622709648348,0.0273045612143768,0.10920022864154,0.0756776048394848,-0.0406538341886954,0.0695551777652389,-0.0007420648730987,-0.1203217862937089,0.0897250837370427,0.051021111437357,-0.0258499131217656,-0.0263391378125981,-0.1037817203035764,-0.0525754678289303,-0.1041640703822153,0.0924422652995456,0.0648516449007473,-0.0546214276730452,29.0,0.2991487928772671,0.1682386837829085,0.7016628543337907,0.5340014899736181,23.0,22.0,1.0,4.523298284014318,0.4118872898618021,0.2056044674551962,0.1113991228606593,0.3509253838633938,0.3571541602185268,2.925234612385124,0.0,0.0,0.0,0.0,0.0,0.0,0.0,0.0,0.0,0.0
sciver_test_967,1,24,16,40,2000,0.0342986254581029,30.0,23.0,0.7666666666666667,4.9,3.0,0.0,0.0,0.0625,0.0273972602739726,0.0,0.0,0.0,2.0,0.0666666666666666,0.0,0.0,0.0,0.0,2.0,0.0666666666666666,0.0,0.0,0.0,0.0,0.0,0.0,0.2409824862362946,0.2254105246600012,-0.0478650525426952,0.0778980646809968,-0.0582956723397812,0.0599279369338882,0.1355178662281348,0.120489673003677,-0.0691936055415196,-0.0212560575202856,0.1932686519810874,0.133370373556126,0.0177442666337206,0.0255565008711176,-0.103143246937639,-0.0702811028852822,-0.0613194303238378,-0.0598987828506293,0.0710054823639048,0.0461920961487082,0.0673732382065801,-0.053251730391165,0.0403253581724254,-0.0080875023293224,23.0,0.3445419094756481,0.1610221310355192,0.8316582939754127,0.559064258686383,23.0,21.0,2.0,3.9461245450895226,0.4687145235484684,0.1879106926233106,0.0981429238074442,0.2948003168076518,0.3277498584333446,2.912711135463298,2.0,2.0,0.0,0.0138764443015841,0.0096717361818932,0.006938222150792,0.0027335140311011,0.0091250333756729,0.009398384778783,0.613393542016606
sciver_test_968,1,24,16,40,2000,0.2243005054310208,32.0,24.0,0.75,4.0625,4.0,0.0,6.0,0.1318681318681318,0.1265822784810126,0.0,0.0,0.0,0.0,0.0,0.0,0.0,0.0,0.0,0.0,0.0,0.0,0.0,0.0,0.0,0.0,0.0,0.2401559516781588,0.0632660643912911,0.0471331752833276,0.15313149451295,0.2604166114169645,0.0863845387130367,0.0067372982372644,-0.1702475591473208,0.0333767754869232,-0.0961939858454955,-0.0817094578497743,-0.0766677209685527,0.2336189860242673,-0.0914939668640172,0.0674421936711121,-0.0238115727043508,-0.0015662260024639,-0.1095551370624687,0.1708002429989051,0.0141653116584348,-0.0100302088387974,-0.1131011328051188,0.1171468009305954,0.0124856379586245,24.0,0.298226356351308,0.1485519098767414,0.6457733673869759,0.5087464667164592,18.0,17.0,1.0,3.947821757619421,0.4338140548568928,0.2322248092717306,0.0895800000781113,0.3317736463174714,0.3527695441982443,2.748042564000632,2.0,2.0,0.0,0.0144275214104155,0.0111672094898225,0.0072137607052077,0.0039534487846147,0.0103765197328995,0.010771864611361,0.5343714643852955
sciver_test_969,1,24,16,40,2000,0.0635023107229001,24.0,21.0,0.875,5.041666666666667,5.0,0.0,1.0,0.03125,0.0384615384615384,0.0,0.0,0.0,0.0,0.0,2.0,0.0833333333333333,0.0,0.0,0.0,0.0,0.0,0.0,0.0,0.0,0.0,0.0,0.1644752741869624,0.0398880290138328,0.0265524680904442,-0.0289956905492268,0.1117787316413825,-0.1618097413669287,-0.136292381748267,0.0178243284204094,-0.0389056029633447,-0.0297871217465485,-0.06392644813189,-0.0386750215960836,0.0275955627148714,-0.0657817619165898,-0.0632129721646041,0.0812052906210283,-0.0218198228843279,-0.0213625126721855,-0.0788278322425049,-0.0702357434333119,-0.106219995810142,-0.0001880834490442,0.0080206412131894,-0.0348389043895915,21.0,0.366773049292913,0.178446817962248,0.8491307798570028,0.6304521360649278,19.0,18.0,1.0,3.9433327010204375,0.4523839341268064,0.2190740389455798,0.1377106305960155,0.4121056115693995,0.4302694563954257,2.6522747967934506,1.0,1.0,0.0,0.0069286449003956,0.0069286449003956,0.0069286449003956,0.0,0.0069286449003956,0.0069286449003956,-0.0
sciver_test_970,1,24,16,40,2000,0.0954801676319152,29.0,25.0,0.8620689655172413,4.448275862068965,6.0,1.0,1.0,0.1632653061224489,0.1463414634146341,1.0,0.1111111111111111,0.0,1.0,0.0344827586206896,0.0,0.0,0.0,0.0,2.0,0.0689655172413793,0.0,0.0,0.0,0.0,0.0,0.0,0.2524704766448566,0.1886870524710038,0.0276293595285294,0.0737692539536834,0.0525793853848952,-0.0580400493432699,0.1095444508745527,0.0195001916980438,-0.0316547955016248,-0.0121533464360809,-0.0334800994677249,0.0123728703825036,0.1094097773141023,-0.097667215946894,-0.0501207763644635,-0.030248451154828,-0.0843674621847843,0.0135925937352088,-0.1387722534691606,0.1571494948953553,-0.0481278604291928,-0.0703981500074618,0.0288804718515981,-0.002858740829962,25.0,0.3931036000178625,0.2227957546493413,0.8907251268916448,0.7616548061175784,24.0,23.0,1.0,4.35049517437189,0.5570079665401619,0.1891519641031256,0.1300785259859306,0.3309464245798775,0.4464825035712924,2.907689847958107,1.0,1.0,0.0,0.0104703019664696,0.0104703019664696,0.0104703019664696,0.0,0.0104703019664696,0.0104703019664696,-0.0
sciver_test_971,1,24,16,40,2000,0.2529030310218151,28.0,22.0,0.7857142857142857,4.071428571428571,7.0,0.0,2.0,0.12,0.1136363636363636,2.0,0.2857142857142857,0.0,1.0,0.0357142857142857,0.0,0.0,0.0,0.0,2.0,0.0714285714285714,0.0,0.0,0.0,0.0,0.0,0.0,0.1691229608858206,0.1149167233191927,0.0647238119657838,-0.0174749228647564,0.0922331334117744,0.0342869845960255,0.0540158905882278,0.1297252286065171,-0.0168758639596635,0.0563124151844326,-0.1417437767368256,0.0073246320285855,-0.008918161016506,0.0109736108165604,-0.1707264475355729,-0.1128300029772274,-0.1129998933314789,-0.1340228291443984,0.045744632277996,0.1093045129843933,-0.0125515927106386,0.0189105881476135,0.0291143024600729,-0.0016855737855463,22.0,0.2352683126843517,0.1291799120181547,0.5156017056028676,0.3967219690564735,18.0,17.0,1.0,2.2887503874356505,0.3161970099739887,0.1346323757315088,0.0924039878875657,0.2453163149702896,0.2647240929872965,2.5801881618350846,0.0,0.0,0.0,0.0,0.0,0.0,0.0,0.0,0.0,0.0
sciver_test_972,1,24,16,40,2000,0.1556892309660466,22.0,19.0,0.8636363636363636,5.2727272727272725,2.0,0.0,0.0,0.1363636363636363,0.1578947368421052,0.0,0.0,0.0,0.0,0.0,0.0,0.0,0.0,0.0,0.0,0.0,0.0,0.0,1.0,0.0454545454545454,0.0,0.0,0.1041030622635158,-0.0568329729553718,-0.074143805848427,-0.0037364344559817,-0.0079889517357745,0.0133494119693727,0.0006752119587238,0.0509737034299768,-0.0207608505070765,-0.0929257067750155,0.0251924408377525,0.0231305978260729,-0.0184471293274698,-0.0213877669647609,0.0375818148795555,-0.0595328228582114,-0.0502082908798569,-0.0744190348183481,-0.0618197219245085,-0.0214230738717376,0.0458990037289269,0.0182878618105079,0.0269801231746543,-0.0221980340848177,19.0,0.4482151208824762,0.1685957847593608,0.7927194632932911,0.6489199975355691,18.0,17.0,1.0,4.806820559666859,0.5834694120991367,0.2827541505686387,0.1464413090706488,0.4648376757446535,0.535145851136357,2.68520861551099,1.0,1.0,0.0,0.0687537168090766,0.0687537168090766,0.0687537168090766,0.0,0.0687537168090766,0.0687537168090766,-0.0
sciver_test_973,1,24,16,40,2000,0.1940218432955067,34.0,30.0,0.8823529411764706,4.9411764705882355,3.0,0.0,3.0,0.1052631578947368,0.1041666666666666,0.0,0.0,0.0,0.0,0.0,0.0,0.0,0.0,0.0,0.0,0.0,0.0,0.0,1.0,0.0294117647058823,0.0,0.0,0.2660799587845832,0.0369075951294,-0.0400724199598295,0.1625326199227293,-0.0477032046032271,0.0568749964339187,0.0559066678455145,-0.1856581424073657,-0.0234371204082898,0.0040112021649896,0.0234048772629361,-0.0872464159554488,-0.0329089574105297,-0.0310187560613764,0.092312529147411,-0.0881696067340631,0.071045754558638,-0.0041406921352497,0.0271643822773762,-0.0838245851856012,0.0066523893752239,0.0353357301670255,-0.0172120390979507,0.0191784235770876,30.0,0.3167160856167784,0.1291215518888462,0.7272259425011983,0.5052936988680132,28.0,27.0,1.0,5.054554695863239,0.4369354830259362,0.1872057294764162,0.0932580927003055,0.3068583851071863,0.3370230290215972,3.172590816304395,3.0,3.0,0.0,0.0560089633312241,0.0372853384968847,0.0186696544437413,0.01329512004036,0.0321581288877635,0.0347217336923241,0.858816014167048
sciver_test_975,1,24,16,40,2000,0.009776878942168,50.0,36.0,0.72,4.3,8.0,2.0,7.0,0.0222222222222222,0.0,0.0,0.0,0.0,1.0,0.02,1.0,0.02,0.0,0.0,3.0,0.06,0.0,0.0,0.0,0.0,1.0,0.02,0.2361527088162143,0.0562173091692108,0.0250854050546073,0.0204598949200352,0.0567163001175977,-0.0122171498948005,-0.0928115313536654,-0.0781465431469448,-0.0637421632093928,-0.0470499654444531,0.0208200938739247,-0.0186084899988368,0.0592814902709004,0.0217767994986985,-0.0747001140980249,0.0429712512596767,-0.0710935302930157,-0.0569762597939613,0.064924339107134,0.0201019107779925,-0.0759494552334578,0.1279409637117626,0.0130071507055462,0.07326870119918,36.0,0.3224742674594858,0.1465305870095706,0.7073956145260344,0.5029066019461186,32.0,31.0,1.0,5.83800169881305,0.4523733926202822,0.1883226354455822,0.1046115795628897,0.2985140288300655,0.3343408442685103,3.26214680978353,4.0,4.0,0.0,0.0609429079086452,0.0252022345506752,0.0152357269771613,0.007069656653644,0.0231925589481912,0.0241973967494332,1.278075060649415
sciver_test_977,1,24,16,40,2000,0.2428535046576678,27.0,22.0,0.8148148148148148,4.555555555555555,5.0,1.0,2.0,0.1935483870967742,0.16,0.0,0.0,0.0,1.0,0.037037037037037,0.0,0.0,0.0,0.0,2.0,0.074074074074074,0.0,0.0,0.0,0.0,0.0,0.0,0.2858881635705687,-0.0881097875959106,0.3127460350659898,0.0721418218013462,-0.1023884073843352,-0.0883445600157394,0.1448048984944095,0.1082551242974018,-0.0036647468331464,-0.009083832919224,-0.0366448148660216,0.0235773664397193,0.0008111112469118,-0.057783709667102,0.0837932109479243,0.1246660773717787,-0.061198256417983,-0.0615513424611031,-0.02055074052318,0.0744876145190403,0.0388377770352304,-0.0014902870074269,-0.0042782730484023,-0.0429193701455717,22.0,0.3284068211442719,0.1696402959369298,0.7493565742926174,0.561911100753826,21.0,20.0,1.0,3.636504979981688,0.4928421620828462,0.1818252489990844,0.1372628965914306,0.3810364128661531,0.4357983400028558,2.7170210106388524,1.0,1.0,0.0,0.0004874817873753,0.0004874817873753,0.0004874817873753,0.0,0.0004874817873753,0.0004874817873753,-0.0
sciver_test_978,1,24,16,40,2000,0.1962029878153228,44.0,35.0,0.7954545454545454,3.7954545454545454,15.0,0.0,4.0,0.1666666666666666,0.131578947368421,5.0,0.25,0.0,0.0,0.0,0.0,0.0,0.0,0.0,1.0,0.0227272727272727,0.0,0.0,0.0,0.0,0.0,0.0,0.2755161515133421,-0.055693865912417,0.0059110594566099,0.0599885470237731,0.0813953257586465,0.1567701895666911,0.0379704831539413,-0.0119327487939723,-0.1744274449318321,-0.0881108520090167,0.1286555759162767,0.1833608047270561,0.096423278341039,0.0242970610082029,-0.083040500143987,-0.0821322763565584,-0.0770863959903118,-0.1586031322839245,-0.0714677659081127,-0.0824143251193613,0.0012846911994774,-0.0103553967572579,0.087854629155447,-0.0612497614287611,35.0,0.360479258644206,0.1693415283753394,0.6958002580869543,0.5666202587981628,31.0,30.0,1.0,5.783768263058405,0.4113244185556999,0.1927922754352801,0.1267429273117611,0.3455989647358994,0.3934752660701246,3.1443245970902223,1.0,1.0,0.0,0.0051474273053187,0.0051474273053187,0.0051474273053187,0.0,0.0051474273053187,0.0051474273053187,-0.0
sciver_test_979,1,24,16,40,2000,0.192961216652856,38.0,29.0,0.7631578947368421,4.105263157894737,4.0,0.0,8.0,0.1964285714285714,0.12,1.0,0.125,0.0,1.0,0.0263157894736842,1.0,0.0263157894736842,0.0,0.0,0.0,0.0,0.0,0.0,0.0,0.0,1.0,0.0263157894736842,0.2063032143583136,-0.0553203392160391,-0.0497346021813382,0.1136844666566849,0.0777617078229759,-0.0623045077345534,-0.0936596746756232,0.1535981212115919,0.1329564706106126,-0.0539636268695376,0.0238319790377913,0.1530995517257752,-0.1541267035387325,0.109302357775862,0.0534735376882474,0.0068757962393581,0.0828992556849323,-0.029344756618565,-0.1239409107889163,-0.018006986056097,0.0231226541807975,0.0096038646839218,-0.0930424756085803,0.062681450377967,29.0,0.3124711605524957,0.1204964468477107,0.6602524149127712,0.4800107250322821,26.0,25.0,1.0,4.845342969506106,0.3941432557973844,0.1938137187802442,0.0952902723282344,0.324430805878557,0.3512419891007429,3.08149823203327,1.0,1.0,0.0,0.0016655296601591,0.0016655296601591,0.0016655296601591,0.0,0.0016655296601591,0.0016655296601591,-0.0
sciver_test_983,1,24,16,40,2000,0.02625219440675,28.0,23.0,0.8214285714285714,5.428571428571429,4.0,0.0,3.0,0.0909090909090909,0.0256410256410256,0.0,0.0,0.0,1.0,0.0357142857142857,0.0,0.0,0.0,0.0,0.0,0.0,0.0,0.0,1.0,0.0357142857142857,2.0,0.0714285714285714,0.2759422712541191,0.3381302349457181,-0.0908861650478997,0.0016166522487846,-0.1131519941120922,0.0673718511696529,0.0369524905819694,-0.0083537920208492,0.0387927689070109,-0.1198436507808766,0.1109350983617585,0.0425648812835154,-0.0920948596509817,-0.082800562559325,-0.0137685262129345,-0.0321547789385317,-0.0278798202216105,0.0058220808915303,-0.013856498109088,0.1043181045958537,-0.1804121099955057,-0.178953059813398,-0.0910349131372324,0.06930633720877,23.0,0.3288321596527376,0.144236999476303,0.7321488346793786,0.5237292572558406,23.0,22.0,1.0,3.8339474655973063,0.442841721475068,0.1742703393453321,0.0989794423760142,0.3083300161565506,0.3414838563064477,2.930531987839737,1.0,1.0,0.0,0.000873164119714,0.000873164119714,0.000873164119714,0.0,0.000873164119714,0.000873164119714,-0.0
sciver_test_985,1,24,16,40,2000,0.336896800060028,23.0,20.0,0.8695652173913043,4.782608695652174,4.0,2.0,2.0,0.1764705882352941,0.1428571428571428,1.0,0.25,0.0,1.0,0.0434782608695652,0.0,0.0,0.0,0.0,1.0,0.0434782608695652,0.0,0.0,0.0,0.0,0.0,0.0,0.2131294705688007,-0.0483002578005481,0.108287611004658,-8.466717058187639e-05,0.1279778771731985,-0.0386387673305647,0.0503978194960116,0.0499551248727805,-0.0363396859412155,-0.0291637358687323,-0.1242391929106922,0.0213123232261716,-0.0456979919685397,0.007262348099676,-0.086963252232827,0.050650855916312,-0.0411815461395372,-0.0828345203616695,0.05197856638572,-0.1333473297084665,-0.0617341606276996,0.0596633219992129,0.0472263838366175,0.0258775660910822,20.0,0.352624722183613,0.1989324073546457,0.8464767850121402,0.6446148750374344,17.0,16.0,1.0,3.812464391407751,0.6426879602561932,0.2382790244629844,0.162370449426993,0.4110059974963339,0.5014360277204385,2.5288401406985614,0.0,0.0,0.0,0.0,0.0,0.0,0.0,0.0,0.0,0.0
sciver_test_986,1,24,16,40,2000,0.1169476955944802,31.0,27.0,0.8709677419354839,4.096774193548387,8.0,3.0,3.0,0.0606060606060606,0.0555555555555555,0.0,0.0,0.0,0.0,0.0,0.0,0.0,0.0,0.0,1.0,0.032258064516129,1.0,0.032258064516129,0.0,0.0,0.0,0.0,0.2651337342352994,-0.1378232117841545,0.3039230856197051,-0.03055296795381,-0.0138454301513694,0.0963972246937556,0.0083577828090408,-0.0470374925970346,0.1550706586276626,-0.0183266800674789,0.0731165851711021,0.0008642567243995,0.0354340387975905,0.0337081836278139,-0.1081825734806367,0.0438056715959018,-0.0341741223373923,0.0715823368211917,0.0328823279928036,0.0948364633701518,-0.0059325286070311,-0.0192230089194932,0.1754152556248743,-0.1451185075591122,27.0,0.3006507064848541,0.1449076574334044,0.6215803154635124,0.4828350124234036,24.0,23.0,1.0,4.2906249272021935,0.4078118546714811,0.1865489098783562,0.1130070315422128,0.3634319005200263,0.3858135965331566,2.9463769110554425,0.0,0.0,0.0,0.0,0.0,0.0,0.0,0.0,0.0,0.0
sciver_test_987,1,24,16,40,2000,0.2886054170640122,25.0,21.0,0.84,4.0,3.0,0.0,4.0,0.1029411764705882,0.0677966101694915,0.0,0.0,0.0,1.0,0.04,0.0,0.0,0.0,0.0,0.0,0.0,0.0,0.0,0.0,0.0,0.0,0.0,0.2228619510311677,-0.0115685147356024,-0.0489213740037874,0.2272546482665513,0.1006781927431378,0.056193414304345,-0.0963315546468656,-0.1443434813684421,0.1675963975028544,-0.0827724771735672,-0.0730005878670627,-0.0037930296842374,0.1671667587489261,0.0329376185012495,0.0014178791020097,0.0271485706305384,0.0310076587999884,0.0450934305793958,0.2785609176965581,-0.0179424740703756,-0.0139916202698403,-0.0415288675360821,0.1526591440358091,-0.0437629548833694,21.0,0.3034107697501045,0.1802848878427514,0.7582137689097973,0.5682619841332055,16.0,15.0,1.0,3.3707549421759486,0.4580200016855453,0.2247169961450632,0.1277921076431331,0.4023359779076295,0.4329914079361887,2.532589993479478,0.0,0.0,0.0,0.0,0.0,0.0,0.0,0.0,0.0,0.0
sciver_test_988,1,24,16,40,2000,0.4490881727898516,33.0,29.0,0.8787878787878788,4.909090909090909,5.0,4.0,4.0,0.25,0.2580645161290322,0.0,0.0,0.0,1.0,0.0303030303030303,0.0,0.0,0.0,0.0,1.0,0.0303030303030303,0.0,0.0,1.0,0.0303030303030303,0.0,0.0,0.155686136883465,0.0214193319725567,0.0142843620778244,-0.0632512088642615,0.0329227732919189,-0.128655694024041,0.041331762620302,0.0353120764633664,0.0942060334112282,0.0245405533318486,0.0073265957851139,0.000142716352321,0.1566401707368459,-0.018542633813462,0.0610799015443741,-0.0038417695568089,-0.0991227314184717,0.0032691284503302,0.0218591404666646,0.0168751509266674,-0.0239204718622602,0.0047303565258186,-0.0563825203748111,-0.0309364139115038,29.0,0.3276352501830469,0.1193162715817853,0.6481138035030656,0.4775975760786226,28.0,27.0,1.0,5.147123166839437,0.4222441475765923,0.1906341913644235,0.0963345488567658,0.2926619843535009,0.3994814509200221,3.1669739916412185,3.0,3.0,0.0,0.0390902731620982,0.0252565641672222,0.0130300910540327,0.0089763844866728,0.0221801705098485,0.0237183673385353,0.8616998185571721
sciver_test_991,1,24,16,40,2000,0.3435260977322941,34.0,27.0,0.7941176470588235,3.5294117647058822,5.0,0.0,2.0,0.1485148514851485,0.1208791208791208,2.0,0.0909090909090909,0.0,0.0,0.0,0.0,0.0,0.0,0.0,1.0,0.0294117647058823,0.0,0.0,0.0,0.0,0.0,0.0,0.33541650429578,0.0251901471512265,-0.0338225057384809,0.2523267837260663,0.0665248020009931,-0.0893047785069509,-0.2449021171398864,0.2233662585682048,-0.0195889400398853,0.0180029777494292,-0.0416824236319882,-0.0517545068172453,-0.1276066182272115,-0.0282654621533756,-0.0052949739197107,0.0071517061674575,-0.0537226739560256,0.0081742356993122,-0.0616205463596764,0.0545311414576588,-0.0633781789390133,-0.0550876529420875,-0.045023144679909,0.0102341398781596,27.0,0.278394836652862,0.1718759011901452,0.7529066547540638,0.5346005875847593,23.0,21.0,2.0,3.4349095173733306,0.4173124940649427,0.1635671198749205,0.1188568707724117,0.3367009312841061,0.3870916959029741,2.783336658886845,1.0,1.0,0.0,0.0031863066998394,0.0031863066998394,0.0031863066998394,0.0,0.0031863066998394,0.0031863066998394,-0.0
sciver_test_992,1,24,16,40,2000,0.2421412074461586,35.0,27.0,0.7714285714285715,5.228571428571429,4.0,0.0,1.0,0.1774193548387097,0.0980392156862745,0.0,0.0,0.0,0.0,0.0,1.0,0.0285714285714285,0.0,0.0,1.0,0.0285714285714285,1.0,0.0285714285714285,0.0,0.0,0.0,0.0,0.1864663874497225,-0.024682239639144,0.0167309402712423,0.1087940764421445,-0.0017832667902041,-0.0673706776941653,-0.074481726866174,0.0192335486366263,-0.0492656911970223,-0.008935474628248,0.0282863598098594,0.0167551074798014,0.011148761373373,-0.0375243171154283,0.0177105603605054,0.064211527049973,-0.064292036259695,0.0436511117851293,0.0231291055493087,0.0217428647246336,-0.0205224391264138,0.0686854584766438,-0.0176969385411585,0.05645977380326,27.0,0.4042907774741275,0.1940497074033037,0.83885731184003,0.6703164498788263,26.0,25.0,1.0,4.851711298210873,0.4654033806932486,0.1940684519284349,0.1335308484549201,0.4012772464966249,0.4345700778678915,2.9752661812713432,1.0,1.0,0.0,0.0049431533930423,0.0049431533930423,0.0049431533930423,0.0,0.0049431533930423,0.0049431533930423,-0.0
sciver_test_993,1,24,16,40,2000,0.158417060705502,29.0,27.0,0.9310344827586208,4.517241379310345,8.0,2.0,4.0,0.1607142857142857,0.1521739130434782,1.0,0.1111111111111111,0.0,0.0,0.0,0.0,0.0,0.0,0.0,2.0,0.0689655172413793,0.0,0.0,0.0,0.0,2.0,0.0689655172413793,0.2151966232778852,0.1053229009495905,0.1154445891378301,-0.0674207382133978,-0.0034247949771334,-0.0054933022295985,-0.1930751162676465,-0.0514472628617523,-0.068463877837212,0.0336192452928411,-0.1096252472651527,0.075355588258307,0.0980839729961862,0.0157314942874285,-0.0620687237502752,0.0514772798814027,-0.0816711491508373,0.0437516720705417,-0.0441018283022808,0.0654850855701655,-0.0051626921389998,-0.0008856587425405,0.0024396157406165,-0.0195352406991769,27.0,0.3130367777811574,0.1647780070026534,0.7620884706082617,0.5160852125870067,22.0,21.0,1.0,4.094884884353968,0.4007797688566075,0.1949945183025699,0.1097921851817862,0.3506182138898691,0.3620168597035903,2.8642098385107273,1.0,1.0,0.0,0.0061158225840284,0.0061158225840284,0.0061158225840284,0.0,0.0061158225840284,0.0061158225840284,-0.0
sciver_test_994,1,24,16,40,2000,0.2407415322218518,39.0,32.0,0.8205128205128205,4.512820512820513,5.0,0.0,1.0,0.1333333333333333,0.0895522388059701,0.0,0.0,0.0,0.0,0.0,0.0,0.0,0.0,0.0,1.0,0.0256410256410256,0.0,0.0,1.0,0.0256410256410256,0.0,0.0,0.2557789719927122,-0.0517139240363034,-0.0020447719542122,0.0762495615316394,-0.0132367828823131,-0.0202735043852686,0.0241003064726611,-0.0168149221915737,-0.0104550670939998,0.1096104180536449,0.0446601975092373,-0.0440377472141645,0.1085158881569437,-0.0815585335079012,-0.0939410508250821,-0.1583507368929041,-0.1106661244231138,0.1008780266768846,-0.0649984369218385,0.028740547004211,0.0982756969201771,0.0796455910083518,0.0189312466312258,-0.0427079626184151,32.0,0.4035771317116349,0.159213067948676,0.794290489973869,0.6124997922327606,29.0,28.0,1.0,6.386200624031824,0.5237853189964734,0.2280785937154223,0.1113713329218544,0.3735895578565328,0.4359358982271456,3.214627359040054,4.0,4.0,0.0,0.0538071099660217,0.0218237146018187,0.0134517774915054,0.0089856085284717,0.0217797880086212,0.02180175130522,1.0727699601513416
sciver_val_0,1,24,16,40,2000,0.0843305620229753,41.0,41.0,1.0,6.439024390243903,4.0,1.0,1.0,0.0588235294117647,0.0465116279069767,0.0,0.0,0.0,0.0,0.0,0.0,0.0,0.0,0.0,0.0,0.0,1.0,0.024390243902439,0.0,0.0,1.0,0.024390243902439,0.160731306901919,-0.0937573979296596,-0.0117404140853143,-0.0230792745331198,-0.0376882611587268,-0.0127418554302169,0.0197728473993804,-0.0278796055192222,-0.0157133829065099,-0.0047205995411599,0.0108071722426898,-0.0116428469564542,-0.1230565354891024,-0.0014281205527675,0.0182395283324251,-0.0214216216363569,0.0267949104699355,-0.0070044680624454,0.0096529431291639,0.0006166933051872,0.0081894989927834,-0.0236991840562223,0.0702647178469602,-0.0426061106207863,40.0,0.3820451096721955,0.1340904623347376,0.7727705560291236,0.5648031607671306,40.0,39.0,1.0,7.596976349260407,0.3573431358166565,0.1947942653656514,0.0835240452629303,0.3134196260758798,0.3279006040993036,3.564756824297603,3.0,3.0,0.0,0.0308425310033931,0.0197615831967488,0.0102808436677977,0.0070806036503705,0.017475540720291,0.0186185619585199,0.8542935360308485
sciver_val_1,1,24,16,40,2000,0.0994279876575235,36.0,35.0,0.9722222222222222,6.833333333333333,1.0,0.0,1.0,0.109375,0.0925925925925925,0.0,0.0,0.0,1.0,0.0277777777777777,1.0,0.0277777777777777,0.0,0.0,0.0,0.0,0.0,0.0,0.0,0.0,0.0,0.0,0.1529637500776266,-0.0274949759341495,-0.1416426873409308,-0.0509661990956311,0.0047839915255153,-0.0372677411016333,0.0473192750333818,-0.0517920975234312,-0.0338941602814483,-0.0229364155463266,0.037885688776299,-0.0216717357106725,-0.0119452162748718,-0.0433550559270732,-0.0483547819708661,-0.0726404515083985,0.0170326223902236,-0.0174035993576845,0.039617771171446,-0.0003944287826825,-0.0380403304386877,-0.0232391512913167,0.015069514567416,0.0139790168997698,35.0,0.4373274653019087,0.1219399031674701,0.780041242580474,0.5992337647516247,35.0,34.0,1.0,8.459338487827816,0.4728085761420883,0.2488040731714063,0.0816166755777961,0.3644381080956542,0.4052292010649534,3.4744958267630612,8.0,8.0,0.0,0.1619112231981188,0.0447445720994205,0.0202389028997648,0.0138701990191223,0.0392078351693596,0.04197620363439,1.8214708515969045
sciver_val_2,1,24,16,40,2000,0.0889973738239247,46.0,42.0,0.9130434782608696,5.195652173913044,3.0,3.0,3.0,0.05,0.0140845070422535,0.0,0.0,0.0,0.0,0.0,0.0,0.0,1.0,0.0217391304347826,0.0,0.0,0.0,0.0,0.0,0.0,0.0,0.0,0.1902697585925487,-0.1115532597556928,0.0174262411675492,-0.018165470650135,-0.0402267165849633,-0.0178755414608984,-0.0113330497078376,-0.0273316555612029,-0.0703916956081739,-0.0583679278545116,0.0501890183760512,-0.0410944271155974,-0.054562998995815,-0.0034120276441478,0.0220595646943488,0.0749064542998827,0.0676247688129089,-0.0990322225117131,-0.0441299618387182,-0.0180450900512581,0.050132318004274,-0.0928000130651263,0.0709409193240707,-0.025928035928601,40.0,0.358037439027762,0.1315483937278075,0.7096729735768407,0.5332088261457226,39.0,38.0,1.0,7.77443160522228,0.4832518102091368,0.2045903054005863,0.1121366634270328,0.3427466669953984,0.4058640473885318,3.4762909187047377,7.0,7.0,0.0,0.070975568804299,0.0200417387438701,0.0101393669720427,0.0070879378501273,0.0183718131073015,0.0192067759255858,1.6422173168454708
sciver_val_5,1,24,16,40,2000,0.1450463259380709,40.0,38.0,0.95,5.925,2.0,2.0,4.0,0.0967741935483871,0.0588235294117647,0.0,0.0,0.0,0.0,0.0,0.0,0.0,1.0,0.025,0.0,0.0,0.0,0.0,0.0,0.0,0.0,0.0,0.2230567104853127,-0.1146739031714511,0.0454821621245701,-0.1912322070944745,-0.0455030413263174,-0.1208714674350863,0.1201121046559294,-0.0274991899382214,0.0769951643348582,-0.0312673545151128,0.0072367392994924,-0.0411597124245154,0.0526372455521933,0.1100115676662426,0.1048071102798559,-0.0137731911707238,-0.0136465383076192,-0.0572478800082935,-0.0071053133152186,-0.0097547217634829,-0.0411050772445733,0.0174202093814517,-0.0028115630102169,-0.0120829629462648,38.0,0.371028827462917,0.1275888081851383,0.7294739094775153,0.539752718360556,38.0,37.0,1.0,7.6572261020666765,0.428330888128215,0.2069520568126129,0.0898193770996475,0.3170898766407592,0.3738173395232663,3.512208069702159,8.0,8.0,0.0,0.0902054493706305,0.0198504500531218,0.0112756811713288,0.0062233931820553,0.0195482958984829,0.0196993729758024,1.920762997096129
sciver_val_6,1,24,16,40,2000,0.4077568241986202,45.0,40.0,0.8888888888888888,6.333333333333333,3.0,0.0,2.0,0.1847826086956521,0.1585365853658536,1.0,0.0909090909090909,0.0,2.0,0.0444444444444444,0.0,0.0,0.0,0.0,0.0,0.0,0.0,0.0,0.0,0.0,2.0,0.0444444444444444,0.2023023941789797,-0.060668093692251,-0.1367757440449405,-0.0842845452864316,0.0189040812667212,-0.0068022201843296,0.0535896769629879,0.053139612311174,-0.0677186375406873,0.0414270674470525,0.0167121864022053,0.1543668088833506,0.1162586553424251,-0.0825985298520879,0.0676336927645239,0.0363740692247389,0.0673363162813319,-0.0103853968356536,-0.012281884741654,0.1389204240197086,-0.0080054128328086,-0.0612185934323582,0.0404177390974565,-0.0081635761829661,40.0,0.382845848931447,0.1438931708594962,0.7110009993342135,0.5553505156845833,38.0,37.0,1.0,7.904445387469384,0.4511567639733049,0.2136336591207941,0.1123965449879832,0.3326335193560821,0.4052881838172368,3.4546418773836667,3.0,3.0,0.0,0.0265574698193556,0.0194077569704155,0.0088524899397852,0.0074754443510947,0.0163437742887846,0.0178757656296,0.7663034646745447
sciver_val_7,1,24,16,40,2000,0.3228679911709253,36.0,35.0,0.9722222222222222,5.888888888888889,1.0,1.0,5.0,0.1578947368421052,0.1224489795918367,0.0,0.0,0.0,0.0,0.0,1.0,0.0277777777777777,0.0,0.0,0.0,0.0,0.0,0.0,1.0,0.0277777777777777,1.0,0.0277777777777777,0.1521103839047073,-0.0298260554295578,-0.0906242954901054,-0.0600210000661895,-0.0448660785737302,-0.0352789770644065,-0.0088276817060944,0.0290510153867897,-0.063601621425157,-0.0433719353871669,-0.0327366664102917,0.0204749670583614,-0.0399977893690481,-0.075543439078127,0.0177924021587453,0.0010003552222735,0.021097826819465,0.0111696100226815,-0.0619453556966304,-0.072628002332662,0.0780067486163372,-0.0312391590252988,0.0123961787791409,0.0417769723218176,35.0,0.4126030191687447,0.1587919406002206,0.933035732848202,0.6480597106717274,35.0,34.0,1.0,7.508482225952815,0.5351753303054969,0.2208377125280239,0.0998986227887147,0.3738264372737993,0.4138661700090663,3.431974922263668,3.0,3.0,0.0,0.0407202362742857,0.0256192054199647,0.0135734120914285,0.0085953501296771,0.0222879006412812,0.023953553030623,0.9099336157713452
sciver_val_8,1,24,16,40,2000,0.1339473522343771,43.0,40.0,0.9302325581395348,6.651162790697675,4.0,0.0,0.0,0.119047619047619,0.1111111111111111,0.0,0.0,0.0,0.0,0.0,1.0,0.0232558139534883,0.0,0.0,2.0,0.0465116279069767,0.0,0.0,0.0,0.0,0.0,0.0,0.1406299182004893,-0.0111295714223513,-0.0525314811827132,0.0012380077905846,-0.0253701113386766,0.0301339111645591,0.0366911781562526,0.0486840151486966,-0.0394296783452083,0.0433561422963732,0.0452903796115945,0.0420221451797788,0.0712692335169903,0.0080534248297542,-0.0291497196755798,0.0755500808377381,-0.0565015247507428,0.0011003447266716,-0.0061939710330242,0.0444250109396378,0.006422667602039,-0.0046065556405398,0.0458812238149793,0.0469060727451842,40.0,0.3428464141713043,0.1296016965425754,0.7207402676897536,0.5460200662839252,39.0,38.0,1.0,7.151833004494865,0.4081004191271344,0.1882061316972333,0.0874747565924468,0.2829918270715849,0.3622961631016528,3.5172756617688385,6.0,6.0,0.0,0.0974085351052735,0.0369006078724609,0.0162347558508789,0.0113867422953809,0.0317028064391932,0.034301707155827,1.569471091806954
sciver_val_9,1,24,16,40,2000,0.1686896229536539,52.0,46.0,0.8846153846153846,5.230769230769231,6.0,0.0,0.0,0.1458333333333333,0.125,1.0,0.2,0.0,1.0,0.0192307692307692,2.0,0.0384615384615384,0.0,0.0,0.0,0.0,1.0,0.0192307692307692,0.0,0.0,0.0,0.0,0.2609415275184459,-0.0451151629700212,-0.0995762245446235,0.023213232509259,0.0990832566257979,0.1021389901498133,-0.02103215306546,0.0616169710517715,-0.0699086372845179,-0.0616328049470374,-0.0041158398143203,-0.020724189904786,-0.0102582557666181,-0.0481744491593424,-0.064167329636332,0.0292060352714223,-0.0742237720005162,-0.0657571298839901,-0.0883719674292283,0.0029545162386532,-0.0474781799981687,0.0999247842935123,0.0459980676775125,-0.0040243384864782,40.0,0.344346695072777,0.1376950636688645,0.7472574535750814,0.5279854188768062,36.0,35.0,1.0,6.548433867801085,0.4370366825560769,0.1870981105086024,0.1056120875724931,0.3251515636698254,0.3866768710402603,3.385267060477707,1.0,1.0,0.0,0.0007958024586824,0.0007958024586824,0.0007958024586824,0.0,0.0007958024586824,0.0007958024586824,-0.0
sciver_val_10,1,24,16,40,2000,0.2307216795567361,41.0,34.0,0.8292682926829268,5.926829268292683,0.0,0.0,0.0,0.2181818181818181,0.1739130434782608,0.0,0.0,0.0,1.0,0.024390243902439,0.0,0.0,0.0,0.0,0.0,0.0,0.0,0.0,0.0,0.0,0.0,0.0,0.2360031619672972,-0.1072710934240464,-0.0605306855989593,0.0808091233885042,-0.138081072482223,0.042817081982958,0.1139697041189066,-0.0033425825595752,0.0123523943114724,-0.082312531121585,-0.0477306860542562,0.0886368963837485,-0.0193154219764197,0.0905914728234613,-0.0385930485199056,-0.0072424770562908,0.0048942600547211,-0.0121359365626919,-0.0149670855753891,-0.1092697278608454,-0.0044550194428576,0.016232091024251,0.0585075195082482,-0.1053661408634407,34.0,0.3941080026445829,0.1392128122947096,0.8082397682489799,0.593799154070367,32.0,31.0,1.0,6.8122443395233,0.3788060412836769,0.2197498174039774,0.0649094238450392,0.3156058115025405,0.3356660472819723,3.3916928528349732,7.0,7.0,0.0,0.0967117873474771,0.0334238287641894,0.0138159696210681,0.0112058832296423,0.0272811215126012,0.0303524751383953,1.6016716484148148
sciver_val_12,1,24,16,40,2000,0.5640415832971454,42.0,40.0,0.9523809523809524,6.428571428571429,2.0,0.0,4.0,0.2181818181818181,0.1875,2.0,0.2222222222222222,0.0,2.0,0.0476190476190476,0.0,0.0,0.0,0.0,0.0,0.0,0.0,0.0,2.0,0.0476190476190476,1.0,0.0238095238095238,0.1502158335081449,-0.05161292602596,-0.0590371160814328,-0.0380800251758257,-0.0697413906592227,0.0268128632932768,0.0786125368292944,0.0326283272244527,0.0063256269660854,-0.0473873525159386,0.0099375388391533,0.0970019635508734,0.011030247908156,0.0140133401454943,-0.0300046248848301,0.0086565256425832,0.0796950616795968,0.0278631067521039,-0.0065396181084589,-0.0706664588101537,0.0253886398707169,-0.0211117888263425,0.1078261240778984,-0.0129420224871071,40.0,0.3778952360140541,0.1579501636809438,0.8418847996071838,0.5905879975019588,40.0,39.0,1.0,7.850623314187292,0.4526091078213733,0.20129803369711,0.1090860489613008,0.3550286671546253,0.3923057175424578,3.4937984207191346,6.0,6.0,0.0,0.1111465698541639,0.0378090781391929,0.0185244283090273,0.011432567715695,0.0303953866129817,0.0341022323760873,1.5658608005641683
sciver_val_14,1,24,16,40,2000,0.351403253040527,48.0,42.0,0.875,4.75,7.0,0.0,5.0,0.2333333333333333,0.2075471698113207,4.0,0.6666666666666666,0.0,0.0,0.0,0.0,0.0,0.0,0.0,0.0,0.0,0.0,0.0,1.0,0.0208333333333333,0.0,0.0,0.233981550809227,-0.086208556020291,-0.0720891964568552,0.0481751657148356,0.1114466553116439,0.1342623311519393,-0.0319398591458205,-0.0906968769347239,-0.0006831384933522,-0.1024093016162451,0.012520342492845,-0.1102886925625922,0.1157388841206949,-0.0263231539978406,0.1192320253750772,0.032390725514997,-0.0258300229977616,-0.0982554970785796,0.1172218992222182,-0.0541714806067626,0.0829817306197548,-0.0428122566290247,-0.0263601885539191,0.1161576105372338,40.0,0.3196536150410111,0.1415997807395228,0.6947227711207816,0.515264631729196,33.0,32.0,1.0,6.286114825616104,0.4806903104229859,0.1964410883005032,0.0874548397293056,0.2921984613362191,0.3319967362897114,3.3668518333638087,6.0,6.0,0.0,0.0798576109196061,0.0312813397315897,0.0133096018199343,0.0089278152560153,0.0246417612102249,0.0279615504709073,1.5971060786003768
sciver_val_19,1,24,16,40,2000,0.1489053755334654,40.0,40.0,1.0,5.725,3.0,1.0,3.0,0.0816326530612244,0.0454545454545454,0.0,0.0,0.0,0.0,0.0,0.0,0.0,0.0,0.0,0.0,0.0,0.0,0.0,1.0,0.025,1.0,0.025,0.1490145678245209,-0.0294532369930813,-0.0749857946824136,0.0055942304361276,0.0034376956887484,0.0290661246974606,-0.0499466334877945,0.0962094797348314,4.876390635325557e-05,0.0650389896418674,0.1141285742776196,0.0832960988893023,-0.042030122667848,-0.0036026000672631,-0.0367923977237365,0.0662848175693509,-0.0710163871169142,0.0218281179332436,0.0857528101425427,-0.0387261720502086,-0.0617154374788219,-0.0701359738557857,-0.052191154510421,-0.0619785208237379,40.0,0.3982520875095295,0.1637879419558776,0.8822958871326533,0.6075434780498071,39.0,38.0,1.0,7.471432340338367,0.4097790064765454,0.1966166405352201,0.1019976816264693,0.3315333396024815,0.3624111583306114,3.4898882817055,1.0,1.0,0.0,0.0143182269510699,0.0143182269510699,0.0143182269510699,0.0,0.0143182269510699,0.0143182269510699,-0.0
sciver_val_21,1,24,16,40,2000,0.064171980478954,48.0,44.0,0.9166666666666666,5.833333333333333,2.0,0.0,0.0,0.0952380952380952,0.0566037735849056,0.0,0.0,0.0,0.0,0.0,0.0,0.0,0.0,0.0,1.0,0.0208333333333333,0.0,0.0,0.0,0.0,0.0,0.0,0.1985681302603002,-0.0821398211741141,-0.1930159153204559,0.0114093314631288,-0.0474617186052818,0.0219214301284736,-0.0284990560557524,0.0329712544132438,-0.0040164520958881,0.0849738325662068,0.0788454645083588,-0.0402554050968967,-0.1235865478397998,-0.0461252590922355,-0.0152644605245892,0.0955830944477583,0.0314139360944927,-0.0463106993170758,-0.0224751527537949,-0.0504952207485643,-0.036850764933646,-0.0147034654644062,-0.0156313717937494,-0.0465503995401683,40.0,0.4105657373011243,0.1575408769544571,0.8224683675882583,0.6200346559378734,40.0,39.0,1.0,8.423326304106425,0.4226869908542515,0.2159827257463185,0.1164927877438112,0.381525837493836,0.4013650688079987,3.5010407801673606,1.0,1.0,0.0,0.0061212850777775,0.0061212850777775,0.0061212850777775,0.0,0.0061212850777775,0.0061212850777775,-0.0
sciver_val_23,1,24,16,40,2000,0.0,42.0,37.0,0.8809523809523809,4.928571428571429,6.0,0.0,5.0,0.0,0.0,0.0,0.0,0.0,0.0,0.0,0.0,0.0,0.0,0.0,0.0,0.0,0.0,0.0,1.0,0.0238095238095238,0.0,0.0,0.208057998862166,-0.1500677267730075,0.0731705142965717,-0.0455668281284546,0.0825350098115992,-0.0052656224390113,0.1000282913495264,0.0011331179609495,-0.0756603939198829,-0.1510447324341696,-0.0176581644305965,-0.0041888179794559,-0.0084393137381985,-0.0254825908407787,0.0013098350333794,-0.025402866378495,0.0661672551515003,0.0594134225926454,0.0348852867006713,-0.0827490581853993,-0.0454083983251085,0.118518553404249,-0.1576960972798625,-0.0051991147516176,37.0,0.3482671061748665,0.1710921604017043,0.848073141867327,0.5828904654808267,31.0,29.0,2.0,5.8098983751033275,0.4343719312712624,0.200341323279425,0.090907857032444,0.2971728352313778,0.3415458991746094,3.2610564514586455,3.0,3.0,0.0,0.0675628639964215,0.0522986427082773,0.0225209546654738,0.0211082237326919,0.0437287993523308,0.0480137210303041,0.6844402126437198
sciver_val_24,1,24,16,40,2000,0.1793445107011843,42.0,42.0,1.0,6.190476190476191,4.0,0.0,1.0,0.0425531914893617,0.0476190476190476,0.0,0.0,0.0,0.0,0.0,0.0,0.0,0.0,0.0,0.0,0.0,0.0,0.0,1.0,0.0238095238095238,0.0,0.0,0.1239023220038622,-0.0601287924192528,-0.0937763528575829,-0.0427718065739682,-0.033111692322182,-0.0093008690408757,0.0459754833123257,-0.0489827375896648,-0.0065123184615398,0.0111424970881964,0.0101302114481536,0.0013143910833784,-0.0471416922513019,-0.0068409502808022,0.0318303660348468,-0.0341959183819323,-0.0416715136622483,0.0233050477664312,0.0174115050467269,-0.0224383568031893,-0.0490481437278501,0.0236845784660853,-0.0256930002517053,0.0701678879695126,40.0,0.3944835054133626,0.1320268807980902,0.7669225987063598,0.5780789696247327,40.0,39.0,1.0,8.414517606353048,0.4468166824622512,0.2157568617013602,0.0916450546443974,0.3311891158729731,0.3425968793024997,3.5671389793481088,9.0,9.0,0.0,0.0687393543876016,0.0192472255155898,0.0076377060430668,0.0052472146140723,0.0117309966965155,0.0154891111060526,1.9647699231789817
sciver_val_26,1,24,16,40,2000,0.3515341315747435,53.0,41.0,0.7735849056603774,4.245283018867925,5.0,0.0,2.0,0.1578947368421052,0.1458333333333333,2.0,0.25,0.0,0.0,0.0,0.0,0.0,0.0,0.0,0.0,0.0,0.0,0.0,0.0,0.0,0.0,0.0,0.2192467566228269,-0.0802746203369484,0.0417879996201022,0.1079273792282941,0.1087885624956538,0.1577289711480297,-0.0287445656497095,-0.0612777787021103,0.0392379019398679,-0.1298361902635606,-0.0164385817908082,-0.1487328624641654,0.1616340766115296,-0.0161068805405056,0.1711556176573343,0.0289840905640776,0.0973547318185308,-0.1050157400494283,0.1541908303645834,-0.1584547244746619,0.0129297327035364,-0.1159242670622774,0.0401039343941684,0.1192711460527896,40.0,0.3624148785277957,0.1458675540513087,0.7352057408735332,0.5415868251783269,32.0,31.0,1.0,6.999258098139118,0.3506182138898691,0.2257825192948102,0.0599596921543492,0.3008160986056915,0.3219473308018096,3.3975731282217234,1.0,1.0,0.0,0.0085792783166699,0.0085792783166699,0.0085792783166699,0.0,0.0085792783166699,0.0085792783166699,-0.0
sciver_val_28,1,24,16,40,2000,0.027557901381261,42.0,40.0,0.9523809523809524,6.214285714285714,2.0,0.0,2.0,0.0638297872340425,0.0,0.0,0.0,0.0,1.0,0.0238095238095238,1.0,0.0238095238095238,0.0,0.0,0.0,0.0,0.0,0.0,1.0,0.0238095238095238,2.0,0.0476190476190476,0.2090203567178043,0.0704854607607287,0.0592832518672528,-0.1524459812885661,-0.1737838745512764,0.0195411482806174,-0.1990717442631105,-0.0713960513677653,0.0191150306593085,0.0063474567718624,0.0129983525910129,-0.0189122404038723,0.0209240853497329,0.0429040126338813,0.0296662155542379,0.0301490981419526,0.0291958813272697,-0.04048202726541,-0.0338725820738363,0.0234600620843364,-0.0832593951816892,0.177195888959636,0.0188985457276615,0.0369255885445629,40.0,0.3955413580098643,0.1320653861898052,0.8000489787803516,0.5661899422114153,40.0,39.0,1.0,8.049585952719477,0.3524717114823663,0.2063996398133199,0.0797754423515899,0.3179824016324948,0.3331860118984747,3.5824814859669525,4.0,4.0,0.0,0.0493245138589124,0.0163208600371037,0.0123311284647281,0.0033621717819795,0.0158778059290327,0.0160993329830682,1.348349630042917
sciver_val_31,1,24,16,40,2000,0.1322597969185481,33.0,32.0,0.9696969696969696,6.424242424242424,0.0,0.0,1.0,0.1142857142857142,0.074074074074074,0.0,0.0,0.0,0.0,0.0,0.0,0.0,0.0,0.0,0.0,0.0,0.0,0.0,0.0,0.0,0.0,0.0,0.1950001718921102,-0.0578860191888111,-0.1121244515608119,-0.0868887393399572,-0.0749577668508594,-0.0192980085029854,-0.0148756406376038,0.0420139570261938,-0.0625687695182391,0.0818136252595714,0.0137570082970365,-0.0119055313506442,-0.011702298601931,-0.0848737692676965,0.0643562424412013,0.0800008265655082,-0.0062705234160279,-0.0203009108141079,0.0533726206303169,0.0853294323135804,-0.0825973770169143,0.1271638190680895,-0.0351979491834119,0.0537961374212153,32.0,0.4250915374029494,0.1500040812799253,0.7701524620263693,0.6123446668063608,31.0,30.0,1.0,7.280483059731194,0.4746965355169236,0.2426827686577064,0.108370901753988,0.3503958589345824,0.4244937524098331,3.2840171868757557,4.0,4.0,0.0,0.0888869507514195,0.0390262765989621,0.0222217376878548,0.01432696144196,0.0360169085061339,0.037521592552548,1.0722335699232026
sciver_val_33,1,24,16,40,2000,0.1945161127601675,40.0,38.0,0.95,6.45,2.0,0.0,2.0,0.0869565217391304,0.0793650793650793,1.0,0.125,0.0,1.0,0.025,0.0,0.0,0.0,0.0,0.0,0.0,0.0,0.0,0.0,0.0,0.0,0.0,0.1494182276386238,-0.1025525167296882,-0.0650054674195369,-0.0465934472676064,0.0198565129431639,0.029292407114942,0.1147090743626637,0.0376611898320522,0.000771405257678,0.0317030366953164,-0.1378239459473635,0.0480907434785065,0.0062365641925383,0.0060807249864366,-0.0524753901027792,0.0784944275635518,0.0672850571759392,-0.0500538103785571,0.0591349086054532,-0.0838706512240815,-0.022329975628525,0.0127645600721436,-0.0346798763590382,0.0166338668312004,38.0,0.3996608547070234,0.1464053039486091,0.7895769420957724,0.5946729188117997,36.0,35.0,1.0,7.682447741829385,0.4071199833987427,0.219498506909411,0.0782875511943048,0.3423018210192486,0.3612569966746597,3.4927552622653613,5.0,5.0,0.0,0.0625071547165418,0.0235159513000264,0.0125014309433083,0.0072423925594246,0.0205397912730806,0.0220278712865535,1.4169167820033088
sciver_val_37,1,24,16,40,2000,0.4526209112926684,53.0,40.0,0.7547169811320755,4.283018867924528,14.0,0.0,12.0,0.2222222222222222,0.2,5.0,0.3571428571428571,0.0,0.0,0.0,0.0,0.0,0.0,0.0,0.0,0.0,0.0,0.0,1.0,0.0188679245283018,0.0,0.0,0.2098692574091152,-0.0728966312676548,-0.0186515133463656,0.0860485273022634,0.1973353144666027,0.212329997557839,-0.1387062515707749,0.0045467291278127,0.2621811324122197,0.0618166619005646,0.1725072836553279,0.1199652957069486,-0.0958045627627297,0.0424100587941971,-0.0503510055199009,0.0657441023938134,0.0096174985328633,0.096391778015945,-0.0913951418797231,-0.0743419408533073,0.0142347825725038,0.0182715528198056,-0.0643274975597153,-0.0036748801081657,40.0,0.3085208335660784,0.1656065587082447,0.8000489787803516,0.549739526336389,33.0,32.0,1.0,5.771082908377014,0.4641443059612369,0.1803463408867817,0.1132280056359809,0.2904125639662411,0.32081435245156,3.230751717331776,3.0,3.0,0.0,0.0204352343004174,0.0137301049680682,0.0068117447668058,0.004916006212462,0.0117734067920659,0.0127517558800671,0.8550909374747058
sciver_val_38,1,24,16,40,2000,0.1127827442483979,43.0,37.0,0.8604651162790697,5.767441860465116,1.0,0.0,1.0,0.1011235955056179,0.0649350649350649,1.0,0.125,0.0,2.0,0.0465116279069767,0.0,0.0,0.0,0.0,0.0,0.0,0.0,0.0,0.0,0.0,0.0,0.0,0.21443615974908,-0.1008584726101842,-0.1158632556797742,-0.0394576193770832,0.0939399681033716,0.0216101669665184,-0.0099574807801622,-0.0053829850242531,-0.0987806399297293,-0.1135824488491027,0.0444437159901625,0.0633366007558372,-0.0474274332502187,0.0315078591228676,0.04134426481426,-0.0050172141926983,-0.0987386521773353,0.0324046546627046,0.1571338894696758,0.004427074661797,0.0318210839715601,-0.0031656425242446,-0.0881881966594772,0.0258267035875041,37.0,0.393410234235543,0.1585522509353227,0.7672235952653594,0.5908883766236932,35.0,34.0,1.0,7.8557581637874465,0.5007379057308495,0.2310517106996308,0.1144166813472666,0.3889819756621222,0.412137709425206,3.404096000249426,3.0,3.0,0.0,0.0125163410863403,0.0054756646115394,0.0041721136954467,0.0010725124142058,0.0052189110003606,0.00534728780595,1.0649193553509408
sciver_val_41,1,24,16,40,2000,0.3404880900045294,50.0,44.0,0.88,5.32,6.0,0.0,8.0,0.2463768115942029,0.1935483870967742,4.0,0.3636363636363636,0.0,0.0,0.0,0.0,0.0,0.0,0.0,0.0,0.0,0.0,0.0,0.0,0.0,0.0,0.0,0.2411095731130114,-0.0743321849492768,-0.1773243184864681,0.0449139865967212,0.0123622771754815,-0.0363521299932879,-0.0922916633847421,-0.0156862911690898,-0.0390359515130612,0.0260328583937615,-0.0114841608654494,-0.0747184904440402,-0.0804171860240045,0.0800774955650575,0.0320314653623013,0.089657785104403,0.0956415090544436,-0.0653050653529904,0.0326535254640949,0.0463579222473211,0.0346592529839673,0.0172019996132991,0.0113551362408096,-0.0587184939262293,40.0,0.3660293242681575,0.170491912961597,0.8167380732349659,0.5903256021809506,38.0,37.0,1.0,7.483340818238844,0.4457265020519252,0.2022524545469957,0.1209123812997623,0.4098237911935119,0.4180701549937648,3.418885667964332,3.0,3.0,0.0,0.0330338309904921,0.0155804242323885,0.0110112769968307,0.0050725755554677,0.0151675674100819,0.0153739958212352,0.9736189964291324
sciver_val_42,1,24,16,40,2000,0.1543234406543248,38.0,34.0,0.8947368421052632,5.578947368421052,6.0,2.0,4.0,0.1111111111111111,0.0754716981132075,3.0,0.4285714285714285,0.0,1.0,0.0263157894736842,0.0,0.0,0.0,0.0,0.0,0.0,0.0,0.0,1.0,0.0263157894736842,0.0,0.0,0.1758427002118178,-0.0786725375450786,-0.0269571974695184,-0.0598864741169536,0.0247495456907338,-0.0195689578571601,-0.0685804395970551,0.0366180203185353,-0.0072634051179038,-0.0718793164728891,-0.019133932615882,-0.0068164230243979,-0.0364942640016072,0.057826281239291,-0.0559426190868615,-0.0746934526909199,-0.0624434311648608,0.0657585525042295,0.0339145756003444,0.0700439008453732,-0.0202915678936055,0.0123119820522703,-0.0854021520860179,0.0509055558033601,34.0,0.3461068235839966,0.1374996408522196,0.7090723926098449,0.5306321974391701,31.0,30.0,1.0,6.126634194621838,0.4046992350308185,0.2042211398207279,0.0913192166788198,0.314845829833557,0.3869071511890887,3.2950454102343016,8.0,8.0,0.0,0.1273223305416005,0.0467120748884788,0.0159152913177,0.0152277966543859,0.032984488085127,0.0398482814868029,1.6036230399053966
sciver_val_44,1,24,16,40,2000,0.0582723981416741,40.0,40.0,1.0,6.475,5.0,3.0,6.0,0.0714285714285714,0.0169491525423728,0.0,0.0,0.0,0.0,0.0,0.0,0.0,0.0,0.0,0.0,0.0,0.0,0.0,0.0,0.0,0.0,0.0,0.1571021454034468,-0.0545311409470403,-0.0763899411925158,-0.1177285698946787,0.0691251556088394,0.0592619019112707,-0.0134588042080708,0.0480564454091895,-0.0594551752403801,-0.0001806790034574,-0.0939710173745009,0.0805667315251225,-0.0046129229699763,0.0700513788878917,0.0218388341801999,-0.0820073528582603,-0.0208233207372524,-0.0458798673246923,0.0979061984056594,0.0799665857440804,0.0774948534553447,0.0039650034303672,0.1155321457579383,-0.0439918241531203,40.0,0.411744368709061,0.1565111120088781,0.8546284746090499,0.6283062734600758,37.0,36.0,1.0,8.664355709538256,0.5267861080743463,0.2406765474871738,0.1197805999372282,0.4135920574511935,0.4502658869101058,3.456421311262832,6.0,6.0,0.0,0.0944320110790778,0.0328811603781222,0.0157386685131796,0.0118360052401352,0.0312168159116726,0.0320489881448974,1.49021752063201
sciver_val_51,1,24,16,40,2000,0.2423353362354935,44.0,41.0,0.9318181818181818,6.409090909090909,0.0,0.0,1.0,0.1298701298701298,0.0952380952380952,0.0,0.0,0.0,1.0,0.0227272727272727,0.0,0.0,0.0,0.0,0.0,0.0,0.0,0.0,0.0,0.0,0.0,0.0,0.2134373282661844,-0.1137346677890909,-0.1516492120392275,-0.0739771028156165,-0.0658800663080883,-0.0102902878500772,0.0549482834717637,-0.0521087649621499,-0.0066973182101295,0.0521953133502877,-0.0866176357314284,0.0105575492682167,0.0148218480374379,-0.0070563958899781,0.0051697626960702,0.0567944134655406,0.0914737102716622,-0.0354740710696442,-0.0397961276725891,0.0124167649236669,0.0201464687695498,-0.0162674912004066,0.0668135960583499,0.0280238504902618,40.0,0.4127459032918082,0.1348347096195947,0.8410825624687296,0.6067216264275005,40.0,39.0,1.0,8.69254090943574,0.4677177187481531,0.2228856643445061,0.0953028380281139,0.3257143148515971,0.4189897981122046,3.567251181496625,7.0,7.0,0.0,0.1297899177751869,0.0481906252822464,0.0185414168250267,0.017245624625118,0.0428674071553701,0.0455290162188083,1.5033822943432462
sciver_val_55,1,24,16,40,2000,0.212525582058204,34.0,32.0,0.9411764705882352,6.529411764705882,2.0,1.0,3.0,0.1666666666666666,0.1041666666666666,0.0,0.0,0.0,0.0,0.0,0.0,0.0,0.0,0.0,1.0,0.0294117647058823,0.0,0.0,1.0,0.0294117647058823,0.0,0.0,0.2232414370960912,-0.0411206234068438,-0.1886829867797918,0.0950969512331041,-0.1390426899903223,0.032933386287422,0.0245249990846955,0.0130033791387663,-0.016176981605842,0.0300836081057417,0.0620462289473579,0.006650703332923,-0.0215628747749803,0.0301531542084983,-0.0037909651561192,0.0526569016052868,0.0424332276147326,-0.0547839332941654,-0.0144145140148235,-0.0402619738195294,0.0065459803766517,0.0313756444689434,0.0482248454068472,-0.0912537757495549,32.0,0.4393434773137121,0.1644800791270735,0.9124483095877074,0.6511266089957286,32.0,31.0,1.0,7.804241896495537,0.5304725597522514,0.2517497385966302,0.1370891766388062,0.4702174076062755,0.4753322421684742,3.2773544718672847,4.0,4.0,0.0,0.0796116166107848,0.0272700261614318,0.0199029041526962,0.0055027981093541,0.025856424267297,0.0265632252143644,1.3473983829387215
sciver_val_58,1,24,16,40,2000,0.0827500142872794,50.0,46.0,0.92,5.38,7.0,1.0,3.0,0.1272727272727272,0.0625,0.0,0.0,0.0,0.0,0.0,0.0,0.0,0.0,0.0,0.0,0.0,1.0,0.02,1.0,0.02,0.0,0.0,0.2403293044237623,-0.0529684674579695,-0.0322008707178421,-0.0038556537394945,-0.0061959622945299,0.0878302806487213,-0.0442394943469266,0.0231128168315213,0.050456791967179,-0.1132218973253691,-0.0138880909095518,-0.176108578398202,0.2237724437557789,0.0503096811822249,0.1719259008677939,-0.0767064729633447,0.0728663958404319,-0.0274395769347157,0.0790635629139366,-0.0961338575476196,0.0066071195622848,-0.0370736770909114,-0.0396089894352468,0.0766305012411553,40.0,0.3728685046255809,0.1655442251291722,0.7861539840871259,0.5874394480580604,36.0,35.0,1.0,7.466360682675858,0.4574586015062774,0.2133245909335959,0.1143612130640152,0.397697657311918,0.4320691427670567,3.4089071286744863,3.0,3.0,0.0,0.0662361812468677,0.0383803077373684,0.0220787270822892,0.0116253509817437,0.0338595377081221,0.0361199227227452,0.9682608246808184
sciver_val_60,1,24,16,40,2000,0.2323691919473246,46.0,44.0,0.9565217391304348,6.065217391304348,3.0,1.0,7.0,0.2272727272727272,0.1818181818181818,1.0,0.25,0.0,0.0,0.0,1.0,0.0217391304347826,0.0,0.0,0.0,0.0,0.0,0.0,0.0,0.0,0.0,0.0,0.2426472216355832,-0.0799198517870026,-0.1216933980042747,-0.0441012924512491,0.0017478421105628,-0.0582087588714256,-0.0056469851145955,-0.0621664704676603,-0.0087731031298284,-0.0128189728891128,-0.0381315202371848,-0.0629768044929706,0.0179322208809447,0.0216614884341662,-0.0511849609648939,0.0390842595235457,-0.0133000411365937,0.0087998922103008,-0.0029590805742967,-0.0639919067796319,-0.0374455391534087,0.0185989210384562,0.0121873720260086,0.0504844269351378,40.0,0.4208013319950677,0.1582610671955699,0.788128510166457,0.6159057227793798,36.0,35.0,1.0,8.062719724863815,0.4078944301019852,0.2303634207103947,0.0904671997476278,0.3414176590996707,0.3794976062310405,3.4623147890695836,5.0,5.0,0.0,0.0931481192184941,0.0503281104556566,0.0186296238436988,0.0179198366174807,0.0406218504511875,0.0454749804534221,1.1508082768560308
sciver_val_62,1,24,16,40,2000,0.3728765043653549,43.0,43.0,1.0,5.837209302325581,5.0,0.0,4.0,0.1509433962264151,0.1860465116279069,1.0,0.1666666666666666,0.0,0.0,0.0,0.0,0.0,1.0,0.0232558139534883,1.0,0.0232558139534883,1.0,0.0232558139534883,1.0,0.0232558139534883,0.0,0.0,0.1882407387254959,-0.1375270303984251,-0.0042980853062786,-0.1038149396923401,0.0197472673947529,0.0474791058284059,0.0184510773856914,-0.0289686694408299,-0.0486743297052182,0.0655701949145155,-0.0424822870947452,-0.0267899066746532,-0.0047257011253402,-0.0685348317617574,-0.0088017587221103,-0.0124234624476232,-0.0927707329606885,0.0717427701005237,-0.097297043864009,0.0182804557573009,0.0772329713928217,-0.0332911537363443,-0.0478974055154761,0.0976880896686854,40.0,0.3556264663828409,0.1452917723781672,0.7162042570523667,0.5497026940995932,38.0,37.0,1.0,7.079602905045528,0.4807618907768641,0.1913406190552845,0.1136377635746807,0.3180293164225308,0.4108600500830406,3.434403947333257,3.0,3.0,0.0,0.0546153075811268,0.0406442915736669,0.0182051025270422,0.0159672793899848,0.0343503984399934,0.0374973450068301,0.7331608966261253
sciver_val_63,1,24,16,40,2000,0.0111525864553827,37.0,34.0,0.918918918918919,6.216216216216216,3.0,0.0,4.0,0.0789473684210526,0.0625,0.0,0.0,0.0,1.0,0.027027027027027,0.0,0.0,0.0,0.0,0.0,0.0,0.0,0.0,0.0,0.0,0.0,0.0,0.2046837770871649,-0.0853430885134754,-0.1185098384053826,-0.0489698845488131,0.0612901895358211,0.0195906884748606,-0.060651025628321,-0.0259941103670196,0.0511865129021876,0.0157397292919347,0.0917412169276095,0.0332986216189401,-0.1108927582003435,-0.0555426473609475,-0.0380032483825084,0.0454262158089424,-0.0038061102373424,0.0356808458706781,0.0301955789954217,-0.0758722053250843,-0.0747064365729328,-0.0499632488724627,-0.0545086341906665,-0.094797822968162,34.0,0.4189544026132373,0.1528053225277731,0.8280941054106066,0.6150869266726802,33.0,32.0,1.0,7.4856871055291965,0.4683480240247749,0.2339277220477874,0.0996538897454057,0.3276647473072391,0.3758424956700094,3.36546737301222,3.0,3.0,0.0,0.0322787388005327,0.0234427280666454,0.0107595796001775,0.0089685286478862,0.0196520213567134,0.0215473747116794,0.7766514054666689
sciver_val_64,1,24,16,40,2000,0.1163840239098577,35.0,31.0,0.8857142857142857,4.9714285714285715,6.0,0.0,4.0,0.1272727272727272,0.1063829787234042,1.0,0.1666666666666666,0.0,0.0,0.0,0.0,0.0,0.0,0.0,0.0,0.0,2.0,0.0571428571428571,2.0,0.0571428571428571,0.0,0.0,0.2484921972612898,-0.0924921908074229,0.0760147163649489,0.0847536390644938,-0.0428131682997731,0.1105441519997845,0.0087417086650515,0.0751653655013601,0.0104383656553547,-0.1233749212173575,0.0277421341008029,-0.113598019319967,-0.0509886805706482,-0.1326829216649381,0.1272842751961327,0.0558714275281324,-0.0202440802687244,-0.0515789256553206,-0.1055740763675025,0.0131435193589771,0.0408688140302177,0.0611289326907414,0.0255934986768531,-0.0353426709273829,31.0,0.370940126232277,0.1539453269513067,0.8209950385459877,0.582484362730706,28.0,27.0,1.0,6.0172438387767,0.5018286015907818,0.2228608829176555,0.1136167265343781,0.3608401814530537,0.413341983110961,3.159964538576992,1.0,1.0,0.0,0.0099313839090173,0.0099313839090173,0.0099313839090173,0.0,0.0099313839090173,0.0099313839090173,-0.0
sciver_val_65,1,24,16,40,2000,0.0695593933726992,49.0,41.0,0.8367346938775511,3.9183673469387754,10.0,0.0,7.0,0.04,0.0,0.0,0.0,0.0,0.0,0.0,0.0,0.0,0.0,0.0,0.0,0.0,0.0,0.0,0.0,0.0,0.0,0.0,0.2070392853569992,-0.0639765956188096,-0.0361374498756639,-0.0101658516202497,0.1684179906862573,0.0214073652460103,-0.029597796612789,0.0294371101946805,-0.0766859933879663,-0.0719095851838223,0.032260739178637,0.077206222127295,0.0003448073357818,0.0082799963792323,0.0775852838542406,0.0174293056673537,0.0137196571142532,-0.0796721904039029,-0.0940799076872283,0.089957787090501,-0.0143997743242715,0.011484543086619,0.0102775468243815,-0.1163853303816189,40.0,0.3474055810180499,0.1730719691770712,0.7319258570360194,0.5535429905905683,33.0,32.0,1.0,6.448371142891633,0.4797172260484609,0.2015115982153635,0.1284672438994858,0.3941732811760764,0.4384146914178528,3.2650981381178847,4.0,4.0,0.0,0.0471510893544593,0.0313976181277365,0.0117877723386148,0.0116806070685871,0.0246633255194381,0.0280304718235873,0.921982101276251
sciver_val_66,1,24,16,40,2000,0.133213270697437,36.0,36.0,1.0,6.083333333333333,4.0,1.0,4.0,0.14,0.1162790697674418,1.0,0.25,0.0,0.0,0.0,0.0,0.0,0.0,0.0,0.0,0.0,0.0,0.0,1.0,0.0277777777777777,0.0,0.0,0.1705561346487922,-0.1066995955976655,-0.0070709566999569,-0.112409100271301,0.0483663345014118,0.0245649983515344,0.0055078830388047,-0.0552170133033827,0.049871061422402,0.0469858706879239,0.0356995073324036,-0.0044110552879126,0.0130752990089752,-0.0919676460828827,-0.0080882558553581,0.0251351141121122,0.0122520623174571,0.0537055463197252,0.0446322202840308,-0.0404072877013997,0.0914593458141184,0.0409345326095855,0.0852008331375895,0.0849705598547852,36.0,0.3841739343648256,0.1385906856402353,0.72720630915617,0.5540666035169186,35.0,34.0,1.0,7.494065397227623,0.4762436734014594,0.2204136881537536,0.1047852994638153,0.3430182964911083,0.3682586251540115,3.396406584104065,5.0,5.0,0.0,0.0732657245946106,0.0492330435026481,0.0146531449189221,0.0175724373644739,0.0338446238232177,0.0415388336629329,1.0191013833410074
sciver_val_69,1,24,16,40,2000,0.0433355298844661,42.0,40.0,0.9523809523809524,5.666666666666667,4.0,0.0,0.0,0.1052631578947368,0.06,0.0,0.0,0.0,1.0,0.0238095238095238,0.0,0.0,0.0,0.0,1.0,0.0238095238095238,0.0,0.0,1.0,0.0238095238095238,0.0,0.0,0.17656463347765,-0.070997249624823,-0.0382566657137704,-0.0265061312770335,0.0608363920512621,-0.0531766946119376,-0.0265139085113896,-0.0401651269415267,-0.0180671986942883,-0.0318478471304393,0.0161239134731713,-0.0370864401053924,0.0225382678773442,-0.026671462635929,-0.0382005114820957,-0.1110708912566067,-0.0637746979730302,-0.050355147386031,-0.0083810131893834,0.0047254996950804,-0.0717960779482322,-0.0197267542900649,-0.0568893286768358,-0.0236538464918752,40.0,0.3517279379383286,0.1565831912346697,0.7935536736775304,0.5535295889968828,37.0,36.0,1.0,7.445075713241033,0.5357697586615874,0.2068076587011398,0.1199498808822197,0.3664319893063806,0.4342078834610938,3.4129801079833855,3.0,3.0,0.0,0.0327731590384471,0.0169563845618423,0.010924386346149,0.004735607169258,0.0156507775985348,0.0163035810801885,1.002131468563493
sciver_val_70,1,24,16,40,2000,0.0,33.0,32.0,0.9696969696969696,7.151515151515151,1.0,0.0,3.0,0.0,0.0,0.0,0.0,0.0,2.0,0.0606060606060606,0.0,0.0,0.0,0.0,0.0,0.0,1.0,0.0303030303030303,0.0,0.0,0.0,0.0,0.1295213282772598,-0.0634783604674722,-0.0926357494673486,-0.0676380853726147,0.0212113258452964,-0.0054001613016406,0.030476180860454,-0.0003220512457965,0.0472277100971576,0.0390902839699692,-0.0064286982018457,0.0479476777367832,-0.0066251799745262,-0.0261827038828599,0.0238765177277567,0.0227003405172325,0.0003043805775275,0.007440959545426,-0.0062560471459537,-0.041171544385376,-0.0995091203461292,-0.0536320058846471,0.0235766995060352,-0.027893805005875,32.0,0.4382486310706032,0.1388971943553301,0.7985427604337763,0.6305468519129731,32.0,31.0,1.0,7.773741830443065,0.4834388354583894,0.2507658654981634,0.1096725799794425,0.3381404593826486,0.4561563340014686,3.3236698677401,3.0,3.0,0.0,0.0149411822437751,0.0095377230772726,0.0049803940812583,0.00324333093231,0.0082603815142528,0.0088990522957627,0.9000128194056559
sciver_val_72,1,24,16,40,2000,0.1278498208903085,34.0,28.0,0.8235294117647058,4.705882352941177,7.0,0.0,1.0,0.0303030303030303,0.032258064516129,0.0,0.0,0.0,0.0,0.0,0.0,0.0,0.0,0.0,0.0,0.0,0.0,0.0,1.0,0.0294117647058823,1.0,0.0294117647058823,0.1716366345118565,-0.0813400383892957,0.1444645838163436,-0.0791793036282667,0.0786454892192662,0.2355339174117475,-0.0145832186728203,0.0956152121046024,-0.0200215016218802,0.1188630061281774,-0.0825842338076622,-0.1457378548135482,0.0948611266203691,-0.0158678330028452,0.1203473350742293,-0.1921989274204404,0.1564518533680576,0.0196669971999431,-0.0752609298735249,-0.0508634760371114,-0.0673512318395194,-0.0141678520320165,-0.0503920114775591,0.0126477971739339,28.0,0.3899747898923146,0.1613107898215656,0.760600998260169,0.5761121753506051,24.0,23.0,1.0,5.570823208075286,0.4279228494218266,0.2422097046989254,0.1106405793538937,0.3745739633285692,0.3831752280938538,3.0184393968149523,1.0,1.0,0.0,0.0013487060521225,0.0013487060521225,0.0013487060521225,0.0,0.0013487060521225,0.0013487060521225,-0.0
sciver_val_73,1,24,16,40,2000,0.0887755969120795,30.0,28.0,0.9333333333333332,7.033333333333333,0.0,0.0,4.0,0.1818181818181818,0.1621621621621621,0.0,0.0,0.0,1.0,0.0333333333333333,1.0,0.0333333333333333,0.0,0.0,0.0,0.0,0.0,0.0,0.0,0.0,1.0,0.0333333333333333,0.1376524844416596,-0.0590693609385719,-0.0864989301030803,-0.0128559471131193,-0.0511060933332504,-0.0208322345442121,0.0607416904136152,0.0080726303466599,0.0457918814306281,0.0245227244727131,-0.1174595295073584,0.0148715436742846,-0.0475963744874375,0.0746767604146861,0.0163907083051346,-0.0086569891064775,0.0669129049965408,0.0164495307328126,0.0610230415762572,-0.1156454372974247,-0.0330524810481018,0.0758203514775864,0.035405636688511,-0.0090663298008159,28.0,0.4363658767509714,0.1357044463840404,0.7716344862704431,0.605966761752222,27.0,26.0,1.0,6.3581524084482535,0.4129557636114994,0.2445443234018559,0.0866853848341559,0.3646611087048692,0.3938887429161137,3.1883347415029504,4.0,4.0,0.0,0.0609301368576858,0.0265987927951691,0.0152325342144214,0.0107668137079808,0.0261214892032728,0.026360140999221,1.0915272589066516
sciver_val_75,1,24,16,40,2000,0.149106964025507,38.0,33.0,0.868421052631579,6.157894736842105,2.0,0.0,0.0,0.0784313725490196,0.0444444444444444,0.0,0.0,0.0,0.0,0.0,0.0,0.0,0.0,0.0,0.0,0.0,0.0,0.0,0.0,0.0,0.0,0.0,0.2030862354449577,-0.0495943114994908,-0.0010588316242045,0.037401689272963,-0.0641476496322892,-0.0263484481382932,0.1301601438767561,-0.019334895863773,0.0256244299886993,-0.0284968619883756,-0.0805709671051324,0.0526981351951108,0.1075279988375197,-0.0495627385042106,0.1027121520371565,-0.0293630501620166,-0.0218160546910957,-0.0032662286206603,-0.0553953114117737,-0.0092054332613222,0.0642190053630318,0.0534496023658833,-0.0029503570770016,0.0815073920580568,33.0,0.3676283587762702,0.1267518558278633,0.7067511036717223,0.5402863833827143,33.0,32.0,1.0,7.026120796753544,0.4908456782623663,0.2195662748985482,0.0978880948127486,0.3609760893527743,0.3826138002500985,3.3709288213982633,4.0,4.0,0.0,0.037566348463733,0.0288101327791215,0.0093915871159332,0.0112726352368935,0.0216153910259352,0.0252127619025283,0.77545916029506
sciver_val_77,1,24,16,40,2000,0.5162806657209615,51.0,43.0,0.8431372549019608,5.254901960784314,2.0,0.0,9.0,0.146551724137931,0.1359223300970873,0.0,0.0,0.0,0.0,0.0,0.0,0.0,0.0,0.0,0.0,0.0,0.0,0.0,0.0,0.0,0.0,0.0,0.1301377130114923,-0.0595069691110247,-0.0157365147053322,-0.0186522816201903,0.038259901461367,0.031971763001856,0.0181799148896754,0.0002018695703183,-0.0415157569633029,-0.0089157985040069,0.005799378022043,-0.0365555552381375,-0.0654341342074014,-0.0726268470862079,0.0042186157021726,-0.0031585433249133,-0.0574285180382864,-0.0035325239467266,0.0347636371544725,-0.0483625559619251,-0.0852359473949305,0.0670427664967521,0.021719675878235,-0.0434021254931057,40.0,0.3311322724205144,0.136890300304205,0.7669307886021438,0.5257646111704235,38.0,37.0,1.0,6.437061498234182,0.3678825864700428,0.1739746350874103,0.0869760543043384,0.2775395057861409,0.3371303910731681,3.477970811668208,2.0,2.0,0.0,0.0278387115407984,0.0164601115865215,0.0139193557703992,0.0025407558161223,0.015951960423297,0.0162060360049092,0.676394081748055
sciver_val_79,1,24,16,40,2000,0.2861347596760772,41.0,38.0,0.926829268292683,6.2439024390243905,5.0,1.0,1.0,0.1388888888888889,0.1166666666666666,0.0,0.0,0.0,0.0,0.0,0.0,0.0,0.0,0.0,0.0,0.0,1.0,0.024390243902439,0.0,0.0,1.0,0.024390243902439,0.1984581860303422,-0.0426331621016579,-0.0195563143040606,-0.0120027311561646,0.0261584696593057,-0.0676646363250497,-0.0992774458273944,0.0170696560066261,-0.0183188283768051,-0.0488559965742965,-0.006706934672605,-0.0488982534108427,-0.0468630622715825,-0.0434136324135713,0.0161498306522056,-0.0531728682176823,0.021989671285216,0.1184219259378622,-0.0201208095434621,0.079073577658977,0.0933397407417574,0.0163211440792113,0.0724540950628324,-0.011292742661727,38.0,0.4462961016990096,0.1523960045211889,0.8245281110749281,0.6396181176654138,38.0,37.0,1.0,8.512041939204313,0.4450369700748401,0.2300551875460625,0.1138551003805847,0.3736648769177927,0.428310330999653,3.4750751726364397,4.0,4.0,0.0,0.0344759414753461,0.0166121452561127,0.0086189853688365,0.0062544975015389,0.0153873301846099,0.0159997377203613,1.0773126957277954
sciver_val_81,1,24,16,40,2000,0.3442351205791709,35.0,30.0,0.8571428571428571,5.742857142857143,3.0,0.0,2.0,0.1351351351351351,0.125,2.0,0.5,0.0,0.0,0.0,1.0,0.0285714285714285,0.0,0.0,1.0,0.0285714285714285,0.0,0.0,1.0,0.0285714285714285,1.0,0.0285714285714285,0.1793324448298833,-0.0502297572201487,-0.159132668958913,-0.0949492643263467,-0.0259033319911477,0.0087627228400514,-0.0071052207735038,-0.0540564757358009,-0.0327279382932488,-0.0122276803363668,0.0635972093971095,0.025540562512748,-0.037162168367826,0.0594228643207713,-0.0336622176324184,-0.0252889934668043,-0.0942375015442442,-0.053838146823486,0.0051333913467444,-0.0441666739180822,0.0725966082798657,-0.0646070750812497,-0.0411149647504595,-0.0121187244716816,30.0,0.3967005791966634,0.1238345674079739,0.6975696545825187,0.546895899599532,28.0,27.0,1.0,6.495989820171569,0.3791692462433076,0.2405922155619099,0.0868296827370189,0.3392082380935424,0.3558009351234655,3.219344244421954,3.0,3.0,0.0,0.0617149045268725,0.0320467026248401,0.0205716348422908,0.0094681303475755,0.0297993450899891,0.0309230238574146,0.985483754345778
sciver_val_84,1,24,16,40,2000,0.0,44.0,40.0,0.9090909090909092,6.431818181818182,2.0,0.0,3.0,0.0192307692307692,0.0238095238095238,0.0,0.0,0.0,1.0,0.0227272727272727,1.0,0.0227272727272727,0.0,0.0,0.0,0.0,0.0,0.0,1.0,0.0227272727272727,0.0,0.0,0.2063353709129269,-0.1310478430725814,0.0818192501369197,-0.0767036330098707,-0.0444613279093952,-0.0381125852760199,0.0760500846019502,-0.0102911490698715,0.0432575146611819,-0.0813420504813851,0.0350033356790556,0.0240215640650452,-0.0152192937565066,0.0315659715748597,0.0185092794418591,0.0347384295669231,0.0941205696354069,-0.0076955539881245,-0.0908676779319941,0.0581769122351705,-0.0767537568870636,-0.0576176963791674,0.0923893710669664,0.0268290154310085,40.0,0.4276322495749595,0.1814309078479291,0.963323660583809,0.6654626696544141,40.0,39.0,1.0,8.328700374313764,0.5247562444071963,0.213556419854199,0.1247560964413812,0.3692511048412777,0.5028834685736194,3.4972073263987444,2.0,2.0,0.0,0.0284568883700853,0.0229571685892752,0.0142284441850426,0.0087287244042325,0.0212114237084287,0.0220842961488519,0.49092272707796
sciver_val_86,1,24,16,40,2000,0.347000623931348,39.0,37.0,0.9487179487179488,5.512820512820513,2.0,0.0,0.0,0.1590909090909091,0.081081081081081,0.0,0.0,0.0,1.0,0.0256410256410256,0.0,0.0,0.0,0.0,0.0,0.0,0.0,0.0,0.0,0.0,0.0,0.0,0.1927733425199582,-0.0196802352417626,-0.0237195210972019,0.0369717274012099,-0.0631976758653043,-0.0161714840801839,-0.0344506761829617,0.0073059842937602,-0.0340723918300412,-0.0186917429065806,0.0353907000972378,-0.0464261951400946,-0.0697596842504569,-0.1276663193174893,-0.026203622509888,0.0938771363096452,0.0258283673677461,-0.0405370976910188,-0.0688611956696774,0.0194938257354328,-0.0250395703429916,0.018998322175592,0.0663396697211669,0.0747449715075335,37.0,0.3754762846931493,0.1337960358766982,0.7450173372513249,0.5446711765996717,37.0,36.0,1.0,7.258051517860102,0.4140700630833668,0.2016125421627806,0.0999414662871849,0.3584141164790603,0.3990519201704203,3.45776839711939,7.0,7.0,0.0,0.0772312201802709,0.0319046900938128,0.0110330314543244,0.0092258104786349,0.0205301283848109,0.0262174092393118,1.6519898149958492
sciver_val_87,1,24,16,40,2000,0.0,40.0,39.0,0.975,5.875,1.0,0.0,5.0,0.0232558139534883,0.027027027027027,0.0,0.0,0.0,3.0,0.075,0.0,0.0,0.0,0.0,0.0,0.0,0.0,0.0,0.0,0.0,0.0,0.0,0.1954406160148387,0.0415422992721445,-0.1066789552904211,-0.0878143345508108,-0.0118264233521305,-0.0090967958876135,0.0051386992922526,0.0280444743183883,0.0386435109127156,-0.0395267835182583,0.089828069055261,-0.0704551770061647,-0.0874775696944486,-0.02405735236099,0.0146890521814404,0.016325605353083,0.0583451358309725,-0.1380680247821658,0.0049790024839503,0.0678766464599356,-0.0173608047210318,-0.0389744575051408,-0.0035661935300792,-0.0574584834993764,39.0,0.3888184412087475,0.1650281475694672,0.9582529287468272,0.6282796659431572,39.0,38.0,1.0,7.995166537014946,0.5509520528330089,0.2103991193951301,0.1166878748972181,0.3894408404587051,0.4135621465891021,3.4875407401947816,5.0,5.0,0.0,0.0542169024679297,0.0196889538325618,0.0108433804935859,0.0067829209268289,0.0187544696159753,0.0192217117242685,1.3908289604606656
sciver_val_90,1,24,16,40,2000,0.476585106985874,50.0,43.0,0.86,5.26,5.0,1.0,6.0,0.1621621621621621,0.1451612903225806,2.0,0.4,1.0,2.0,0.04,0.0,0.0,1.0,0.02,0.0,0.0,0.0,0.0,0.0,0.0,0.0,0.0,0.2391624665564435,-0.0930993073586377,0.0487885907850477,-0.0664546828474174,0.0588785306590831,0.1391590138475546,0.0283381251048907,-0.0923690102209,0.1488201471852293,-0.160857026477263,-0.0450325328613872,-0.0519631243183355,0.009377488846413,0.0394611736780628,-0.1210569534222695,0.0547826132734033,-0.0638055512946016,0.0780419632614433,0.0597031459536034,0.132787236767234,-0.053581649963553,0.0730529379827721,0.0854169363113777,0.017576878906698,40.0,0.3462131929886394,0.1314991738520975,0.6831791791430245,0.5158866426095535,36.0,35.0,1.0,7.003518598012343,0.352514976071951,0.2001005313717812,0.0804985180110466,0.29051114269403,0.3090439171981757,3.467055087006491,4.0,4.0,0.0,0.0469854422639211,0.0271794666978554,0.0117463605659802,0.0096038058012998,0.0221878781883301,0.0246836724430928,1.0342401231878529
sciver_val_92,1,24,16,40,2000,0.0876836944636862,41.0,40.0,0.975609756097561,6.414634146341464,4.0,3.0,9.0,0.125,0.0909090909090909,1.0,0.2,0.0,1.0,0.024390243902439,0.0,0.0,0.0,0.0,0.0,0.0,0.0,0.0,0.0,0.0,0.0,0.0,0.2049006459300753,-0.0968644732644552,-0.020208933197313,-0.1755048612483478,0.0480966137730763,-0.03518057350306,-0.0424407384693226,0.0633500204001429,0.0808563832051242,-0.0497329547299584,-0.0856679200861436,0.0111236082400559,0.0006671452664817,0.0229710150866525,-0.0835521812680385,0.0346139763140325,0.049624474982411,0.0475568863280107,0.0388421567058209,-0.1169491870889077,-0.0255129038882394,0.0061040908998663,-0.0702500872373451,0.1003861602996847,40.0,0.3760345233298268,0.1547587949161148,0.8010279803588144,0.586990988038103,38.0,37.0,1.0,8.527227023896687,0.4961898415092047,0.230465595240451,0.1293335222961865,0.3913029617847554,0.4396890823752314,3.4333596319642936,4.0,4.0,0.0,0.0584711385632709,0.030682491209609,0.0146177846408177,0.0106449032467467,0.025559143165777,0.028120817187693,1.070575444142177
sciver_val_93,1,24,16,40,2000,0.0475559770640083,41.0,33.0,0.8048780487804879,5.146341463414634,6.0,0.0,6.0,0.0833333333333333,0.048780487804878,1.0,0.1428571428571428,0.0,0.0,0.0,1.0,0.024390243902439,0.0,0.0,0.0,0.0,0.0,0.0,0.0,0.0,0.0,0.0,0.1788642376265534,-0.0462624634852195,-0.0566422267766269,0.0959079988310836,0.0526246996339781,-0.0307198359730705,-0.0379216071855949,-0.0380133055487229,0.0361991373027552,-0.0545199339198612,-0.0167967553392459,0.0184638656181593,0.0232681808310993,-0.0524422084211832,0.0154441577363455,-0.0639009147615577,-0.0374341195401413,0.0115672360720586,0.0567241465242815,-0.050579344574923,0.0321570774991227,-0.074326096279001,-0.0445522878195181,0.0145367181257611,33.0,0.3804502732814455,0.1566127865141383,0.8084748472916536,0.5840169510730093,31.0,30.0,1.0,6.526931032391798,0.4834821039092026,0.2175643677463932,0.1202670528116071,0.3739477710908674,0.4281909470844265,3.242241616083839,2.0,2.0,0.0,0.0297537961908427,0.0168165309238229,0.0148768980954213,0.0019396328284016,0.0164286043581426,0.0166225676409828,0.6846236138936479
sciver_val_97,1,24,16,40,2000,0.2773968684879161,47.0,44.0,0.9361702127659576,5.51063829787234,3.0,1.0,4.0,0.1428571428571428,0.1555555555555555,0.0,0.0,0.0,0.0,0.0,0.0,0.0,0.0,0.0,0.0,0.0,0.0,0.0,0.0,0.0,0.0,0.0,0.1892725400652999,-0.0683097510758028,-0.1049252936786944,-0.1504168511082529,-0.0350960194267123,-0.0522907623580713,0.0074836176914602,0.0052287479203544,0.1167002403465076,0.0609803366589516,0.0848029104432564,-0.1040688986202522,0.0478063049381306,-0.0040864011958115,-0.0639683566516963,0.0315170565991345,-0.0644217964471807,-0.0233865069742998,0.0315006082640215,-0.0522842975213857,-0.045802511123608,0.0335139703605227,-0.0704513491382289,0.0272509047742742,40.0,0.3768293694025452,0.1708321549373284,0.8923533738419341,0.6153481105147274,39.0,38.0,1.0,7.244919523749439,0.4978119832838796,0.1906557769407747,0.1164882212446537,0.3351788291317778,0.3575162292205157,3.4314380402733833,5.0,5.0,0.0,0.0400128900869171,0.0171675033037549,0.0080025780173834,0.0053726170792456,0.0146622773453145,0.0159148903245347,1.3949066023451906
sciver_val_99,1,24,16,40,2000,0.1216756732560555,37.0,37.0,1.0,6.702702702702703,3.0,0.0,7.0,0.0416666666666666,0.048780487804878,1.0,0.25,0.0,0.0,0.0,0.0,0.0,0.0,0.0,0.0,0.0,0.0,0.0,0.0,0.0,0.0,0.0,0.1440907443009506,-0.0820439946764503,-0.0686034227540964,-0.1380904911449315,0.0365130746148129,0.0975520590825494,-0.0875494040426034,0.1254906671629864,-0.0613938160261134,0.0978633993674907,-0.0804452787638145,-0.0372241039204033,0.0441719589456846,-0.0180917699362487,0.078335354769391,-0.1874390590098208,0.1469179900091059,0.0705794996124314,0.0842829893346768,0.0739243093027239,0.0383524291648888,-0.0471192157841916,0.0239105213472421,-0.0168681473951792,37.0,0.3732729460403366,0.148522448245201,0.7983254320992039,0.5683639797015556,34.0,33.0,1.0,6.979773060542773,0.441191862987718,0.2115082745619022,0.1000807581946374,0.3283797284195676,0.4235490348898433,3.3759596827615392,4.0,4.0,0.0,0.0390124361582084,0.0118285203476399,0.0097531090395521,0.0022807121486463,0.0115072840741729,0.0116679022109064,1.356124815437384
sciver_val_102,1,24,16,40,2000,0.3740093439874356,56.0,49.0,0.875,5.357142857142857,5.0,0.0,1.0,0.1558441558441558,0.1343283582089552,2.0,0.6666666666666666,0.0,1.0,0.0178571428571428,0.0,0.0,0.0,0.0,0.0,0.0,0.0,0.0,0.0,0.0,0.0,0.0,0.1429056829861223,-0.0699982464917307,-0.0654026193389527,0.0059129408684509,0.0471467353804807,0.1181135070629785,-0.0031908141535503,-0.0503179918906429,-0.0205949473274949,-0.0645252550752871,-0.0715359227706899,-0.0313341909942522,-0.0184924637369512,0.0316530912772224,-0.1081997324589827,0.1476750235282289,-0.0015846651866228,-0.1049534667983159,0.0684530932428725,-0.0365620176918946,0.0379571489596446,0.0406653101343216,0.002862289666682,0.0701326703060035,40.0,0.4240742932136324,0.1762023896330795,0.9739818893262546,0.6290390267149922,35.0,34.0,1.0,8.211448727182074,0.4507535018520867,0.2415131978582962,0.1044127487569599,0.3890430117250365,0.4105374817327953,3.4249278125542237,5.0,5.0,0.0,0.0836682525356991,0.0359781649144546,0.0167336505071398,0.0144474350498313,0.0343431440953826,0.0351606545049186,1.1837687735607507
sciver_val_103,1,24,16,40,2000,0.156332492359671,39.0,38.0,0.9743589743589745,5.333333333333333,4.0,1.0,4.0,0.1774193548387097,0.1111111111111111,0.0,0.0,0.0,0.0,0.0,0.0,0.0,0.0,0.0,1.0,0.0256410256410256,0.0,0.0,0.0,0.0,0.0,0.0,0.1984938926311714,-0.0756433789652007,-3.157982742718583e-05,-0.0985364016023197,-0.0306143072908686,0.1196907013981458,0.020784216489803,0.1056210934580401,-0.0601560969175926,0.0740401600259506,-0.0878041095008437,-0.0620249443929339,0.0788647160595043,0.0360302200332259,-0.0029790275551044,-0.0602315032940854,0.071073163808216,0.0227945253162677,-0.0561663014375736,-0.0314459310317401,-0.0313134914026216,-0.0507951906705958,0.0510594073889431,0.0807825550433331,38.0,0.3780805931932097,0.1688350139962581,0.8454767908965339,0.6060633176916843,35.0,34.0,1.0,7.449022697441583,0.4621199390475108,0.2190889028659289,0.1239914348770291,0.3640206877817675,0.4009375400939471,3.326225567124619,3.0,3.0,0.0,0.0327741505166025,0.0271379702156557,0.0109247168388675,0.0114682427730061,0.0223457436711773,0.0247418569434165,0.5768001378159976
sciver_val_106,1,24,16,40,2000,0.1257102960041452,36.0,31.0,0.8611111111111112,5.805555555555555,1.0,0.0,2.0,0.1643835616438356,0.1428571428571428,1.0,0.1428571428571428,0.0,1.0,0.0277777777777777,0.0,0.0,0.0,0.0,0.0,0.0,0.0,0.0,0.0,0.0,0.0,0.0,0.2174342801732483,-0.0727525480753033,-0.1172201183966618,0.0709236412715644,-0.1245957681303968,0.0015352912248453,0.0577546126274491,0.0224078069385493,0.0553081008657809,0.0024734813028837,-0.0270840805427492,0.0540969827378822,0.0441554841457896,-0.0161253358949241,-0.0116925062231769,0.018861665582818,0.0189722007917851,0.0364648637080615,-0.0049506590041963,-0.0777503710825412,-0.0238178408524186,0.0385448742643016,0.0585341038285572,-0.0273550675465416,31.0,0.3991566854402856,0.1562803973908659,0.826877231619398,0.6042375339427432,29.0,28.0,1.0,6.658867015481268,0.4436199637240436,0.237816679124331,0.1095388655099737,0.3724637745840525,0.4101217867336355,3.202605516709836,3.0,3.0,0.0,0.0175570755154681,0.0101352942705467,0.005852358505156,0.0038975692332813,0.0094513765951844,0.0097933354328656,0.8140012451747227
sciver_val_108,1,24,16,40,2000,0.0793484088960527,42.0,40.0,0.9523809523809524,7.095238095238095,0.0,0.0,4.0,0.0793650793650793,0.0701754385964912,0.0,0.0,0.0,0.0,0.0,0.0,0.0,0.0,0.0,0.0,0.0,0.0,0.0,1.0,0.0238095238095238,0.0,0.0,0.1444426878381072,-0.0919627173416299,-0.048761535968321,-0.0072506415347285,-0.0159627069589033,-0.0068493659312748,0.0761773179078018,-0.0472942427124616,-0.0034422484071028,0.0108754309928183,0.0181284384478266,0.0009978338551519,-0.0027365960726393,0.0449947707973426,0.0548359056851869,-0.0253598070313643,0.0217280219478564,0.0445175599690208,0.0198294105557111,-0.0369689051427791,0.0005853189197495,0.0389848262932851,0.0105264211313395,0.0084914852143752,40.0,0.3863246666910164,0.1343441683727121,0.7837463448009735,0.587386658737872,40.0,39.0,1.0,7.996255039516815,0.4020836418978293,0.2050321805004311,0.0823674128010114,0.3007406880975972,0.3527234862761352,3.58308733973239,4.0,4.0,0.0,0.0497411088808458,0.0154263917775233,0.0124352772202114,0.0030187490572612,0.0149958997178133,0.0152111457476683,1.354017454982525
sciver_val_110,1,24,16,40,2000,0.0769225214749742,37.0,36.0,0.972972972972973,7.162162162162162,1.0,0.0,6.0,0.0701754385964912,0.0416666666666666,1.0,0.5,0.0,1.0,0.027027027027027,0.0,0.0,0.0,0.0,0.0,0.0,0.0,0.0,0.0,0.0,0.0,0.0,0.1445147851121548,-0.0616901861384083,-0.1131037004989593,-0.0938477035032084,0.0070581533174879,0.0003649856041654,0.0039970744449821,0.0296176166834453,-0.0499629761396215,-0.0210008597773991,0.0736289513109432,0.0476643581171814,-0.0200454041305084,0.0060090347196613,0.0464064619916585,-0.0233872157260932,0.0319793590808566,0.0330572994717911,-0.026201027571622,0.0894151249449881,0.088184290540975,-0.0027662570822144,0.1616933922040611,-0.0338263047487022,36.0,0.4156224038197951,0.1344952748890327,0.7403616563314841,0.584505809153933,36.0,35.0,1.0,7.780335693617848,0.4998020221664575,0.2222953055319385,0.0984887404744687,0.3476145747679731,0.3982273106569067,3.4644289374701875,6.0,6.0,0.0,0.0673560325437077,0.0273902273665366,0.0112260054239512,0.0086976966781551,0.0224509999454185,0.0249206136559776,1.5099243117815169
sciver_val_112,1,24,16,40,2000,0.255682702141305,43.0,39.0,0.9069767441860463,5.395348837209302,9.0,2.0,8.0,0.1111111111111111,0.1052631578947368,0.0,0.0,0.0,0.0,0.0,0.0,0.0,0.0,0.0,1.0,0.0232558139534883,0.0,0.0,1.0,0.0232558139534883,0.0,0.0,0.1774042349442278,-0.0397018904391967,0.0452728798491893,-0.0839782400801583,0.0144182951625334,-0.0854081999729329,0.0107508974599465,0.0415702559973607,0.0084158023183676,0.0559840913829877,-0.106034262272763,0.0583784115538257,0.0637402682466727,-0.0385777946593324,-0.0195547846365977,0.0077521983990761,0.0070362806297932,0.0796384596514014,-0.045990259527669,-0.0752102558494035,0.0290670814193813,-0.050025120823676,-0.0027697661556119,0.1057729406373522,39.0,0.3669810962389936,0.1392171471545026,0.7307227865413264,0.5480305437339416,38.0,37.0,1.0,6.559724106002722,0.3892499191532024,0.1772898407027762,0.0877086774811433,0.2985502364371635,0.3157449962485259,3.4745104208695294,1.0,1.0,0.0,0.0017911528763414,0.0017911528763414,0.0017911528763414,0.0,0.0017911528763414,0.0017911528763414,-0.0
sciver_val_114,1,24,16,40,2000,0.1014340517044758,38.0,37.0,0.9736842105263158,6.7368421052631575,2.0,0.0,3.0,0.1666666666666666,0.075,0.0,0.0,0.0,1.0,0.0263157894736842,0.0,0.0,0.0,0.0,0.0,0.0,0.0,0.0,0.0,0.0,0.0,0.0,0.2183849304457656,-0.0634872478510462,-0.0481227793513499,-0.0860737139840964,-0.0985785428187375,-0.0987911773296986,0.0253103826554733,0.0613721077302641,0.1459833943752863,-0.0525232753685646,0.0189374489744433,-0.0461009681162079,0.1099288819215392,0.0098633152663799,-0.0192469609666783,0.0227605634857178,0.0910013893541775,-0.0082237661718513,-0.0198527020820158,-0.0933095920543544,-0.0877778898199919,-0.0270330218047905,-0.0066729996074377,0.022688657758671,37.0,0.439988109661696,0.1655748248357496,0.9602456408770124,0.6475035624997403,37.0,36.0,1.0,8.687639370751807,0.4784736434238707,0.2413233158542168,0.1099384261447927,0.3960335283459467,0.4271330155132874,3.47788553635534,2.0,2.0,0.0,0.0245991205665384,0.0190021482920314,0.0122995602832692,0.0067025880087622,0.017661630690279,0.0183318894911552,0.5362712838403814
sciver_val_115,1,24,16,40,2000,0.1471374451610566,39.0,36.0,0.9230769230769232,6.076923076923077,6.0,2.0,7.0,0.0232558139534883,0.027027027027027,0.0,0.0,0.0,1.0,0.0256410256410256,0.0,0.0,0.0,0.0,0.0,0.0,1.0,0.0256410256410256,0.0,0.0,0.0,0.0,0.144754296407008,-0.0493834135775856,0.0026309981134879,-0.1354899601744169,0.0077100954451616,-0.0015955510502456,-0.0536107550536733,0.0108346122256738,-0.0956803955161519,-0.0629830590403323,-0.172354808101806,0.0025137186753836,0.0149678618121521,0.248082161165242,-0.1193005372687624,0.0336176077302953,-0.1565663089795088,0.0851537158920039,-0.1131037001033003,0.0159834699396119,-0.0048195721769503,-0.0977617331189926,0.040644631347268,0.0230670860493977,36.0,0.3356623960335278,0.1238741671974859,0.665494960270402,0.4803833922001615,32.0,31.0,1.0,6.583742059659124,0.3846336019513012,0.2123787761180362,0.0945212180132355,0.3238621076042343,0.32974682566014,3.3222306129181236,2.0,2.0,0.0,0.0552836129749469,0.0388778048175417,0.0276418064874734,0.0112359983300682,0.036630605151528,0.0377542049845348,0.6080915633700994
sciver_val_117,1,24,16,40,2000,0.0892745131875044,37.0,32.0,0.8648648648648649,5.27027027027027,3.0,3.0,4.0,0.0277777777777777,0.03125,0.0,0.0,0.0,0.0,0.0,0.0,0.0,0.0,0.0,0.0,0.0,0.0,0.0,0.0,0.0,0.0,0.0,0.2527979495958189,-0.0122922172713114,-0.1637442450439855,0.1038059498660873,-0.0621071977746782,-0.0012842725822382,0.000881330151049,0.074077719547028,0.0407060366076366,-0.0429821846404198,-0.0385766628028051,-0.0394153866162459,0.0462237851088482,-0.04580757339004,0.0799435095568514,0.1064760389246118,0.0305883189846875,-0.0997790011567026,-0.0817991243396623,-0.0136295066843073,-0.0196588414076678,0.0357325081017471,-0.0080368156147575,-0.0663680290034238,32.0,0.3868394210254884,0.1595981461083159,0.7881091988174715,0.5861225590313754,27.0,26.0,1.0,6.910050404331283,0.4987672365770986,0.265771169397357,0.1269401899694128,0.4509598467051591,0.4821174155630314,3.134214944298586,2.0,2.0,0.0,0.0057420493340878,0.0036757904954698,0.0028710246670439,0.0008047658284258,0.0035148373297846,0.0035953139126272,0.6533300743418047
sciver_val_118,1,24,16,40,2000,0.2562633095459677,42.0,40.0,0.9523809523809524,6.095238095238095,1.0,0.0,1.0,0.2040816326530612,0.2,1.0,1.0,0.0,0.0,0.0,1.0,0.0238095238095238,0.0,0.0,0.0,0.0,0.0,0.0,0.0,0.0,0.0,0.0,0.2371030237364055,-0.0999754772228031,-0.0341955491782088,-0.0252769300501237,-0.0280391687827844,-0.057685672453953,0.1051518994959731,-0.1071491904527022,0.0363443093069251,0.0032142281346691,-0.0903298135437397,0.0198454554682004,0.0923863334057001,-0.0536600750551187,0.0774035763341873,0.0058083492676558,-0.0341209153330389,0.0586230623964513,-0.0859241713416025,-0.0340887993892435,0.0161635565803542,-0.0041180577147735,0.0435484287837006,0.1072931209427238,40.0,0.3838168048713418,0.1430311232441387,0.8338693793340909,0.5897555231263099,38.0,37.0,1.0,7.823918874704529,0.4586557591063033,0.2114572668839062,0.0946887581915885,0.3205119574663628,0.3844168768998263,3.504819595261835,5.0,5.0,0.0,0.0831540556415419,0.04609783963864,0.0166308111283083,0.0158014957196209,0.0337948199066149,0.0399463297726275,1.1634927696708934
sciver_val_119,1,24,16,40,2000,0.0315972977593294,54.0,46.0,0.8518518518518519,5.462962962962963,4.0,0.0,3.0,0.0864197530864197,0.0714285714285714,0.0,0.0,0.0,0.0,0.0,1.0,0.0185185185185185,0.0,0.0,0.0,0.0,2.0,0.037037037037037,0.0,0.0,0.0,0.0,0.2881314385258807,-0.0356144664101794,-0.1466109614181079,0.1297632026110174,-0.0169119129577199,0.0533888831673292,-0.0434160103844309,0.0368992702309773,-0.0647668540656544,-0.0132130124238235,-0.0340517677800076,-0.0418487150999705,0.0962564524713647,0.0007895829599436,0.0176456420862636,0.023715419129454,0.0238176198583104,0.0514354019890888,-0.083974263411225,0.0008922994596115,-0.0096614924917936,-0.0410477139828287,-0.0352387589116281,0.0016293732992094,40.0,0.3592126062194531,0.1555738436134366,0.770869932074153,0.5672094695647356,36.0,35.0,1.0,6.481987750307274,0.4614421377698468,0.1851996500087792,0.0952162322418723,0.3082221047550917,0.3179478474883265,3.421497162958131,1.0,1.0,0.0,0.0107510483144002,0.0107510483144002,0.0107510483144002,0.0,0.0107510483144002,0.0107510483144002,-0.0
sciver_val_121,1,24,16,40,2000,0.3491458283205301,31.0,30.0,0.967741935483871,6.645161290322581,0.0,0.0,0.0,0.1777777777777777,0.1282051282051282,0.0,0.0,0.0,0.0,0.0,0.0,0.0,0.0,0.0,0.0,0.0,0.0,0.0,0.0,0.0,0.0,0.0,0.1722940568780875,-0.0215967220078898,-0.1265475995908783,0.0336259167325163,-0.0756171492397392,0.01227941339805,0.0198432279671195,0.0217476093426882,-0.104836705040073,0.0167212455985271,0.1077507108581711,0.0107973060459017,0.0948668080264074,-0.0139525797551748,0.0188636194342201,-0.0058105480039177,-0.0170598622563204,-0.0069166107113681,-0.0175867631925242,0.0297641206015613,0.0681125439003648,0.0506827982995246,0.0330737136795793,0.0043053395552998,30.0,0.418506992626644,0.1379263978856663,0.7492522444105355,0.5877930514504432,30.0,29.0,1.0,6.4155496334571,0.5013022636829942,0.2212258494295551,0.1040688087282244,0.3412661449645637,0.4162322952138083,3.260443466652976,3.0,3.0,0.0,0.064439023165634,0.0341534239862941,0.0214796743885446,0.0119109262722336,0.0322731450981354,0.0332132845422148,0.9148159475366644
sciver_val_123,1,24,16,40,2000,0.1362992126934332,36.0,34.0,0.9444444444444444,6.861111111111111,0.0,0.0,2.0,0.0869565217391304,0.0769230769230769,0.0,0.0,0.0,0.0,0.0,1.0,0.0277777777777777,0.0,0.0,0.0,0.0,0.0,0.0,0.0,0.0,0.0,0.0,0.2312941571988533,-0.1018994511867879,-0.08414619390609,0.0083385867761366,0.0386710598975351,-0.061106281196408,0.0706248410399356,-0.1204699258457469,-0.1062949219600451,0.0398759141273061,-0.0788087582007204,0.0052278499245963,0.0701413149268261,-0.0090260737677331,0.0635277466745804,-0.0538931578939313,-0.0606186638825238,0.0568784638114916,-0.0649431573933889,-0.0751370372608952,0.0057986082183512,0.0188803592450481,0.04283490276318,0.0753904483825655,34.0,0.4258485663813527,0.1337266981627672,0.7669225987063598,0.6052955095877963,34.0,33.0,1.0,8.040927886396938,0.4725280062891737,0.2436644814059678,0.0943633448743925,0.3547333096314308,0.4309083876047271,3.421927350195774,2.0,2.0,0.0,0.0161128318588016,0.009245025393071,0.0080564159294008,0.0011886094636702,0.0090073035003369,0.009126164446704,0.6822239493837678
sciver_val_125,1,24,16,40,2000,0.0543746422143821,39.0,37.0,0.9487179487179488,6.3076923076923075,3.0,0.0,7.0,0.1,0.0862068965517241,1.0,0.1111111111111111,0.0,0.0,0.0,0.0,0.0,0.0,0.0,0.0,0.0,0.0,0.0,0.0,0.0,0.0,0.0,0.2487576392092436,-0.1044364966031298,-0.1128325387369391,-0.011939683767982,0.0203356557769944,0.0192776589078867,-0.0082304341403468,0.0459105956959037,-0.0397584502096589,-0.0554479915670804,-0.0767030286838129,-0.0050537403234496,-0.0729969707560863,-0.0094559106245452,0.0197995899236505,0.0225925431912728,-0.0486428815389216,0.0753154458773037,0.0387446372260372,-0.0060663648831188,0.0346025836096586,0.1448848057491915,-0.0208581229757753,0.1592302613553082,37.0,0.4471571401777802,0.1723821158033665,0.8777704199276439,0.6638745355767997,36.0,35.0,1.0,7.761895849520952,0.5111826141603311,0.2217684528434557,0.1284868270134795,0.4176661126233822,0.4423492621715232,3.3775164811555896,2.0,2.0,0.0,0.0245466263241543,0.0176980805282362,0.0122733131620771,0.005424767366159,0.0166131270550044,0.0171556037916203,0.592007806962508
sciver_val_126,1,24,16,40,2000,0.0,40.0,33.0,0.825,5.2,3.0,0.0,1.0,0.0338983050847457,0.0416666666666666,0.0,0.0,0.0,1.0,0.025,0.0,0.0,0.0,0.0,0.0,0.0,0.0,0.0,0.0,0.0,0.0,0.0,0.2630409775167122,-0.0414357256498848,0.01910639384366,-0.0225491525790769,0.0035382344049778,-0.1233852557466063,0.0826374096731976,-0.0422260715687595,0.1397521209794604,-0.0431968212535982,0.0756626089274006,-0.0020083189383594,0.0698045979383037,0.1192209215863702,0.1471683729047686,-0.0515254755680185,0.0581183560098122,-0.0253569113181476,-0.0214301989655416,0.0221298406457405,0.0072209251434381,0.0004066849563663,0.0253730174664679,-0.0354219304021494,33.0,0.4052888081996758,0.1642764564767602,0.91769184423574,0.5936896088928781,31.0,29.0,2.0,6.272159292360977,0.429815294005107,0.2162813549089992,0.0956307795801639,0.3533720403859719,0.3793185273234697,3.2674381951376796,3.0,3.0,0.0,0.076445410545694,0.0573419001840573,0.0254818035152313,0.0228325967426749,0.0486936379933166,0.053017769088687,0.7059182386828371
sciver_val_128,1,24,16,40,2000,0.6257182502484786,20.0,19.0,0.95,5.95,4.0,1.0,4.0,0.1923076923076923,0.1818181818181818,1.0,0.25,0.0,0.0,0.0,0.0,0.0,0.0,0.0,0.0,0.0,0.0,0.0,0.0,0.0,0.0,0.0,0.1257342772684754,0.0076672938539455,-0.0487518996569001,0.0496356962609483,-0.0152362455709911,0.0288394309256126,-0.0345234453081981,0.1226023037941855,0.0075697501082665,-0.032353293710647,0.0295693827272316,-0.0512351629095119,-0.1168715345627855,-0.046093164787925,-0.0316845694182248,0.0814715423456643,-0.0146363947481464,-0.1210308524479897,-0.0268445483831085,-0.0517640711354784,0.0313826106747758,0.1050499560778151,0.0980164997613577,-0.009654806926031,19.0,0.4213409631349731,0.1487456959712368,0.6974041016131044,0.6100721669111299,19.0,18.0,1.0,4.043542779109492,0.4795684784706004,0.2246412655060828,0.131773216372787,0.3728119073955559,0.411520990860106,2.6917734985039936,0.0,0.0,0.0,0.0,0.0,0.0,0.0,0.0,0.0,0.0
sciver_val_130,1,24,16,40,2000,0.1264692867412047,39.0,31.0,0.7948717948717948,5.205128205128205,3.0,0.0,1.0,0.1304347826086956,0.1012658227848101,1.0,0.25,0.0,1.0,0.0256410256410256,0.0,0.0,0.0,0.0,0.0,0.0,0.0,0.0,0.0,0.0,0.0,0.0,0.1692340591258113,-0.0314041337420293,-0.0818722397612621,-0.0678118964667893,0.051816058474052,-0.0237593946421649,-0.0005928487103232,0.0251977495129402,-0.0494124010545766,0.0376728904181919,-0.0654874072351523,0.0702231699286859,0.0745392151965232,-0.0609536899477732,0.0682129498034306,0.1459486440147784,-0.011173405837275,-0.0456489636399928,-0.0797626878490965,0.0875846756126838,0.0072868138214705,-0.0529591780439971,-0.0072544697008473,0.052631051722657,31.0,0.3234358304448345,0.1505992114982853,0.7747343671320011,0.4959262348714793,29.0,27.0,2.0,4.754398315827167,0.3464273678468485,0.1760888265121173,0.0966933490826781,0.3217072424233338,0.3343863131481996,3.1294424670073733,2.0,2.0,0.0,0.0024950248747937,0.0022248933585611,0.0012475124373968,0.0009773809211643,0.0020294171743283,0.0021271552664447,0.3428789192647234
sciver_val_132,1,24,16,40,2000,0.0751484861032389,40.0,38.0,0.95,6.775,4.0,1.0,6.0,0.0833333333333333,0.0675675675675675,1.0,0.125,0.0,0.0,0.0,0.0,0.0,0.0,0.0,0.0,0.0,0.0,0.0,0.0,0.0,0.0,0.0,0.1818986509799539,-0.0313564458558207,-0.1023187767881192,-0.0350022265204432,0.0807040454726045,0.027675005301852,-0.0041258055612664,0.0330244542308301,0.1396304836636037,0.0575204530473592,0.0464932809221611,0.0610250595417463,0.0035459165000209,-0.0841281568845272,0.0414454338424692,0.0914300194745248,-0.0131357483972163,-0.0152880738399087,0.0294946773244783,-0.1393479189087696,-0.0979118922610618,0.0961134287460349,0.1043599868925572,-0.0008204759324945,38.0,0.4264248052261563,0.1671134437012117,0.847367028530267,0.641517381186972,36.0,35.0,1.0,8.435661283007638,0.5533207622352413,0.2410188938002182,0.1249904467939452,0.3921680120972731,0.4445778259842696,3.4053537093730086,4.0,4.0,0.0,0.1191230156333493,0.0826685827559338,0.0297807539083373,0.0308174347463638,0.0631999627709945,0.0729342727634641,0.9265237983007248
sciver_val_135,1,24,16,40,2000,0.3884627181842727,42.0,41.0,0.9761904761904762,7.428571428571429,1.0,1.0,7.0,0.1894736842105263,0.1585365853658536,0.0,0.0,0.0,0.0,0.0,0.0,0.0,0.0,0.0,0.0,0.0,0.0,0.0,1.0,0.0238095238095238,0.0,0.0,0.1189534227805132,-0.0596771782552375,-0.0883587533823862,-0.0958927510651051,0.0035661611768407,-0.0218833511889518,-0.0518539328338638,0.0217963197126475,0.0101234697413702,0.0335434421263831,-0.0186925611484889,-0.0009622528388848,-0.0385833528536318,0.0174400994800256,0.0082624634679437,0.0147737930179512,0.0585297325758003,-0.0811907686994498,0.0218412193446302,0.0046536999570792,-0.0315806831618951,-0.0310973570388797,0.0033299630713019,-0.0713189215374118,40.0,0.4092904035919613,0.1466088183189579,0.8046839398293509,0.5947855580630227,40.0,39.0,1.0,8.346072944861799,0.3968180570779127,0.2140018703810717,0.09200113011111,0.3446436983507303,0.3551697215277027,3.5626426351619354,5.0,5.0,0.0,0.1376924290234967,0.0447814583372785,0.0275384858046993,0.0129414996616108,0.0418895401579602,0.0433354992476194,1.4917241116725444
sciver_val_139,1,24,16,40,2000,0.2327942776714251,39.0,38.0,0.9743589743589745,5.82051282051282,2.0,0.0,1.0,0.15625,0.1454545454545454,0.0,0.0,0.0,3.0,0.0769230769230769,0.0,0.0,0.0,0.0,0.0,0.0,1.0,0.0256410256410256,0.0,0.0,0.0,0.0,0.1726596949137886,0.0125728735564986,-0.0331264740309535,0.0646036668352623,0.1676273058267103,0.0124658487841139,-0.0135799557611741,-0.121163032505651,0.1370537966567369,0.0337164072662595,0.0404587201853912,-0.0021481219640579,0.0384849083773885,0.0157381931055816,-0.0247733816503067,0.0331492500341661,0.0169311213304912,0.0465830280818958,0.1152019817920427,0.0125204140796831,-0.0132710423441438,-0.0375551174515036,0.1143199051517139,-0.0957951637398813,38.0,0.3835774567120153,0.1424327997209555,0.7702829863806959,0.5698207117135106,35.0,34.0,1.0,7.2972012159418,0.4213347259171606,0.2146235651747588,0.093448642268384,0.3296764350723497,0.374900903389975,3.4261063342008375,3.0,3.0,0.0,0.0818452700950174,0.052886495825982,0.0272817566983391,0.0182878151864409,0.0458363989515791,0.0493614473887806,0.8865570475413105
sciver_val_141,1,24,16,40,2000,0.2613032299221555,30.0,26.0,0.8666666666666667,6.133333333333334,3.0,2.0,4.0,0.0847457627118644,0.1020408163265306,0.0,0.0,0.0,0.0,0.0,0.0,0.0,0.0,0.0,0.0,0.0,0.0,0.0,0.0,0.0,2.0,0.0666666666666666,0.1582085337791979,-0.0221916216724963,0.0281744174188044,-0.0885236140931859,0.0679873779768284,-0.1404997213719592,-0.1357548847755455,0.059619565258348,-0.0247723090195069,-0.0845773173090548,-0.0899719797574036,0.0215784007366112,-0.0790895614545873,-0.1109575242103768,0.0214063858856932,-0.0787439453947224,0.0307911421092824,0.1097081275204381,0.0929680417713397,-0.1439265491498462,0.101215344639267,-0.1171981371231092,-0.0079465188593895,-0.0926588652009994,26.0,0.4661808506840321,0.1449412502397019,0.8262715220018397,0.6498330339010265,26.0,25.0,1.0,6.534529509105576,0.4602008041391967,0.261381180364223,0.1034611362607676,0.3932447988211243,0.4112158892517484,3.135529857590574,3.0,3.0,0.0,0.0576569130957829,0.0332241863792405,0.0192189710319276,0.010773183238444,0.0300615187466503,0.0316428525629454,0.9356500993738164
sciver_val_143,1,24,16,40,2000,0.0575827050822231,39.0,36.0,0.9230769230769232,6.076923076923077,2.0,1.0,3.0,0.0888888888888888,0.0555555555555555,0.0,0.0,0.0,2.0,0.0512820512820512,0.0,0.0,0.0,0.0,1.0,0.0256410256410256,0.0,0.0,0.0,0.0,0.0,0.0,0.2597988017957245,0.0060549186406634,-0.0839496246529703,-0.0838745354874309,-0.1292398920900143,-0.0727977641177279,0.1028950962208548,0.0302128059331559,0.139900341668516,-0.0409284536996543,0.0276598618513526,0.0294874772674929,0.0876850576008356,0.030740798093299,-0.1069706532766302,-0.1068662502450127,0.0486075216829706,-0.0322621043854016,0.075567046162403,-0.0900225960558468,-0.120827058840022,-0.0364565683165288,-0.0394309114210107,-0.0311499599059019,36.0,0.4013117756878973,0.1412380588175042,0.7684089397987206,0.5858793937226242,36.0,35.0,1.0,7.722844387785785,0.4222441475765923,0.2206526967938795,0.0925909643226673,0.3825205109448628,0.4016484595105818,3.470128113778823,4.0,4.0,0.0,0.0721484481629947,0.0257238778331165,0.0180371120407486,0.0087619630879396,0.0251313507781173,0.0254276143056169,1.2303672802534296
sciver_val_144,1,24,16,40,2000,0.1019172015680536,41.0,38.0,0.926829268292683,5.7073170731707314,3.0,3.0,6.0,0.1578947368421052,0.1372549019607843,0.0,0.0,0.0,1.0,0.024390243902439,0.0,0.0,0.0,0.0,0.0,0.0,1.0,0.024390243902439,1.0,0.024390243902439,1.0,0.024390243902439,0.1972483909859373,-0.1094905824536558,-0.0370403223836983,-0.1559971045450644,-0.0003651195108269,0.0064673866171144,0.0443281035327103,0.0676904678261989,-0.0472942637649367,0.000284984917852,-0.0617857925129117,0.0703902498410302,0.0345264738830811,0.0888222207003334,-0.029194844643177,0.0834430936201894,0.0176466522958202,-0.0782324108435792,-0.0162215705367583,-0.0784815051403856,0.0044784747633951,-0.0532253948159996,-0.0281408381999567,-0.0665947147539555,38.0,0.3634550861842567,0.1559181728619147,0.7554231615149595,0.5712473499993092,36.0,35.0,1.0,6.87525826203531,0.4302221724615019,0.196435950343866,0.1048354238175511,0.3430166694490509,0.3719025473067714,3.402890442173327,2.0,2.0,0.0,0.0166723348239012,0.0153979255438778,0.0083361674119506,0.0070617581319272,0.0139855739174924,0.0146917497306851,0.26998373957723
sciver_val_145,1,24,16,40,2000,0.0373784188799963,43.0,39.0,0.9069767441860463,6.325581395348837,0.0,0.0,2.0,0.0757575757575757,0.0357142857142857,0.0,0.0,0.0,0.0,0.0,0.0,0.0,0.0,0.0,0.0,0.0,0.0,0.0,1.0,0.0232558139534883,0.0,0.0,0.1589391929406519,-0.0393892794965176,-0.0514058013428796,-0.0359648950587319,-0.0378245170957836,-0.0131041447765571,-0.0502346020527103,0.0702893149157472,-0.0067675977663448,-0.0401085826234235,-0.0042687749331555,-0.014249668281829,-0.0534230328544275,-0.115228594626519,-0.0022203910205016,0.0608636542745905,0.0751888415188217,-0.0714937851863417,-0.0410471094194681,-0.0131937298407648,-0.0349114929276146,-0.0154126874803102,0.0400383967789887,0.0457318059003696,39.0,0.4199101137349367,0.1357912069850119,0.7612074786188676,0.5962555355578654,39.0,38.0,1.0,8.731577250165266,0.4737050382526165,0.2297783486885596,0.1003175954859832,0.3448973724498709,0.3676457954589863,3.5274882264351897,6.0,6.0,0.0,0.158577134217403,0.0621683490459467,0.0264295223695671,0.020408869957488,0.0512638781790611,0.0567161136125039,1.4583456892448492
sciver_val_147,1,24,16,40,2000,0.1230159719706343,39.0,36.0,0.9230769230769232,6.051282051282051,3.0,0.0,5.0,0.1451612903225806,0.1346153846153846,0.0,0.0,0.0,1.0,0.0256410256410256,0.0,0.0,0.0,0.0,0.0,0.0,0.0,0.0,0.0,0.0,1.0,0.0256410256410256,0.1342017477977709,0.0310423612694671,-0.1253437806984451,-0.0735118152159371,0.0030895240207582,0.0242459963218221,0.0469486238713769,0.019702427466229,-0.0756390221180816,0.0563880902894199,-0.0995900325896457,-0.03059927014152,-0.1160198850009738,0.2028117045057779,-0.1193613408347539,0.0558925781040597,-0.0855565659395847,0.0865193711214373,0.0178846265555791,0.009128956506379,-0.0127136424057227,-0.1085565747066088,-0.0073338899958746,-0.0102700362461101,36.0,0.3813601315363113,0.1494788453140158,0.794290489973869,0.5877548778963632,33.0,32.0,1.0,7.386130642885198,0.5517517503791904,0.2308165825901624,0.104550918755945,0.3651367675215083,0.3783009403025815,3.364982053066063,5.0,5.0,0.0,0.0883161374429178,0.0388868455213939,0.0176632274885835,0.0153209603623343,0.0367059640951385,0.0377964048082662,1.218942330283169
sciver_val_148,1,24,16,40,2000,0.20219715477382,29.0,28.0,0.9655172413793104,5.724137931034483,2.0,1.0,1.0,0.16,0.15,1.0,0.3333333333333333,0.0,0.0,0.0,0.0,0.0,0.0,0.0,1.0,0.0344827586206896,0.0,0.0,1.0,0.0344827586206896,0.0,0.0,0.1973999527165002,-0.0850015023869479,-0.0985002286458988,-0.029944614947026,-0.0250199833818637,-0.031005615830308,-0.0615554346011299,0.0154468085640818,-0.0855499941281843,-0.001269314772694,0.0567106195296452,-0.0679202921160925,-0.0710685332469522,-0.0249404009007589,-0.0040087367549933,0.0442133156598235,-0.004125244996612,-0.0785603145509566,-0.0802682262658973,0.0059764831662919,0.0272448811539586,-0.0435258298437606,0.0284566097643465,0.0346483630009908,28.0,0.4243889274531302,0.1505762298661588,0.801595222369463,0.6229119742139372,28.0,27.0,1.0,6.564174195440541,0.5296764119322165,0.2431175627940941,0.1321548713341382,0.4447370239333641,0.4651898579183201,3.1477650970929,5.0,5.0,0.0,0.0603516843870936,0.043730175213313,0.0120703368774187,0.0159317639646835,0.0290777545398453,0.0364039648765791,0.9365918018517688
sciver_val_150,1,24,16,40,2000,0.3096491007691529,35.0,29.0,0.8285714285714286,4.228571428571429,4.0,0.0,1.0,0.1403508771929824,0.1276595744680851,0.0,0.0,0.0,0.0,0.0,0.0,0.0,0.0,0.0,0.0,0.0,0.0,0.0,0.0,0.0,0.0,0.0,0.212020933130431,-0.1387061132378336,0.0994877780605031,0.0422085395963147,0.043062492518902,-0.0596945831282921,0.0844319561366193,-0.0103122274003576,0.0921221868468945,-0.1220732064639394,-0.0380440461468264,0.129609211999035,-0.0910605246191437,0.0933495885314002,0.0975100722245255,-0.0284639001953811,0.1309200272781116,0.0422134641741879,-0.0066572558339437,0.1201744230945385,0.0700288185638439,0.0649582719172168,-0.1125292825895043,0.1371643465130121,29.0,0.3180145326034044,0.1686241534523113,0.6765268314199484,0.5309054849349928,26.0,25.0,1.0,4.449094033790384,0.3748317506827167,0.1779637613516153,0.1142463075995527,0.3024520171576867,0.3511709873605423,2.9717938758659805,0.0,0.0,0.0,0.0,0.0,0.0,0.0,0.0,0.0,0.0
sciver_val_151,1,24,16,40,2000,0.2852589879517063,41.0,36.0,0.8780487804878049,5.195121951219512,7.0,3.0,5.0,0.1914893617021276,0.1463414634146341,1.0,0.1,0.0,1.0,0.024390243902439,0.0,0.0,0.0,0.0,0.0,0.0,1.0,0.024390243902439,1.0,0.024390243902439,0.0,0.0,0.1762313117888576,-0.1026963707685572,0.0750094041964501,-0.0762541699929251,0.0796359416771024,0.0177528652864789,0.0110476218364663,-0.0823607093995472,-0.0206381840732608,-0.0456719445244739,0.0090239771317116,-0.1016810756051022,-0.0808665369705823,-0.0076238022909702,-0.0185185888688413,-0.0699989701126556,-0.0008138196359448,-0.0197133038875021,-0.0352800366959809,-0.0422032476554391,-0.021004236116871,-0.0512133722851553,-0.008265250223243,-0.0870749801872666,36.0,0.4531206856751252,0.1788710473042163,0.9757637961951968,0.6890443609334832,34.0,33.0,1.0,7.982436487069812,0.4530398165550734,0.2418920147596912,0.1160115126907828,0.4120991845765073,0.4317682299866536,3.370754049357038,5.0,5.0,0.0,0.066841416297291,0.0329514900624235,0.0133682832594582,0.0107772149501153,0.0255657820881565,0.02925863607529,1.2955353298449617
sciver_val_152,1,24,16,40,2000,0.192040722822629,53.0,43.0,0.8113207547169812,4.7924528301886795,5.0,0.0,7.0,0.1384615384615384,0.0727272727272727,0.0,0.0,0.0,1.0,0.0188679245283018,1.0,0.0188679245283018,0.0,0.0,0.0,0.0,0.0,0.0,1.0,0.0188679245283018,0.0,0.0,0.2423931352762277,-0.0808744374545398,-0.0293655294387606,-0.0929555888539339,0.1068034686121669,-0.0681156785845858,0.0612171641267654,0.0283774211114809,0.0699363649299697,0.0405852429581744,-0.0928876495135639,0.0618887790540096,0.0895062490345061,-0.0280784279827299,0.1417150274390101,0.0493493522732475,0.0819773327300435,-0.1009607126269783,-0.0303727046627609,0.1068410864415673,0.0020804751183298,-0.009172312632962,-0.020120293827669,0.0248081538852125,40.0,0.346368409692274,0.1439940220230374,0.7461258086641246,0.5456059021293207,37.0,36.0,1.0,6.857684249091685,0.4533936312290483,0.1904912291414356,0.0972082797445661,0.3238073899557526,0.3631105916323837,3.4506770978459587,5.0,5.0,0.0,0.064718307996083,0.0344191050596805,0.0129436615992166,0.0120793639683896,0.0276831141571829,0.0310511096084317,1.1779738100371149
sciver_val_155,1,24,16,40,2000,0.3755443886864549,38.0,33.0,0.868421052631579,5.368421052631579,7.0,3.0,5.0,0.086021505376344,0.0833333333333333,4.0,0.3636363636363636,0.0,1.0,0.0263157894736842,0.0,0.0,0.0,0.0,0.0,0.0,0.0,0.0,0.0,0.0,0.0,0.0,0.1833128927724222,-0.0883637958358936,0.069974414162834,-0.0052898901697396,0.1137730325515703,-0.006033404909146,0.0343856569849347,-0.1116118366133441,-0.0348241133496148,-0.0605297858742504,0.02552899441535,-0.0485084658761347,-0.0900637088277831,0.0579088547046448,-0.0021804937237627,-0.0071519624963548,-0.0127483188219833,-0.0496455651869087,0.0570475871611127,-0.0131536879758464,0.0490668060821647,0.0569054399035769,0.0741135299287595,-0.0354597186899933,33.0,0.3592417585048164,0.1429567193973508,0.6664779761281412,0.5276582293833628,30.0,29.0,1.0,6.238747366244871,0.4481974516096008,0.2151292195256852,0.1204800560980674,0.3889035830903855,0.4219475628971001,3.1989813121175006,4.0,4.0,0.0,0.0234178686574551,0.012086113094444,0.0058544671643637,0.0039580741435425,0.010369549300841,0.0112278311976425,1.1640039892211178
sciver_val_157,1,24,16,40,2000,0.0936125459128166,40.0,37.0,0.925,5.475,5.0,0.0,4.0,0.04,0.048780487804878,0.0,0.0,0.0,1.0,0.025,0.0,0.0,0.0,0.0,0.0,0.0,1.0,0.025,0.0,0.0,0.0,0.0,0.1422044198636965,-0.0995155553443997,-0.0234632817385779,-0.1073526250414381,0.0233384053828299,0.0001681224503422,0.0081793623774733,-0.0145637331737242,-0.0943516962408086,-0.0023635162173625,0.0728818086608725,-0.0058637438018962,-0.0445973704105062,-0.0065624153133404,-0.0191684636458119,0.0220705110870086,0.0017254379514315,-0.0678843951683121,0.0220393719267996,0.0505434349068313,-0.0057644805349627,-0.0323796706544661,-0.0139831097331329,-0.0823812817029783,37.0,0.3846652517147669,0.1462831100816566,0.7969385857270199,0.5830923807709698,37.0,36.0,1.0,6.544297350412873,0.5603538237198517,0.1817860375114687,0.1103723174412457,0.3163214304750493,0.3300440603897043,3.402186180315357,2.0,2.0,0.0,0.0276732854025157,0.0146186309073902,0.0138366427012578,0.0007819882061324,0.0144622332661637,0.014540432086777,0.691549314458016
sciver_val_158,1,24,16,40,2000,0.0037767460186188,42.0,39.0,0.9285714285714286,6.214285714285714,2.0,1.0,2.0,0.02,0.0,0.0,0.0,0.0,1.0,0.0238095238095238,1.0,0.0238095238095238,0.0,0.0,0.0,0.0,0.0,0.0,0.0,0.0,1.0,0.0238095238095238,0.1755247960543854,-0.1096128551187199,-0.1081350293901884,-0.0975511678479895,-0.0292179282631417,-0.0440533983657255,-0.0058967252590609,0.0339788355372183,-0.0085600137739761,-0.0622357307809281,-0.0516839652135361,0.0552772180891893,-0.0665480831516829,-0.0482903329982494,-0.0749892715344813,0.0277881450940354,0.1072784886045967,0.0420147638130394,0.018666122780866,-0.0898364708145776,-0.0108622721781192,-0.0921772460216333,-0.0222796323473203,-0.0305221471887664,39.0,0.4442396371925113,0.1657063246689349,0.844617703992941,0.6612452105652761,39.0,38.0,1.0,8.58653049530312,0.55051311945518,0.2259613288237663,0.1127045472742088,0.3615122238637004,0.3692806338669281,3.5002665294523387,4.0,4.0,0.0,0.1307762127453851,0.0694226293078288,0.0326940531863462,0.0317964814076703,0.0663370154613596,0.0678798223845942,0.7741268112698829
sciver_val_160,1,24,16,40,2000,0.0771067602270538,25.0,24.0,0.96,5.6,4.0,0.0,2.0,0.048780487804878,0.0294117647058823,0.0,0.0,0.0,0.0,0.0,0.0,0.0,0.0,0.0,0.0,0.0,0.0,0.0,0.0,0.0,0.0,0.0,0.1143568450023949,-0.0659410820532518,0.0193651064794552,-0.0055092095936953,0.0170049212367261,0.0866822161631749,0.0132049057501361,0.0161757763562442,0.0570642115687347,0.0470493507940235,0.1024056333384402,0.0253399370204716,-0.0072284160937689,-0.0148369048612658,0.0222343058270394,0.0052006025511885,-0.0138201830624356,0.0792598266655801,-0.0356287945785592,-0.0335058920988042,0.0235963675613518,0.0700549413844433,0.0275387795741971,-0.0782478267192604,24.0,0.3215290099101148,0.1466698809931536,0.7319630771039227,0.5462710886281847,23.0,21.0,2.0,3.8898193953235234,0.392638645241077,0.1852294950154058,0.0807137572938436,0.3000001566886334,0.3094559936987369,2.9545484923400704,3.0,3.0,0.0,0.0362639489860098,0.017234301698918,0.0120879829953366,0.0065692551112342,0.0170300959314356,0.0171321988151768,0.911910013997236
sciver_val_161,1,24,16,40,2000,0.0291678122180838,32.0,28.0,0.875,5.78125,5.0,0.0,0.0,0.06,0.0476190476190476,0.0,0.0,0.0,0.0,0.0,0.0,0.0,0.0,0.0,0.0,0.0,0.0,0.0,1.0,0.03125,0.0,0.0,0.16000970157097,-0.1341296117254748,0.1122670606705286,-0.0645490961669745,-0.0249257064469331,-0.0301906832036961,0.0751514795713768,-0.081575324426161,-0.0839948980612472,-0.0342709075966539,0.0373779457847735,0.0081556712215735,-0.0397193717355784,0.0076287452610486,0.0594735879131655,-0.0837001443410179,-0.0550576520871849,0.113463171140232,0.0005774175580232,0.0363882571669127,0.0290826645499312,0.0100278156696523,0.0355932053316414,0.0574554645159539,28.0,0.4685081805326191,0.1428372460703789,0.859417638126228,0.6410033005981945,28.0,27.0,1.0,6.799745497333099,0.4200411264046501,0.2518424258271518,0.1076694947243083,0.3671131759956228,0.4051224220543344,3.190977183727915,2.0,2.0,0.0,0.0182824764076308,0.0100178245243306,0.0091412382038154,0.0008765863205152,0.0098425072602275,0.0099301658922791,0.6885423158415562
sciver_val_163,1,24,16,40,2000,0.1755844303817592,43.0,40.0,0.9302325581395348,5.906976744186046,5.0,2.0,5.0,0.0833333333333333,0.073170731707317,1.0,0.2,0.0,0.0,0.0,0.0,0.0,0.0,0.0,0.0,0.0,1.0,0.0232558139534883,0.0,0.0,0.0,0.0,0.1376889927709769,-0.0845815495072608,-0.016337562738291,-0.0557795753930135,0.0945200752618934,-0.0228437946283914,-0.0080293391057019,-0.0483349573208847,0.0230562091740106,0.0134446855949615,0.0145736842886204,-0.0425684303241315,0.0345093814153533,-0.0321415725757208,-0.0832068368500043,-0.0580796610125321,0.0557045364397901,0.1153837195117572,0.038130992615094,0.0876590862872361,0.0142908473211239,0.0520897340264066,0.1770010363391227,-0.0393025518680227,40.0,0.3930388879867463,0.170633313400574,0.8042091419032806,0.6254551203361649,39.0,38.0,1.0,7.329147877237806,0.4728085761420883,0.1928723125588896,0.109807589122173,0.3225950523140823,0.3895477070660891,3.4663687707723647,2.0,2.0,0.0,0.0085904513349519,0.004853259356362,0.0042952256674759,0.000558033688886,0.0047416526185848,0.0047974559874734,0.6846837350401423
sciver_val_164,1,24,16,40,2000,0.0,43.0,35.0,0.813953488372093,5.465116279069767,6.0,4.0,11.0,0.0,0.0,0.0,0.0,0.0,1.0,0.0232558139534883,0.0,0.0,0.0,0.0,0.0,0.0,0.0,0.0,0.0,0.0,0.0,0.0,0.1309346458861759,0.0122648849884483,-0.028917056570075,-0.1496560492784173,0.0512316456423839,0.0517610680499498,-0.018037540222795,0.0720508744316036,-0.0412350277311099,0.0765871448107729,-0.2027429145462621,0.1247921945942327,0.0172801123749545,-0.0007153551913944,0.1007932071232754,-0.2194243104021243,0.0205780497218165,-0.054232154794501,0.1337363469466263,0.0077336631823641,0.0804926050333317,0.0570976246038133,0.0966493994210858,-0.0006282533969003,35.0,0.3766325136182571,0.156978674444245,0.7607980896845477,0.5735696268423307,31.0,30.0,1.0,6.692651666376277,0.4005320199172191,0.2230883888792092,0.1083203671879416,0.3462334201288423,0.3740824512335653,3.2538191770327587,2.0,2.0,0.0,0.0545165631095002,0.0493109776617835,0.0272582815547501,0.0220526961070334,0.0449004384403768,0.0471057080510802,0.3150506480167286
sciver_val_165,1,24,16,40,2000,0.0823743544725184,41.0,37.0,0.902439024390244,5.878048780487805,0.0,0.0,1.0,0.0921052631578947,0.0634920634920634,0.0,0.0,0.0,1.0,0.024390243902439,0.0,0.0,0.0,0.0,0.0,0.0,0.0,0.0,0.0,0.0,1.0,0.024390243902439,0.193342781950698,0.0035289219758013,-0.1715065989922074,-0.1188522374135309,-0.008227140988275,0.0151839800611196,-0.0038115526628401,0.1003046430242547,-0.0584166331830864,0.0746763466717643,0.0179590097328898,-0.0181689214250835,-0.1465830522710808,0.0200641664110651,0.010309490925099,0.1092964074742506,0.1235835393105999,-0.0479674084543878,0.0624073300740603,0.1149570890160833,-0.0109191806144519,-0.0845477254155977,0.0874649152047736,-0.0202888061103496,37.0,0.4205225612614345,0.1493348327197619,0.8195752073233704,0.6067333732362953,37.0,36.0,1.0,8.149447828931894,0.4441277341771017,0.2263735508036637,0.1089541864198362,0.3793379087187956,0.428229833411329,3.462659966092371,5.0,5.0,0.0,0.0329816176643342,0.0107112410205139,0.0065963235328668,0.0031992240544157,0.009962890369525,0.0103370656950194,1.4682337828221346
sciver_val_167,1,24,16,40,2000,0.1954761453382132,36.0,33.0,0.9166666666666666,6.638888888888889,3.0,1.0,8.0,0.0862068965517241,0.1041666666666666,0.0,0.0,0.0,0.0,0.0,0.0,0.0,0.0,0.0,0.0,0.0,0.0,0.0,0.0,0.0,0.0,0.0,0.1517798115571574,-0.0463812177188957,-0.0593386274505024,-0.0595880948767642,0.1373399027575653,-0.1078626743866505,-0.163784070557422,0.1175911210227371,0.1104599010904465,0.0451465779904054,0.0092714184706106,0.0737682607992097,-0.0902109489982335,0.0233441407936516,0.0199095607088683,-0.0063553367342901,0.0223002281067076,0.0978622007150877,0.0148774463613578,-0.0011291690848488,0.0450338369173193,-0.0032675956043922,-0.0688313718313435,0.0548561548132935,33.0,0.3291211489710303,0.1462957368067385,0.7571949589901439,0.5501584216874047,32.0,31.0,1.0,5.874385958183158,0.4880321199924331,0.1894963212317147,0.1131003513916826,0.3343133874966908,0.4162648379702485,3.2470964852135955,1.0,1.0,0.0,0.0062366306091949,0.0062366306091949,0.0062366306091949,0.0,0.0062366306091949,0.0062366306091949,-0.0
sciver_val_168,1,24,16,40,2000,0.2877951896161103,39.0,36.0,0.9230769230769232,6.3076923076923075,2.0,2.0,4.0,0.1323529411764706,0.1016949152542373,0.0,0.0,0.0,2.0,0.0512820512820512,0.0,0.0,0.0,0.0,0.0,0.0,0.0,0.0,0.0,0.0,0.0,0.0,0.2431944536037434,0.0901351224141471,-0.0902079147881233,-0.1099395584989614,-0.0275453345451382,-0.0368385333855237,0.0584452356822887,-0.0398028559487985,-0.0516490344257897,0.0160553744099353,0.0442555970454609,-0.0973979118764429,-0.0283172766073309,-0.0075525370478187,-0.008988194609534,0.1632478239357937,0.059849263980915,-0.0219076358559333,-0.0931945847760585,0.0680408925783635,0.124768001744397,-0.1066487658747447,0.0330202034331235,-0.0399063377962206,36.0,0.4031100101455015,0.1396153503209209,0.7909529488417812,0.5794198730687755,36.0,35.0,1.0,7.165771985849023,0.4122038436625901,0.2047363424528292,0.0875227427373102,0.3113435150262804,0.3468406661101902,3.4555003214294993,2.0,2.0,0.0,0.0402728601180177,0.0363657048645192,0.0201364300590088,0.0162292748055103,0.0331198499034171,0.0347427773839682,0.3184789502172081
sciver_val_170,1,24,16,40,2000,0.1453671615148464,46.0,39.0,0.8478260869565217,4.108695652173913,7.0,1.0,6.0,0.0866141732283464,0.0707964601769911,1.0,0.0526315789473684,0.0,0.0,0.0,0.0,0.0,0.0,0.0,0.0,0.0,0.0,0.0,1.0,0.0217391304347826,0.0,0.0,0.2215720623356288,-0.1300510404416733,-0.0697076227931989,0.0433842899315915,0.0539247026787239,0.1008054499503915,0.0232981922644272,-0.0534766861394048,0.0067523647239066,-0.1440220734459298,-0.0345449872432221,0.0410358188309474,0.0423074405405662,0.0009135919388654,-0.0168647329167351,0.026203438675385,0.0068690577981719,-0.0595524249274311,0.1001134845651206,-0.0554021293352159,-0.0356181493284961,0.0023531543725034,0.0002270538380836,0.0933622908218465,39.0,0.3420583894732088,0.2065013968993831,0.8787493272853387,0.5939253483227359,29.0,28.0,1.0,6.70348090904835,0.4902364537940095,0.2394100324660125,0.1463418750148729,0.4267321726746379,0.4346726185227423,3.124607420441051,2.0,2.0,0.0,0.0085453016708546,0.0047591590607491,0.0042726508354273,0.0004865082253218,0.0046618574156847,0.0047105082382169,0.6866504042143284
sciver_val_172,1,24,16,40,2000,0.1841606468211755,42.0,33.0,0.7857142857142857,4.833333333333333,3.0,0.0,5.0,0.0985915492957746,0.0634920634920634,0.0,0.0,0.0,1.0,0.0238095238095238,0.0,0.0,0.0,0.0,0.0,0.0,0.0,0.0,0.0,0.0,0.0,0.0,0.1154366341147727,-0.048586500798114,-0.0168618278103468,0.0740738116922093,0.1437177261270277,-0.0584683100370285,-0.0630115326660067,-0.0502479866515024,0.0715560810150813,0.052642249065872,0.1068222672833853,0.1434942000704877,-0.1144867781391255,0.1372342937018987,0.04272897580564,-0.0840988981454197,0.0630283621533305,-0.1078523858270747,-0.1443326346100831,-0.0038798857929265,0.0874261603150086,0.0087628799362747,-0.0118801847763551,0.0554031690028186,33.0,0.3569900647443533,0.1429017202218546,0.7506477442057992,0.552998901879859,31.0,30.0,1.0,6.355240486582561,0.5153984275177138,0.211841349552752,0.1108744553335692,0.3217272865739005,0.4281631102246453,3.271474462727636,4.0,4.0,0.0,0.0223116565506369,0.009784293992877,0.0055779141376592,0.0030552154645305,0.0088590253248375,0.0093216596588572,1.2207378771314108
sciver_val_173,1,24,16,40,2000,0.56996966232143,42.0,35.0,0.8333333333333334,5.142857142857143,7.0,0.0,4.0,0.2162162162162162,0.21875,2.0,0.5,0.0,0.0,0.0,0.0,0.0,0.0,0.0,0.0,0.0,0.0,0.0,0.0,0.0,0.0,0.0,0.1838502361010123,-0.1096454905186417,-0.1286499951877193,-0.0303105270047579,0.1428993156026576,0.1121400216602943,-0.0643991535287935,-0.0709222712117692,-0.0295581732228763,0.005549864994721,0.023558856204401,0.0039012739668869,-0.0313785975405155,-0.0091236593372158,-0.0679131857354511,0.0784905445004987,-0.088024523532036,0.0826492993160962,-0.0517374001033711,-0.0145985307518283,-0.0848289584479886,-0.0025511184389194,-0.0285537020538626,0.0346190815335817,35.0,0.3822153481255598,0.1487572471324675,0.7760191936886942,0.5833100331068751,32.0,31.0,1.0,6.668999451444161,0.3882222699476284,0.2151290145627148,0.0786912358078988,0.3001644686393777,0.310806938292851,3.3596578792410243,4.0,4.0,0.0,0.0399738065602849,0.0195026019969901,0.0099934516400712,0.0075287280156945,0.0182091764864208,0.0188558892417054,1.0712835481325282
sciver_val_175,1,24,16,40,2000,0.2090765528789125,37.0,35.0,0.945945945945946,6.1891891891891895,3.0,0.0,3.0,0.1095890410958904,0.0967741935483871,1.0,0.3333333333333333,0.0,0.0,0.0,0.0,0.0,0.0,0.0,0.0,0.0,0.0,0.0,0.0,0.0,0.0,0.0,0.1492828208481781,-0.0611209499945772,-0.1081290358311943,-0.1153893558903717,0.1099471219769266,0.021728859210432,0.0034031157347886,0.0219527692290656,-0.0371882824851689,0.0038952101014513,-0.0400909364570484,0.0113970329562935,-0.0268245307105773,-0.0333789309577514,-0.0164338137014051,0.0410436858372893,-0.0770449342236031,0.0357882837490827,0.0109837907642866,0.1340493162160604,-0.0242463373193863,0.0039562747286439,-0.0554731066164891,0.0289322831640586,35.0,0.3756421115547434,0.1343652531480366,0.7716432308595242,0.5506723762017315,33.0,32.0,1.0,6.178949344380785,0.4132335823177384,0.1930921670118995,0.0954981143175617,0.3291050660985015,0.3534792770113675,3.3259082078504933,5.0,5.0,0.0,0.1039794406392584,0.0330581444799152,0.0207958881278516,0.0102102401051715,0.0329966930341182,0.0330274187570167,1.487286303599134
sciver_val_178,1,24,16,40,2000,0.0985457068034818,27.0,27.0,1.0,7.888888888888889,1.0,1.0,4.0,0.0705882352941176,0.0533333333333333,0.0,0.0,0.0,1.0,0.037037037037037,0.0,0.0,0.0,0.0,0.0,0.0,0.0,0.0,0.0,0.0,0.0,0.0,0.1075521645551709,-0.0553895565756696,-0.0555981679769786,-0.0430975117916533,0.0003963546132649,-0.0625478335039383,-0.0939631983092536,0.1137582930846472,-0.0005494202874441,0.0135787824533307,0.0287213716467001,-0.0030379182778757,-0.0366997162566457,-0.0162167547744157,0.0320450676741284,0.0616795286306076,0.0564605602253303,0.033203467241703,0.0667752314391567,0.0556866620713791,-0.0609057260755627,-0.0007909516963669,0.0475776233848692,0.0358103990139272,27.0,0.4273563514889799,0.1595102935637057,0.7988306152019455,0.6464463970477174,27.0,26.0,1.0,6.702764169368595,0.510098117535076,0.2577986218987921,0.1262896257291102,0.4324960750466441,0.4687470501870872,3.1213774108924532,2.0,2.0,0.0,0.0283198425409939,0.0248508692217424,0.0141599212704969,0.0106909479512454,0.0227126796314933,0.0237817744266178,0.3718622301070301
sciver_val_180,1,24,16,40,2000,0.0108354547333194,33.0,31.0,0.9393939393939394,6.181818181818182,3.0,0.0,3.0,0.0727272727272727,0.06,0.0,0.0,0.0,1.0,0.0303030303030303,0.0,0.0,0.0,0.0,1.0,0.0303030303030303,0.0,0.0,0.0,0.0,0.0,0.0,0.1671876375563183,0.0707566018746216,-0.0642554712002329,-0.058808928872485,0.0693655108803419,-0.0991483944904343,-0.0020061736416778,-0.0060481571989798,-0.0529131373761662,0.0020171419885239,-0.0156775091071327,-0.0481253590743854,-0.0544332385388114,-0.0212971998199257,-0.0083941184723201,-0.0050977696040888,0.0365561520301427,0.0404565058659695,0.0229332735488716,-0.0340031609074478,-0.0615546958268026,-0.047782081161443,0.045303009936147,-0.0234429890834612,31.0,0.4214567820385606,0.1376552651927861,0.770869932074153,0.5976062948008873,31.0,30.0,1.0,6.639886788074855,0.3821517705250236,0.2213295596024951,0.0947507864963087,0.3532053707042354,0.3578201269476768,3.2976232746045024,3.0,3.0,0.0,0.086483301376271,0.0474915737126298,0.0288277671254236,0.0171457065730508,0.0445735480979133,0.0460325609052715,0.8836687130097629
sciver_val_182,1,24,16,40,2000,0.2576819611335623,39.0,37.0,0.9487179487179488,4.230769230769231,9.0,1.0,3.0,0.1276595744680851,0.1219512195121951,2.0,0.25,0.0,0.0,0.0,0.0,0.0,0.0,0.0,0.0,0.0,0.0,0.0,1.0,0.0256410256410256,1.0,0.0256410256410256,0.1936139811916411,-0.0264899398017026,0.0367161031498483,-0.0690448043795086,0.1121458735931646,0.0236100352085773,0.0162499376575093,-0.0066027935332344,0.0853544575789131,-0.0513048471624812,-0.112202865894731,0.027205576866024,-0.0754105554732755,-0.1142615097718371,-0.0863316639038724,0.0501071737225667,-0.1084956316740746,0.0644525059880066,0.0337792443682423,-0.0635208569003514,0.1159394198753098,0.0260088344304481,0.0377693742840529,0.105813059757765,37.0,0.3517530683605233,0.168248817871672,0.8377797623661541,0.566572991118522,32.0,31.0,1.0,6.292372529869034,0.3975508439423207,0.2029797590280333,0.1199331740747094,0.3722739224383201,0.3742106753017732,3.2417566038606735,2.0,2.0,0.0,0.0539253257014083,0.0415662999934552,0.0269626628507041,0.0146036371427511,0.038645572564905,0.0401059362791801,0.5382930634728511
sciver_val_185,1,24,16,40,2000,0.1077558746730609,34.0,31.0,0.9117647058823528,6.852941176470588,3.0,1.0,5.0,0.1111111111111111,0.0789473684210526,0.0,0.0,0.0,1.0,0.0294117647058823,0.0,0.0,0.0,0.0,0.0,0.0,0.0,0.0,0.0,0.0,0.0,0.0,0.1702879898950582,-0.0237196919361082,-0.1055598254968498,-0.0502597830865526,0.0498020570411193,0.0326981654825266,0.0367624418177196,-0.0495027070891016,-0.1679407162915209,0.0490166560916997,0.1684087834701956,0.0650906833633062,0.0503786073028399,0.0323285254024449,0.0527843147203306,-0.0165571437357367,0.0009761565507355,0.0340491581837336,0.0448722649702824,-0.0259306518029194,0.0281410944249725,-0.0232075914599987,0.0164989682340998,-0.0231771289166315,31.0,0.4301782898439523,0.1316558366365136,0.7541301601142686,0.5984058969897759,31.0,30.0,1.0,7.1850498458853105,0.4032436456882003,0.2395016615295103,0.0767071816920605,0.3449010220421572,0.3726891625912714,3.3482881904355195,1.0,1.0,0.0,0.0201274745627342,0.0201274745627342,0.0201274745627342,0.0,0.0201274745627342,0.0201274745627342,-0.0
sciver_val_186,1,24,16,40,2000,0.2222952194750721,39.0,37.0,0.9487179487179488,6.641025641025641,3.0,0.0,2.0,0.125,0.1176470588235294,1.0,0.3333333333333333,0.0,1.0,0.0256410256410256,1.0,0.0256410256410256,0.0,0.0,0.0,0.0,0.0,0.0,0.0,0.0,0.0,0.0,0.16425253401658,-0.0752251521728822,-0.114058887742445,-0.1147708183863273,0.0364450830431274,-0.0196067893731041,0.0442308010512895,-0.0356399171918968,0.0618988025524593,-0.0743610232033109,0.0149328388129833,-0.0426466583697864,-0.0308085643351383,0.017836795672415,-0.0502043124104768,-0.0349320556667636,-0.1373281679351116,-0.0055293316087374,0.0937031574166164,-0.0937234649569507,0.0032491652037402,0.1073453877308764,-0.0681664787822667,0.1133830241122207,37.0,0.382842742959501,0.1614547477959855,0.7956980545646232,0.6157596431042807,35.0,34.0,1.0,7.213099990108948,0.4978119832838796,0.2121499997090867,0.1022597320518042,0.3609202824035448,0.4010470186999206,3.407281280868126,8.0,8.0,0.0,0.1319901270100898,0.0307371495576437,0.0164987658762612,0.0097921507387466,0.0278126624365209,0.0292749059970823,1.878290287860936
sciver_val_188,1,24,16,40,2000,0.2786674587122718,33.0,32.0,0.9696969696969696,5.03030303030303,4.0,0.0,3.0,0.22,0.1860465116279069,1.0,0.2,0.0,0.0,0.0,0.0,0.0,0.0,0.0,0.0,0.0,0.0,0.0,0.0,0.0,0.0,0.0,0.1734461857035637,-0.0618393063901934,-0.0050251473406948,0.0439485849194065,0.1057711449758715,0.0491362027311216,-0.0430180316425789,-0.0900302300857494,-0.0965530942053389,-0.0674153440334915,0.0348950830709922,0.0033302813027748,0.1349738670037072,0.0007344114872368,0.00839849913341,-0.0459874379837475,0.0137527815970523,-0.0925256820239211,0.0804785615318988,-0.0952382812420421,-0.0298331761876874,-0.0552286570695056,-0.0084441093610984,0.0185213443751176,32.0,0.3725490679701349,0.1700223098711524,0.849782908509804,0.5816271872008776,29.0,28.0,1.0,6.216596031740589,0.526482119403855,0.2220212868478781,0.1252577549270902,0.370873055540142,0.4225314850042788,3.1584075280177384,3.0,3.0,0.0,0.0475817401963007,0.025183962779669,0.0158605800654335,0.0101110389913608,0.0242647718687519,0.0247243673242104,0.8235738824939199
sciver_val_189,1,24,16,40,2000,0.6372317487959547,32.0,30.0,0.9375,5.59375,1.0,0.0,0.0,0.1150442477876106,0.1134020618556701,0.0,0.0,0.0,0.0,0.0,0.0,0.0,0.0,0.0,0.0,0.0,0.0,0.0,0.0,0.0,0.0,0.0,0.1484669026562798,-0.0583052581648541,-0.023713218262074,-0.0473560631323671,-0.0417445545007436,-0.0133097611783039,0.0277160367598865,0.0025306824358063,-0.0270927284513239,0.0291828074424812,-0.044330035662135,0.0522408133902486,0.0355726082352025,-0.0303239845477075,0.0416205506558925,0.0288655564236726,0.0732178562724567,-0.0053640833861198,-0.0626204514803883,0.0256513584862366,0.047996520216125,-0.0195917563327722,0.0127512682477447,0.0621125813388554,30.0,0.3938586890308049,0.1320162773824472,0.7526467476997798,0.5685845843101303,30.0,29.0,1.0,6.390264534657202,0.4967984865870183,0.220353949470938,0.1085593811381667,0.3429251247465291,0.4505533794193198,3.24214632784163,7.0,7.0,0.0,0.1383268787102132,0.0498480342247388,0.0197609826728876,0.0140757763224755,0.0355976403202811,0.04272283727251,1.7063155778817451
sciver_val_192,1,24,16,40,2000,0.2376301996098941,43.0,39.0,0.9069767441860463,6.4186046511627906,2.0,1.0,4.0,0.1643835616438356,0.1290322580645161,0.0,0.0,0.0,0.0,0.0,0.0,0.0,0.0,0.0,0.0,0.0,0.0,0.0,0.0,0.0,1.0,0.0232558139534883,0.1771477890610922,-0.0682125313188352,-0.0244879396811249,-0.0657906532773546,-0.0460484610270411,-0.0180655424591752,0.0183524054959986,-0.0524268038743742,-0.0124059423745547,-0.0320167344277177,-0.0452307882278892,0.0376344807334326,-0.0061598532362373,-0.0476320840247859,-0.0263924354668936,0.0300317633076028,0.1417453019385971,-0.0392317922697278,-0.0387350972401985,-0.0340287428680353,-0.0445231988990493,-0.1391236889982914,-0.0041786260413219,0.0582309127381977,39.0,0.4283035502969812,0.1561919993119859,0.8213805581200134,0.6262441606810502,39.0,38.0,1.0,8.666464629257542,0.4589056754291522,0.2280648586646721,0.1093202286727213,0.3831015746317928,0.4138745886405837,3.5148217868340548,6.0,6.0,0.0,0.0970685740968697,0.0368845602557719,0.0161780956828116,0.010512768149612,0.0292249419259262,0.0330547510908491,1.602564014588744
sciver_val_194,1,24,16,40,2000,0.1366110025529442,37.0,33.0,0.8918918918918919,5.054054054054054,4.0,0.0,3.0,0.1136363636363636,0.131578947368421,0.0,0.0,0.0,0.0,0.0,0.0,0.0,0.0,0.0,0.0,0.0,1.0,0.027027027027027,1.0,0.027027027027027,0.0,0.0,0.1421299099431271,-0.1149948665742694,-0.0170691046417879,-0.043060960320612,-0.0518408205532698,0.0158075961074878,0.0266577139920209,-0.0584503744548879,-0.1055565956081711,0.0811624530951546,-0.1427504572282708,-0.0173249245434825,-0.0996934500296711,0.1804276464583602,-0.1055031863317703,-0.0479346594504471,-0.1186116703156777,0.0917775064530061,-0.0026805393514387,-0.0774068884829045,0.0128633949245937,-0.1109433837238496,0.0271505707931212,0.0234096882643479,33.0,0.3703891288608777,0.1563368154688675,0.8473230030946102,0.5900376717647812,32.0,31.0,1.0,6.494788922292372,0.5059152626855871,0.2095093200739474,0.1139668989684761,0.3783481765551822,0.4271977931011169,3.2914927022615803,5.0,5.0,0.0,0.0372580519264441,0.0124913739343893,0.0074516103852888,0.0041168766902513,0.0124528292831613,0.0124721016087753,1.4577619589861757
sciver_val_196,1,24,16,40,2000,0.3966447409853523,39.0,36.0,0.9230769230769232,5.897435897435898,4.0,0.0,2.0,0.15,0.1142857142857142,1.0,0.2,0.0,1.0,0.0256410256410256,1.0,0.0256410256410256,0.0,0.0,0.0,0.0,0.0,0.0,0.0,0.0,0.0,0.0,0.2128225661986625,-0.1284114644427217,-0.0545577598873172,-0.0452962195843013,0.0295443551742505,0.0641162605204894,0.1070311655128573,0.0335359469679637,0.0065862945915191,0.0554394351081514,-0.1429970483411397,0.1099693970297229,-0.0175334621272451,0.0318193844185989,-0.1319794335388063,0.0222447215914316,0.0264701035916229,-0.107731610027243,0.0760456817900371,-0.1395649603093534,-0.0978564924945307,0.0133374144163984,-0.0386146630585429,-0.04252260814932,36.0,0.3886769735110474,0.1575429696104445,0.8326375263692521,0.5815883074869057,33.0,32.0,1.0,7.116844508777821,0.5226533241480821,0.2224013908993069,0.106957923823603,0.3267649682904757,0.3567693724078976,3.3327171617709297,3.0,3.0,0.0,0.0963652790063666,0.0496831481076667,0.0321217596687888,0.0138864107825752,0.0459371879295028,0.0478101680185847,1.0022029106817396
sciver_val_197,1,24,16,40,2000,0.0,25.0,25.0,1.0,7.96,1.0,1.0,5.0,0.0,0.0,0.0,0.0,0.0,0.0,0.0,0.0,0.0,0.0,0.0,0.0,0.0,0.0,0.0,1.0,0.04,0.0,0.0,0.1292846900179254,-0.0402097725221517,-0.0904064593233822,-0.098282395630153,-0.0028751504281026,-0.0444183854945817,0.0598624659142283,-0.0282470983687081,-0.0207627097598142,0.0551485516733376,-0.0472057073116895,0.0361157029730458,0.0659917543227369,-0.0181134671741346,0.0699970234548334,-0.0402040844019909,-0.0524479090758085,-0.0310935478821151,-0.0234527208679337,-0.0451922007354059,-0.078244482581999,0.0660797586164289,0.0623116032658647,-0.0395807352553927,25.0,0.4448037351463305,0.1239756637008346,0.735705672089028,0.6110827612005606,25.0,24.0,1.0,6.545005541049537,0.4346133874687985,0.2727085642103974,0.0822382772305167,0.3883396494865984,0.3953506888458112,3.130474059082763,2.0,2.0,0.0,0.1310453700631866,0.0698046561181133,0.0655226850315933,0.00428197108652,0.0689482619008093,0.0693764590094613,0.6910102833132591
sciver_val_199,1,24,16,40,2000,0.7023284322797545,34.0,30.0,0.8823529411764706,5.705882352941177,4.0,1.0,2.0,0.1666666666666666,0.1333333333333333,1.0,0.125,0.0,1.0,0.0294117647058823,0.0,0.0,0.0,0.0,0.0,0.0,0.0,0.0,0.0,0.0,0.0,0.0,0.1251157320377105,0.0319450718021011,-0.0572049400857932,-0.0759591753309251,-0.0205020822457382,-0.0906331634213223,0.0290843725998064,-0.0231881628905402,0.126279160143558,-0.0053560278178192,0.0455180122513869,-0.080532177769494,0.0567365240136106,0.0343468195388331,0.0274411094353182,-0.0491365746160106,-0.0408510580931823,-0.0239420511820149,0.0089436794898093,0.0119034955163177,0.0484999370093544,0.0071477775730241,-0.0064502949124185,-0.0373345582781229,30.0,0.363780737285683,0.1278295583211927,0.6894156898161052,0.5471837602683268,30.0,29.0,1.0,5.956836781338223,0.4172844251381248,0.2054081648737318,0.0864309726052639,0.3091108334247973,0.3460636675187337,3.27672747002541,5.0,5.0,0.0,0.0740106427189935,0.0417170700409534,0.0148021285437987,0.0146887126769541,0.0327474011891518,0.0372322356150526,1.1633653344412296
sciver_val_200,1,24,16,40,2000,0.1286134933251664,43.0,34.0,0.7906976744186046,4.72093023255814,6.0,0.0,4.0,0.1111111111111111,0.1025641025641025,3.0,0.12,0.0,0.0,0.0,0.0,0.0,0.0,0.0,0.0,0.0,1.0,0.0232558139534883,0.0,0.0,1.0,0.0232558139534883,0.2279407636185013,-0.048723474640357,-0.0320555896269738,0.1647256379700417,0.1597073494995388,0.0887539435673496,-0.0700980810904786,-0.030353340641365,0.0762257238145215,-0.0457186378561522,-0.0737377585829507,0.0271887546046697,0.0095892370033155,0.1086184221542771,-0.0043203339717848,-0.0485189161910881,0.000281657415341,0.0427124404502268,-0.1284770566825455,0.0967710334798679,-0.0061858341267761,0.0465754291399782,-0.0197015014214766,-0.0103449835283853,34.0,0.3520120683946263,0.1365701779833707,0.7422082800882617,0.5464174392609497,29.0,28.0,1.0,5.856707784303044,0.4687874682220788,0.2091681351536801,0.0798318724337682,0.2726724400333046,0.2869316843577661,3.258437605451273,2.0,2.0,0.0,0.0723359375991973,0.0369216404671862,0.0361679687995986,0.0007536716675876,0.0367709061336687,0.0368462733004275,0.6929300516865549
sciver_val_201,1,24,16,40,2000,0.1785219323760278,42.0,39.0,0.9285714285714286,6.357142857142857,2.0,1.0,2.0,0.1136363636363636,0.0921052631578947,1.0,0.1111111111111111,0.0,0.0,0.0,0.0,0.0,0.0,0.0,0.0,0.0,0.0,0.0,1.0,0.0238095238095238,0.0,0.0,0.1647616360054624,-0.0883926798070262,-0.1746277108964968,-0.1092054412023682,-0.0159224503391503,0.0118841851696696,-0.0184162432898361,0.0908691014240179,-0.0496695127325908,0.0731292560511628,0.0638067181729126,-0.0482283096560732,-0.0795451834568837,0.0347952205863271,0.0602266728487413,-0.0111476582524493,0.0627713503150215,-0.0328988681714977,0.0449999074736157,0.0341726605953753,-0.0824693767156783,0.0102870257211455,-0.0080081501035388,-0.0582171129324263,39.0,0.4236820840184339,0.1669461101022857,0.8598453414974876,0.6278653967602875,39.0,38.0,1.0,8.921147224727052,0.4673922145413039,0.2347670322296592,0.1331003867789542,0.4233038687700669,0.4425045088540064,3.4554375171744915,4.0,4.0,0.0,0.105572869470093,0.0399785775886711,0.0263932173675232,0.0124977095166536,0.0378377174414364,0.0389081475150538,1.2476979319957768
sciver_val_204,1,24,16,40,2000,0.1276975481419195,35.0,31.0,0.8857142857142857,5.628571428571429,5.0,2.0,3.0,0.0454545454545454,0.0512820512820512,0.0,0.0,0.0,1.0,0.0285714285714285,1.0,0.0285714285714285,0.0,0.0,0.0,0.0,0.0,0.0,0.0,0.0,0.0,0.0,0.1532902501539857,0.0100254092568806,-0.0152254619894829,0.0105119227685984,0.1220196577079838,-0.1215886083040287,-0.0042725866278912,-0.1274507216766094,-0.0628504703455523,0.061084816632742,0.0382149900628682,-0.0122437185735711,0.0202554430343033,-0.0807091827868563,0.0154019114102743,-0.0694660609774658,-0.0073629982859026,0.0633153312745081,0.0412531480190656,-0.0296985919985424,-0.0833829755996147,0.0733803469357452,0.0230286631995548,-0.0311821284135732,31.0,0.3543203194824256,0.1576838027719213,0.7367965383412374,0.5644682557693516,30.0,29.0,1.0,5.761791123357892,0.4260564240223861,0.1986824525295824,0.1119274793588897,0.3757620402550417,0.3963507252217038,3.1939256049851,2.0,2.0,0.0,0.0435307471415367,0.0253304170432545,0.0217653735707683,0.0035650434724861,0.0246174083487572,0.0249739126960058,0.6796722650666893
sciver_val_207,1,24,16,40,2000,0.2310892147411133,41.0,32.0,0.7804878048780488,6.804878048780488,1.0,0.0,3.0,0.0583333333333333,0.0467289719626168,0.0,0.0,0.0,1.0,0.024390243902439,0.0,0.0,0.0,0.0,0.0,0.0,0.0,0.0,1.0,0.024390243902439,1.0,0.024390243902439,0.1500101580320879,-0.0067296224455802,-0.0743363117072827,0.0859203778145034,0.0361369491070219,-0.0196910773876834,-0.0500973425922057,-0.0103751008053853,0.0142709489223429,0.0102892296478181,0.0389686618196085,-0.0363015090770408,-0.0547486522295629,-0.0537404407284878,0.0260470532411822,0.0194424146691461,-0.0196221526005761,0.0337544236929998,0.004109066797248,0.0431056781474838,0.0878207454505934,0.040596205726313,0.1003785673135861,-0.0090651659819886,32.0,0.4479106861003373,0.1698898329544956,0.9993359402577864,0.6713641952949847,32.0,31.0,1.0,8.116465780981553,0.6379766802512908,0.2618214768058565,0.1147124644909023,0.4012639455271134,0.421804868726587,3.338523867296294,8.0,8.0,0.0,0.1534789657085747,0.0694018915371175,0.0191848707135718,0.0212474606425956,0.0432006528569696,0.0563012721970435,1.538105584287693
sciver_val_208,1,24,16,40,2000,0.1678617853198447,36.0,32.0,0.8888888888888888,5.138888888888889,4.0,0.0,3.0,0.0909090909090909,0.0869565217391304,1.0,0.2,0.0,0.0,0.0,0.0,0.0,0.0,0.0,0.0,0.0,0.0,0.0,0.0,0.0,2.0,0.0555555555555555,0.1613539200366794,-0.040037444748693,-0.0244556525947563,0.0188487202458101,0.0537313553918402,0.0990414818976203,-0.0481417912598577,0.0453280011767952,-0.0099465845851739,-0.0406355071002931,0.016627969031533,-0.0551811843047209,-0.0289555438206236,-0.0469635537575346,-0.0643148564844615,0.0761636053099074,-0.0176429717504498,-0.0799338567224821,-0.0255996538237834,-0.0106295790321454,0.06809571972777,0.1072910024929529,0.0051380806417768,0.0257595298966879,32.0,0.3477979255036102,0.1357386057262969,0.8270411747872762,0.5297701085556062,29.0,28.0,1.0,5.701008751189224,0.3913731983299203,0.2036074553996151,0.0823328013777449,0.3048162685354328,0.3428697740219153,3.2394683458117086,1.0,1.0,0.0,0.0124826602423969,0.0124826602423969,0.0124826602423969,0.0,0.0124826602423969,0.0124826602423969,-0.0
sciver_val_209,1,24,16,40,2000,0.2177547668918021,33.0,31.0,0.9393939393939394,6.212121212121212,1.0,0.0,5.0,0.081967213114754,0.0784313725490196,0.0,0.0,0.0,0.0,0.0,1.0,0.0303030303030303,0.0,0.0,0.0,0.0,0.0,0.0,0.0,0.0,1.0,0.0303030303030303,0.1164912774131808,-0.022475467334484,-0.0883712443352884,0.0111179148878808,-0.0194405760534794,0.0071599770459839,-0.0096502540387974,-0.0351546039968293,0.0263320560206211,-0.0117337868440504,-0.0049621210430966,-0.0237824478357675,-0.0094526077034847,0.0311888523315071,0.037318649958649,0.0010249475963716,0.0442047119615959,-0.0406775904902335,-0.036951976328902,0.0107703797276645,0.012949677704476,0.0867726449167287,0.0513934615885089,0.0255734523837358,31.0,0.3889183191561418,0.1470632601339843,0.8825387224981158,0.6097390018308161,31.0,30.0,1.0,6.073556565828555,0.5010534540757732,0.2024518855276184,0.0860922096866721,0.3003405933328674,0.3537359781991759,3.319945708121865,2.0,2.0,0.0,0.0133701131030375,0.0094732225211983,0.0066850565515187,0.0027881659696795,0.0089155893272624,0.0091944059242303,0.6034562580609426
sciver_val_212,1,24,16,40,2000,0.2050279515098908,33.0,28.0,0.8484848484848485,6.181818181818182,3.0,2.0,3.0,0.027027027027027,0.0303030303030303,0.0,0.0,0.0,0.0,0.0,1.0,0.0303030303030303,0.0,0.0,0.0,0.0,0.0,0.0,0.0,0.0,0.0,0.0,0.1229184961671019,-0.0813782564576076,-0.0605451191480755,-0.0699095880957145,0.047159528892922,0.0090775685487706,-0.0363883480531435,-0.1260585256026725,-0.1489483377721273,0.0442471986958258,0.0004667437641653,-0.0244767452716099,-0.0906171486544122,0.0069679924482997,-0.0518588377203361,0.0193995970252488,-0.0969325105827483,-0.0787082822506283,-0.0315265873018566,-0.0433743475457516,0.0175342992367667,-0.1698140831871313,0.0008349756552329,-0.1313284583275291,28.0,0.4074226899086435,0.1229870849999014,0.733294014479774,0.5484771721533458,27.0,26.0,1.0,6.5266383589738695,0.4159249410598095,0.2510245522682257,0.0977265538913992,0.3618347714761103,0.4088092108854095,3.16807844450786,5.0,5.0,0.0,0.0455337008253677,0.0217832200080524,0.0091067401650735,0.0063756149262657,0.0158698129260969,0.0188265164670746,1.4109422203286694
sciver_val_215,1,24,16,40,2000,0.0842663533749244,39.0,36.0,0.9230769230769232,6.9743589743589745,3.0,3.0,5.0,0.1333333333333333,0.1014492753623188,0.0,0.0,0.0,0.0,0.0,0.0,0.0,0.0,0.0,0.0,0.0,0.0,0.0,1.0,0.0256410256410256,0.0,0.0,0.1775942259177516,-0.0369339808585928,-0.1517475109553852,-0.052242625479642,-0.0527290443605406,-0.0483423885291716,-0.0809419874458267,0.0522980641401399,0.0571875543613034,-0.0401800259894861,0.089345594090743,-0.1240826455220968,-0.0285400406674047,0.0596948027017299,0.0972583936166713,0.0396324479218393,0.0844811774534986,-0.0796309295375655,-0.0302715570045205,0.0563334628299588,0.0149477545335194,0.0458705764161325,0.0945801636635193,-0.013336360959572,36.0,0.4714516775170432,0.1399445805071091,0.8380696040220624,0.6475176789306104,36.0,35.0,1.0,9.542539543984647,0.5023543572349505,0.2726439869709899,0.1107862880727086,0.4505495898562964,0.4628969610552059,3.4723012033949407,7.0,7.0,0.0,0.1733785367931853,0.0627648962797895,0.0247683623990264,0.0190662094144057,0.0495224511704791,0.0561436737251343,1.676092709681583
sciver_val_216,1,24,16,40,2000,0.2409741999565918,33.0,32.0,0.9696969696969696,5.363636363636363,5.0,3.0,5.0,0.2083333333333333,0.1951219512195122,3.0,0.4285714285714285,0.0,1.0,0.0303030303030303,0.0,0.0,0.0,0.0,0.0,0.0,0.0,0.0,0.0,0.0,0.0,0.0,0.200562630003339,0.067537262066204,-0.0191441096730624,-0.1787225416175927,0.1664911154463337,-0.03089944495008,0.0697390140896385,-0.0580267992983689,0.1398962185141978,0.132475861724068,0.0776706330545749,-0.1367100162253997,-0.0230558994299918,0.0085291988934415,0.028872258501472,0.0270961793338904,-0.0362895087303185,0.0395078325249058,-0.0014032812696237,-0.0629471747394578,0.0731756253444698,-0.0612144775602611,0.036311441376116,-0.0523225795941017,32.0,0.3731517201506647,0.1292651218402849,0.6664779761281412,0.5275916340357336,31.0,30.0,1.0,6.440402109281848,0.3980383149333789,0.2146800703093949,0.0977479224048206,0.3288890845976241,0.3634221790140957,3.278759756142721,3.0,3.0,0.0,0.053574273810747,0.0245555573584387,0.017858091270249,0.0091139168907054,0.0244537050923291,0.0245046312253839,0.9377634532321664
sciver_val_218,1,24,16,40,2000,0.1434405439112273,44.0,41.0,0.9318181818181818,5.068181818181818,3.0,0.0,2.0,0.1269841269841269,0.1111111111111111,1.0,0.25,0.0,0.0,0.0,0.0,0.0,0.0,0.0,0.0,0.0,0.0,0.0,0.0,0.0,0.0,0.0,0.2314150922892089,-0.0405207146986031,-0.0089511631740624,0.0142313897650714,0.0799389340393303,0.0871104810816973,0.0750217993732824,0.1143012418370643,0.0210781196896949,0.0625281575386821,-0.0833791013422844,-0.0122117200585539,0.0865619339821134,-0.0627616879469717,0.1103524941334733,0.0459592533859213,-0.0481516736687445,-0.0405401563484443,-0.0465475899458873,0.0310552729295256,-0.0265212461706256,0.1203233317783831,-0.0198923217226623,-0.0534546273146414,40.0,0.394387872995237,0.1484596408018791,0.7741419606072361,0.5853774830291028,35.0,34.0,1.0,8.159113096384376,0.5153984275177138,0.2399739145995404,0.0984740662570305,0.3265101975039464,0.3895287186938322,3.4355673540060607,1.0,1.0,0.0,0.0021324189342452,0.0021324189342452,0.0021324189342452,0.0,0.0021324189342452,0.0021324189342452,-0.0
sciver_val_219,1,24,16,40,2000,0.056838735186928,41.0,38.0,0.926829268292683,5.195121951219512,7.0,2.0,6.0,0.0416666666666666,0.05,1.0,0.125,0.0,0.0,0.0,0.0,0.0,0.0,0.0,0.0,0.0,1.0,0.024390243902439,1.0,0.024390243902439,1.0,0.024390243902439,0.2312138937311809,-0.1384632807938997,0.0146980837017127,-0.0006689844527285,0.1982987512857131,0.126448306472793,-0.0306333925509928,-0.0009335179717996,0.1248957891543001,-0.1245843687119466,-0.1409590750904969,-0.0168455669022709,0.0028441993654677,0.0074933998265234,0.0049258847902624,0.0148520468884208,-0.0558474414067712,0.1377597482761866,0.0810019819629319,0.2049876530841508,0.0917374355176669,0.0350748957266213,0.13950784768718,-0.0640568825048269,38.0,0.3760917512770865,0.1863809504468117,0.844617703992941,0.6174149799862912,31.0,30.0,1.0,6.9515993912700855,0.603384868711684,0.2317199797090028,0.1288981904937705,0.3828615662581179,0.4366334934576811,3.245531673879282,2.0,2.0,0.0,0.053276640568969,0.0507404508416515,0.0266383202844845,0.024102130557167,0.0459200247302181,0.0483302377859348,0.1913994804972494
sciver_val_220,1,24,16,40,2000,0.1922285595136368,46.0,41.0,0.8913043478260869,5.913043478260869,2.0,0.0,2.0,0.1818181818181818,0.1724137931034483,0.0,0.0,0.0,0.0,0.0,1.0,0.0217391304347826,0.0,0.0,0.0,0.0,0.0,0.0,0.0,0.0,0.0,0.0,0.1915103216417249,-0.0542234770512475,-0.1143096099979729,0.0041488613312004,0.0176492222303537,-0.0237161472470982,-0.024757752163109,-0.0019181235285095,-0.0255230285995737,-0.0467530484334004,-0.0124745446879826,0.0499007017666631,0.0796331729341654,-0.0733991498280984,0.1444054591978201,0.0872823428580898,0.0340045999762016,0.0251216145818236,0.0108360779681993,0.0970421888623112,0.0496945593579196,0.0378000595451251,-0.025895604303579,0.0073714262587765,40.0,0.3904591467823944,0.1692011190110101,0.94240271992878,0.6074007309654891,37.0,35.0,2.0,7.545466344833566,0.5018250426161023,0.2155847527095304,0.0961254233864503,0.2970908038063236,0.355683566789376,3.4497522050680143,5.0,5.0,0.0,0.0478317162536746,0.0215202365559843,0.0095663432507349,0.0083226016104513,0.0198933907577799,0.0207068136568821,1.2075345106810984
sciver_val_222,1,24,16,40,2000,0.0622921917896851,27.0,26.0,0.9629629629629628,6.814814814814815,1.0,1.0,4.0,0.0545454545454545,0.0416666666666666,0.0,0.0,0.0,0.0,0.0,0.0,0.0,0.0,0.0,0.0,0.0,0.0,0.0,0.0,0.0,0.0,0.0,0.1444934945420523,-0.0580946001623961,-0.0744328977557468,-0.1518041418640299,0.0272427655202662,-0.1096921448205989,-0.0116164062566616,-0.0659437285799577,-0.0080733560356635,-0.0108282456867338,0.0038856560871033,-0.0300125472232139,0.0558258531466742,-0.0506448363503458,0.033488236895496,-0.0760366949166925,-0.0206600748252513,0.0220486921446684,-0.0505378500794373,-0.0519869923206481,-0.0264914195955992,-0.0045523298955492,0.0268364859484694,0.0042322672549735,26.0,0.4224887410604332,0.1171546564987289,0.7190081027913153,0.5701751255081982,26.0,25.0,1.0,6.301637534608359,0.4115003025192705,0.2520655013843343,0.0956920799311288,0.3771410820471969,0.4032822009272633,3.144499663727573,3.0,3.0,0.0,0.0319127126620236,0.0183478646541573,0.0106375708873412,0.0070542089360567,0.0171312494711998,0.0177395570626786,0.8161267703379267
sciver_val_225,1,24,16,40,2000,0.2380204551561321,38.0,36.0,0.9473684210526316,6.526315789473684,3.0,2.0,6.0,0.1111111111111111,0.0689655172413793,1.0,0.1666666666666666,0.0,0.0,0.0,0.0,0.0,0.0,0.0,0.0,0.0,0.0,0.0,1.0,0.0263157894736842,0.0,0.0,0.1405565890947824,-0.024983467028809,-0.0342532305205112,-0.1193869318923531,0.0084100287136265,-0.0435552636285757,0.0026256437912411,0.0319434972611822,0.017267478070273,-0.0115935262110568,0.058409604211149,0.0028090927172556,-0.0422666377640979,-0.0146527950933541,-0.0352163300550684,-0.0521366477207336,0.0327825298563938,-0.0230484072922409,-0.0026853584761521,-0.0884625089403704,-0.0678311982681959,-0.0505620442205481,0.0302104548906864,-0.0063241104515243,36.0,0.3792775318462935,0.1411101443949524,0.7582358072316936,0.5666800804106319,36.0,35.0,1.0,6.699631926170823,0.3992718884558722,0.191418055033452,0.0991418613468484,0.33645899557884,0.3766998827003388,3.418248105525621,3.0,3.0,0.0,0.0164409844737215,0.0070539688713899,0.0054803281579071,0.0013284592591295,0.0067596346032606,0.0069068017373252,1.0684994997728503
sciver_val_226,1,24,16,40,2000,0.0,42.0,40.0,0.9523809523809524,6.4523809523809526,3.0,0.0,3.0,0.0185185185185185,0.0222222222222222,0.0,0.0,0.0,1.0,0.0238095238095238,0.0,0.0,0.0,0.0,0.0,0.0,0.0,0.0,0.0,0.0,0.0,0.0,0.1520958563667132,-0.0683805524020746,-0.090825608876445,-0.0904360099961768,0.0087234592751354,-0.0341807622515054,0.0292568870237025,-0.0049040246638163,-0.0400932901715521,0.0911461838509094,-0.002574202995902,0.0071990229134626,-0.0330770239776113,-0.0454878319713482,-0.0835262431384362,-0.0801860506771341,0.0752407678109488,-0.0330727152404846,0.1137885444934451,0.0517634719840438,-0.0024486100884246,-0.0340915911613855,-0.0130673466431865,-0.0570475448338509,40.0,0.466674616573814,0.1510868803562722,0.8947915179174867,0.6585978489588967,40.0,39.0,1.0,8.976768789617438,0.4220768201147504,0.2301735587081394,0.0963966184124977,0.340288709784399,0.3886681009965219,3.555625481742455,6.0,6.0,0.0,0.1536553116045564,0.0521226945865431,0.0256092186007594,0.0176559520188572,0.0475826431031581,0.0498526688448506,1.5390430478714392
sciver_val_228,1,24,16,40,2000,0.1849156213769658,45.0,40.0,0.8888888888888888,5.555555555555555,7.0,1.0,8.0,0.1666666666666666,0.125,1.0,0.1666666666666666,0.0,1.0,0.0222222222222222,0.0,0.0,0.0,0.0,0.0,0.0,0.0,0.0,0.0,0.0,1.0,0.0222222222222222,0.2148750637429203,-0.0883957717992518,-0.1149157979048778,-0.0095521193107005,0.0606871156345191,0.0298912921429733,0.0170027985853842,0.0558607069344737,0.0118437075905796,0.0001252936497999,0.0541729649556018,0.1016239755885846,-0.0807991078205616,0.032493822836767,-0.032008612344667,-0.0536875684690144,-0.0376056457554764,0.0146222096538119,0.1438230963132293,0.0647766594072651,0.0464498113932742,0.0742062817373082,-0.0948589838452932,0.0349053909020644,40.0,0.3870281206343667,0.187313427800022,0.8565471926678814,0.6312426151618866,36.0,35.0,1.0,7.431993494414465,0.4610441603631162,0.2123426712689847,0.1171206880204536,0.4085346100704386,0.4403704493235252,3.3913960143781328,4.0,4.0,0.0,0.0375847646621209,0.0137578900950454,0.0093961911655302,0.0028901044464305,0.0123688780475086,0.013063384071277,1.338986200357551
sciver_val_232,1,24,16,40,2000,0.1879839338320585,35.0,33.0,0.9428571428571428,5.714285714285714,5.0,2.0,6.0,0.1282051282051282,0.0909090909090909,0.0,0.0,0.0,0.0,0.0,0.0,0.0,0.0,0.0,0.0,0.0,0.0,0.0,2.0,0.0571428571428571,0.0,0.0,0.1999699239530955,-0.0579251772392699,-0.1122986259277813,-0.0427087953271644,0.0431758413780201,0.0010492054839355,-0.0311753374691684,0.0516193984147807,-0.0263679435660005,-0.0182832617052298,-0.0665697421592539,0.0186440997017934,0.0212478231495155,-0.0035983381308034,0.0493238350323037,0.1044395497154096,0.0184396934595511,-0.0512148885179598,-0.1229415597330676,-0.0109627316129504,-0.0748200561825745,-0.0099151293120782,-0.0589333919893405,-0.0744989271706799,33.0,0.3972589685001072,0.1586263097323177,0.7963299656773211,0.6062466399215263,30.0,29.0,1.0,6.985825784045932,0.4825393843737603,0.2408905442774459,0.105415087457265,0.4167156916399746,0.4579296512760644,3.2694553843422733,3.0,3.0,0.0,0.0446055436361894,0.0174726424869264,0.0148685145453964,0.0034406799350213,0.0174033396597249,0.0174379910733256,1.0699535399585427
sciver_val_233,1,24,16,40,2000,0.1908382449612418,44.0,41.0,0.9318181818181818,6.840909090909091,5.0,3.0,9.0,0.06,0.0444444444444444,0.0,0.0,0.0,1.0,0.0227272727272727,0.0,0.0,0.0,0.0,1.0,0.0227272727272727,0.0,0.0,0.0,0.0,2.0,0.0454545454545454,0.2360320568527612,0.1396533026877271,-0.1151465969100745,-0.0455703592353487,-0.03003197100761,-0.0527314108954501,0.0734155718795964,0.0999528204310618,-0.012059677222533,0.0685018810084085,0.0967187169046674,-0.0744972289659657,-0.0638742714047152,0.0582013317947603,-0.0043217145218367,0.0907401945844719,-0.0316356296650946,0.0403017441308089,0.0814325325498922,0.0601918354760317,0.0069069381182233,-0.1917703619677153,-0.0728510190530549,-0.0119572465583267,40.0,0.388452772487164,0.1550560826291684,0.7468361273900597,0.590540100235441,40.0,39.0,1.0,7.75127154566445,0.4816067161582128,0.1987505524529346,0.1222905262008543,0.3971626594667183,0.4390099039620936,3.4605781834723115,5.0,5.0,0.0,0.0633290112710651,0.0222105442294987,0.012665802254213,0.0081897009497758,0.0213830415263221,0.0217967928779104,1.3657554898137194
sciver_val_234,1,24,16,40,2000,0.042281771369111,39.0,35.0,0.8974358974358975,5.82051282051282,3.0,0.0,6.0,0.0661157024793388,0.0566037735849056,1.0,0.1,0.0,0.0,0.0,0.0,0.0,0.0,0.0,0.0,0.0,0.0,0.0,0.0,0.0,0.0,0.0,0.1449940618803286,-0.0840125039974385,-0.0079982361160791,-0.017906312386269,0.0446011580849992,0.021935765893404,-0.0216066731583256,-0.0186998163775165,-0.052220265391532,0.0047083116095793,0.0459979838735039,-0.0713664769876827,-0.0624820149166024,-0.0369651191399474,-0.0282219469809683,0.0609374036639666,0.0153468169697609,-0.0293821325116512,0.0150330665041876,0.0419074160569434,-0.032647418295883,0.0301072552139123,0.0093853040896307,0.0101035399752748,35.0,0.3851453823225499,0.1848590154010052,0.9234307997635084,0.6532679714789553,35.0,34.0,1.0,6.442287124283185,0.6377298712689671,0.1894790330671525,0.1277606908052736,0.320041983371001,0.395248209540609,3.315714871138505,2.0,2.0,0.0,0.0276812503018629,0.0155838816107287,0.0138406251509314,0.0017432564597972,0.0152352303187692,0.0154095559647489,0.6851941025558669
sciver_val_235,1,24,16,40,2000,0.3859776241202706,48.0,43.0,0.8958333333333334,6.229166666666667,3.0,0.0,1.0,0.17,0.125,3.0,0.375,0.0,2.0,0.0416666666666666,0.0,0.0,0.0,0.0,0.0,0.0,0.0,0.0,0.0,0.0,0.0,0.0,0.1985048871764173,-0.0619212124052965,-0.1009232086420893,-0.0530258519752674,0.0303700926929929,-0.0007347390244232,0.0581915870276695,-0.0120669378894461,0.0404358378368408,0.0371848620125704,-0.0164021459892467,-0.0496583980379679,0.0065820065027041,0.123486445113063,0.0406185678086724,0.0847365982942095,0.0913179093302561,-0.0516775591694899,0.0265473856402441,0.0198465919379423,0.041399492216814,-0.0378768298071119,-0.0077166119524,-0.0665510287867268,40.0,0.3550302832380808,0.1478624135936326,0.7352057408735332,0.5612949636263808,38.0,37.0,1.0,7.288875940786701,0.4269248149496041,0.1969966470482892,0.0882183713563057,0.3250112260994232,0.3502055493171398,3.5120867141951986,3.0,3.0,0.0,0.0173910504801624,0.007317959027618,0.0057970168267208,0.0021203175279487,0.0073092775623936,0.0073136182950058,1.0227929813778236
sciver_val_236,1,24,16,40,2000,0.1161401043308512,37.0,34.0,0.918918918918919,5.297297297297297,5.0,0.0,1.0,0.1818181818181818,0.1621621621621621,1.0,0.2,0.0,0.0,0.0,0.0,0.0,0.0,0.0,0.0,0.0,0.0,0.0,0.0,0.0,0.0,0.0,0.2064789250382386,-0.0581423764215599,-0.0076659371595973,-0.0909489642081373,0.1457288665888754,-0.0596844994398663,0.0100955816265604,-0.0811194345476879,-0.1028704720312217,0.0168974845961169,-0.0283291552967108,-0.0383541051434255,-0.0290195322389954,0.0196463461060137,0.0062651874211969,-0.0618333020899624,-0.1287790777159912,-0.0584071801286439,0.0316184750502909,0.0447433049142652,-0.0287719965108939,0.0853441338206948,0.1036140146409674,-0.0577635159898855,34.0,0.3693704188466188,0.1455490900410624,0.6846459069371603,0.544362016221485,32.0,31.0,1.0,6.308893576095876,0.4366707200868653,0.2035126960030927,0.1144953556741174,0.3661029032251754,0.4136903757141261,3.2612873501502406,2.0,2.0,0.0,0.0251177287570485,0.0149824344865018,0.0125588643785242,0.0024235701079775,0.0144977204649063,0.014740077475704,0.6744098227137352
sciver_val_237,1,24,16,40,2000,0.1437149452563087,45.0,42.0,0.9333333333333332,6.488888888888889,0.0,0.0,2.0,0.0879120879120879,0.0789473684210526,0.0,0.0,0.0,0.0,0.0,0.0,0.0,0.0,0.0,0.0,0.0,0.0,0.0,0.0,0.0,0.0,0.0,0.0992558776831998,-0.0949768149593147,-0.0591668281922647,-0.1178027418820957,-0.0076371514308039,-0.0128964407005992,-0.007498213238125,0.0052942661771674,-0.0081324910742565,0.0138940333567546,0.0545988793878132,-0.0077022433357698,-0.0568977641671727,-0.0058963521662727,-0.0127047260383441,-0.0184943613286012,0.0574397370212829,-0.0457810596240203,0.0273788258512787,0.0281300097159232,-0.0388087760912994,-0.0162371102550941,0.0246986051406839,0.030312960341079,40.0,0.4030968227843111,0.1283979490198783,0.734868760362938,0.5787507597036144,40.0,39.0,1.0,8.901608517254544,0.4415615985378641,0.228246372237296,0.0819507676026674,0.3277013347832549,0.3758058547543206,3.5987548729697605,12.0,12.0,0.0,0.1125848817046357,0.0318246719465988,0.0093820734753863,0.0089124953641111,0.023578086061216,0.0281493296000108,2.131777742699338
sciver_val_238,1,24,16,40,2000,0.1070481879266007,42.0,38.0,0.9047619047619048,5.0476190476190474,9.0,1.0,8.0,0.0714285714285714,0.0833333333333333,1.0,0.1666666666666666,0.0,0.0,0.0,0.0,0.0,0.0,0.0,0.0,0.0,0.0,0.0,1.0,0.0238095238095238,0.0,0.0,0.2569343189704614,-0.1478772137045731,0.0320427407357352,-0.1388977761908714,0.1746934758412257,0.1180968959037664,0.0252623919296324,-0.1176935200120963,-0.0233319049149579,-0.087379439772565,0.0103342725421108,-0.0704041938399111,0.0319254656993136,0.0588345977872397,0.0654294246721409,0.0242020541979231,-0.0537875869019712,-0.0104720777772754,-0.0872670919764199,0.0646778686086184,-0.0102860390312868,-0.0608726889553555,-0.1300978330855594,-0.0987422575146341,38.0,0.3450271359727292,0.1493147320496569,0.6650118162679598,0.5260593874641541,32.0,31.0,1.0,6.5194838346509,0.3904186365970625,0.210305930150029,0.0884927339148497,0.3204948135558406,0.3303446612507966,3.334624044468695,4.0,4.0,0.0,0.0952089243684055,0.0667589713603466,0.0238022310921013,0.0257915870130749,0.0530212931786547,0.0598901322695006,0.8327422811242391
sciver_val_241,1,24,16,40,2000,0.1214877758705773,33.0,30.0,0.9090909090909092,6.212121212121212,3.0,0.0,5.0,0.054054054054054,0.0625,0.0,0.0,0.0,0.0,0.0,1.0,0.0303030303030303,0.0,0.0,0.0,0.0,0.0,0.0,0.0,0.0,0.0,0.0,0.2154701962222922,-0.0240006833228684,0.0017176030057769,0.0492739869083915,0.0131341465896225,-0.0022695976405524,-0.003690053477049,0.0066329965349795,-0.0488107718100894,0.0252651728249432,-0.0267202140848067,0.0475153655314279,0.1031951675967835,-0.0211311971380806,0.1242221423976805,-0.0240090464162135,-0.0357656353849685,0.1283512203903415,0.0022346265795483,-0.0272832163630345,-0.055861295826198,-0.0147983678561434,0.0140543638052856,0.1156420539353529,30.0,0.3888412652755115,0.1584719670324459,0.8113734487708066,0.5960151975424349,28.0,27.0,1.0,6.05511549202828,0.4466217105332298,0.2242635367417881,0.1045339145599801,0.3736255470602664,0.4008575093969795,3.176079667538364,3.0,3.0,0.0,0.0389094138233026,0.0136384219914107,0.0129698046077675,0.0004861811968134,0.0134656010194517,0.0135520115054312,1.0979141848348897
sciver_val_242,1,24,16,40,2000,0.0160213085188702,32.0,31.0,0.96875,5.40625,3.0,0.0,0.0,0.0888888888888888,0.0526315789473684,0.0,0.0,0.0,0.0,0.0,0.0,0.0,0.0,0.0,0.0,0.0,0.0,0.0,0.0,0.0,0.0,0.0,0.1625721444106279,-0.0782277786728476,-0.0547464048028445,-0.0786231293655038,0.0537304576770285,-0.0025412723119989,0.0464661903090236,-0.0471874207920148,-0.1165907885316695,0.0469332184082885,0.1257092356943774,0.0400896528736676,-0.0168097444371491,0.0517986707230114,-0.0297189078342999,-0.0614758619469874,-0.0693572558541893,-0.0636314716614235,0.0259441730498654,-0.0636846853888498,-0.0109772957154008,0.0406172611714751,0.0034932923780919,-0.1002993617673102,31.0,0.3898321976530484,0.1452464935299586,0.7252596973698284,0.5896368248975037,31.0,30.0,1.0,6.665050723883914,0.5244300286960287,0.2221683574627971,0.1177341814516431,0.3755207049942718,0.4395540766061662,3.264473338140465,1.0,1.0,0.0,0.0113593576587526,0.0113593576587526,0.0113593576587526,0.0,0.0113593576587526,0.0113593576587526,-0.0
sciver_val_245,1,24,16,40,2000,0.1829370986670712,30.0,27.0,0.9,6.033333333333333,0.0,0.0,4.0,0.1785714285714285,0.1041666666666666,0.0,0.0,0.0,0.0,0.0,0.0,0.0,1.0,0.0333333333333333,0.0,0.0,0.0,0.0,0.0,0.0,0.0,0.0,0.1731239765574327,-0.0451050645332481,-0.145237348436849,0.0726330432924353,-0.1060321055328583,-0.059651926326818,-0.0190165904254159,0.0080384536169898,-0.0101750415025112,0.0559540156697484,0.0072497359846656,-0.0507171527303299,0.0309234188311555,0.0142205429355919,0.0819991370815855,0.0134130791494117,-0.052490805279099,0.1230869011091113,0.0191605158569851,0.0871619936418872,0.0042937920027855,0.1361071105886021,0.0260912363976198,0.0223064862394065,27.0,0.355451720174514,0.1383313483219257,0.7885428431623214,0.568128223197331,27.0,26.0,1.0,5.2363747957019395,0.5031815865444049,0.2013990306039207,0.1044209756347735,0.318903925601021,0.3480567414407182,3.12445388111947,2.0,2.0,0.0,0.011311925779904,0.0059169973144575,0.005655962889952,0.0002610344245055,0.0058647904295564,0.0058908938720069,0.6920817951358109
sciver_val_246,1,24,16,40,2000,0.1938257119130934,30.0,25.0,0.8333333333333334,7.633333333333334,0.0,0.0,1.0,0.1294117647058823,0.1095890410958904,0.0,0.0,0.0,0.0,0.0,0.0,0.0,0.0,0.0,0.0,0.0,0.0,0.0,0.0,0.0,2.0,0.0666666666666666,0.1006120915884888,-0.0629105098831026,-0.0954668844491273,-0.0463161035121353,-0.0282540866766471,0.0449352293601091,0.0395059557028699,0.0342613136850346,-0.0552085911692779,-0.0028203543032588,0.0377966349560388,0.1238211828463687,-0.0069786767932624,0.0066937124765415,0.0187517007066371,-0.0307525314856019,0.0968167630238798,-0.0429708525112694,0.0001028671311769,0.07596996654093,-0.0532549874330474,-0.0738351497409306,0.0315603364091499,-0.0591976546074535,25.0,0.4429773503289626,0.1244812236938218,0.7847830161726308,0.6079991511211424,25.0,24.0,1.0,6.578543076364388,0.4149428927703012,0.2741059615151828,0.0902036067427799,0.40019777749078,0.4093420312094294,3.120559292086706,5.0,5.0,0.0,0.0786730001193807,0.0480843126796745,0.0157346000238761,0.0166400462118169,0.0348420721860928,0.0414631924328836,1.14993931945074
sciver_val_247,1,24,16,40,2000,0.091478923775563,31.0,30.0,0.967741935483871,7.064516129032258,1.0,0.0,4.0,0.074074074074074,0.0294117647058823,0.0,0.0,0.0,0.0,0.0,0.0,0.0,0.0,0.0,0.0,0.0,0.0,0.0,0.0,0.0,0.0,0.0,0.1318067767116227,-0.0764341323546455,-0.1571667884811228,-0.0711189027345241,-0.0190961486998967,-0.0331246691630635,-0.0389202002473946,0.0636427274767847,-0.0414407462509058,0.0599919212228577,0.077083599256642,-0.0367812197362792,-0.0440223481663092,-0.0903823809725465,0.0466636889938716,0.0100180801691209,-0.0421082477698753,0.0297944499760764,0.1048195421377843,0.0983424289642563,-0.0747654371692986,0.093967833289835,-0.0146823880628502,0.0453612711981576,30.0,0.3895266076170305,0.1337237775987474,0.6899944764567558,0.5560687583845239,30.0,29.0,1.0,6.32076038337449,0.4159036873005586,0.2179572545991203,0.1101758899616623,0.3596585054881915,0.3818549510407646,3.2131458343207884,3.0,3.0,0.0,0.0807421408516806,0.0430611732556073,0.0269140469505602,0.0146400921674957,0.0404615948493891,0.0417613840524982,0.9258470418288616
sciver_val_249,1,24,16,40,2000,0.2194294307724648,43.0,40.0,0.9302325581395348,5.883720930232558,6.0,3.0,6.0,0.1269841269841269,0.1320754716981132,3.0,0.3333333333333333,0.0,1.0,0.0232558139534883,0.0,0.0,0.0,0.0,0.0,0.0,0.0,0.0,1.0,0.0232558139534883,0.0,0.0,0.1804241397040975,-0.0455927259094553,-0.0929750380409901,-0.2083474653769142,-0.0151122203870463,-0.0321697299773371,-0.055625336114961,-0.0312654771011478,-0.0272748549750599,-0.0611931275099155,0.0040873927955295,-0.0456420189530246,-0.035615872914314,0.1249579019387593,-0.0970099626730068,-0.0218413985520953,-0.0679850171169648,-0.0219809371449009,-0.0993299674472792,0.0289459947634378,-0.0454011795505136,-0.0906868004844255,0.0474193495290477,0.0429485549687071,40.0,0.4089681820695657,0.1682184111558418,0.8664953392693402,0.6231972646843237,40.0,39.0,1.0,7.885356286884239,0.4190105415258691,0.2021886227406215,0.1231169109758341,0.3806422748181455,0.4099148968368771,3.4551956256956373,1.0,1.0,0.0,0.0131070671606086,0.0131070671606086,0.0131070671606086,0.0,0.0131070671606086,0.0131070671606086,-0.0
sciver_val_250,1,24,16,40,2000,0.0817492696242215,40.0,40.0,1.0,6.125,4.0,0.0,2.0,0.0217391304347826,0.0256410256410256,0.0,0.0,0.0,3.0,0.075,0.0,0.0,0.0,0.0,0.0,0.0,0.0,0.0,0.0,0.0,1.0,0.025,0.1680179622589946,-0.0682364675222199,-0.0603684629382227,-0.0882565911355693,-0.0122735545985927,-0.0067337687346957,0.0136484496318143,0.082483460483226,-0.02327436296102,-0.0177447794986191,-0.0914674725585372,0.0419231554082075,-0.0519592832664971,0.0845046804794809,-0.0603468778030764,0.0357766049137834,0.0770300599152811,-0.0364805467568809,0.0571544415070533,-0.0553103273835761,0.0561504629489849,0.0055952759098448,0.0806858779345832,-0.0273906990239706,40.0,0.4023503336710581,0.1397814322607847,0.794290489973869,0.5860525726633825,38.0,37.0,1.0,8.409253361822543,0.5268057571631164,0.2272771178870957,0.1061762114794413,0.343764915619683,0.3921349068993216,3.4915423938816796,5.0,5.0,0.0,0.0787085130368871,0.0261934531931278,0.0157417026073774,0.0091950882280377,0.0243943890439655,0.0252939211185467,1.4100182416277376
sciver_val_251,1,24,16,40,2000,0.1997662849257277,44.0,43.0,0.9772727272727272,5.7727272727272725,3.0,2.0,6.0,0.1232876712328767,0.0806451612903225,0.0,0.0,0.0,0.0,0.0,1.0,0.0227272727272727,0.0,0.0,0.0,0.0,0.0,0.0,0.0,0.0,0.0,0.0,0.162448121646189,-0.0803044423261053,-0.1030966338255912,-0.0386744177289933,-0.0339874504650368,-0.0420246537645342,-0.0395096797487365,0.030020861810272,-0.0334159413653114,0.1082201674200338,-0.0424419687610923,-0.0232432079310333,-0.0624117283384038,0.0169600332372049,-0.0836011303346982,-0.039658268835562,-0.0589242645364411,0.0469024799712599,0.0422093492770044,-0.053462792803353,-0.0660832985555265,-0.0542537563027381,-0.0210569181970564,0.0524854151910915,40.0,0.3310390075114354,0.136751796147892,0.7577206056578931,0.5316808333168612,40.0,39.0,1.0,6.536791023263987,0.3375094637719951,0.1676100262375381,0.0817796696335304,0.2798879914508469,0.3183073026750245,3.5382666856480505,5.0,5.0,0.0,0.0961304924128108,0.0368677418284972,0.0192260984825621,0.0118825016987661,0.0340472747673361,0.0354575082979167,1.4207979528660863
sciver_val_254,1,24,16,40,2000,0.2802473902823372,44.0,41.0,0.9318181818181818,5.590909090909091,4.0,0.0,1.0,0.135593220338983,0.1224489795918367,1.0,0.1666666666666666,0.0,1.0,0.0227272727272727,0.0,0.0,0.0,0.0,1.0,0.0227272727272727,1.0,0.0227272727272727,0.0,0.0,0.0,0.0,0.2255617396423784,-0.1120009154325477,0.1250326794124423,-0.0369178885869491,-0.1137754361526009,0.0630084456103278,0.0014018546146259,-0.0160767598163402,0.0025773306106701,0.0529086626419112,0.0272385275564661,-0.010796611869993,-0.0061641114533495,-0.0711590595074921,-0.0528083421472703,0.0113889726902016,0.0885409768462846,0.0559867737529516,-0.0226347314382612,0.0923492141405376,-0.0166870592020483,-0.0916159892065797,0.0272169931988132,0.0550351385812929,40.0,0.3575058477032816,0.1712654919633063,0.9399021646226454,0.5761308153299194,40.0,38.0,2.0,6.9102204711895965,0.465745942328428,0.1818479071365683,0.1098987261645828,0.3422548252060712,0.3822199836698601,3.4527508847481907,1.0,1.0,0.0,0.0037836984237755,0.0037836984237755,0.0037836984237755,0.0,0.0037836984237755,0.0037836984237755,-0.0
sciver_val_255,1,24,16,40,2000,0.2811916510127704,37.0,36.0,0.972972972972973,7.027027027027027,2.0,2.0,5.0,0.1463414634146341,0.1176470588235294,0.0,0.0,0.0,1.0,0.027027027027027,0.0,0.0,0.0,0.0,1.0,0.027027027027027,0.0,0.0,0.0,0.0,0.0,0.0,0.1609365788254897,-0.1029659590284072,0.0054353092084304,-0.0984502724364679,-0.0492639107917916,0.0014106919254523,0.0673654076718522,0.0616865415020639,-0.0357727117089905,0.0032537277902778,0.1049891876981093,0.0485350496010852,0.0025096136930897,0.0128910158230835,-0.0607827494659866,-0.0704383351720956,0.0348806926083377,-0.0050617124137469,0.0495748249966949,0.0671491472084559,-0.0555366522122927,0.0422087701823681,0.0674299366532465,-0.0488969394306116,36.0,0.4326205479757772,0.1497428343689654,0.871326552932394,0.6337470137502412,36.0,35.0,1.0,7.954644760303046,0.4653543108397032,0.227275564580087,0.0982336813584151,0.3579117749345545,0.3902723596634561,3.45747067623231,7.0,7.0,0.0,0.1210456724153642,0.0304796573882724,0.0172922389164806,0.0124967930671645,0.029946245491723,0.0302129514399977,1.606272857563426
sciver_val_258,1,24,16,40,2000,0.1520898765554327,39.0,31.0,0.7948717948717948,5.076923076923077,14.0,0.0,13.0,0.075,0.081081081081081,1.0,0.1111111111111111,0.0,0.0,0.0,0.0,0.0,0.0,0.0,2.0,0.0512820512820512,1.0,0.0256410256410256,0.0,0.0,1.0,0.0256410256410256,0.2154068774608587,-0.0268830500259995,0.1186160011267265,-0.0217539531030299,0.1556387630549273,0.1951903663611376,-0.0853357956907029,0.0302888396003517,-0.0423428610610454,0.1368857589697321,0.0006668507164703,-0.2290492509370711,0.0871752806521577,-0.013345999028917,0.0030054303148274,-0.0493698056204157,-0.027419030195243,0.0816113204487642,-0.1092865473212565,-0.0211700664850758,0.0688033518414469,-0.0689738934618023,0.006682986033636,-0.123879578525425,31.0,0.4055450299191919,0.1569780080580706,0.7836988424344437,0.595196248316683,29.0,28.0,1.0,5.108542626685927,0.4780853012306587,0.1824479509530688,0.1139050015100576,0.3333333892083654,0.3480969899494608,3.127735653260538,2.0,2.0,0.0,0.0140812969920328,0.0087135869517024,0.0070406484960164,0.001672938455686,0.0083789992605652,0.0085462931061338,0.6646457643972621
sciver_val_259,1,24,16,40,2000,0.2811909360182822,31.0,28.0,0.9032258064516128,3.903225806451613,7.0,0.0,0.0,0.1590909090909091,0.131578947368421,1.0,0.1428571428571428,0.0,1.0,0.032258064516129,0.0,0.0,0.0,0.0,2.0,0.064516129032258,0.0,0.0,0.0,0.0,0.0,0.0,0.290773689008078,0.2920076020586681,0.0356217731248336,0.0479227668073133,0.0886890804355464,0.0151549957922422,0.1046178305475828,0.0307591183834813,-0.0248022939934763,0.0582501379610375,0.0968652550247071,-0.0466364648645304,-0.0824468914925376,-0.0470758288892392,0.0078669161250328,0.0739607280423539,-0.0486588675746962,0.0309239486394471,-0.0169272697555529,-0.031347011050792,0.038301511948821,0.0057447011156763,0.1279251393807812,0.0755231017795758,28.0,0.3671802092315659,0.1518109760705463,0.7173150224266973,0.5569073283937082,26.0,25.0,1.0,4.841076419423912,0.3849107271743968,0.1936430567769564,0.0986002480121668,0.3536768167650055,0.3652012003864295,3.0860005777889272,1.0,1.0,0.0,0.0356280097404497,0.0356280097404497,0.0356280097404497,0.0,0.0356280097404497,0.0356280097404497,-0.0
sciver_val_261,1,24,16,40,2000,0.1967452109350388,31.0,22.0,0.7096774193548387,4.903225806451613,5.0,0.0,5.0,0.1272727272727272,0.1111111111111111,3.0,0.5,0.0,0.0,0.0,0.0,0.0,0.0,0.0,1.0,0.032258064516129,0.0,0.0,0.0,0.0,2.0,0.064516129032258,0.1831365271422902,0.0122966129826844,-0.0503518595484501,0.0085299669078583,0.026688469921867,-0.0604763268149919,-0.044378249574423,0.1240737539277857,0.1963806056051287,0.0055235650871749,0.1839248220469491,0.0080238970067776,0.0579895319139907,0.0528730392082874,0.0709399650572414,0.0682345174705751,-0.1162939881308223,0.1420214739232104,0.184615772867569,-0.0012884692629598,-0.1260818773896282,-0.0605848712921371,-0.1201895902285446,0.0589677520899025,22.0,0.3111527751548368,0.1173657246137355,0.6093547254453671,0.4544395281543594,20.0,19.0,1.0,3.7865134664215714,0.4222441475765923,0.1992901824432406,0.0854279107885,0.293130131848236,0.3578539495974188,2.8566645773156742,2.0,2.0,0.0,0.0284532517024243,0.0241443554373482,0.0142266258512121,0.009917729586136,0.022160809520121,0.0231525824787346,0.4251949160621063
sciver_val_262,1,24,16,40,2000,0.290856653701176,22.0,17.0,0.7727272727272727,6.0,4.0,0.0,0.0,0.073170731707317,0.0606060606060606,0.0,0.0,0.0,0.0,0.0,2.0,0.0909090909090909,0.0,0.0,0.0,0.0,0.0,0.0,1.0,0.0454545454545454,0.0,0.0,0.1256257742676215,-0.0318454062657566,-0.1061390530323238,0.0430379898488899,-0.0171450542314502,0.0493776339341468,0.0060385579482817,-0.1011481251241318,-0.0287552683196555,0.0411055028927359,0.0665465079912858,0.0881345899820681,-0.0191471853131439,-0.0176251038269727,-0.0707735668824331,-0.0049154124461403,-0.152995639399002,0.1018066669344512,-0.0004719579878005,-0.1604699792395532,0.0137033678041609,0.0175700826157539,0.0383696144260971,0.108614161651125,17.0,0.35976444679746,0.1398009991734596,0.7473474760616095,0.5716688635216872,17.0,16.0,1.0,3.537887546544603,0.4822864952418808,0.2211179716590376,0.1135617012649674,0.3608665389482709,0.4322877612021517,2.6456015061609905,0.0,0.0,0.0,0.0,0.0,0.0,0.0,0.0,0.0,0.0
sciver_val_263,1,24,16,40,2000,0.0,19.0,15.0,0.7894736842105263,3.5789473684210527,2.0,2.0,2.0,0.0,0.0,0.0,0.0,0.0,1.0,0.0526315789473684,0.0,0.0,0.0,0.0,0.0,0.0,0.0,0.0,0.0,0.0,0.0,0.0,0.1479115626085634,-0.0740439737428521,0.0004759737533787,0.0015517866734073,0.0935896249217499,-0.0508668685428531,0.0247053089136107,0.0847528184100505,0.0055065122309578,-0.1103960730528684,-0.0936825579171638,0.0850875660499318,-0.0326816146166435,-0.0238149532093907,0.0847926961933358,-0.0023507819376884,0.0154990917912955,-0.0714688134403679,-0.0034137943126996,-0.0969643205621946,-0.1075346208636964,0.0371892894952867,0.0715751972345983,-0.1176168292003502,15.0,0.2988195233082317,0.1426365493617428,0.6359367694003801,0.501446055646979,13.0,12.0,1.0,2.4506789958701787,0.4562059762355225,0.2042232496558482,0.1226205102181484,0.421075299173598,0.4441486297569239,2.322085288322845,0.0,0.0,0.0,0.0,0.0,0.0,0.0,0.0,0.0,0.0
sciver_val_264,1,24,16,40,2000,0.1686751037382809,27.0,23.0,0.8518518518518519,4.518518518518518,3.0,1.0,1.0,0.2,0.1428571428571428,0.0,0.0,0.0,1.0,0.037037037037037,1.0,0.037037037037037,0.0,0.0,2.0,0.074074074074074,0.0,0.0,0.0,0.0,0.0,0.0,0.2615225853301213,0.2159345725728572,0.0123025508172808,0.0365261715455013,0.0749176458862381,-0.1375363365741944,0.116861451511089,-0.0634257573425731,0.0069935925601072,0.0872978911630282,0.0886644588974512,-0.1136920324407065,0.0732721484723667,0.0370525358953299,0.0886056109705532,0.0581072852910183,0.0469619697680263,0.034593312443969,0.0177281819188745,-0.0205195797273085,0.0762213312516242,-0.0415041029882087,0.0465320556499442,-0.0220609072133732,23.0,0.2990245771841899,0.1244916928950751,0.646752076773243,0.485501020345548,22.0,21.0,1.0,3.6455617968574425,0.4222441475765923,0.1735981808027353,0.1023790050052849,0.2684906806946695,0.3330462710095799,2.844255029770693,0.0,0.0,0.0,0.0,0.0,0.0,0.0,0.0,0.0,0.0
sciver_val_265,1,24,16,40,2000,0.3105958387904289,48.0,32.0,0.6666666666666666,4.0,4.0,0.0,3.0,0.1525423728813559,0.12,0.0,0.0,0.0,0.0,0.0,1.0,0.0208333333333333,0.0,0.0,3.0,0.0625,0.0,0.0,0.0,0.0,0.0,0.0,0.2724387357845736,0.0217469792233461,0.0818150542209095,0.1734624370895483,0.2019209033451482,-0.171026364685171,-0.0710268157255175,0.0397423429028904,-0.030749287362599,0.0959742609712364,-0.0121889922233087,0.1045168297790444,-0.0367682596372655,0.0761672142091037,0.047060089471273,-0.0151281332620359,-0.0132439628506709,-0.093344601374125,-0.0571128059407213,0.0284478862994911,0.0163776035202076,0.0070172421715303,-0.0742813396176994,0.0845298044643506,32.0,0.3456312473660674,0.1600918751216269,0.7526291818222847,0.5620237370261545,29.0,28.0,1.0,5.546158827205478,0.4439403562922308,0.1980771009716242,0.1168652391638938,0.3461814963866675,0.3822694792436944,3.148672872208748,0.0,0.0,0.0,0.0,0.0,0.0,0.0,0.0,0.0,0.0
sciver_val_266,1,24,16,40,2000,0.0122646817320861,24.0,23.0,0.9583333333333334,5.083333333333333,2.0,0.0,1.0,0.0857142857142857,0.0666666666666666,0.0,0.0,0.0,0.0,0.0,0.0,0.0,0.0,0.0,0.0,0.0,0.0,0.0,0.0,0.0,1.0,0.0416666666666666,0.1193755082769518,-0.0592266782058882,0.0176983943581485,0.0298962766498713,-0.0184189988519562,-0.0010048271152437,-0.0141141637615655,0.0093099692451154,-0.0186593351720414,-0.0330696106380558,-0.0343698427395352,-0.0106036671409921,-0.0003570488487029,0.0368761275244357,0.0241004847155952,0.0156993043775574,0.0227814211900565,-0.0084749722485256,0.0607847695052294,-0.0340631436725197,0.0019215685494038,-0.0360785448888151,-0.0401642798081974,-0.0068745162419777,23.0,0.3387285705520754,0.1413518960229464,0.7515043659347164,0.542559686032315,22.0,21.0,1.0,4.2687524925618945,0.4104626450465363,0.203273928217233,0.1075888037069431,0.3342105391878612,0.3955181996578689,2.893805453191548,2.0,2.0,0.0,0.0228216403046961,0.0137430982621156,0.011410820152348,0.0023322781097676,0.0132766426401621,0.0135098704511389,0.672111253511402
sciver_val_267,1,24,16,40,2000,0.2752805804352953,23.0,20.0,0.8695652173913043,4.695652173913044,3.0,1.0,3.0,0.1012658227848101,0.0735294117647058,0.0,0.0,0.0,1.0,0.0434782608695652,0.0,0.0,0.0,0.0,0.0,0.0,0.0,0.0,1.0,0.0434782608695652,0.0,0.0,0.168453321643436,-0.0171260911226762,-0.0404044816416951,0.1090105527954421,0.0578263242474706,-0.0365335348736716,-0.1237291897131497,0.0865781012879031,0.0902273486942364,-0.076007449895445,-0.0483427266141767,-0.0325517202572165,0.0157509081814566,-0.0055165173704513,0.0005768068167694,0.0375786172890238,-0.0308695308591011,0.0472833304901753,0.0937836039156252,0.1696852358881408,0.019721377409006,0.0283279239309116,0.0987227264742007,0.0167500197513034,20.0,0.3451333435413873,0.1729889934420791,0.7742060350014397,0.5575139321257989,19.0,18.0,1.0,3.5614882420476346,0.4218695158874578,0.1978604578915352,0.140469297824193,0.4190592593127321,0.4214873352388906,2.616664258240344,0.0,0.0,0.0,0.0,0.0,0.0,0.0,0.0,0.0,0.0
sciver_val_268,1,24,16,40,2000,0.2558095894671403,22.0,19.0,0.8636363636363636,4.363636363636363,5.0,0.0,1.0,0.2592592592592592,0.2857142857142857,1.0,0.2,0.0,1.0,0.0454545454545454,0.0,0.0,0.0,0.0,0.0,0.0,0.0,0.0,1.0,0.0454545454545454,2.0,0.0909090909090909,0.2083689685855111,0.2971372179829369,0.014961327798127,-0.1156795704003024,0.0712486902288767,0.1480177139849765,0.1125612675643899,-9.864821532523546e-05,-0.0155743453552801,0.0114142721162448,-0.1193792336478264,0.0123317867516816,-0.0899785176348991,-0.008151547658856,0.0527413876478999,0.1566757956889308,-0.0570458558907146,-0.0828275373361119,0.0196315551610022,-0.0603579245512862,0.0882750126754321,0.1680854199886405,0.1174301612746694,0.1024183780026795,19.0,0.2652144265321648,0.0995705491628313,0.5062494261605263,0.4135147323718143,18.0,17.0,1.0,2.7848129091233083,0.4135147323718143,0.1638125240660769,0.0885942958179159,0.2303703595530865,0.2813344495215076,2.685855846801593,1.0,1.0,0.0,0.0012470326112827,0.0012470326112827,0.0012470326112827,0.0,0.0012470326112827,0.0012470326112827,-0.0
sciver_val_269,1,24,16,40,2000,0.3186864147800569,33.0,23.0,0.696969696969697,4.212121212121212,7.0,0.0,4.0,0.1568627450980392,0.0697674418604651,0.0,0.0,0.0,0.0,0.0,0.0,0.0,1.0,0.0303030303030303,0.0,0.0,0.0,0.0,0.0,0.0,0.0,0.0,0.2570808488731183,-0.0309369224349212,-0.101264086872481,0.1953339570497113,-0.1060536127322353,0.0871582267376948,-0.041365113255663,0.0253544849285329,0.0916679408083129,0.0503438626644525,-0.0741973778881967,-0.15057893187319,-0.0175540017796433,-0.0182115092535136,0.0395605347087705,-0.0178357708935251,0.0110376554442821,0.0539391617080822,-0.0120513023942987,-0.0214745722100437,0.0504194294374453,0.0897408565519854,0.0234895071043069,-0.0411895840871597,23.0,0.3889643668900108,0.2032325476947187,0.955722823080104,0.6536994418478341,20.0,19.0,1.0,4.45880565828721,0.5409576095582184,0.2346739820151163,0.1307384870100491,0.3703607478013503,0.4744522615712129,2.777558353380869,2.0,2.0,0.0,0.00312830610153,0.002789061853641,0.001564153050765,0.001224908802876,0.0025440800930658,0.0026665709733534,0.3432485289042237
sciver_val_270,1,24,16,40,2000,0.4642743580456092,20.0,18.0,0.9,4.85,5.0,0.0,0.0,0.088235294117647,0.0833333333333333,0.0,0.0,0.0,1.0,0.05,0.0,0.0,0.0,0.0,0.0,0.0,0.0,0.0,0.0,0.0,1.0,0.05,0.1157715891836438,0.0372908856392361,-0.0248224463800119,-0.0261284337922985,0.0795956849896368,0.0191268615586674,0.1521027959839402,0.0196430091814953,0.0846576892174461,0.0981744980439387,-0.1359398899343706,0.0654076625076661,0.0283598868527904,-0.0700855331990788,-0.0683154308947522,0.0198876595309262,-0.0475769054195742,-0.1525830648395555,0.0621874228673214,0.0412478108197787,0.0196080167220716,0.0434190740841306,-0.099087995188936,-0.0151290331216137,18.0,0.3402263056050026,0.1740109215468342,0.7479430817959004,0.5683938557006343,17.0,16.0,1.0,3.2669768553705465,0.4993974047212422,0.2041860534606591,0.1429569760430228,0.4053220938244876,0.4452567896892592,2.5067929138962843,1.0,1.0,0.0,0.006143612423536,0.006143612423536,0.006143612423536,0.0,0.006143612423536,0.006143612423536,-0.0
sciver_val_272,1,24,16,40,2000,0.191441711435331,20.0,18.0,0.9,4.35,5.0,2.0,4.0,0.0384615384615384,0.0454545454545454,0.0,0.0,0.0,1.0,0.05,0.0,0.0,0.0,0.0,0.0,0.0,0.0,0.0,0.0,0.0,1.0,0.05,0.2842868683136105,0.3996904989928544,0.0941156863829244,-0.1223094207594048,0.0824349960096236,0.0792593454453129,-0.0698214008832348,-0.3517713688401457,-0.018540906093412,0.0113589994950904,0.1210699591824245,0.0170274356898686,-0.1928969869938146,-0.0891064893042962,0.105058729263357,0.0328151985826421,0.0350218139192083,-0.0176807770100375,0.0812087572566202,-0.0345697660816433,-0.040981572136694,-0.055876482495423,-0.0705229095868946,-0.1644830515838868,18.0,0.3231932996637158,0.1150986644570838,0.6075411182312953,0.4899552917087897,18.0,17.0,1.0,3.343950835936373,0.4696233405647689,0.1967029903491984,0.0959237149287184,0.2865360822779705,0.3564285771681078,2.719167538530725,0.0,0.0,0.0,0.0,0.0,0.0,0.0,0.0,0.0,0.0
sciver_val_273,1,24,16,40,2000,0.2566087645802928,22.0,19.0,0.8636363636363636,4.090909090909091,5.0,0.0,1.0,0.0757575757575757,0.05,0.0,0.0,0.0,0.0,0.0,1.0,0.0454545454545454,0.0,0.0,0.0,0.0,0.0,0.0,0.0,0.0,1.0,0.0454545454545454,0.1584412449333226,0.106122239864094,-0.0889079072290417,0.0276360168403022,-0.0164325707921765,0.0158759162669143,-0.0219045295316193,0.0036174509094058,0.0110521799372713,-0.1227404034760576,-0.0771249647840938,0.0460905658256325,-0.1009696179440336,-0.0224517736717265,0.0063186012127809,-0.0564303145558235,0.003868386672372,-0.0163712889233404,0.0086042690880429,-0.0427270407944636,-0.0447542653835854,0.0287339654906591,0.0021075431576041,0.0505886523384846,19.0,0.3255628417082903,0.1743852205448339,0.6801274849415138,0.5476533332897536,17.0,16.0,1.0,2.9052059467244837,0.4150408763489447,0.1815753716702802,0.1247858426609933,0.3480708532374508,0.3780215324605748,2.4977024273932527,0.0,0.0,0.0,0.0,0.0,0.0,0.0,0.0,0.0,0.0
sciver_val_274,1,24,16,40,2000,0.019523634233566,23.0,23.0,1.0,5.173913043478261,4.0,0.0,1.0,0.0461538461538461,0.0,0.0,0.0,0.0,1.0,0.0434782608695652,0.0,0.0,0.0,0.0,1.0,0.0434782608695652,1.0,0.0434782608695652,0.0,0.0,1.0,0.0434782608695652,0.2056401216240757,0.1085301719894893,0.0679960315945151,-0.0929431292981374,-0.2101479057141833,0.0864932944824338,-0.2207341157029644,-0.1012611659917532,-0.046581846664066,0.0348246777242634,0.0321897260894873,0.1764921608920752,0.1027106493361385,-0.0002462622242527,-0.139813625369737,0.0784129642502286,0.0678153355632077,-0.0661332654243376,0.0282415842557275,0.0965877195380068,0.034654366881942,-0.0029948758318656,-0.0587146855966171,-0.0609967966994442,23.0,0.3038732946212277,0.0977655720971282,0.5545657739930094,0.4189483542060587,23.0,22.0,1.0,3.687031942228643,0.3022966659675478,0.1675923610103928,0.0806583017700877,0.263244106089737,0.2659976662720071,2.9642371465736423,2.0,2.0,0.0,0.0191142064583111,0.0116315433412114,0.0095571032291555,0.0020744401120559,0.0112166553188002,0.0114240993300058,0.6694016666394692
sciver_val_275,1,24,16,40,2000,0.2329063554349584,32.0,27.0,0.84375,5.34375,5.0,0.0,0.0,0.0303030303030303,0.0357142857142857,0.0,0.0,0.0,0.0,0.0,0.0,0.0,0.0,0.0,1.0,0.03125,1.0,0.03125,0.0,0.0,0.0,0.0,0.2173128345773359,-0.0492811768888565,0.0474881929263523,0.0039327427291942,-0.028209748791962,0.0286336940094242,0.0992080491343709,-0.0230739777579695,-0.0390248047408946,0.1488877002493906,-0.133219606529805,0.04307363231119,0.0705770677313052,0.0727304925176295,-0.0167917169403067,0.0582414978937638,-0.0701188811174499,0.0533745404578884,-0.0145308632922475,-0.021146785654211,-0.0599892253633854,0.0136008676134382,0.0108833751369947,0.0425223037194173,27.0,0.4058908924481715,0.1597839685529913,0.8459123426609707,0.6195815889523394,25.0,24.0,1.0,5.7935860314722785,0.5675005722258075,0.2413994179780116,0.1229309295442063,0.4090076250824346,0.4383367659544209,3.0423514825234603,1.0,1.0,0.0,0.0187247602194362,0.0187247602194362,0.0187247602194362,0.0,0.0187247602194362,0.0187247602194362,-0.0
sciver_val_277,1,24,16,40,2000,0.0831667982097442,51.0,31.0,0.6078431372549019,2.6470588235294117,17.0,0.0,12.0,0.0921052631578947,0.0597014925373134,1.0,0.125,0.0,1.0,0.0196078431372549,2.0,0.0392156862745098,0.0,0.0,1.0,0.0196078431372549,0.0,0.0,0.0,0.0,0.0,0.0,0.255313784482204,0.0075065950619595,-0.0192055377236243,0.1714798246088376,0.2361460540218665,0.1238200148565332,-0.0542920676681289,-0.0626086760859286,0.2017617931674208,0.0467219381224512,0.0289015072701049,0.0256457548184759,0.0751777241097744,-0.1126521106735001,-0.0415541852955458,0.0782538853147007,-0.0342114970083807,0.014547096547463,-0.0124634724109505,0.0035451187385944,-0.0024607202258559,-0.0521733334123257,0.0258803159204101,-0.0680073385911563,31.0,0.2769942662745487,0.1726680370541239,0.6566489323647303,0.4842515788059885,22.0,21.0,1.0,4.2700596437631475,0.4696233405647689,0.2033361735125308,0.1388352966494498,0.3806770627717377,0.3913584739173303,2.7828147445501985,1.0,1.0,0.0,7.20472217303203e-05,7.20472217303203e-05,7.20472217303203e-05,0.0,7.20472217303203e-05,7.20472217303203e-05,-0.0
sciver_val_281,1,24,16,40,2000,0.0990657682475918,33.0,27.0,0.8181818181818182,4.666666666666667,5.0,3.0,6.0,0.2,0.1627906976744186,0.0,0.0,0.0,2.0,0.0606060606060606,1.0,0.0303030303030303,0.0,0.0,1.0,0.0303030303030303,0.0,0.0,0.0,0.0,1.0,0.0303030303030303,0.2401448210638385,0.382714491965597,-0.0024522329375133,-0.1182094475774489,-0.0817334099781921,0.1043194129283582,0.0056382088255657,-0.1420071052246823,0.0460103265379946,0.0821302164045914,-0.0141325738872221,0.0227655222069203,-0.2019072823254818,0.0599368703985569,0.0291087032459739,0.1215827700659458,0.0658511100407949,0.0044202670353874,0.0569501608352595,-0.0240667303284051,0.0195242719473358,-0.0020411240877763,0.0014136907946422,-0.0313272100365638,27.0,0.3171838128938507,0.1414962260606697,0.6813618675747249,0.5299632818590405,27.0,26.0,1.0,4.490398356178579,0.4794103962911321,0.1727076290837915,0.1143558075072502,0.2858147547217235,0.4225781998631845,3.0532210754599474,1.0,1.0,0.0,0.0157178997515805,0.0157178997515805,0.0157178997515805,0.0,0.0157178997515805,0.0157178997515805,-0.0
sciver_val_282,1,24,16,40,2000,0.1059066390337518,35.0,25.0,0.7142857142857143,3.657142857142857,6.0,0.0,3.0,0.1320754716981132,0.1136363636363636,0.0,0.0,0.0,2.0,0.0571428571428571,0.0,0.0,0.0,0.0,2.0,0.0571428571428571,0.0,0.0,0.0,0.0,0.0,0.0,0.2330957283561948,0.2970894776308287,0.0466268982839364,-0.0366647157301066,0.2781473529845334,-0.1288925691904429,0.1865450382087807,0.0683350938945808,-0.1990912980041554,-0.005707768064697,0.0344965012256546,0.0243319331213988,0.0691438327162862,-0.0167583911739931,-0.1470602994581979,0.1634199299764421,0.3120357746949966,0.1626137603749829,-0.0347010272936958,-0.0933249378158685,0.035429891881847,0.1722058340656374,-0.1433432312667404,-0.0576420145996792,25.0,0.3028666145860776,0.1614078274993356,0.7201027308102641,0.5297741672619478,23.0,22.0,1.0,3.527072500430118,0.4671851931960756,0.1603214772922781,0.1106900484649941,0.2916715037079115,0.3482756738121185,2.8613099856586675,0.0,0.0,0.0,0.0,0.0,0.0,0.0,0.0,0.0,0.0
sciver_val_283,1,24,16,40,2000,0.2375538235941202,27.0,24.0,0.8888888888888888,4.555555555555555,4.0,0.0,0.0,0.1538461538461538,0.1363636363636363,1.0,0.25,0.0,0.0,0.0,0.0,0.0,0.0,0.0,1.0,0.037037037037037,0.0,0.0,1.0,0.037037037037037,0.0,0.0,0.1716929149667195,-0.0472387380219529,0.0346434981397596,0.0593598205841098,0.0137691406420054,0.0294885085757878,0.0156098854169339,-0.0107606921841212,0.0568174105983612,0.1357457203022519,0.0243172022831437,-0.0519422482995915,-0.0003514264677853,-0.0875465627820527,-0.0432875797836027,-0.0282123309027839,-0.0449281151256827,0.0616268249663737,0.0236752353266379,-0.057396157444196,0.0173581470958049,-0.0912058805283388,-0.0327362492963716,0.0831266286867176,24.0,0.3796121611846364,0.1723934026597224,0.8790176471153959,0.6276364355497994,23.0,22.0,1.0,5.200904400630332,0.5677242657723035,0.2364047454831969,0.1368143289964992,0.3854983976748087,0.5128643560748487,2.921266095708431,2.0,2.0,0.0,0.0654354487113048,0.0539306532101723,0.0327177243556524,0.0212129288545198,0.0496880674392683,0.0518093603247203,0.4649940670921003
sciver_val_284,1,24,16,40,2000,0.0771946427699813,29.0,26.0,0.896551724137931,4.827586206896552,5.0,1.0,2.0,0.109375,0.0535714285714285,1.0,0.1,0.0,1.0,0.0344827586206896,0.0,0.0,0.0,0.0,1.0,0.0344827586206896,0.0,0.0,0.0,0.0,0.0,0.0,0.238504155566997,0.0416518081714786,-0.0640977852050835,0.085135446685247,0.0063379166984301,-0.0487171764435268,0.0465255411493497,-0.1267480028935441,-0.0558489045198203,0.0263337031669536,-0.0125221355018016,-0.044228503193323,0.0516790113477406,-0.0889090558549154,-0.0893414890101678,-0.03575219338267,-0.0741947278904007,0.0780480497375098,-0.1090990500661354,0.1293081113016516,0.0067688757269266,0.0048528625624408,0.0560453864325861,0.0546350767672643,26.0,0.3588747550028859,0.1665890850930804,0.7800994929125238,0.5789777686917335,25.0,24.0,1.0,5.088144826327193,0.5656785983628816,0.2120060344302997,0.1458036723312199,0.3379300024067767,0.519124704568445,2.9290592713224104,0.0,0.0,0.0,0.0,0.0,0.0,0.0,0.0,0.0,0.0
sciver_val_285,1,24,16,40,2000,0.0102118403803803,20.0,19.0,0.95,5.6,3.0,2.0,4.0,0.081081081081081,0.064516129032258,0.0,0.0,0.0,1.0,0.05,0.0,0.0,0.0,0.0,2.0,0.1,0.0,0.0,0.0,0.0,1.0,0.05,0.2386519669929693,0.2833801857446727,0.0727269116302535,-0.1596947504707898,-0.0894873507098165,-0.0553834882536458,-0.03305263815522,-0.1265124939101692,0.0550858089091354,-0.0305680875769567,-0.0119354454175267,0.0256554842137303,0.1876668271161023,-0.003851368289116,-0.033224878689831,0.0058011806215956,-0.09270815454385,-0.0278080856178069,-0.1088303371880768,0.1411319497759017,-0.0630795758440647,0.0135410837602131,-0.064248586730222,-0.0583736788590827,19.0,0.3542171347850845,0.1026018175696365,0.5757208385558525,0.4811415499567104,19.0,18.0,1.0,3.975217368185258,0.4222441475765923,0.2208454093436254,0.0891045339902558,0.3319208088809713,0.3644379215211373,2.805804646279051,0.0,0.0,0.0,0.0,0.0,0.0,0.0,0.0,0.0,0.0
sciver_val_286,1,24,16,40,2000,0.1349458534413666,35.0,31.0,0.8857142857142857,5.171428571428572,5.0,4.0,4.0,0.1111111111111111,0.0967741935483871,1.0,0.2,0.0,1.0,0.0285714285714285,1.0,0.0285714285714285,0.0,0.0,0.0,0.0,1.0,0.0285714285714285,1.0,0.0285714285714285,1.0,0.0285714285714285,0.1920135385467656,-0.0647479028283391,-0.1157727612637503,-0.0676164032933532,-0.0516942125554203,0.0549863323280479,-0.055565468860389,-0.1247733127083705,-0.1172489260886279,-0.0257486430699373,0.0792173808363737,0.0140243711543754,0.0311869898775724,0.0187627724324951,0.0217548455592982,-0.0001911788565892,-0.1778445129157869,0.0243245787199521,-0.0588401207310272,0.0170949511675076,0.0930491327454757,-0.0442477108134598,-0.064568450926905,0.0517436681998406,31.0,0.3691615379704189,0.1594191306665246,0.9059094747524932,0.5533803277723441,31.0,30.0,1.0,6.0804062126590495,0.5386200353642928,0.202680207088635,0.1022832603845995,0.2931005099477087,0.3837905040493491,3.283727586658544,4.0,4.0,0.0,0.0575745044058733,0.038865197698698,0.0143936261014683,0.01462943808345,0.0306634951266258,0.0347643464126619,0.8903956520517514
sciver_val_287,1,24,16,40,2000,0.3061130906479423,32.0,28.0,0.875,4.5625,6.0,0.0,4.0,0.1142857142857142,0.1071428571428571,1.0,0.1666666666666666,0.0,0.0,0.0,0.0,0.0,0.0,0.0,1.0,0.03125,0.0,0.0,0.0,0.0,1.0,0.03125,0.1838249113061838,-0.069520239945672,0.1054863773464967,-0.0106835296198276,-0.0060982436137918,-0.0095586428671112,-0.0046961286513269,-0.0822113554198889,0.0324194843702254,-0.0010389893508855,0.0697202186700544,-0.0353969083233076,0.0470499797677314,-0.053700587898807,0.005883190697688,-0.0981876378242495,0.0561647870291097,0.0081322895723359,-0.0503227152601825,-0.0498714789495588,0.0015750562949546,-0.1229197318468446,-0.069976953399919,0.0341075563763061,28.0,0.3125742116601567,0.1611414394275015,0.6687709733716586,0.5198503730261739,24.0,23.0,1.0,4.711687159749182,0.4391999379688393,0.2048559634673557,0.1274630436731877,0.3770088299726869,0.4053695793354658,2.9161319609512497,0.0,0.0,0.0,0.0,0.0,0.0,0.0,0.0,0.0,0.0
sciver_val_288,1,24,16,40,2000,0.0344001441087828,21.0,20.0,0.9523809523809524,5.0476190476190474,5.0,1.0,1.0,0.0677966101694915,0.0416666666666666,0.0,0.0,0.0,2.0,0.0952380952380952,0.0,0.0,0.0,0.0,0.0,0.0,0.0,0.0,0.0,0.0,0.0,0.0,0.1323784356088893,0.0363657196828347,-0.0095603846188671,0.0115036670989051,-0.0818701413594696,-0.0099111754356855,0.0261123764538091,0.137549149037239,0.0555851236860456,0.1102335134693514,0.0644424917791947,-0.0400945428237983,-0.0216220766145234,-0.0737980158337215,-0.155785909918562,-0.0962914223598685,-0.0333712262360242,-0.1768663967999234,0.0866092146706157,0.0498137319382078,0.1098776649270402,0.1414852180164087,-0.1180204144171456,-0.0254104221722595,20.0,0.4357989082252961,0.1576458085265161,0.7665024981363215,0.6266909612931425,20.0,19.0,1.0,4.758798900660671,0.4721808509588424,0.2504631000347722,0.1263213372880539,0.4428404704562519,0.4541176285406859,2.798470864326491,1.0,1.0,0.0,0.0112051828884573,0.0112051828884573,0.0112051828884573,0.0,0.0112051828884573,0.0112051828884573,-0.0
sciver_val_289,1,24,16,40,2000,0.0444927321211878,39.0,34.0,0.8717948717948718,4.487179487179487,8.0,2.0,6.0,0.0615384615384615,0.0,0.0,0.0,0.0,1.0,0.0256410256410256,0.0,0.0,0.0,0.0,2.0,0.0512820512820512,0.0,0.0,1.0,0.0256410256410256,3.0,0.0769230769230769,0.2813965028214013,0.3263783665851021,0.0334633202876729,-0.1318648345625446,0.0039089130028977,0.2524501453430793,-0.0168466560365965,-0.0318675752943892,-0.0770633811822947,-0.1120051319439633,-0.0744167665888626,0.0889844883502094,-0.0458274197343879,0.1121753186532041,-0.0070298415250384,-0.0723665010462006,-0.0191352787054665,-0.0973017908834138,0.1659278104390913,-0.0143322018912192,0.1249132731486584,0.0490201184325264,0.0987875061534521,0.0272140452172116,34.0,0.3002879320932026,0.1531558713813464,0.7567073648964726,0.4894775217669361,28.0,26.0,2.0,4.493767693134526,0.4115568761691315,0.1728372189667125,0.0847212320611605,0.2672726064042429,0.2957345669454334,3.1285749338619384,1.0,1.0,0.0,0.0023445496822893,0.0023445496822893,0.0023445496822893,0.0,0.0023445496822893,0.0023445496822893,-0.0
sciver_val_290,1,24,16,40,2000,0.3366880961404516,27.0,23.0,0.8518518518518519,5.148148148148148,6.0,2.0,9.0,0.1228070175438596,0.1063829787234042,1.0,0.125,0.0,1.0,0.037037037037037,0.0,0.0,0.0,0.0,3.0,0.1111111111111111,0.0,0.0,0.0,0.0,1.0,0.037037037037037,0.2621585143357248,0.2218493231374814,0.2870607706262987,-0.1457096796291416,-0.0222805400869893,0.3392998344846351,-0.0230672572404721,0.0915799405829134,-0.0931891667655357,0.1920594190507757,-0.0579688934765779,-0.0702822872195052,0.0513689765201963,0.0922340655828492,0.1883128397324083,-0.1355654947160713,0.1176442561346671,0.127468945454748,0.0010241111195094,-0.0314677332456029,-0.0184689204824474,0.0008057225336434,-0.0754976099520942,0.042993722117624,23.0,0.3544834152491543,0.1897807337172767,0.865771723693418,0.6450216149246547,20.0,19.0,1.0,4.2130638303780295,0.5311132619680893,0.2217402015988436,0.1243112898334986,0.3994857799100277,0.4705619092378604,2.7896184783723417,2.0,2.0,0.0,0.0046838926564879,0.0031352242922352,0.0023419463282439,0.0007932779639912,0.002976568699437,0.0030558964958361,0.6346288545634995
sciver_val_294,1,24,16,40,2000,0.0,44.0,33.0,0.75,3.9545454545454546,7.0,0.0,2.0,0.0,0.0,0.0,0.0,0.0,1.0,0.0227272727272727,0.0,0.0,0.0,0.0,2.0,0.0454545454545454,0.0,0.0,0.0,0.0,0.0,0.0,0.2040723116459471,0.0122225415470669,0.0276156162103066,0.1043729175162497,0.0336690687526615,0.1809094631199485,0.0568351884726877,0.0148137984988126,0.080763525641834,-0.1380486192939722,-0.0618141493018271,-0.0325659604956936,0.0103975292509539,-0.0248966202612411,0.010046921347047,0.0140730091867234,0.0013050963818869,-0.0725226870970587,-0.0086208841222952,-0.1716252046941192,-0.0402732555662091,-0.0466037010880584,-0.0083962235682654,0.0502039591214621,33.0,0.2553216104249865,0.1118869120957715,0.5938395044601193,0.4342835280926159,27.0,26.0,1.0,4.4669619341873545,0.3458293681576559,0.1718062282379751,0.0631662411359489,0.2283659526315012,0.2657116571580026,3.1883239994973076,5.0,5.0,0.0,0.049673765286498,0.0217222720356221,0.0099347530572996,0.007728925965141,0.0195652218872989,0.0206437469614605,1.3008135544003288
sciver_val_297,1,24,16,40,2000,0.0622685211411409,33.0,26.0,0.7878787878787878,4.424242424242424,10.0,0.0,0.0,0.0576923076923076,0.0454545454545454,1.0,0.125,0.0,1.0,0.0303030303030303,0.0,0.0,0.0,0.0,1.0,0.0303030303030303,0.0,0.0,0.0,0.0,0.0,0.0,0.2217436247671205,0.0612820631745231,0.0432281019589071,0.0714109347840579,0.0645484966014639,0.0896868860309495,0.041696314672706,0.0061519228555745,0.0808776395359613,0.0990134632071526,0.0393290885558005,-0.1430219317153202,0.0672354664855682,-0.1518839713629177,-0.2156217153616788,-0.1284224969865417,-0.0362350470625186,-0.1410592354442039,0.017398794928494,0.0546788331052665,0.1747118922155343,0.0318699115959665,-0.0976616853093895,0.0379108461752086,26.0,0.3464881960176252,0.1462402209023972,0.7190302664112223,0.5327665373838347,24.0,23.0,1.0,4.047055141664848,0.3934706348612223,0.1759589192028194,0.0987318207048488,0.3094390206070846,0.3475754188166979,2.9644137368555934,2.0,2.0,0.0,0.0168160198665887,0.0107757234486816,0.0084080099332943,0.0023677135153872,0.0103021807456041,0.0105389520971428,0.6529558973593281
sciver_val_300,1,24,16,40,2000,0.1049957806800365,37.0,34.0,0.918918918918919,4.945945945945946,5.0,4.0,5.0,0.1375,0.1076923076923077,1.0,0.1666666666666666,0.0,1.0,0.027027027027027,1.0,0.027027027027027,0.0,0.0,1.0,0.027027027027027,0.0,0.0,1.0,0.027027027027027,0.0,0.0,0.2161754866702028,-0.0079082801649601,-0.0585178148718762,0.098243463836248,-0.0716042395050108,-0.0152353505704179,-0.0500266832453443,0.0149508678287969,0.0047932507859056,0.059636545851695,0.0046915578813209,0.0486845206974693,0.0451071909209583,0.0388177447347304,-0.0267335728515391,-0.014864164402394,-0.0048288789317381,-0.0510770436148334,0.0242913781412398,-0.0182432234393019,0.0026154958708441,0.0628206852120309,0.0750192436571773,-0.0038824418225564,34.0,0.3616645051801667,0.1509643759461049,0.7884823649102616,0.5709548948143757,33.0,32.0,1.0,6.125937590946664,0.3748076916344086,0.1914355497170832,0.0972632212540143,0.3164446225255231,0.3399408730017971,3.319508178194466,2.0,2.0,0.0,0.0263249617499677,0.0153305392667142,0.0131624808749838,0.0021680583917303,0.0148969275883681,0.0151137334275412,0.6795196438597328
sciver_val_302,1,24,16,40,2000,0.0297927102890927,20.0,17.0,0.85,4.75,3.0,0.0,0.0,0.048780487804878,0.0277777777777777,0.0,0.0,0.0,0.0,0.0,0.0,0.0,0.0,0.0,0.0,0.0,1.0,0.05,1.0,0.05,0.0,0.0,0.0869613338585887,-0.0452966370446204,-0.0146122158271556,0.0270163392333706,-0.0047424177197736,0.0334025195974682,-0.0187471272573333,-0.0274246984553429,-0.0331529618148608,0.0506366790007074,-0.0081452608256225,-0.057163148838931,0.031332344219355,-0.0354884005958244,0.0363034856306511,-0.0467226265243999,-0.0606621080157549,0.1245348301877685,-0.0604763982152677,0.0153120410815535,0.0777985193298105,0.061056731855419,-0.0832379902326979,0.006629599121675,17.0,0.3759554138758214,0.1342651201552167,0.6912497177206303,0.5474145480753538,17.0,16.0,1.0,3.7315088244836248,0.4807618907768641,0.2332193015302265,0.1196228640175676,0.4180276059483394,0.4759274214363045,2.6451969535460567,0.0,0.0,0.0,0.0,0.0,0.0,0.0,0.0,0.0,0.0
sciver_val_303,1,24,16,40,2000,0.1856420217302022,43.0,35.0,0.813953488372093,4.488372093023256,7.0,0.0,2.0,0.1145038167938931,0.0695652173913043,1.0,0.0833333333333333,0.0,0.0,0.0,2.0,0.0465116279069767,0.0,0.0,1.0,0.0232558139534883,0.0,0.0,0.0,0.0,0.0,0.0,0.2305121724702361,-0.0445301885385243,0.0100565726348047,0.0891339188022859,-0.0300610248958132,-0.0522872863090837,-0.0809522312800486,0.0049678471095277,-0.0630199364653735,0.0086221345098385,-0.0224250250436545,-0.0061848839260263,0.0652413046971556,-0.0999460336562166,-0.0450167093173545,0.0670080450238264,0.0249720496122316,-0.0360846599416046,-0.0716448039464333,0.0203014414421271,-0.0712376998761954,-0.0541744452267187,0.0165991290878726,0.1146817996563744,35.0,0.3734279826989703,0.2009575650636941,1.004904008489847,0.637802573568336,32.0,31.0,1.0,6.7830985115760765,0.5865205921530101,0.2188096294056798,0.1509701572225429,0.4118838946526122,0.4396171333948309,3.162915690474259,1.0,1.0,0.0,0.0045236800401013,0.0045236800401013,0.0045236800401013,0.0,0.0045236800401013,0.0045236800401013,-0.0
sciver_val_304,1,24,16,40,2000,0.0523163113271509,25.0,23.0,0.92,4.04,4.0,1.0,2.0,0.0784313725490196,0.05,0.0,0.0,0.0,1.0,0.04,0.0,0.0,0.0,0.0,2.0,0.08,0.0,0.0,0.0,0.0,0.0,0.0,0.281759258834806,0.2707915898193042,0.0325965011034118,0.1133662791295033,0.1149885215131566,0.0140280090508487,0.115097639888007,0.0540936618326873,-0.0815432104941106,0.0039375513517695,0.0330573524086117,-0.0728272342512868,-0.0099266340395562,0.0050757223416921,0.0444983227440047,0.1227584781850736,0.0176050220184676,-0.0086613658698374,0.1081464423313677,-0.0088102685533395,0.1004730096428558,-0.0633108742745276,0.0886879403219942,0.0842934000954266,23.0,0.352909118410502,0.1768872739153303,0.8174294483169181,0.5924067448856476,20.0,19.0,1.0,4.2391186861224055,0.5108192839595721,0.223111509795916,0.1119117695136911,0.3570352038689893,0.393626598017369,2.816119951611067,0.0,0.0,0.0,0.0,0.0,0.0,0.0,0.0,0.0,0.0
sciver_val_310,1,24,16,40,2000,0.3259109807897767,28.0,24.0,0.8571428571428571,4.928571428571429,4.0,0.0,4.0,0.1904761904761904,0.1509433962264151,0.0,0.0,0.0,1.0,0.0357142857142857,1.0,0.0357142857142857,0.0,0.0,0.0,0.0,0.0,0.0,0.0,0.0,0.0,0.0,0.1925254483923019,-0.0130352703153258,-0.0315313081559216,0.1320603150069487,0.0230786847178567,-0.0570671186978093,-0.0344449440114495,0.0817280971760068,0.0238266883318258,-0.0545758988093371,0.0365141381208597,0.1499820880308889,-0.0087652189021913,0.0368943902093912,-0.024419192165156,-0.0751243163629327,-0.0306095115860296,0.0071693042592272,-0.0109532489136623,-0.1134949811155233,0.0558977373218377,0.0654541450627275,-0.024807201433229,0.0220779373657523,24.0,0.4369001842981601,0.1546839804201744,0.7804273826601571,0.6327208743840094,23.0,22.0,1.0,5.827889789226318,0.4831579234142585,0.264904081328469,0.1290439114830792,0.4717582087018681,0.4804084548766046,2.9649985995051193,2.0,2.0,0.0,0.0231091565948811,0.0127889945726768,0.0115545782974405,0.0012344162752362,0.0125421113176295,0.0126655529451532,0.6874295746874788
sciver_val_313,1,24,16,40,2000,0.0514436399900567,32.0,24.0,0.75,5.0625,4.0,1.0,1.0,0.0952380952380952,0.0857142857142857,0.0,0.0,0.0,2.0,0.0625,2.0,0.0625,0.0,0.0,3.0,0.09375,0.0,0.0,0.0,0.0,0.0,0.0,0.2813470360680454,0.1556735498620778,-0.0521354222415605,0.2106493495139544,-0.0698925199054477,-0.0664633336861566,0.0168216931801914,0.1197338506953623,-0.0162300984257044,0.046489800747429,0.0149631458658888,-0.0530847266460925,0.0280070508678165,0.0150501199982174,-0.0062618270175379,0.0300621017719296,0.0318304236253023,0.0438661977766253,0.0247961014094505,-0.0024484287100724,0.0027167225873543,-0.0330091338693005,0.0906153660932991,-0.0442225243407493,24.0,0.3968283564557141,0.1595850371175508,0.8469203912997778,0.6231087925938792,24.0,23.0,1.0,4.88658331550501,0.4802539364507757,0.2124601441523917,0.1124531563056569,0.351002895123842,0.4446503277491136,2.992398632959597,0.0,0.0,0.0,0.0,0.0,0.0,0.0,0.0,0.0,0.0
sciver_val_314,1,24,16,40,2000,0.5815532466772753,22.0,19.0,0.8636363636363636,3.909090909090909,4.0,0.0,4.0,0.2631578947368421,0.25,2.0,0.4,0.0,1.0,0.0454545454545454,0.0,0.0,0.0,0.0,0.0,0.0,1.0,0.0454545454545454,0.0,0.0,0.0,0.0,0.1437981100229271,-0.0880249828862797,0.0777914986661774,0.0188846233159763,-0.0156759545014731,-0.0479140525499204,-0.0460455804078321,0.0692009408372684,0.0216314725524571,-0.0638340427333375,0.0242089086381672,0.0090889792165064,-0.0367445449974147,0.0279986123249085,0.0931312883923957,0.0161785805860184,0.0407032619382876,0.0173518499709411,0.0858813025897635,0.0473228445246842,0.007173013656183,0.0994031495817435,0.0043965378602579,-0.0471460897628858,19.0,0.2753341553025134,0.1141167855761343,0.5481094308600694,0.4225190694196127,16.0,15.0,1.0,2.887889611763774,0.2797674063751127,0.1925259741175849,0.0513630539179077,0.2504133183870916,0.2609083960395755,2.671900379066556,0.0,0.0,0.0,0.0,0.0,0.0,0.0,0.0,0.0,0.0
sciver_val_315,1,24,16,40,2000,0.0330852911478769,23.0,21.0,0.9130434782608696,4.826086956521739,3.0,0.0,0.0,0.05,0.0,0.0,0.0,0.0,1.0,0.0434782608695652,1.0,0.0434782608695652,0.0,0.0,0.0,0.0,0.0,0.0,0.0,0.0,1.0,0.0434782608695652,0.1915644031185395,0.0832193952136917,-0.012130251933364,-0.0224489389854178,-0.210538045526236,0.0386062523971281,-0.2125592415108419,-0.1319356722609086,-0.0372614868607775,-0.0091787166182562,-0.0093939442591959,0.0479837419074659,0.0499491507582904,-0.0633515446304352,0.0088438950958261,0.0896798338499296,0.0414775548767132,-0.0481048392204391,-0.0640133472758544,0.0513073923215177,0.053431737224536,0.0763005712133027,-0.0274629617398867,0.0142550836912385,21.0,0.3132352603437355,0.1037873228203541,0.5462672229029512,0.4449829882546502,21.0,20.0,1.0,3.6679451929713514,0.2869571420817946,0.1833972596485675,0.0738843007956908,0.256543504574491,0.2609845496876221,2.892848998684396,0.0,0.0,0.0,0.0,0.0,0.0,0.0,0.0,0.0,0.0
sciver_val_316,1,24,16,40,2000,0.0991975033264009,25.0,22.0,0.88,4.72,3.0,2.0,3.0,0.1132075471698113,0.0909090909090909,0.0,0.0,0.0,0.0,0.0,0.0,0.0,0.0,0.0,2.0,0.08,2.0,0.08,0.0,0.0,0.0,0.0,0.2301830111623176,0.1320440849768968,0.0422768656057766,0.0930284487160618,-0.0364251961321681,-0.0224197080893359,-0.0355024470462777,0.0033288904668191,-0.0174586178883995,0.0131417078939047,-0.0538059646841051,0.038986620084982,-0.0224136248201699,-0.1136112229479746,-0.0169167668873307,0.0036446352103445,-0.0101515509600872,-0.0632260643440828,-0.0885275368142292,-0.0091205009716666,-0.1241755496020836,-0.0646265156286669,0.0581607809781669,0.0849356628373834,22.0,0.2992829962615869,0.1951060306176782,0.8711779552475055,0.5801214635548182,21.0,19.0,2.0,2.8992401277440325,0.4226038821263334,0.1525915856707385,0.1193776032367956,0.3537346595447079,0.3699526083747785,2.638692869964101,0.0,0.0,0.0,0.0,0.0,0.0,0.0,0.0,0.0,0.0
sciver_val_317,1,24,16,40,2000,0.0045622494283189,22.0,18.0,0.8181818181818182,4.2727272727272725,4.0,2.0,2.0,0.054054054054054,0.0344827586206896,0.0,0.0,0.0,0.0,0.0,1.0,0.0454545454545454,0.0,0.0,0.0,0.0,1.0,0.0454545454545454,0.0,0.0,1.0,0.0454545454545454,0.2345610510333754,-0.1071601785737628,0.1988031720226997,0.0661937287827312,-0.083248080279736,-0.0410066208776038,0.0568192388500572,0.0148814068741191,0.0537798292729809,-0.0044328437235379,0.0899402421231112,0.0080003485457392,-0.1113367093693756,-0.0831910578524844,0.0556856457394465,0.0941211236756988,-0.0349344367932482,0.0067997286464461,-0.0294266659575724,-0.0512596456749341,0.0187551177800149,0.1191138838770174,0.0960504646376105,-0.1497742680730611,18.0,0.3534128446144596,0.179329235782765,0.8028627218864581,0.6632454553192897,18.0,17.0,1.0,3.46386079023206,0.6536953110239342,0.2037565170724741,0.1528923236426989,0.3455637151530926,0.4431395187079232,2.5639133156643505,0.0,0.0,0.0,0.0,0.0,0.0,0.0,0.0,0.0,0.0
sciver_val_321,1,24,16,40,2000,0.0394126748829519,52.0,34.0,0.6538461538461539,3.769230769230769,10.0,0.0,0.0,0.0652173913043478,0.0,0.0,0.0,0.0,1.0,0.0192307692307692,0.0,0.0,0.0,0.0,2.0,0.0384615384615384,0.0,0.0,0.0,0.0,0.0,0.0,0.2007011694329885,-0.0747006130192547,0.1248004666819107,0.0420389286314809,0.0437982873209173,0.1664675494938398,-0.0206738812889634,0.0622432393666895,0.0125248363278702,-0.0755149965627338,0.0854718698574693,-0.1224010201590973,-0.090872211528382,-0.1110929094442592,-0.0131495282746009,0.0799085087045321,0.0017167141005367,0.0475397680765144,0.0148228513653512,0.0255819736593401,-0.0218880413498989,-0.039479805795021,-0.0273974513137945,0.0294501043656209,34.0,0.288849528851914,0.1749177384462414,0.8226040221603598,0.5150415445801626,27.0,25.0,2.0,4.136848364223039,0.4247856499059931,0.1654739345689215,0.1028569561380244,0.296657347793438,0.3796621700868796,3.027694131898926,2.0,2.0,0.0,0.0204152657229701,0.0166297146244993,0.010207632861485,0.0064220817630142,0.0153452982718964,0.0159875064481978,0.4795244016496165
sciver_val_322,1,24,16,40,2000,0.0238522241548586,25.0,18.0,0.72,5.12,6.0,2.0,6.0,0.0512820512820512,0.0294117647058823,0.0,0.0,0.0,0.0,0.0,0.0,0.0,0.0,0.0,0.0,0.0,0.0,0.0,0.0,0.0,2.0,0.08,0.2076280838703397,-0.0016581281353807,-0.0688077861302518,0.1533222366014551,-0.1201602661596739,-0.0044149245252976,0.0069866536615598,-0.035872163499522,0.0252860381195269,0.1535391546817458,-0.0995737848692783,-0.0924325863112376,-0.0505394263196708,0.0861180091935152,-0.0280295897185408,0.0117735713140641,0.0098489636175917,0.0769994558182582,0.0305275812792775,-0.066580293503342,0.0101434638886577,0.1184190589461643,0.0496314489210219,-0.0492018400497304,18.0,0.409149551576111,0.1498912026788756,0.7422608830991726,0.5943094001861549,18.0,17.0,1.0,3.498358380537224,0.5609453143169668,0.2057857870904249,0.1398650462398824,0.3696719857408751,0.4430008487608446,2.60104394490941,0.0,0.0,0.0,0.0,0.0,0.0,0.0,0.0,0.0,0.0
sciver_val_323,1,24,16,40,2000,0.0194305515034509,31.0,30.0,0.967741935483871,5.354838709677419,4.0,0.0,2.0,0.078125,0.0545454545454545,0.0,0.0,0.0,0.0,0.0,1.0,0.032258064516129,0.0,0.0,0.0,0.0,0.0,0.0,0.0,0.0,0.0,0.0,0.2007087309914967,-0.0967442883225967,0.0274688792287858,0.041771157699854,0.0453221243410671,-0.0723475045917968,-0.022750481322889,-0.0972019568806241,-0.0469136788273841,0.0465311913074501,0.0066428557843108,0.0056336693404035,-0.0075247802830153,0.0155636614193213,0.0097204840121551,0.0109362077311027,0.0409485361356979,0.0370873721928799,0.0656240700542118,0.0408006149708831,0.0090089539957937,-0.0466672244082736,-0.0544254470169966,-0.0011186243064611,30.0,0.4092439591860838,0.1439679385823319,0.7422608830991726,0.5922383006698508,30.0,29.0,1.0,6.699579295649013,0.4661270916610101,0.2310199757120349,0.1151433463256505,0.3920166302516328,0.4299115352232225,3.2262239074111276,2.0,2.0,0.0,0.0384943031877158,0.0290182323567077,0.0192471515938579,0.0097710807628498,0.0270640162041377,0.0280411242804227,0.5580861211083802
sciver_val_327,1,24,16,40,2000,0.097520122595695,41.0,30.0,0.7317073170731707,4.2926829268292686,9.0,0.0,1.0,0.1290322580645161,0.1097560975609756,2.0,0.2,0.0,1.0,0.024390243902439,2.0,0.048780487804878,0.0,0.0,0.0,0.0,0.0,0.0,1.0,0.024390243902439,1.0,0.024390243902439,0.1984529372582531,-0.0276632372362916,-0.0357321535779981,0.0315727487554802,0.115927561206585,0.0823494249578278,0.0684585631327351,-0.0243160900742746,0.1144331535480379,-0.0121362993538239,-0.1049421999357154,0.054541703095527,0.0416197367406907,-0.0058991936992382,-0.0918426002555144,0.1239692553399621,-0.1136953365625088,0.0449137310247586,0.0095670002935938,-0.0634378254670255,0.0180184718407042,0.2107132363113641,0.0997775528221042,0.0928968014422056,30.0,0.337715367531435,0.1337684504382698,0.6681270703989906,0.5014270679316847,26.0,25.0,1.0,5.432226789000933,0.4264019219491531,0.2172890715600373,0.0979960638319609,0.3728189101874412,0.4153081204815039,3.119837788991473,5.0,5.0,0.0,0.0622807741400424,0.0277157541630519,0.0124561548280084,0.0104919622856904,0.0255750148849772,0.0266453845240145,1.245211976995865
sciver_val_330,1,24,16,40,2000,0.2323461472132495,32.0,26.0,0.8125,3.28125,6.0,0.0,4.0,0.28125,0.2083333333333333,1.0,0.1428571428571428,0.0,1.0,0.03125,0.0,0.0,0.0,0.0,1.0,0.03125,0.0,0.0,0.0,0.0,0.0,0.0,0.2423300923702748,-0.0776867700614757,0.00852899209111,0.1118371681921052,0.0004971168131001,0.0118399093475809,-0.0977772973169233,-0.0255519754927443,0.1343845593583794,0.0110186936123665,-0.1065927814578532,0.0015956543595977,0.0670287703808698,0.0447515890529061,-0.0936085943120428,0.056969964299808,0.0736395987803716,0.1315364620386145,0.0705497396715531,0.1988495993655383,-0.0002737329800702,-0.0431667768511128,0.1186260877877692,-0.0848786153055346,26.0,0.3045665188907356,0.1659171867906669,0.7275552391132917,0.5383114251651311,24.0,22.0,2.0,3.703839966229676,0.3993046291978934,0.1683563621013488,0.1165311028464653,0.3081643602559898,0.3477152016210227,2.8236973409581982,1.0,1.0,0.0,0.0036478551639945,0.0036478551639945,0.0036478551639945,0.0,0.0036478551639945,0.0036478551639945,-0.0
sciver_val_332,1,24,16,40,2000,0.2141403213955218,34.0,29.0,0.8529411764705882,5.0588235294117645,4.0,0.0,0.0,0.1363636363636363,0.1388888888888889,0.0,0.0,0.0,0.0,0.0,1.0,0.0294117647058823,0.0,0.0,1.0,0.0294117647058823,0.0,0.0,1.0,0.0294117647058823,0.0,0.0,0.2238385742250409,0.1245112833907516,-0.0611106592507737,0.1093148951567095,-0.0303522036735408,-0.0190195536087823,0.0572395089812946,-0.057831105343844,0.0533223071475624,0.0484679973887553,-0.0343091979497359,-0.0234371530864159,-0.0263793471862459,-0.0049040213743613,-0.0155337216128653,-0.0976540128164151,0.0518196367250758,-0.0857359076525416,-0.0560078318779525,-0.0730191284457287,-0.0999695093476136,0.0316551490282362,0.0259561556741378,-0.0070027820925867,29.0,0.3683528335972439,0.1651996193461056,0.8059199599011008,0.5848289533180927,29.0,28.0,1.0,5.597130677835573,0.5521325518195541,0.1998975242084133,0.1184646342839002,0.3518694802072323,0.3793573883933112,3.1564754441414675,2.0,2.0,0.0,0.0104310449154132,0.0053315315866604,0.0052155224577066,0.0001160091289538,0.0053083297608696,0.005319930673765,0.6928997835116814
sciver_val_333,1,24,16,40,2000,0.3896478632302772,25.0,24.0,0.96,5.44,5.0,1.0,3.0,0.1290322580645161,0.1333333333333333,1.0,0.1666666666666666,0.0,3.0,0.12,0.0,0.0,0.0,0.0,1.0,0.04,0.0,0.0,0.0,0.0,0.0,0.0,0.1123675735895626,0.0453113850532746,-0.0058893619862094,-0.0769041911128065,0.0597572843777925,0.0102736532097665,-0.0122697164128693,0.0915826488644518,-0.0395046170024097,-0.0011233939170153,-0.1370579069290315,0.1041619027486834,0.0274749428864879,0.036511447508705,0.0088394241399276,-0.1211905976728116,0.0047498271832402,-0.078658259445375,0.1264463789749153,0.103686779504467,0.0984359333239175,-0.0119899773441052,0.0603321074043482,-0.0346673940651604,24.0,0.386830853326867,0.1832939287563814,0.8254013319508864,0.6155867651242395,20.0,19.0,1.0,4.508358255438181,0.5631225415408998,0.2372820134441148,0.1350403380599818,0.4205582048546156,0.4510564779782305,2.773430604300646,0.0,0.0,0.0,0.0,0.0,0.0,0.0,0.0,0.0,0.0
sciver_val_334,1,24,16,40,2000,0.2252160678567049,32.0,28.0,0.875,4.6875,4.0,0.0,0.0,0.1212121212121212,0.1428571428571428,0.0,0.0,0.0,1.0,0.03125,0.0,0.0,0.0,0.0,2.0,0.0625,0.0,0.0,0.0,0.0,0.0,0.0,0.2571996869727795,0.2063282741763408,-6.179285343571589e-05,0.1317841423932152,0.1066954781205798,-0.0847332931727654,-0.0155159319326209,0.0761540419458411,0.1162032680786879,-0.0226724082051681,-0.0143416405240246,0.1541660593172928,-0.1196476866731334,0.091134884652762,-0.001489416794505,-0.0670643472963903,0.0761314985861637,-0.0443967126025878,-0.1777427958542649,0.0674523759070544,-0.0450941339750006,-0.0808171952539874,-0.0810680345849827,0.094338198015667,28.0,0.3602409350332953,0.1583934199688644,0.7666984610463096,0.5693410562388086,26.0,25.0,1.0,5.020331080405839,0.5541643467862343,0.2008132432162335,0.1238950741317924,0.3361896143316419,0.4302856459256831,3.034488674468476,1.0,1.0,0.0,0.0093131162337543,0.0093131162337543,0.0093131162337543,0.0,0.0093131162337543,0.0093131162337543,-0.0
sciver_val_335,1,24,16,40,2000,0.0441231940084214,29.0,23.0,0.7931034482758621,4.379310344827586,5.0,1.0,1.0,0.119047619047619,0.0857142857142857,0.0,0.0,0.0,1.0,0.0344827586206896,0.0,0.0,0.0,0.0,2.0,0.0689655172413793,0.0,0.0,0.0,0.0,0.0,0.0,0.2979461885565581,-0.0913782075938954,0.3039212647454667,0.0465610643995539,-0.0364657292890373,-0.0079202974299522,0.1471640171702973,0.1338274936939966,-0.0009663653912506,-3.8604059927630016e-05,-0.0463655533894413,-0.0452055378891515,-0.0245660337882047,-0.1370863006794425,0.0944805403133429,0.1262909434353049,-0.0551501912618554,-0.0094936570287261,-0.0460082670108707,0.0875235001516866,0.0382974359519464,-0.0279115942288071,-0.0557533294950902,0.0294912839490571,23.0,0.3009666368799283,0.154613787933365,0.6366098005140032,0.4768268633090211,20.0,19.0,1.0,3.693107876486534,0.4150073937126596,0.1943740987624491,0.1345613726043148,0.403571111355493,0.4047150665333078,2.6859742693912443,2.0,2.0,0.0,0.0048021191792696,0.0043146373918943,0.0024010595896348,0.0019135778022594,0.0039319218314424,0.0041232796116683,0.3283966489298444
sciver_val_336,1,24,16,40,2000,0.0041112760589693,21.0,18.0,0.8571428571428571,4.285714285714286,4.0,0.0,4.0,0.0606060606060606,0.0357142857142857,0.0,0.0,0.0,1.0,0.0476190476190476,0.0,0.0,0.0,0.0,1.0,0.0476190476190476,0.0,0.0,0.0,0.0,0.0,0.0,0.1773148141140123,0.1449159234590962,0.0545165845139988,0.072704122755933,0.242359962704459,-0.1701633909750115,0.1231338160995876,-0.0675579830859814,-0.2855025369176312,-0.0841733593475069,0.0627991207846995,0.0064224675639494,0.1655772488563755,-0.0247451435085886,-0.2474750872717254,-0.0265981007183132,0.3048683134308644,0.1320077355985445,-0.1010561425558221,-0.0131836447779564,-0.102952485065779,0.1968939471295324,-0.11864378390314,-0.0348245932661859,18.0,0.3072662157960455,0.1407729372784746,0.6262035071448572,0.4841891296799049,17.0,16.0,1.0,2.701848820002335,0.3511427077191778,0.1688655512501459,0.0939428475003309,0.3057497112216125,0.3500710134567289,2.616677041181248,0.0,0.0,0.0,0.0,0.0,0.0,0.0,0.0,0.0,0.0
sciver_val_337,1,24,16,40,2000,0.0856298628561,34.0,26.0,0.7647058823529411,5.0,3.0,0.0,2.0,0.0638297872340425,0.0256410256410256,0.0,0.0,0.0,1.0,0.0294117647058823,0.0,0.0,0.0,0.0,1.0,0.0294117647058823,0.0,0.0,0.0,0.0,0.0,0.0,0.2428859615758921,0.0555545109895635,-0.1055877411898489,0.1859580112145022,-0.1443742915520592,0.0141412821217584,-0.0403200833950129,0.0240594429494848,-0.0530151892307226,-0.058272320985521,0.0438213081579291,-0.0720601030116748,0.0355839092543131,-0.0470281730191789,0.1037910637419935,0.087217818960926,-0.0128465579232213,-0.0696264591750564,-0.0217892094639009,0.0270595430853523,0.0933825007842357,0.0067937812901847,0.0116353678557017,0.1171582083439204,26.0,0.3535099370813575,0.1603110827775535,0.7671967444422053,0.6049076191799462,26.0,25.0,1.0,4.8990737575186944,0.5203065880175648,0.1959629503007477,0.114409192755534,0.2867082929388229,0.3710627683310138,3.0328356718335656,2.0,2.0,0.0,0.0158758151411027,0.0105316857729924,0.0079379075705513,0.002593778202441,0.0100129301325041,0.0102723079527483,0.6387685798595795
sciver_val_338,1,24,16,40,2000,0.0118659768020862,24.0,19.0,0.7916666666666666,4.583333333333333,6.0,0.0,0.0,0.0384615384615384,0.0,0.0,0.0,0.0,0.0,0.0,0.0,0.0,0.0,0.0,1.0,0.0416666666666666,0.0,0.0,0.0,0.0,0.0,0.0,0.240106252285916,-0.1855320179969061,0.3113669068720769,-0.0148731971782463,-0.1183398694914472,-0.0253728724061172,0.1487117319169943,0.0210166651448002,-0.0190323349085882,-0.1287700566471218,0.0898271771166478,-0.1072491240891466,-0.1507931825879257,-0.0626998766071657,0.0306280425698417,0.0743899270176168,0.0445463677011212,0.0502883332733291,0.0011208136352442,0.0759895612007885,0.0931002544938116,0.0024573409882465,-0.0195596565712509,0.0519901345582978,19.0,0.3079308578186528,0.1243977980029641,0.5845891204619247,0.4861227221667151,18.0,17.0,1.0,3.203405505504597,0.4409135472707318,0.1884356179708586,0.1163164692549231,0.341314052536482,0.4102817348073658,2.634084817171289,0.0,0.0,0.0,0.0,0.0,0.0,0.0,0.0,0.0,0.0
sciver_val_339,1,24,16,40,2000,0.3475458040785965,42.0,30.0,0.7142857142857143,4.976190476190476,7.0,0.0,0.0,0.2368421052631578,0.1875,1.0,0.1666666666666666,0.0,0.0,0.0,0.0,0.0,0.0,0.0,3.0,0.0714285714285714,0.0,0.0,1.0,0.0238095238095238,2.0,0.0476190476190476,0.2539833203489393,-0.036277186913444,0.2050516379947794,-0.0498551241431343,-0.197149945636704,0.0979993244074479,-0.0238768064478343,-0.0057615903635851,-0.0663568355948325,0.1077920033201807,0.0674511698138927,0.164062560143477,0.0299236796632662,0.0300060857156125,-0.0496563604490113,0.0023401472973477,-0.011699640615138,0.1233262333464687,0.0479678557019835,0.0713476553744324,0.0171498214823963,-0.0316339232695349,0.0513095042513638,0.0694085311651309,30.0,0.3690490073766798,0.1380406730776094,0.7214515861566064,0.5423292925260961,30.0,29.0,1.0,5.791785638615061,0.4447685356196092,0.19971674615914,0.1039130607866002,0.3384030630164986,0.3659426002652221,3.2178494890890104,2.0,2.0,0.0,0.0031859543759052,0.0023901519172227,0.0015929771879526,0.0007971747292701,0.0022307169713687,0.0023104344442957,0.5620984209562628
sciver_val_342,1,24,16,40,2000,0.1069239429829227,37.0,31.0,0.8378378378378378,5.27027027027027,5.0,0.0,3.0,0.0989010989010989,0.0602409638554216,1.0,0.1111111111111111,0.0,1.0,0.027027027027027,0.0,0.0,0.0,0.0,0.0,0.0,0.0,0.0,0.0,0.0,0.0,0.0,0.2115949694452905,-0.0808125353887198,-0.0260406841046167,0.0726339907404592,-0.0086502550608318,-0.0498449946960299,-0.0736133964617228,0.0445399202197314,-0.0537808299086502,0.0366622881446062,-0.0607517309602729,0.0129112233132804,-0.0246188263032329,-0.0215928054787706,0.001946970801413,0.0399347794796565,-0.0737482646547383,0.0394363311069839,-0.0025685304441304,0.0137705397128109,-0.0373372928158946,-0.0509014945010167,-0.0692968972802236,0.0052189018604898,31.0,0.3411280508195748,0.1723954015511123,0.8146157415066373,0.5765555896954461,30.0,29.0,1.0,5.411717192222597,0.4714534970668362,0.1866109376628481,0.1168676266663243,0.3413539109389147,0.3847635378263043,3.1513643682204444,2.0,2.0,0.0,0.0222789005793982,0.0137522697024454,0.0111394502896991,0.0026128194127463,0.0132297058198961,0.0134909877611707,0.6653810847570378
sciver_val_343,1,24,16,40,2000,0.28047334758608,25.0,22.0,0.88,5.08,3.0,0.0,0.0,0.1304347826086956,0.1176470588235294,0.0,0.0,0.0,0.0,0.0,0.0,0.0,1.0,0.04,3.0,0.12,0.0,0.0,0.0,0.0,0.0,0.0,0.2612041375099076,-0.0459344473520868,0.1466772856012986,-0.0164477043109439,-0.1497262850691582,-0.1118271138326065,0.0708362073473305,0.0011471619573349,0.0649393246557701,0.0860023913547826,-0.0324574598581427,-0.0352287443036022,0.1039267570127754,0.146017827456638,0.0354319329770409,0.0225212501142955,0.0429834078043182,-0.0476252539455448,-0.0146228316557895,0.0014479004744275,-0.0060922385512464,-0.0024180456317794,0.0401823116844469,-0.0336465754283015,22.0,0.3756653158885201,0.1503085749164427,0.7352057408735332,0.5726981055291881,22.0,21.0,1.0,4.563572141320238,0.568128223197331,0.2173129591104875,0.1356299166199051,0.3879420923498354,0.3885906476602817,2.8456181566548855,2.0,2.0,0.0,0.0036848198641817,0.0031352242922352,0.0018424099320908,0.0012928143601444,0.0028766614202063,0.0030059428562208,0.4212340550596337
sciver_val_344,1,24,16,40,2000,0.551413494808089,36.0,33.0,0.9166666666666666,5.222222222222222,6.0,2.0,6.0,0.2307692307692307,0.2321428571428571,2.0,0.2857142857142857,0.0,1.0,0.0277777777777777,0.0,0.0,1.0,0.0277777777777777,2.0,0.0555555555555555,0.0,0.0,0.0,0.0,1.0,0.0277777777777777,0.277796981355386,0.3283508200726933,0.0796237992071225,-0.05002689645757,0.0014435090581594,-0.0121106621735197,-0.1139940291408511,-0.062008973372576,-0.0682665900340342,-0.0010958753264644,-0.034214221839346,-0.0138092486872908,-0.1322606169659988,0.0388101955625006,0.0124927748711614,0.028477488481261,-0.0239050300904704,0.0015628439453104,0.0471129741596115,0.0187031104147576,-0.0234251429773174,0.0588650156678834,0.0771973852172519,0.0221155550727928,33.0,0.3022084355485503,0.1199915631438562,0.6414070645579337,0.4565699162631597,30.0,29.0,1.0,5.229028414295611,0.3711502345679034,0.1803113246308831,0.0913351477814964,0.3105744230196399,0.3502442003936125,3.2351425653849195,2.0,2.0,0.0,0.0253075307976709,0.0245877247245387,0.0126537653988354,0.0119339593257032,0.022200932859398,0.0233943287919684,0.1292852757878567
sciver_val_346,1,24,16,40,2000,0.4104238163477127,32.0,25.0,0.78125,4.75,4.0,0.0,2.0,0.2608695652173913,0.2702702702702703,2.0,0.3333333333333333,0.0,0.0,0.0,0.0,0.0,0.0,0.0,2.0,0.0625,0.0,0.0,0.0,0.0,0.0,0.0,0.2504839215441941,-0.0919693058905938,0.1513878392743167,0.1158639926045655,-0.1779235146456739,-0.0089095237139272,0.0889955071539208,-0.0081701088406478,-0.0240423344050292,-0.0725682313860797,-0.083395092851754,-0.0198630724132586,-0.0567806056711775,0.1476125255371767,-0.0578325485592964,-0.0007897875145932,-0.0463887927141419,0.0453119069012015,0.0017405265987913,0.0378284986354927,0.0052933079988901,-0.0378891308506375,0.0147545192507492,-0.0010000469358912,25.0,0.3876292922535165,0.1911567295913322,0.8790176471153959,0.671648422744278,23.0,22.0,1.0,4.562477059572652,0.6081822485710129,0.207385320889666,0.1332341624546404,0.3459183806012463,0.4268139887848343,2.8888281655669568,2.0,2.0,0.0,0.0214254294082069,0.0140947957735725,0.0107127147041034,0.0033820810694691,0.0134183795596787,0.0137565876666256,0.6424489206599142
sciver_val_348,1,24,16,40,2000,0.2809869727502404,34.0,26.0,0.7647058823529411,4.970588235294118,3.0,0.0,2.0,0.1454545454545454,0.125,0.0,0.0,0.0,1.0,0.0294117647058823,0.0,0.0,0.0,0.0,2.0,0.0588235294117647,0.0,0.0,0.0,0.0,1.0,0.0294117647058823,0.2041314658765953,0.0647434102081733,-0.0743690863591513,0.1327073147369114,-0.1204680474853724,0.0608448560353314,0.0680618705642702,0.0766106153846086,-0.0377907317537612,0.0165299620019652,0.0970390577202643,0.1749467491450538,0.0961875409940939,0.057282812308709,-0.0055150398234759,-0.0023438892280052,-0.0478305028647954,0.0305307436224666,0.058589652305423,-0.0226869565355393,-0.0421894130452937,-0.1026588487162624,-0.0372414922594081,-0.0369225867500831,26.0,0.4011199807908776,0.177921180974967,0.8353282032659949,0.6350954957167729,25.0,24.0,1.0,5.724225358478419,0.6068595168339599,0.2385093899366007,0.1506780608882238,0.4484504243368065,0.5200148240938796,2.970462773441935,1.0,1.0,0.0,0.016917403090379,0.016917403090379,0.016917403090379,0.0,0.016917403090379,0.016917403090379,-0.0
sciver_val_349,1,24,16,40,2000,0.3761693964914781,32.0,29.0,0.90625,4.375,5.0,2.0,4.0,0.2040816326530612,0.1794871794871795,2.0,0.3333333333333333,0.0,1.0,0.03125,0.0,0.0,0.0,0.0,1.0,0.03125,0.0,0.0,0.0,0.0,0.0,0.0,0.2461086914289708,-0.0894844014212628,0.0206474488530784,0.1132408001020383,-0.0545096630379615,-0.0406174731458417,-0.1011800366652967,0.0505129911251986,0.0036440242934968,-0.0601135711820992,-0.0949087296135739,0.0299323293181872,-0.0360293654249336,0.0011682045593913,-0.0403173917802206,0.1037287076695873,0.0737345875885788,-0.009873797714971,-0.0212093323692553,0.0092456791025305,-0.0675502425263367,-0.1081764342619647,-0.0756346394475306,0.0067913322814551,29.0,0.3866201217610617,0.1731833223790121,0.7461258086641246,0.590370770805496,26.0,25.0,1.0,6.125086429689704,0.542947668499178,0.2450034571875881,0.1424314333602869,0.3953689055473162,0.5067816946194607,3.0267782242729373,2.0,2.0,0.0,0.004781139323616,0.0036478551639945,0.002390569661808,0.0012572855021865,0.0033963980635572,0.0035221266137758,0.5476348387493196
sciver_val_351,1,24,16,40,2000,0.0,20.0,18.0,0.9,3.55,7.0,3.0,4.0,0.0,0.0,0.0,0.0,0.0,0.0,0.0,0.0,0.0,0.0,0.0,0.0,0.0,2.0,0.1,0.0,0.0,0.0,0.0,0.1959957005816907,-0.0303996754869836,0.0892986866028246,-0.0006927629536174,0.1630441276121268,-0.0730593482605346,-0.0231730997702133,-0.2028220797635595,-0.0336778039689162,0.0274840121993741,0.1329451742241235,-0.0020373434167589,-0.0972809215643482,-0.0687594307733673,0.0473320112967242,-0.0283911208003172,0.0686879869389463,-0.0013863773969367,0.0873187071229209,-0.1014132533234725,-0.0844307486509951,-0.0774266253984403,0.0509289746308783,-0.0799696413958703,18.0,0.4075585606307133,0.1724727398876888,0.7285268564435957,0.6188625700194161,18.0,17.0,1.0,3.87226005937423,0.4500704209770694,0.2277800034926017,0.1392199827244022,0.3950360087959544,0.4127118550006149,2.6307623964178664,1.0,1.0,0.0,0.02376420101572,0.02376420101572,0.02376420101572,0.0,0.02376420101572,0.02376420101572,-0.0
sciver_val_352,1,24,16,40,2000,0.1679672118645357,29.0,22.0,0.7586206896551724,4.655172413793103,5.0,0.0,2.0,0.1836734693877551,0.1351351351351351,2.0,0.5,0.0,4.0,0.1379310344827586,0.0,0.0,0.0,0.0,0.0,0.0,0.0,0.0,0.0,0.0,0.0,0.0,0.133944152157659,-0.0277247450206253,-0.0645733761365817,0.0176282132811687,0.0091269206095115,-0.0001891512282689,0.0841766817899901,-0.0485365239577739,0.0510455928637372,0.0047151694987708,-0.0625563164657743,-0.0051531583877333,-0.0102432869010942,0.0212883257436133,-0.0596493346900436,-0.0683361313657373,-0.0270302984467412,-0.0292560399188391,0.0884628590537709,0.028336336549686,0.0065837135110947,0.0937244807239495,-0.0939671947398408,0.0075660805296274,22.0,0.3836399398070631,0.1427070516831923,0.7272259425011983,0.5769250165497906,20.0,19.0,1.0,4.53870889948228,0.4822864952418808,0.2388794157622253,0.0907088278061366,0.3221033182218956,0.3488456581347879,2.873197263093431,3.0,3.0,0.0,0.0200559806908622,0.0121784325822144,0.006685326896954,0.0045395798044041,0.0111060360935866,0.0116422343379005,0.8252093035507021
sciver_val_353,1,24,16,40,2000,0.1184573685510615,26.0,25.0,0.9615384615384616,5.5,4.0,2.0,5.0,0.1428571428571428,0.1081081081081081,0.0,0.0,0.0,1.0,0.0384615384615384,0.0,0.0,1.0,0.0384615384615384,2.0,0.0769230769230769,0.0,0.0,0.0,0.0,1.0,0.0384615384615384,0.2899785099265758,0.3424193760273165,0.1174247006286592,-0.2458892325876137,-0.0182940664760824,-0.09169184771647,-0.0057289081064308,-0.0878829776760191,0.0739700951980626,0.122358857740581,-0.0619106914351437,-0.0230603440238473,0.1420352549862623,0.1021212710888606,0.0841780272760652,0.1389819792202625,-0.1101848244854846,-0.0162780282095189,-0.0502029947745343,0.0123872451361482,0.0450399797926184,0.0646222763981339,-0.0239154551462653,-0.0835241992302684,25.0,0.3398462163147586,0.120155065989018,0.6185371567676474,0.4954798589180273,23.0,22.0,1.0,4.704411559128636,0.4222441475765923,0.2138368890513016,0.0895275089616785,0.2934177827654574,0.3531796697580139,2.998398580062648,1.0,1.0,0.0,0.0039958382724308,0.0039958382724308,0.0039958382724308,0.0,0.0039958382724308,0.0039958382724308,-0.0
sciver_val_354,1,24,16,40,2000,0.0061262197926034,25.0,19.0,0.76,6.28,5.0,2.0,4.0,0.0566037735849056,0.0425531914893617,0.0,0.0,0.0,0.0,0.0,0.0,0.0,0.0,0.0,0.0,0.0,0.0,0.0,0.0,0.0,0.0,0.0,0.1139632379262422,0.0462718946915424,-0.0582333150479745,0.0011133231504978,-0.0620074443197753,-0.0687372414392088,0.0130360819838629,-0.0014088871299911,0.0389127762157312,-0.0322762134107869,0.0279097444523861,-0.0637250215203958,-0.0116807353815405,-0.1504439643071725,0.0033112850960432,-0.0889641180179315,-0.0064279545773256,0.0918169082995009,-0.0323505900487024,0.0271356502420766,-0.0340795361517121,0.0846301976616842,0.1086794475603107,0.0672043790564815,19.0,0.3222036437881179,0.1385086881957186,0.6717386768179157,0.4979132170252935,19.0,18.0,1.0,3.450817786675212,0.4799309790942632,0.1917120992597339,0.1296913600145345,0.3561901306166208,0.378280521771171,2.648556897482033,0.0,0.0,0.0,0.0,0.0,0.0,0.0,0.0,0.0,0.0
sciver_val_355,1,24,16,40,2000,0.2724046404963951,31.0,24.0,0.7741935483870968,4.354838709677419,5.0,2.0,4.0,0.1904761904761904,0.1470588235294117,1.0,0.1428571428571428,0.0,1.0,0.032258064516129,2.0,0.064516129032258,0.0,0.0,0.0,0.0,0.0,0.0,0.0,0.0,4.0,0.1290322580645161,0.1448051614965605,0.026397090717979,-0.0533318344039544,-0.071598407875656,-0.0297170849872155,-0.0913920368630021,-0.1895007686504989,0.0661807724272436,0.0006090886689458,-0.1298786046597804,-0.136626656606309,0.0557481462570968,-0.0279206937610795,-0.0828343318641627,-0.1064567918993867,-0.0052724424430401,-0.0046402648299428,0.0882907207612905,-0.052279416175405,-0.2087022992920957,0.3130601358791217,-0.0639146433156355,-0.0016866181052491,-0.0838793960103642,24.0,0.3746081044514372,0.1506976849214175,0.8102907974586468,0.5827860221535899,21.0,19.0,2.0,4.290558681501403,0.4235515292409945,0.225818877973758,0.0923391352031519,0.3374419667729031,0.3733686228614064,2.853781329334915,0.0,0.0,0.0,0.0,0.0,0.0,0.0,0.0,0.0,0.0
sciver_val_358,1,24,16,40,2000,0.177122851734601,43.0,34.0,0.7906976744186046,3.2790697674418605,10.0,0.0,6.0,0.2317073170731707,0.1714285714285714,6.0,0.4285714285714285,0.0,0.0,0.0,0.0,0.0,0.0,0.0,2.0,0.0465116279069767,1.0,0.0232558139534883,0.0,0.0,0.0,0.0,0.29027252796814,-0.0950421442537489,0.1361505909101453,0.1696100169150068,0.1401604343243173,0.1314839649850739,-0.060137651207448,-0.1056137793680814,-0.0738526246990406,-0.1417798625166476,-0.0103830469690598,-0.1632805791819336,0.1089914895418764,0.0476147359256074,0.042033201793512,0.0521961610098837,-0.0401941676588281,-0.1726889496813909,0.2249675165721933,-0.1235236085150116,0.0095121996410875,-0.1489825042541369,-0.0201494007149862,0.1052813308357823,34.0,0.2840767127434307,0.1774788182692026,0.7272259425011983,0.5154432638471077,24.0,23.0,1.0,4.711308130230381,0.3870158269727412,0.20483948392306,0.1256087403284804,0.3701501252473457,0.3786206042129692,2.913628247906093,1.0,1.0,0.0,0.0023228182400381,0.0023228182400381,0.0023228182400381,0.0,0.0023228182400381,0.0023228182400381,-0.0
sciver_val_360,1,24,16,40,2000,0.009604305255998,24.0,22.0,0.9166666666666666,5.0,4.0,0.0,0.0,0.0344827586206896,0.0,0.0,0.0,0.0,1.0,0.0416666666666666,0.0,0.0,0.0,0.0,2.0,0.0833333333333333,0.0,0.0,0.0,0.0,0.0,0.0,0.1860891434164743,0.2028187012035791,0.071239487977553,-0.0763763092989225,0.1144578405324634,-0.1239381872951279,0.0738840598554521,0.0487542269436099,-0.0193674947837091,0.1152254423837865,0.0223659354665857,-0.0951420262592639,0.0157316781567061,0.070134350452994,0.0378905783919037,0.0918378928667962,-0.0109692937675584,0.0319005896323152,-0.0065005712839937,-0.0224010095566296,0.0472154623659123,0.0045084218895601,0.0688866964342763,-0.0077651041444758,22.0,0.3776906113549228,0.1354681602192408,0.6438035181567674,0.5383787727799232,22.0,21.0,1.0,4.241057967546374,0.4222441475765923,0.2019551413117321,0.1112090746116147,0.3511427077191778,0.3823531841985922,2.8842753844786126,1.0,1.0,0.0,0.0003060135123346,0.0003060135123346,0.0003060135123346,0.0,0.0003060135123346,0.0003060135123346,-0.0
sciver_val_362,1,24,16,40,2000,0.2195980651922933,37.0,25.0,0.6756756756756757,3.4054054054054053,12.0,0.0,10.0,0.108695652173913,0.125,2.0,0.25,0.0,0.0,0.0,0.0,0.0,0.0,0.0,2.0,0.054054054054054,0.0,0.0,0.0,0.0,0.0,0.0,0.2427278407714925,-0.1248393971617397,0.2320087606001243,0.019703905922544,0.0566517691606858,0.1890444379205496,-0.0789906077278688,-0.0110493070908824,0.24604767965573,0.1211382078102642,0.0865329734918206,-0.0574578081780453,0.0165704098451763,-0.175115458664652,-0.1554724908821773,0.1114767550435535,0.0737148417515475,0.1453085951877322,0.0515991330418531,0.0252619495461497,-0.0336782691250486,-0.1245682885152654,0.0573274044724192,0.0481298586539775,25.0,0.2194993143013908,0.1792756701786945,0.742389633953805,0.4214580173566348,18.0,16.0,2.0,2.00239750703462,0.3365427664503749,0.1251498441896637,0.0908746086395676,0.2839538814133763,0.3147573319207387,2.535058097433565,1.0,1.0,0.0,0.0094933553043048,0.0094933553043048,0.0094933553043048,0.0,0.0094933553043048,0.0094933553043048,-0.0
sciver_val_364,1,24,16,40,2000,0.3152494290678868,31.0,23.0,0.7419354838709677,4.0,4.0,0.0,5.0,0.1444444444444444,0.1341463414634146,2.0,0.1818181818181818,0.0,0.0,0.0,0.0,0.0,0.0,0.0,0.0,0.0,0.0,0.0,1.0,0.032258064516129,2.0,0.064516129032258,0.1741179225302038,-0.0128405326124885,0.0128893218327367,0.1006276066867024,0.1637024726037028,-0.0029834025432781,-0.1569957093386099,-0.0518985347080172,0.1908240444539931,0.101106933733099,0.117637413306663,0.0817684910108754,-0.1200816139693559,-0.1113667522417975,-0.0092281967724596,-0.0457215407707686,-0.0113432445404127,0.106295516903532,-0.0985233715717075,-0.1774363834085083,0.2602608150113477,-0.0497553265173463,-0.0375418170887345,-0.0494187868237818,23.0,0.3460292872714243,0.1767652794330431,0.8061578452000253,0.6031358219188087,19.0,18.0,1.0,4.222410693508383,0.4696233405647689,0.2345783718615768,0.1169234082736755,0.3857955094351548,0.409291290100688,2.757372439520133,2.0,2.0,0.0,0.0315625067388662,0.0301649225440332,0.0157812533694331,0.0143836691746001,0.0272881887091131,0.0287265556265732,0.1813150885676061
sciver_val_365,1,24,16,40,2000,0.0347043285693748,37.0,32.0,0.8648648648648649,4.918918918918919,8.0,4.0,7.0,0.0227272727272727,0.0285714285714285,0.0,0.0,0.0,2.0,0.054054054054054,0.0,0.0,0.0,0.0,0.0,0.0,1.0,0.027027027027027,0.0,0.0,1.0,0.027027027027027,0.2922441846283713,-0.0375383502026655,0.0927117661010302,-0.1286347653785957,-0.1141280710692014,-0.0146759425054688,-0.1646716075403498,-0.0403348380125703,0.0498807015841289,-0.2423598652340935,-0.0128623953226237,0.0589393639924879,0.2420362467437269,0.1071845117096156,0.0927622448475114,0.0916341317978737,0.0283378146111718,-0.1034078209015455,0.2003789565784186,-0.1063401080065923,-0.0131139989075617,-0.0157896299186228,-0.1369011753154577,-0.0145716927833572,32.0,0.3657527256440072,0.128373941146798,0.6746276189618654,0.5272860501046799,30.0,29.0,1.0,5.778967628418858,0.4271112420351084,0.1992747458075468,0.1074575001696663,0.3393776877352995,0.3508716903057885,3.196993023222519,3.0,3.0,0.0,0.0460766040527936,0.02452485190964,0.0153588680175978,0.0066832552379161,0.022174426512081,0.0233496392108605,1.007197486613262
sciver_val_366,1,24,16,40,2000,0.0,32.0,25.0,0.78125,4.53125,8.0,6.0,8.0,0.0,0.0,0.0,0.0,0.0,0.0,0.0,0.0,0.0,0.0,0.0,0.0,0.0,1.0,0.03125,0.0,0.0,0.0,0.0,0.1916729776286595,-0.0968737394805037,0.1971586499722233,-0.0975564016417063,0.0616847414433311,-0.0384276793194029,0.0325693919033774,-0.0675883292430317,-0.0165515344601445,0.0917352544047826,-0.0512536768500803,-0.0083007158053173,0.0267627112100837,-0.0765407529101896,0.0460964202046181,-0.0394870451741797,-0.0069272192043279,-0.0562729562589696,-0.0475077945145079,-0.0506492811636939,-0.0625734414388011,-0.0201722518900941,0.0088603280863686,-0.09482137397605,25.0,0.3135728548349361,0.1542072299832931,0.718112485032936,0.5373129006334949,23.0,22.0,1.0,3.7203356680007817,0.454653949129053,0.1691061667273082,0.1146634243616245,0.2916966219660143,0.3541236081071661,2.855512811454465,0.0,0.0,0.0,0.0,0.0,0.0,0.0,0.0,0.0,0.0
sciver_val_367,1,24,16,40,2000,0.1823141294176811,45.0,32.0,0.7111111111111111,4.2,8.0,0.0,2.0,0.1428571428571428,0.081081081081081,0.0,0.0,0.0,1.0,0.0222222222222222,0.0,0.0,0.0,0.0,2.0,0.0444444444444444,0.0,0.0,0.0,0.0,0.0,0.0,0.3114239399831092,-0.1598939299929219,0.2893047306779938,0.0453573352407594,0.0163358525581743,0.0394111133465566,0.0342580408908121,-0.0137110033344289,-0.041829319652548,-0.0612098637547578,0.1109553226309556,-0.0396072281015525,-0.1342308066203823,-0.0658764118131465,0.0364017016109582,-0.0589283181937782,-0.0397427894716657,0.0571561420311801,0.0357490047971074,-0.0057750808584319,-0.0190083993363609,-0.0794869641271823,-0.0515853736302643,-0.1414100934702442,32.0,0.3797338850443381,0.1475179026313566,0.6737374644711233,0.5610980874756158,29.0,28.0,1.0,5.61898648311266,0.3897581420046607,0.2006780886825949,0.0976323174302897,0.3279387144810554,0.3361087924131214,3.2095034097177777,5.0,5.0,0.0,0.0547802398795672,0.0289307470510121,0.0109560479759134,0.0093092346258745,0.0213655780403395,0.0251481625456758,1.3034053776481151
sciver_val_369,1,24,16,40,2000,0.0185242387800111,19.0,18.0,0.9473684210526316,5.105263157894737,3.0,2.0,2.0,0.0571428571428571,0.0357142857142857,0.0,0.0,0.0,1.0,0.0526315789473684,0.0,0.0,0.0,0.0,0.0,0.0,0.0,0.0,0.0,0.0,2.0,0.1052631578947368,0.2389426691367199,0.489016948343584,0.0413708087105955,-0.2320882789479488,-0.1152049845931076,0.111407633725573,-0.0105293187825857,-0.1332548828096134,0.0744656304199881,-0.0085508773515383,-0.0023709320851047,0.0063498919815722,-0.0949893099439323,0.0914252415719021,0.1455816793564601,-0.0061363390771696,0.055763967123673,0.0108027582073912,0.0751701028521475,-0.0666305990981968,-0.0154912016616205,0.0779316571426327,-0.0136311003399489,0.0556685578815089,18.0,0.3614087344834952,0.117804803102129,0.6593904131492039,0.5097461643846803,18.0,17.0,1.0,3.974807633754422,0.4257388686702554,0.2338122137502601,0.1022460495235703,0.4015719523180335,0.4111795804870629,2.7313851917104457,0.0,0.0,0.0,0.0,0.0,0.0,0.0,0.0,0.0,0.0
sciver_val_373,1,24,16,40,2000,0.1155479765757496,32.0,28.0,0.875,3.90625,7.0,0.0,0.0,0.075,0.0606060606060606,0.0,0.0,0.0,0.0,0.0,0.0,0.0,0.0,0.0,2.0,0.0625,1.0,0.03125,1.0,0.03125,0.0,0.0,0.2207123438784593,-0.0875677206580527,0.0598999692698425,0.0832611867647006,0.0074167182759253,0.1342701307453445,0.0116981139943945,0.0183818102616435,-0.0121141107966338,-0.0582390880792229,-0.0039905869892794,-0.0683004499200675,0.1286160913882623,0.0560702478637393,-0.0101001761448077,0.0472780548304407,0.010427746078096,-0.1389130796877984,0.1968098779912428,-0.0632663935539002,-0.0034046647975891,-0.0525309237571448,-0.0387531958503277,0.0338242327882982,28.0,0.3079133973483219,0.1729072458480522,0.7884823649102616,0.5709880325829835,24.0,23.0,1.0,4.6405853225636555,0.5172655247676943,0.201764579241898,0.1455235558837543,0.4672544175768357,0.509855085631581,2.881616301223542,3.0,3.0,0.0,0.0336797964847986,0.0183073462591036,0.0112265988282662,0.0054204312526158,0.0166918016662452,0.0174995739626744,0.9802522325965852
sciver_val_375,1,24,16,40,2000,0.2527481279338018,38.0,34.0,0.8947368421052632,5.2631578947368425,8.0,0.0,3.0,0.1267605633802817,0.1186440677966101,1.0,0.1,0.0,2.0,0.0526315789473684,0.0,0.0,0.0,0.0,1.0,0.0263157894736842,0.0,0.0,0.0,0.0,1.0,0.0263157894736842,0.1773996221090217,0.0394987604205364,-0.0607445695951625,-0.0042922576922578,-0.0044633814647034,0.0454009154839322,0.0161200477898473,-0.0142624534610073,-0.0210341698819994,0.0371104661891987,-0.0612148028100149,-0.0317254127961817,0.050548205032974,0.0497046170009783,-0.044067803650137,0.1006624292883806,-0.027499792535259,-0.116847625800289,-0.0290627252745042,0.0354596536012976,0.0388497455836668,-0.0515109121870522,-0.0672168580970298,0.0139947941381288,34.0,0.3412524085055844,0.1562506998059494,0.7851527566105146,0.556369174070532,32.0,31.0,1.0,5.814015793663904,0.5390881782238252,0.1875488965698033,0.1185390970237488,0.3147563108250735,0.3915607208102778,3.2278098355441833,0.0,0.0,0.0,0.0,0.0,0.0,0.0,0.0,0.0,0.0
sciver_val_376,1,24,16,40,2000,0.0189490480701436,32.0,28.0,0.875,4.875,8.0,3.0,3.0,0.073170731707317,0.027027027027027,1.0,0.125,0.0,2.0,0.0625,0.0,0.0,0.0,0.0,1.0,0.03125,1.0,0.03125,0.0,0.0,0.0,0.0,0.1262760410541391,-0.0658381579026697,0.0373884324875733,0.0070003245447563,0.0942898641322515,-0.0966055469013138,-0.0401249494651691,0.0719480455949613,0.0897622685543727,0.0248645218775461,-0.017743244874719,0.1680429467783828,-0.078056273961625,0.1386105294737136,-0.0314372798954592,-0.0314757476927092,0.0269401479880241,-0.0380402898766535,-0.0514995485575283,-0.0154193387731831,0.0785685074927698,-0.0326024415824503,-0.1087654855943647,0.1036281744278491,28.0,0.3247784871492717,0.1825183956299551,0.8213328576356417,0.5622612673335384,26.0,24.0,2.0,4.279258263442589,0.3848909463086865,0.1783024276434412,0.1253236889858183,0.3589955352504775,0.3713204220923869,2.9232341024299053,0.0,0.0,0.0,0.0,0.0,0.0,0.0,0.0,0.0,0.0
sciver_val_379,1,24,16,40,2000,0.3022555607380751,30.0,27.0,0.9,4.266666666666667,4.0,3.0,4.0,0.1702127659574468,0.1,1.0,0.2,0.0,1.0,0.0333333333333333,0.0,0.0,0.0,0.0,0.0,0.0,0.0,0.0,0.0,0.0,0.0,0.0,0.2379975828315623,0.020007309390947,-0.0571262357363431,-0.1092319651470667,-0.0095947916259398,-0.128477708380279,-0.0465455054281995,0.1290060618228525,0.2021762037556176,-0.0875504259461688,0.0151920771923848,-0.1054672459797838,0.1644704441334182,0.1348661988968571,0.0936047319335141,-0.0095576453672528,0.007796526463873,0.134269326977242,0.0406822258923896,-0.0252386084421013,0.0302546714509492,0.0654300638443202,0.0611066869929389,-0.059613432392034,27.0,0.3141166455802909,0.1261796910500686,0.6071012509672817,0.463339851233826,26.0,25.0,1.0,4.697086966712551,0.3685581404206076,0.187883478668502,0.1030985188232301,0.3102265653167679,0.3326608382755321,3.0341040173952583,1.0,1.0,0.0,0.0338623150002016,0.0338623150002016,0.0338623150002016,0.0,0.0338623150002016,0.0338623150002016,-0.0
sciver_val_381,1,24,16,40,2000,0.0318267225521161,39.0,31.0,0.7948717948717948,4.589743589743589,3.0,0.0,0.0,0.1636363636363636,0.1458333333333333,0.0,0.0,0.0,2.0,0.0512820512820512,0.0,0.0,0.0,0.0,0.0,0.0,0.0,0.0,2.0,0.0512820512820512,0.0,0.0,0.2149434689503112,-0.0434122442628176,-0.0087319315119911,0.0840158153675381,-0.1460071760618666,-0.0100811220725693,0.0378839719380879,-0.0205711171021371,0.004381307969313,-0.0361677520846317,-0.0380103277479045,0.0136544232294355,0.0726920469320086,0.0335172449355157,0.0004159524661054,-0.102324707443225,0.0574798567942813,-0.0552896627647229,-0.0200262375516623,-0.0335669781797465,0.0122565441051424,0.0024933699856885,0.0422877102762008,-0.0736937433432996,31.0,0.3680771299767201,0.1632934922742184,0.7884823649102616,0.5722855213273965,29.0,28.0,1.0,5.04781574597282,0.4349029585999078,0.1802791337847435,0.1087629504442107,0.3143496767084718,0.3764812869950495,3.135178316666794,1.0,1.0,0.0,0.0018993193261046,0.0018993193261046,0.0018993193261046,0.0,0.0018993193261046,0.0018993193261046,-0.0
sciver_val_384,1,24,16,40,2000,0.3121455508572112,33.0,27.0,0.8181818181818182,4.0606060606060606,7.0,3.0,9.0,0.2307692307692307,0.2,1.0,0.125,0.0,1.0,0.0303030303030303,0.0,0.0,0.0,0.0,0.0,0.0,0.0,0.0,0.0,0.0,0.0,0.0,0.2223309285326921,0.1495842818192553,-0.0783056067995671,0.0102563492594613,0.0589723559361794,0.0348525864557532,0.0713051689997239,-0.1570144745742415,-0.020055684972009,-0.0225898789924874,-0.0043292869109401,-0.0476105388743893,-0.0788055826023029,0.0248764432093744,-0.0080289489840314,0.0619574327135186,0.070511572772992,-0.0236026737624269,0.0279542756546264,-0.0423318324034958,0.013681131867867,-0.0533550005679056,-0.0257352234872369,-0.0363413353917017,27.0,0.3264334597367948,0.145151177303367,0.7272259425011983,0.5283176900503929,22.0,20.0,2.0,4.236026995657414,0.4344239036779234,0.2118013497828707,0.0951729427931747,0.3179203771361176,0.3996921541733818,2.8826870417519186,1.0,1.0,0.0,0.0034384831141772,0.0034384831141772,0.0034384831141772,0.0,0.0034384831141772,0.0034384831141772,-0.0
sciver_val_389,1,24,16,40,2000,0.0327959996741555,39.0,33.0,0.8461538461538461,4.282051282051282,8.0,0.0,4.0,0.024390243902439,0.0277777777777777,0.0,0.0,0.0,2.0,0.0512820512820512,1.0,0.0256410256410256,0.0,0.0,2.0,0.0512820512820512,0.0,0.0,1.0,0.0256410256410256,0.0,0.0,0.2955117991416087,0.2700375772749682,0.0853535366137132,-0.0005406690747753,0.0307926624589216,0.2187757506933492,-0.0461845794151784,-0.0581849419211714,-0.1656459025756874,0.1279741680698798,0.055231234230543,-0.1077127472644179,-0.018924892009146,0.0155215786747455,0.1724312994321323,-0.1148894364949744,0.0683993828785536,0.1451287675091342,-0.0235742846904461,-0.0390367606844014,0.0215441610985994,-0.0298820052782889,0.016337523209373,0.0003171196602197,33.0,0.3261143952455991,0.1470540970425053,0.7593691682427665,0.5267169399667108,31.0,30.0,1.0,5.3417248559260955,0.443810296949011,0.1780574951975365,0.1038870759444186,0.33261154647208,0.3581642069498763,3.2180868999626493,2.0,2.0,0.0,0.0253924742772216,0.0160948464072241,0.0126962371386108,0.0033986092686133,0.0154151245535015,0.0157549854803628,0.6568785533294298
sciver_val_390,1,24,16,40,2000,0.0077108344112275,24.0,23.0,0.9583333333333334,4.25,4.0,0.0,1.0,0.0333333333333333,0.0,0.0,0.0,0.0,1.0,0.0416666666666666,0.0,0.0,0.0,0.0,0.0,0.0,0.0,0.0,0.0,0.0,0.0,0.0,0.2457731802762528,0.2989164776265564,-0.0459707943341548,-0.0341317815617637,-0.0032166425658413,-0.0215720583690767,0.0229943890917233,0.0238744254675464,0.2401472942041257,-0.1711240731685229,0.0973071658831027,-0.0747514654129755,-0.0025200728071257,-0.0139348378081081,-0.0079822101772218,-0.093062598082434,0.0030074558398314,0.0186096396798907,-0.1425906889809187,-0.0294257564875801,-0.1351862991055012,-0.0010937257635978,-0.0185117813480956,0.0061072675481891,23.0,0.4086103420399137,0.1930427226446917,0.8909301129965772,0.6680937753194705,22.0,21.0,1.0,4.520679314417356,0.4260632236222788,0.2152704435436836,0.1158916439474813,0.3795272841947728,0.3959514399909075,2.8890856239177123,0.0,0.0,0.0,0.0,0.0,0.0,0.0,0.0,0.0,0.0
sciver_val_392,1,24,16,40,2000,0.1175400368446669,35.0,30.0,0.8571428571428571,4.228571428571429,7.0,0.0,0.0,0.0588235294117647,0.0714285714285714,0.0,0.0,0.0,1.0,0.0285714285714285,2.0,0.0571428571428571,0.0,0.0,2.0,0.0571428571428571,0.0,0.0,0.0,0.0,0.0,0.0,0.2731939262341429,0.2490527003136442,0.0769682143614001,0.0326035279614473,0.1714391673698849,-0.0063629298022243,-0.0031840306552338,0.1431522070660661,-0.1240816976176719,0.1173354963964052,-0.0436255978354858,-0.1231147519195582,-0.0401681663255884,-0.0480830587649451,0.0947117466274744,-0.0520043279831775,0.0809724463748318,-0.0175744912081713,-0.1051286531485335,-0.0600425386652792,-0.0842426591139148,-0.0165042006040095,0.0642519911553889,0.0484235721290235,30.0,0.3506011759764245,0.1338574634442455,0.6804955960156849,0.5128501355075078,28.0,27.0,1.0,4.623312186787816,0.3632598124290991,0.171233784695845,0.0967162157531263,0.3194661349119521,0.3478825146489344,3.120006845217907,1.0,1.0,0.0,0.0056360613870173,0.0056360613870173,0.0056360613870173,0.0,0.0056360613870173,0.0056360613870173,-0.0
sciver_val_393,1,24,16,40,2000,0.3928555841588691,28.0,25.0,0.8928571428571429,5.25,4.0,2.0,2.0,0.1666666666666666,0.1351351351351351,0.0,0.0,0.0,0.0,0.0,1.0,0.0357142857142857,0.0,0.0,0.0,0.0,0.0,0.0,1.0,0.0357142857142857,0.0,0.0,0.1307424001750428,-0.0008694934867707,-0.0525044507525561,0.0343510973640456,-0.0468036018125977,-0.051786801271837,-0.0818403052957705,0.0452465773879684,-0.041307244053034,0.0233652347678934,0.0028545924815992,-0.0333968951877051,-0.0451123679289631,-0.1009671120927118,0.0147926015223362,-0.0192827645239232,-0.0574753845756184,0.0006260707219616,-0.052130996069572,-0.0585251888156151,-0.0270169077867987,0.1027194990845129,0.088723212379429,0.006356790305889,25.0,0.3917603331478618,0.1441196783282981,0.7343565460097312,0.5721503643334279,25.0,24.0,1.0,4.1405354898973545,0.3027022059872407,0.1725223120790564,0.0771128369777496,0.2515418900402495,0.2783655840949797,3.062222250601673,4.0,4.0,0.0,0.062123711053833,0.0469995503148818,0.0155309277634582,0.0182611287313277,0.0351481176940726,0.0410738340044772,0.7991772924714022
sciver_val_395,1,24,16,40,2000,0.1223460968433931,28.0,21.0,0.75,5.178571428571429,5.0,0.0,0.0,0.131578947368421,0.0666666666666666,0.0,0.0,0.0,2.0,0.0714285714285714,0.0,0.0,0.0,0.0,1.0,0.0357142857142857,0.0,0.0,0.0,0.0,0.0,0.0,0.2419688823532685,0.0361344036782279,-0.10307297329966,0.134234285253223,-0.078561802699662,0.1115219215620931,-0.0009069170913679,-0.0008761261203208,-0.056304962104693,-0.0806732695786366,-0.038084212891219,-0.065727414957983,0.0090197538883533,0.0158670423998847,0.0878291914968887,0.0633296229439578,0.0507013682277454,-0.0468841749843576,-0.0092800589486243,0.01458642264296,0.0871854578324231,-0.0756835875817843,-0.0502360626983619,0.0911760435683435,21.0,0.4354950123706581,0.176189542786201,0.7965096730478056,0.6409402297359383,18.0,17.0,1.0,4.731047163438441,0.4735712392284227,0.2782968919669671,0.106851323750716,0.4213998849814318,0.4461647115849264,2.74769163858009,0.0,0.0,0.0,0.0,0.0,0.0,0.0,0.0,0.0,0.0
sciver_val_397,1,24,16,40,2000,0.2948821576962726,39.0,32.0,0.8205128205128205,5.205128205128205,2.0,0.0,1.0,0.2222222222222222,0.2051282051282051,1.0,1.0,0.0,1.0,0.0256410256410256,0.0,0.0,0.0,0.0,1.0,0.0256410256410256,0.0,0.0,1.0,0.0256410256410256,0.0,0.0,0.2207438953710268,-0.0402237312487817,-0.1372822033613558,0.1034774195002311,-0.0717576034624286,-0.0153513015749401,-0.0589555439701373,0.0018142502212506,-0.0827205890827864,0.0056414648725201,-0.0901753007787593,-0.0509309677366411,0.0107469060214069,0.0091779712986624,0.0207941794650951,0.066673756247108,-0.0818613730077427,-0.0060248288324694,-0.0486313201719587,0.1056699669588772,-0.0019847425944813,-0.0293171580286949,-0.0698611821879595,0.0580079144892346,32.0,0.3715174252412872,0.1566772647342411,0.7885428431623214,0.5804649513831495,30.0,29.0,1.0,6.001815811061982,0.5232392579699636,0.206959165898689,0.1211036318999401,0.3886167546735013,0.4806759971236679,3.2091345968774005,3.0,3.0,0.0,0.0768485619144012,0.0287353803602509,0.0256161873048004,0.0032193578159357,0.0283740568831356,0.0285547186216932,1.0905013763888722
sciver_val_399,1,24,16,40,2000,0.3536965583747452,18.0,17.0,0.9444444444444444,4.944444444444445,4.0,0.0,2.0,0.0967741935483871,0.1071428571428571,0.0,0.0,0.0,1.0,0.0555555555555555,0.0,0.0,0.0,0.0,1.0,0.0555555555555555,0.0,0.0,0.0,0.0,0.0,0.0,0.1250338685363531,0.0721625959026451,0.0237889404741274,-0.030599350816136,0.0584261432384188,-0.0426132281004315,0.0890618480837937,0.0230802462389155,0.1301218766787576,0.0655613937445645,-0.0374136798497952,-0.0166124333754344,0.0741403308056952,-0.0380966415604219,-0.142595032473086,-0.0183041545348635,-0.053291544218106,-0.1460840964586137,0.0604429950834418,0.086663134964583,0.0372842439437152,0.0083737587833212,-0.0724606108069438,0.0106098452031866,17.0,0.2952120142913815,0.1491048694198869,0.5780794740813416,0.4656623396755986,15.0,14.0,1.0,2.7440334703885005,0.4222441475765923,0.1960023907420357,0.1264139992477355,0.3766446781512047,0.4019719648582388,2.4063395336545756,0.0,0.0,0.0,0.0,0.0,0.0,0.0,0.0,0.0,0.0
sciver_val_401,1,24,16,40,2000,0.1281415596096733,27.0,23.0,0.8518518518518519,4.518518518518518,4.0,1.0,1.0,0.125,0.16,0.0,0.0,0.0,0.0,0.0,0.0,0.0,0.0,0.0,2.0,0.074074074074074,0.0,0.0,0.0,0.0,0.0,0.0,0.2007574101004746,0.0351445485161155,0.0772337558085763,0.0847679320546568,0.0307257566111177,-0.0998025319048098,-0.1027803432961607,0.1547476284705112,-0.1129025836781333,0.0484404776869681,0.056879221127963,-0.1137338110953781,-0.0793678197014834,-0.0299762867748,-0.073820007872245,-0.0219474126944517,-0.0408440438268995,-0.0560993874296577,-0.0480685017808921,-0.0359664824622184,-0.0755959929327473,0.0809723348489204,0.0683973902508474,0.0647217049695637,23.0,0.3928816902886886,0.1873473840277795,0.924802067550456,0.637930083639231,23.0,22.0,1.0,4.97053133698191,0.5026412674189511,0.2259332425900868,0.1292865608961559,0.413949145331838,0.4842547160329205,2.929760377600837,1.0,1.0,0.0,0.0281605205293278,0.0281605205293278,0.0281605205293278,0.0,0.0281605205293278,0.0281605205293278,-0.0
sciver_val_405,1,24,16,40,2000,0.0,18.0,17.0,0.9444444444444444,4.888888888888889,3.0,1.0,1.0,0.12,0.1578947368421052,0.0,0.0,0.0,0.0,0.0,0.0,0.0,0.0,0.0,1.0,0.0555555555555555,0.0,0.0,0.0,0.0,1.0,0.0555555555555555,0.1598838178998387,-0.0745156528220897,0.1604499048399945,-0.1120137156014329,-0.0665279870228306,-0.0348775644261381,0.035599832137171,-0.0011212502698462,0.0129009004295336,0.0560462557329568,0.0157542096191534,0.0378395921540075,-0.0204815833285316,-0.0039403783919947,-0.1064266825117609,0.0284054601314003,0.0708217883488703,0.0493052558062941,0.0201297695142015,-0.0369441022315337,0.0437891317349353,-0.0091645602432723,0.0807498894298119,0.1431063272732143,17.0,0.3272677044256116,0.1303508942415247,0.6281987919909265,0.4665574695968934,17.0,16.0,1.0,3.3786909593305254,0.3962436297110503,0.2111681849581578,0.1161609903215406,0.3684949747685476,0.3824601897529141,2.6145411985627582,1.0,1.0,0.0,0.010876277218874,0.010876277218874,0.010876277218874,0.0,0.010876277218874,0.010876277218874,-0.0
sciver_val_407,1,24,16,40,2000,0.6568570951965755,46.0,32.0,0.6956521739130435,3.347826086956522,11.0,1.0,1.0,0.2096774193548387,0.2,3.0,0.5,1.0,1.0,0.0217391304347826,1.0,0.0217391304347826,0.0,0.0,1.0,0.0217391304347826,0.0,0.0,0.0,0.0,0.0,0.0,0.23405326111853,0.0902085843500795,0.0067036127713087,0.0621759988475166,0.1240478762152645,0.1826032742920546,-0.034043981539389,0.0574735822465053,-0.0189221885082708,-0.1410368367216136,-0.0105162042239391,-0.0817491046053156,-0.0557320217589937,-0.013654646180053,-0.1124179903694788,-0.0098590984768473,-0.0992333436807194,-0.0287067934390453,-0.0597348852300723,0.1001899240056159,-0.0374052336868181,0.0223408211752845,-0.061385147506506,-0.0164164745750503,32.0,0.3021597583880179,0.1508626486402857,0.6644455848035726,0.4860707634496743,28.0,27.0,1.0,4.782714878337228,0.4158053875362461,0.177137588086564,0.1051453524302338,0.3538478622378633,0.3605921710494399,3.1230708599716213,2.0,2.0,0.0,0.0144487814774951,0.0121414319631858,0.0072243907387475,0.0049170412244382,0.0111580237182981,0.011649727840742,0.4391581832516862
sciver_val_408,1,24,16,40,2000,0.1937853967732721,33.0,28.0,0.8484848484848485,4.666666666666667,5.0,0.0,2.0,0.12,0.125,0.0,0.0,0.0,0.0,0.0,0.0,0.0,0.0,0.0,1.0,0.0303030303030303,0.0,0.0,0.0,0.0,0.0,0.0,0.2027199667374431,-0.055890974342533,0.1307131043111029,0.0509437957429837,0.0340053128578457,-0.091642213211575,0.0639219890950979,-0.0084229221766897,-0.058344215119809,-0.0308132827792115,-0.002387986975535,0.0549668409530969,0.0490607700129296,0.0151200998923949,0.0775283042966964,-0.019650861695739,-0.0122308581323282,-0.0780548033603168,-0.0171218311876601,-0.0392736401897843,-0.008006291224041,-0.0033711662876627,0.0981924375620696,-0.0518582455835227,28.0,0.3616287779833532,0.179343622323012,0.8446799256356999,0.590942967687621,27.0,26.0,1.0,4.951458288087171,0.4384033565029723,0.1904407033879681,0.1228138360417713,0.370180467040732,0.4032835112710736,3.037960526528619,0.0,0.0,0.0,0.0,0.0,0.0,0.0,0.0,0.0,0.0
sciver_val_410,1,24,16,40,2000,0.1124672958025255,28.0,20.0,0.7142857142857143,4.107142857142857,6.0,0.0,0.0,0.1395348837209302,0.054054054054054,0.0,0.0,0.0,0.0,0.0,2.0,0.0714285714285714,0.0,0.0,2.0,0.0714285714285714,0.0,0.0,0.0,0.0,0.0,0.0,0.1987461967664353,0.038475154143967,0.051082219221385,0.1534101760152373,0.0851897483392237,-0.1553489838244335,-0.1379203576306124,0.1320211382073829,-0.0357332340373021,-0.0353432501266607,-0.0398260460495322,-0.0238527434467184,-0.0032988533209036,-0.0424913063505049,-0.0110753342990322,-0.0152559124098516,-0.0455106678895189,0.0396091285892919,0.0652113197138476,-0.0011923433208128,-0.0859998319365177,-0.0772709778405636,0.0143942763603222,-0.0067459683107556,20.0,0.3542874108374004,0.1923286931891476,0.8762358570606021,0.6260102364013768,20.0,19.0,1.0,3.801768107779924,0.5148572677592401,0.2000930583042065,0.1474593824852355,0.3866397688818744,0.4757675683714927,2.6618338805992083,0.0,0.0,0.0,0.0,0.0,0.0,0.0,0.0,0.0,0.0
sciver_val_412,1,24,16,40,2000,0.3893805618969036,46.0,39.0,0.8478260869565217,5.195652173913044,6.0,2.0,2.0,0.1346153846153846,0.1363636363636363,0.0,0.0,0.0,1.0,0.0217391304347826,0.0,0.0,0.0,0.0,3.0,0.0652173913043478,0.0,0.0,1.0,0.0217391304347826,1.0,0.0217391304347826,0.2001819524693594,0.0970235948113882,0.0231325453967037,-0.1266503475548434,-0.0314249414492302,-0.0410540656975102,-0.0559120767111531,0.0078038300202857,0.1097140909025413,0.0967223144294257,0.1157560430525446,-0.0736206283284729,0.0404961614142125,0.0071169166967509,-0.0627904892929012,0.0373228242046212,-0.061255817235462,-0.03966672032637,0.0478713960919218,-0.0515924682458106,-0.0063795305928869,0.0993812304313428,-0.068982125341185,-0.0545201885553045,39.0,0.3793438449111431,0.1465429824965934,0.7884823649102616,0.5728534165337225,39.0,38.0,1.0,7.429482932680568,0.4414936060924515,0.1955127087547517,0.108567108904409,0.334847897169895,0.3855244404191381,3.473161856030812,3.0,3.0,0.0,0.0453789477643217,0.0265526991133137,0.0151263159214405,0.0100859729151349,0.0246035485025171,0.0255781238079154,0.8199464701776769
sciver_val_414,1,24,16,40,2000,0.2299029876569968,32.0,26.0,0.8125,4.84375,4.0,1.0,2.0,0.0677966101694915,0.0392156862745098,0.0,0.0,0.0,2.0,0.0625,0.0,0.0,0.0,0.0,1.0,0.03125,0.0,0.0,0.0,0.0,0.0,0.0,0.2908896039096139,0.2808637559867831,-0.1059705453224217,0.116267401529143,-0.0751513506605692,0.0038827244530897,0.1327555121644251,0.0406153798925649,-0.0008359856038385,-0.0267894666878519,0.0351454851695866,-0.0085908719680095,-0.0360838116293589,0.0147155769759655,-0.0694000271245563,0.0201151019862225,0.0225541112250299,0.0233594428125867,-0.0121507878048303,0.1089096780076722,0.0131768631764255,-0.1175671388598292,0.0187146152889172,-0.070673813518294,26.0,0.3582996940143023,0.1475131631652958,0.794290489973869,0.5865603212479695,26.0,25.0,1.0,4.975951706248654,0.5609453143169668,0.1990380682499461,0.118119609296727,0.3782081517597276,0.4020564691568111,3.0639371048109973,2.0,2.0,0.0,0.0082862792369081,0.0082425220172742,0.004143139618454,0.0040993823988201,0.0074226455375102,0.0078325837773922,0.0329570357793323
sciver_val_415,1,24,16,40,2000,0.1610523149951804,22.0,18.0,0.8181818181818182,4.409090909090909,5.0,2.0,2.0,0.1346153846153846,0.1063829787234042,1.0,0.1666666666666666,0.0,1.0,0.0454545454545454,2.0,0.0909090909090909,0.0,0.0,0.0,0.0,0.0,0.0,0.0,0.0,1.0,0.0454545454545454,0.268632143469878,0.4302695347967286,0.0449232542916567,-0.1666748951880845,0.0824075118862728,0.0647780130611104,-0.0870882570401594,0.033996439257461,0.0106312932317347,-0.0866098256525229,-0.1272833871930573,0.0395267998578225,-0.1700635992372587,-0.0499850012668635,0.033337934354029,0.1976293123817285,-0.024150273778005,-0.0586588220612848,0.0486511256248833,-0.0678050590214318,0.0127242956098018,0.1911458627185753,-0.0162721731400467,0.0378266563437963,18.0,0.2424505946701587,0.0981441277054017,0.4877506727257963,0.384539986969754,16.0,15.0,1.0,2.474229219749692,0.294308403091551,0.1649486146499794,0.0786553580717425,0.2716758602916749,0.2879768816132759,2.579673219655367,0.0,0.0,0.0,0.0,0.0,0.0,0.0,0.0,0.0,0.0
sciver_val_416,1,24,16,40,2000,0.5072633938924938,30.0,28.0,0.9333333333333332,3.8,10.0,0.0,6.0,0.2631578947368421,0.3125,5.0,0.4545454545454545,0.0,0.0,0.0,0.0,0.0,0.0,0.0,1.0,0.0333333333333333,0.0,0.0,0.0,0.0,0.0,0.0,0.200197882967892,0.0733704164747556,0.1209355793792391,-0.1921449023988158,-0.0447214091999302,0.1999832844308856,-0.1639214656074154,0.0819078637332299,0.0138800134211869,0.1674481887428037,-0.1008060803129054,-0.0533956339990798,0.1817647469432503,0.0502447934017892,0.047422108921352,-0.1307417479438529,0.1357281805778035,0.0484187487385449,0.0243099182307025,0.009724501371911,0.025884445344677,-0.0628930957493114,0.0292387628734642,0.0615231394441589,28.0,0.266717668751619,0.1408801405676021,0.6224206718334774,0.441005770602883,24.0,23.0,1.0,3.47884622130409,0.4222441475765923,0.1512541835349604,0.1156631979836921,0.295017162203924,0.3018112489398358,2.8198031901202016,1.0,1.0,0.0,0.000262544763514,0.000262544763514,0.000262544763514,0.0,0.000262544763514,0.000262544763514,-0.0
sciver_val_417,1,24,16,40,2000,0.0467799474763252,21.0,18.0,0.8571428571428571,3.761904761904762,7.0,0.0,0.0,0.08,0.0952380952380952,0.0,0.0,0.0,0.0,0.0,0.0,0.0,0.0,0.0,0.0,0.0,0.0,0.0,1.0,0.0476190476190476,0.0,0.0,0.1445705120179977,-0.0519494771069416,-0.0593144398642294,0.0748324159933135,-0.0434488516479294,0.0687708620234175,0.0211390354738089,-0.0139057145914664,0.085774523909222,-0.0122043459760299,0.003284785085423,-0.048361646433036,-0.0025946001444905,-0.0019021724029684,-0.0094545985723926,-0.093928055784521,-0.0024520024405633,-0.0993340522754493,-0.0966540628769353,-0.0912745653724882,-0.0102941932819616,-0.0300374486611237,0.0090874732859545,-0.1198096958172681,18.0,0.3514227634067984,0.1856613666363873,0.7884823649102616,0.5732099153329561,15.0,14.0,1.0,3.544671233103779,0.549739526336389,0.2531908023645556,0.1594822536904481,0.4813700704797029,0.5310123310396848,2.414748461195572,0.0,0.0,0.0,0.0,0.0,0.0,0.0,0.0,0.0,0.0
sciver_val_418,1,24,16,40,2000,0.1159934716741539,39.0,25.0,0.6410256410256411,4.717948717948718,4.0,0.0,4.0,0.2439024390243902,0.1470588235294117,0.0,0.0,0.0,0.0,0.0,0.0,0.0,1.0,0.0256410256410256,0.0,0.0,0.0,0.0,0.0,0.0,0.0,0.0,0.1636577893579214,-0.0341002842909379,-0.0934909869093857,0.0788606533249657,-0.0333824566435185,-0.0725452759766778,0.0133636284912859,-0.0999081747392809,-0.0295910749180799,0.0992598492128838,-0.018902722311173,-0.0367972055683583,0.0169857711381897,0.0459280042838787,-0.0004932003092817,-0.0686606172391611,-0.0009395840754998,0.0563998616977541,0.0101208935702359,0.0060994080016786,0.0274827485346154,0.0364471301555369,0.0202663250011607,-0.0698929801518281,25.0,0.3886871089822759,0.1505337822260179,0.7724044298223444,0.5835466002704951,25.0,24.0,1.0,5.267764345885805,0.4532091628704822,0.2194901810785752,0.1165368417207013,0.3885962632131062,0.4266889212416244,3.0374189208661457,1.0,1.0,0.0,0.0191929360598317,0.0191929360598317,0.0191929360598317,0.0,0.0191929360598317,0.0191929360598317,-0.0
sciver_val_421,1,24,16,40,2000,0.0509412017261105,34.0,28.0,0.8235294117647058,4.5,5.0,0.0,3.0,0.0789473684210526,0.0588235294117647,1.0,0.0909090909090909,0.0,1.0,0.0294117647058823,0.0,0.0,0.0,0.0,2.0,0.0588235294117647,0.0,0.0,0.0,0.0,0.0,0.0,0.2252217803631425,-0.0166246660530938,-0.006119563476935,0.0228606811810775,0.0365462033945595,0.0144930499031186,0.1386353661801851,-0.0192410438336133,0.0687931864733654,0.0748910928345075,-0.062169241510549,0.0704854413917534,0.0402035652656556,-0.0203096152270071,-0.0364936076767878,0.0558016419763441,-0.0510811036390132,-0.0132280797483933,0.0623063775900816,-0.0324887929202802,-0.0434937760783822,0.0450075994198743,-0.0104404015847008,0.0385447270376434,28.0,0.3015423263504085,0.1653734836541508,0.8023381828553846,0.5682619841332055,23.0,22.0,1.0,4.271738026149703,0.4722040178886336,0.1941699102795319,0.1090871160204556,0.3287491030576277,0.4464556679120791,2.9453402389716405,3.0,3.0,0.0,0.0290108013780928,0.0144316332647078,0.0096702671260309,0.0040907230209453,0.0135723654658756,0.0140019993652917,1.002140126968774
sciver_val_422,1,24,16,40,2000,0.1859700735758203,34.0,27.0,0.7941176470588235,5.735294117647059,2.0,2.0,5.0,0.1076923076923077,0.0769230769230769,0.0,0.0,0.0,1.0,0.0294117647058823,0.0,0.0,0.0,0.0,1.0,0.0294117647058823,0.0,0.0,0.0,0.0,2.0,0.0588235294117647,0.2214579712265501,0.1023467552368173,-0.0186861392344103,-0.0520360956920981,-0.1109041734602017,0.0356487895088732,0.0663036124477824,0.0590581644540406,0.0375635126202565,-0.0501406792134161,0.164033314251823,0.1578317655876567,0.0796291865713643,0.1029128799418178,-0.0446644575629167,-0.0640193089556742,-0.0799364621848753,0.0062524619663633,0.0865857744135999,-0.0861598453490189,-0.0569357135232306,-0.0179218989824385,-0.0145890233124411,-0.0370779073223044,27.0,0.3952623974116248,0.1494832608410568,0.7424343650024641,0.6006230533630339,27.0,26.0,1.0,5.879096325249489,0.4866273490283971,0.2261190894326726,0.1084161906430642,0.3943575861555392,0.4156675895797802,3.1444322158257525,0.0,0.0,0.0,0.0,0.0,0.0,0.0,0.0,0.0,0.0
sciver_val_423,1,24,16,40,2000,0.3072434161300213,30.0,24.0,0.8,5.266666666666667,4.0,0.0,0.0,0.0769230769230769,0.0909090909090909,0.0,0.0,0.0,2.0,0.0666666666666666,0.0,0.0,0.0,0.0,2.0,0.0666666666666666,0.0,0.0,0.0,0.0,0.0,0.0,0.1454837440735431,-0.0450847830214346,0.1517566492932832,-0.0170770095079791,-0.0566703173138685,-0.0764725727654821,0.1025832000944062,0.035491279388193,0.0561476203608774,0.0362406260282158,-0.0086758192395129,0.0330358440710948,-0.0306584770617774,-0.0360030003622969,-0.1563772047090076,-0.0112351118670519,0.0132249501032195,0.0225895608867991,0.0992674111799825,0.0899465505708994,0.0019399996032796,-0.0073399023998427,0.0316572962723964,0.0391186897234449,24.0,0.3362639588226312,0.1372115603974548,0.6472627027007248,0.5202402344643057,24.0,23.0,1.0,3.85413252449193,0.3476888131844894,0.167570979325736,0.0838388167632246,0.2812800494538964,0.3123239358984191,3.0067111405353915,4.0,4.0,0.0,0.0562653460825767,0.016013364673067,0.0140663365206441,0.0015492976809604,0.0156887746689171,0.015851069670992,1.3801756911791982
sciver_val_425,1,24,16,40,2000,0.3361809927263518,46.0,36.0,0.782608695652174,4.434782608695652,15.0,0.0,8.0,0.119047619047619,0.1428571428571428,0.0,0.0,0.0,0.0,0.0,0.0,0.0,0.0,0.0,2.0,0.0434782608695652,1.0,0.0217391304347826,1.0,0.0217391304347826,0.0,0.0,0.1933592415374299,-0.0753422287011239,0.2171395352550269,-0.0227838157399701,0.0014192372703423,-0.0364526869855796,0.0151541935936477,-0.0297244301319938,-0.0223425983707136,0.0657097266379675,-0.0304041424309315,-0.0094313334670075,0.015004204948103,-0.0384742004444138,-0.0486392031415261,-0.0459797052382416,0.0542615083173762,0.0281946526314779,-0.0231439663509135,-0.011663589013821,0.0278818618535218,-0.1520407586983501,-0.0081533025516043,0.0621198227307383,36.0,0.3406927190319486,0.1660211436596066,0.7048477220392441,0.5526765823319449,32.0,31.0,1.0,4.549120877021323,0.4479214022344747,0.1467458347426233,0.1163335161794777,0.3134244530611313,0.3866274610080498,3.142679019123726,0.0,0.0,0.0,0.0,0.0,0.0,0.0,0.0,0.0,0.0
sciver_val_427,1,24,16,40,2000,0.0629951039294885,21.0,21.0,1.0,5.809523809523809,4.0,3.0,6.0,0.0714285714285714,0.0285714285714285,0.0,0.0,0.0,1.0,0.0476190476190476,0.0,0.0,0.0,0.0,1.0,0.0476190476190476,0.0,0.0,0.0,0.0,0.0,0.0,0.1810202738459441,0.1157071241273945,-0.081936664487782,-0.0381870576098409,-0.0715171525666755,-0.0220718161364576,0.065489078206407,-0.0096181786149042,-0.0357876444434122,0.0467613109540003,-0.1250388724160534,-0.091426509829861,-0.0209979882895251,0.2350073925612165,-0.1038016801425883,0.0737419274551965,0.0128232022750367,0.0751553745091252,-0.0289364250974031,-0.0004127738467592,0.0580091562971078,-0.1158369946522747,0.085224714223168,0.0086506786379275,21.0,0.4296250120648404,0.1707606625724874,0.7810132298631872,0.6361518366646518,20.0,19.0,1.0,5.0206135910416565,0.5682619841332056,0.2642428205811398,0.1511474413568019,0.4419624987275655,0.5444709767388841,2.766420207364898,1.0,1.0,0.0,0.1142962329693573,0.1142962329693573,0.1142962329693573,0.0,0.1142962329693573,0.1142962329693573,-0.0
sciver_val_429,1,24,16,40,2000,0.0816123916107359,37.0,32.0,0.8648648648648649,4.702702702702703,11.0,1.0,6.0,0.0526315789473684,0.032258064516129,0.0,0.0,0.0,2.0,0.054054054054054,1.0,0.027027027027027,0.0,0.0,1.0,0.027027027027027,2.0,0.054054054054054,1.0,0.027027027027027,0.0,0.0,0.1920551455831818,-0.0732105535695664,0.1480430217018978,-0.0494748166328247,-0.0876548557088883,-0.0047859084455327,-0.059327413549424,0.0513435546023921,-0.0717159750204107,-0.1172706901528365,-0.151391637520978,-0.0018992522145596,-0.0296928585152815,0.275140298078035,-0.1345553813038693,-0.0293828423220064,-0.1300997390294884,0.1301369708159563,-0.0682838971248231,0.0108707627138298,0.0268888348163851,-0.0519361394749012,0.0461440773560317,0.0623101806324862,32.0,0.3493576781160021,0.1350126491971431,0.6694407164074124,0.5176876972608389,29.0,28.0,1.0,5.473344319577849,0.4218700898605752,0.195476582842066,0.1038833764416725,0.2925121770746164,0.3137338829977151,3.176029341732592,3.0,3.0,0.0,0.0189393944948743,0.0163418623543609,0.0063131314982914,0.0071599477553848,0.0135753749502279,0.0149586186522944,0.4200690719191417
sciver_val_430,1,24,16,40,2000,0.0351181630935393,28.0,27.0,0.9642857142857144,4.535714285714286,5.0,0.0,0.0,0.0634920634920634,0.0188679245283018,0.0,0.0,0.0,0.0,0.0,0.0,0.0,0.0,0.0,1.0,0.0357142857142857,1.0,0.0357142857142857,1.0,0.0357142857142857,0.0,0.0,0.1778943265974028,-0.0203162774535859,0.0128277436776919,0.0844472201275564,0.0440119475334898,-0.0284892182719145,-0.0664345938000557,0.0309615030427604,-0.0148638848638678,0.0417053042334313,0.110544825065834,0.0790302120038026,0.0402236792986005,-0.0501827621257638,-0.0295185487615276,0.0041344225552621,-0.0745273063518641,0.0583744190123727,0.043773588827186,-0.048149241874928,-0.0152119617642336,-0.0117552168650903,0.0583332576063475,-0.0115110050797776,27.0,0.3156080171390298,0.1443369409083045,0.6646881261653786,0.4886457609576246,26.0,25.0,1.0,4.478361689006213,0.4110798430316765,0.1791344675602485,0.1193570183876439,0.3507397793246091,0.3980165452753558,2.9857017254801295,1.0,1.0,0.0,0.0021549582656521,0.0021549582656521,0.0021549582656521,0.0,0.0021549582656521,0.0021549582656521,-0.0
sciver_val_431,1,24,16,40,2000,0.3292373423580109,34.0,29.0,0.8529411764705882,4.882352941176471,6.0,0.0,3.0,0.2909090909090909,0.2888888888888888,4.0,0.5714285714285714,0.0,0.0,0.0,0.0,0.0,0.0,0.0,0.0,0.0,0.0,0.0,0.0,0.0,0.0,0.0,0.230751661758625,-0.0299168669553871,-0.0006955298872625,0.1099717870501687,-0.0454918728601752,0.0755852778949346,0.0169999091539316,-0.0117770286253319,0.0389085199582465,-0.0121509710973769,-0.0135990272901253,0.0085249812680721,0.1226051663684621,0.0001172524739917,-0.1521335468602124,0.0140586234470084,-0.0487854432421978,0.0345626358020647,-0.0103140442428285,0.0237569486818411,0.0883138027010773,-0.00102694082698,0.1069655108903622,0.0969067786973765,29.0,0.2997509335170195,0.1594205458885779,0.71134543743473,0.5153984275177138,26.0,25.0,1.0,4.451175275133744,0.4725531922248824,0.1780470110053497,0.1212846669600409,0.3546936945384124,0.4023778938679295,2.9849526850964923,1.0,1.0,0.0,0.0023014224301656,0.0023014224301656,0.0023014224301656,0.0,0.0023014224301656,0.0023014224301656,-0.0
sciver_val_432,1,24,16,40,2000,0.1434759712947539,20.0,18.0,0.9,5.95,2.0,0.0,2.0,0.0789473684210526,0.0909090909090909,0.0,0.0,0.0,0.0,0.0,0.0,0.0,0.0,0.0,0.0,0.0,0.0,0.0,1.0,0.05,0.0,0.0,0.154521899137778,-0.0121224056504652,0.0363050329713237,0.0496620767054125,0.1486988848359915,-0.0199706289562035,0.0046466382609249,-0.1559362510338107,-0.121338317460947,-0.0070731074378841,0.0314144133778329,0.0025766276002871,0.1592397751151129,-0.0326361286683006,0.1135893122631097,-0.0208925275685245,-0.0555029255494408,-0.1461439808906003,0.0835779009863494,-0.0674376842129961,0.0234339811980392,-0.0584949187331339,0.0384604263283429,0.0696674572780729,18.0,0.4829768996621908,0.1445736863737456,0.7330200077332496,0.6679462708786599,17.0,16.0,1.0,5.258149241266992,0.5153984275177138,0.328634327579187,0.1194688421594228,0.4678743158379437,0.4947143242545367,2.701685755548623,1.0,1.0,0.0,0.0540851741981973,0.0540851741981973,0.0540851741981973,0.0,0.0540851741981973,0.0540851741981973,-0.0
sciver_val_434,1,24,16,40,2000,0.2066458906032164,27.0,20.0,0.7407407407407407,3.851851851851851,5.0,0.0,2.0,0.2,0.217391304347826,1.0,0.1666666666666666,0.0,0.0,0.0,0.0,0.0,0.0,0.0,0.0,0.0,0.0,0.0,1.0,0.037037037037037,0.0,0.0,0.2205243342742169,0.056295652552748,-0.0135055483592724,0.1173847761048504,0.0244983455939304,0.0445512242453974,-0.0294799640658058,-0.0801164255082716,-0.0266848068339802,0.1142086054742156,0.0010792654290654,0.0248793985013202,0.021675553681524,-0.0478418134948121,0.0925289386497059,-0.0873819760080166,0.0037993861924933,0.093846075477746,-0.0613124471418301,-0.1122897559866507,-0.1538479968522641,-0.0313261989872399,0.1161235729118202,0.079574980088877,20.0,0.4406367591950358,0.1835726658608699,0.8088865463006658,0.6491093186678863,19.0,18.0,1.0,4.716093548762393,0.5682619841332056,0.2620051971534662,0.1460854721944545,0.4691609632940041,0.5001542930247055,2.7332902513224124,0.0,0.0,0.0,0.0,0.0,0.0,0.0,0.0,0.0,0.0
sciver_val_436,1,24,16,40,2000,0.0417117541794327,31.0,27.0,0.8709677419354839,5.838709677419355,4.0,2.0,4.0,0.0666666666666666,0.0384615384615384,0.0,0.0,0.0,0.0,0.0,1.0,0.032258064516129,0.0,0.0,2.0,0.064516129032258,0.0,0.0,0.0,0.0,3.0,0.0967741935483871,0.2505027105533572,0.1452213134809987,0.0500393869512511,0.0026040250519402,-0.0012323337896501,-0.1092886048762781,-0.2742219011200065,0.0271562930464834,0.0038431618587249,-0.0082712753681898,-0.0238248471881498,0.0638346026072922,-0.0608365716100136,-0.0969628509406134,-0.0316735013260655,0.0412730531935809,-0.089833970202801,0.1121407646771946,0.0801404033412877,-0.1292433605866553,0.0819592329457739,0.0732344240358564,-0.036431150784035,-0.0807593673163416,27.0,0.4431309487755599,0.1704611432833125,0.8742390938802247,0.6771870668671035,27.0,26.0,1.0,6.11058542476814,0.4431490289248263,0.2350225163372361,0.1199542599845489,0.3922728107300746,0.4271594278051379,3.108343568388942,3.0,3.0,0.0,0.0353909750523314,0.0154635226171664,0.0117969916841104,0.0026345822724891,0.014478271456139,0.0149708970366527,1.0745255233115845
sciver_val_437,1,24,16,40,2000,0.1157287091197006,28.0,24.0,0.8571428571428571,4.321428571428571,6.0,0.0,4.0,0.1147540983606557,0.1020408163265306,2.0,0.2,0.0,1.0,0.0357142857142857,0.0,0.0,0.0,0.0,0.0,0.0,0.0,0.0,0.0,0.0,0.0,0.0,0.2596361133939803,0.1554124918953292,-0.0955311989774343,0.0794390141715519,0.0556528133995968,0.1006728208420242,0.0426877488615971,0.0028438747650225,0.00931292517607,-0.2417237819261457,-0.0578104966696072,-0.0105056516561415,-0.0841553273030728,0.0088824785091908,-0.0506052535036801,-0.0236604191836966,-0.0525070973773979,0.0466269976717523,-0.0918471674842208,0.1630549833336554,-0.0945702545087145,0.0680253574648468,-0.1100528524667074,0.0803955155378005,24.0,0.3927898164887171,0.1602784064324007,0.740735469657569,0.5989253065620499,21.0,20.0,1.0,4.585669375623408,0.4642711023633444,0.2292834687811704,0.1024993234739618,0.3604593457351397,0.4151529170648327,2.888064180824322,0.0,0.0,0.0,0.0,0.0,0.0,0.0,0.0,0.0,0.0
sciver_val_439,1,24,16,40,2000,0.2987682667908193,23.0,18.0,0.782608695652174,4.478260869565218,7.0,2.0,2.0,0.0769230769230769,0.0434782608695652,0.0,0.0,0.0,0.0,0.0,0.0,0.0,0.0,0.0,1.0,0.0434782608695652,0.0,0.0,0.0,0.0,0.0,0.0,0.1789096689391596,0.1442634511042819,-0.0346996106455975,0.0834108268448173,-0.0588246748538402,0.0472849292145203,-0.0031370568927284,0.0950352579207371,0.0278934468761834,-0.0273067100638358,0.0561769426267909,-0.0289691988897169,-0.118334005156084,-0.0971735088605061,0.002579250424549,-0.0483026964205337,-0.0103971085881567,-0.0965172264010565,-0.0620803642704227,-0.0865343633295549,0.0010340529071847,0.042848598035715,0.0533818015102749,0.0381716746743489,18.0,0.2312676953903808,0.0953050356811199,0.4079910497644637,0.343528533825682,18.0,17.0,1.0,2.3727955210147025,0.2636882465686893,0.1395762071185119,0.0822538415227366,0.2362239654252316,0.2593251849716468,2.6296202343388417,1.0,1.0,0.0,0.0044578235314314,0.0044578235314314,0.0044578235314314,0.0,0.0044578235314314,0.0044578235314314,-0.0
sciver_val_442,1,24,16,40,2000,0.1232540796294715,37.0,32.0,0.8648648648648649,4.756756756756757,3.0,0.0,6.0,0.048780487804878,0.0666666666666666,0.0,0.0,0.0,1.0,0.027027027027027,1.0,0.027027027027027,0.0,0.0,1.0,0.027027027027027,1.0,0.027027027027027,0.0,0.0,0.0,0.0,0.1887527627630214,-0.0286926922181668,0.0479733941691501,0.0648615347850233,-0.1103678890389256,0.0255392977624075,-0.0193380714373808,0.0855720318858966,0.0045817657938304,0.0019376431624949,0.0373632620665451,0.0533476938874638,-0.0006223229747554,0.0713773951281898,0.0669536899923524,-0.0643294969622647,0.0258756315121739,0.0165937047867342,0.0381666709496253,-0.0362310250342892,-0.0030217218613096,0.0756837300903736,-0.0094666912571138,-0.0543358542643076,32.0,0.4295290624216742,0.1639473154826383,0.8430489519647537,0.6263912389154942,30.0,29.0,1.0,6.951185424513533,0.4820005273191414,0.2396960491211563,0.1180184511199681,0.4097185763482073,0.448554962087846,3.2338773327770047,2.0,2.0,0.0,0.0038413248200978,0.0036478551639945,0.0019206624100489,0.0017271927539456,0.0033024166132054,0.0034751358885999,0.1995895824168836
sciver_val_444,1,24,16,40,2000,0.4170908390956241,31.0,22.0,0.7096774193548387,4.161290322580645,6.0,0.0,4.0,0.125,0.1276595744680851,1.0,0.25,0.0,0.0,0.0,0.0,0.0,0.0,0.0,1.0,0.032258064516129,0.0,0.0,1.0,0.032258064516129,0.0,0.0,0.1725100022168978,-0.0469625419948648,-0.0594728280686427,-0.0140277551401152,0.097595837904508,0.1573488950120031,0.0242817268331717,0.0648410298514069,-0.0687084859637253,-0.0139509533525463,-0.0280005489036349,0.0394207369474163,0.0352077393224666,0.031658880938403,-0.2417903653778967,0.0848735146468024,-0.1147433524205252,-0.1264823553908542,0.0315813766518293,-0.0545930483787432,-0.0059807194808579,0.0713957459382337,0.0010031517484877,0.0297871562552701,22.0,0.3558856706521607,0.2011181708649732,0.8553771678905672,0.6472571231168139,18.0,17.0,1.0,3.849429482931999,0.5662508261504101,0.2264370284077646,0.1503612570900945,0.4391220066775799,0.5657930439203873,2.637683976095706,1.0,1.0,0.0,0.014345641894929,0.014345641894929,0.014345641894929,0.0,0.014345641894929,0.014345641894929,-0.0
sciver_val_447,1,24,16,40,2000,0.1496122207953468,31.0,28.0,0.9032258064516128,4.451612903225806,6.0,1.0,1.0,0.1636363636363636,0.1702127659574468,1.0,0.1428571428571428,0.0,1.0,0.032258064516129,0.0,0.0,0.0,0.0,2.0,0.064516129032258,0.0,0.0,0.0,0.0,0.0,0.0,0.2050051960306904,0.0241513591583703,0.0233989931171666,0.1213305052119388,-0.0268906264276631,-0.0208599057746814,-0.0987117341677887,0.1330765356946652,-0.0569894548953703,0.0216232974666341,-0.028569552739855,-0.0768558851002692,-0.0123670514404092,-0.026087666709345,-0.0544174033646914,-0.0284501901140939,-0.0386365600515976,-0.0543184323387112,0.0033634327475557,-0.0086048148030203,0.0330150699979136,0.0089023732714549,0.0090966979001324,-0.0186413957407433,28.0,0.3155322792119966,0.1421740334241897,0.6759192602652705,0.487994263802427,25.0,24.0,1.0,4.601559275398791,0.3576157602343958,0.1917316364749496,0.1120527044385075,0.3437172997189789,0.3510130730121181,2.983550325459177,2.0,2.0,0.0,0.0373080655104923,0.0336637015309779,0.0186540327552461,0.0150096687757318,0.0306617677758316,0.0321627346534047,0.3199619848010227
sciver_val_449,1,24,16,40,2000,0.352403402679453,36.0,29.0,0.8055555555555556,4.833333333333333,6.0,5.0,5.0,0.1929824561403508,0.1489361702127659,0.0,0.0,0.0,1.0,0.0277777777777777,0.0,0.0,0.0,0.0,0.0,0.0,0.0,0.0,0.0,0.0,2.0,0.0555555555555555,0.1821664943728693,-0.028395225439842,-0.012294811860521,-0.1110601612660881,0.0003600692780813,-0.1095692756033023,-0.0937780213846378,0.0770327790318029,0.0227139783725538,-0.0799424687579744,-0.0996506366426111,0.064451384837108,-0.0287832549224252,-0.0916837933619115,0.0008609660266692,0.01104751940939,0.0806360478583947,0.0029109586610364,0.0701197522567181,-0.1352852807482121,0.1031906004679283,-0.1078226549462921,0.0185662081925675,-0.0617908615161672,29.0,0.4382911991443571,0.1728595985775835,0.8436662545278731,0.6519833574481848,29.0,28.0,1.0,6.399399138224771,0.4516338806060505,0.2285499692223132,0.1409895334756482,0.4101021725708585,0.4166722871543168,3.1127867963968137,3.0,3.0,0.0,0.1310606988859815,0.1109840246318394,0.0436868996286605,0.0475885897496585,0.0909103923293557,0.1009472084805975,0.5341229200131095
sciver_val_450,1,24,16,40,2000,0.2535734108929139,32.0,27.0,0.84375,5.0,6.0,0.0,2.0,0.1066666666666666,0.081967213114754,1.0,0.1,0.0,1.0,0.03125,0.0,0.0,0.0,0.0,2.0,0.0625,0.0,0.0,0.0,0.0,0.0,0.0,0.3130091271420807,-0.0686816560882784,0.1994278661239372,0.1433305434435837,-0.1653990282661949,-0.0882528425473769,0.0522478972875231,0.0633922974391065,-0.0444984710776353,0.0600295117942268,0.0358465517118668,-0.0936821669944264,-0.0923472021320389,0.000863877004722,0.0038542899776433,0.0091091271312836,-0.0210748097733073,0.002696345375774,-0.0125971251564989,-0.0192429429283021,0.0455291434883533,0.1424018978497727,0.0670291458523298,-0.0389520867643751,27.0,0.4764884521357615,0.1820086514607392,0.9801136162362536,0.7272259425011983,27.0,26.0,1.0,6.489452077182888,0.5610090244394546,0.2495943106608802,0.1369689439031362,0.4041128109531035,0.4612773792920934,3.0914393311797186,3.0,3.0,0.0,0.1297834601531876,0.1062997946736274,0.0432611533843958,0.0450622916615923,0.0890069978020151,0.0976533962378212,0.5509652098385254
sciver_val_455,1,24,16,40,2000,0.1090498377691016,17.0,15.0,0.8823529411764706,6.176470588235294,3.0,0.0,6.0,0.0555555555555555,0.0333333333333333,0.0,0.0,0.0,0.0,0.0,0.0,0.0,0.0,0.0,1.0,0.0588235294117647,0.0,0.0,0.0,0.0,0.0,0.0,0.0944184690923138,-0.0029263257933821,-0.0276800945311418,0.0458751250815189,-0.0059927684615974,0.0502272145642659,0.0389328081397114,0.0538641392809824,-0.0023537083534248,-0.0637607055983524,0.0352412218691526,-0.0014982691684413,-0.033785448036029,-0.0020747563971861,-0.0588303886405001,-0.0081415304818871,-0.0417860498659006,-0.1172059071159487,-0.0357438712264318,-0.0671902755554501,0.0638259682553361,0.0876639371197609,0.1175956246118539,0.0266029531234017,15.0,0.4421142126956057,0.1958667336265561,0.9795907199072572,0.7774846609918507,15.0,14.0,1.0,3.475873640734294,0.5820176400297453,0.2482766886238781,0.1198204240017652,0.3642253604214704,0.4648151196105534,2.530806959917084,1.0,1.0,0.0,0.0105128780130336,0.0105128780130336,0.0105128780130336,0.0,0.0105128780130336,0.0105128780130336,-0.0
sciver_val_456,1,24,16,40,2000,0.1220548384349876,31.0,27.0,0.8709677419354839,3.225806451612903,6.0,0.0,4.0,0.1666666666666666,0.0967741935483871,3.0,0.3333333333333333,0.0,0.0,0.0,0.0,0.0,0.0,0.0,1.0,0.032258064516129,0.0,0.0,0.0,0.0,1.0,0.032258064516129,0.2014231057927362,-0.0241729075959462,-0.0404630796798475,0.1143209590716534,0.0053718622854363,0.0531103138753322,-0.0638326740688405,0.0773137310317053,-0.0643666061388325,0.008745360113009,-0.0214758281101036,-0.0176557250273582,-0.0082665134724102,0.0353609503953872,-0.0810553560772137,0.0260846309309159,-0.0398314338913488,-0.0336295086876687,0.0200729834585502,-0.0148961719110889,-0.0047290797052676,-0.0517811616837779,-0.0250860807119331,-0.0489939147783465,27.0,0.4322881365386311,0.2491696774678243,1.0135434149932323,0.7536825126278697,21.0,20.0,1.0,5.589805599243002,0.5369979212158069,0.2794902799621501,0.157750057876753,0.4729037509688533,0.5041559684361216,2.811824368114048,1.0,1.0,0.0,0.0857293480630055,0.0857293480630055,0.0857293480630055,0.0,0.0857293480630055,0.0857293480630055,-0.0
sciver_val_457,1,24,16,40,2000,0.1078913560295898,24.0,23.0,0.9583333333333334,5.541666666666667,3.0,3.0,3.0,0.119047619047619,0.0571428571428571,0.0,0.0,0.0,0.0,0.0,0.0,0.0,0.0,0.0,1.0,0.0416666666666666,0.0,0.0,0.0,0.0,0.0,0.0,0.2075208876765029,0.0664599629858555,0.023222498468868,-0.157793451739422,0.0058922647502952,-0.1566628646561784,-0.0019375393706152,0.0689984817816293,0.1109595785348945,0.0886867786277084,0.0669459608618853,-0.0637017059630786,0.1681722999011323,0.0641467864189234,-0.0206206437579202,-0.0272100376161361,-0.1285565931011751,0.0164914458146579,-0.1008558811955604,-0.0997135861891043,0.0392441377819079,0.0527215928480447,-0.0307818626310405,-0.0652960215718988,23.0,0.3706385551542794,0.1472723393629688,0.6725551827096863,0.5571017785969161,23.0,22.0,1.0,4.376538289670335,0.3794331130438192,0.1989335586213788,0.1036367393989612,0.3237652589107523,0.3316208710351189,2.9380103844874785,3.0,3.0,0.0,0.0226727369784193,0.0118954554624086,0.0075575789928064,0.0036412201459228,0.0110747107495412,0.0114850831059749,0.972438387840945
sciver_val_460,1,24,16,40,2000,0.346394820922222,34.0,26.0,0.7647058823529411,3.7941176470588234,7.0,0.0,1.0,0.1176470588235294,0.0714285714285714,0.0,0.0,0.0,0.0,0.0,0.0,0.0,0.0,0.0,1.0,0.0294117647058823,0.0,0.0,0.0,0.0,0.0,0.0,0.261206950465099,0.1954940022949981,-0.0110108609652243,0.0285132751256195,-0.0445389996682795,-0.0517495401600216,0.1238175354720412,0.014151126402297,0.1684051340278537,-0.0098270712922829,0.0392985584912894,-0.0331458972458037,0.1039432197028892,-0.0054561154517072,-0.0044377135801322,-0.1370609468965692,0.0130594153812625,-0.1502044260605094,-0.0774350636397825,0.0150181040173304,-0.0680046370997207,-0.0072734626340168,-0.0444671839461012,0.0503057181859551,26.0,0.3247554861590434,0.1642045272025159,0.7665024981363215,0.5682619841332055,24.0,23.0,1.0,4.279483463860017,0.5593946179325087,0.1860644984286963,0.1317116957526629,0.3842521985830756,0.4206516330337059,2.8965370080378525,1.0,1.0,0.0,0.0062029073306314,0.0062029073306314,0.0062029073306314,0.0,0.0062029073306314,0.0062029073306314,-0.0
sciver_val_462,1,24,16,40,2000,0.5843214732019412,23.0,20.0,0.8695652173913043,5.043478260869565,3.0,0.0,1.0,0.3,0.28125,0.0,0.0,0.0,0.0,0.0,0.0,0.0,1.0,0.0434782608695652,0.0,0.0,1.0,0.0434782608695652,0.0,0.0,0.0,0.0,0.143800787843814,-0.0621629329975849,0.0651100634470276,-0.0332335353924225,-0.0465419489460172,-0.0362084422480272,-0.0301006189432861,0.1294068689307391,-0.0120277417119422,-0.0956680310197854,0.0707155426855124,0.055870880294995,-0.0252911900656985,-0.0287439880522614,0.0466600516838224,0.0533556480228397,0.0053737038239388,0.0091324063930478,0.0643017474288529,0.0263608971288577,-0.0915796980868442,0.0608274486255885,-0.0349947174392747,-0.0256360388893958,20.0,0.3456382594329154,0.1656722110308777,0.7399544371242555,0.5756503731164379,20.0,19.0,1.0,3.7010555426809177,0.4391862877944232,0.1947923969832062,0.1317090468416131,0.4059889539159841,0.4379342007733704,2.7144904696028056,0.0,0.0,0.0,0.0,0.0,0.0,0.0,0.0,0.0,0.0
sciver_val_465,1,24,16,40,2000,0.0583023767029407,21.0,18.0,0.8571428571428571,5.666666666666667,4.0,0.0,5.0,0.0694444444444444,0.0333333333333333,0.0,0.0,0.0,1.0,0.0476190476190476,0.0,0.0,0.0,0.0,2.0,0.0952380952380952,0.0,0.0,0.0,0.0,0.0,0.0,0.1623993217244299,-0.0071782124184454,-0.0021624715844102,0.1172744163857689,-0.0938518566326681,-0.0445285963932887,0.0674687470407758,0.0432444634864145,0.0545347410592692,0.0382103312256127,-0.0905597547389008,0.0094600656569113,0.0266346183253518,0.0879248482374777,-0.090163765967731,-0.0442872032616147,0.0588859534991527,0.031473567556442,0.0490487659465804,-0.0876651520641759,-0.0089354514056724,0.0349699330310438,-0.048058011806122,-0.0713360793252296,18.0,0.3639324203525119,0.1449016667698797,0.7283000035150985,0.5670559954891997,18.0,17.0,1.0,3.5462425288018475,0.3959608718888776,0.2086025016942263,0.089354533793994,0.3560378319248086,0.3876965363919877,2.745850542721206,1.0,1.0,0.0,0.0034914781884594,0.0034914781884594,0.0034914781884594,0.0,0.0034914781884594,0.0034914781884594,-0.0
sciver_val_466,1,24,16,40,2000,0.1388291933321774,31.0,27.0,0.8709677419354839,5.580645161290323,4.0,1.0,3.0,0.1627906976744186,0.1212121212121212,0.0,0.0,0.0,0.0,0.0,1.0,0.032258064516129,0.0,0.0,3.0,0.0967741935483871,0.0,0.0,0.0,0.0,0.0,0.0,0.252948603473936,-0.0223558186587857,0.1616757221820147,0.1525650030290858,0.1188204878679937,-0.1528647812931245,-0.0449707104529891,0.0576190968528465,-0.0039387093704828,0.0717602128608158,0.0428616289636677,0.1024738601644841,-0.0587346272261262,0.0680043761887541,0.0349059991899924,-0.0656393047573188,0.0255685532133771,-0.0217662214714722,-0.090509994189448,0.0003679658318973,0.0207421764859599,-0.0253560064717256,-0.0018819426752988,0.1470414141631814,27.0,0.4093699887368927,0.2009156833075388,0.8355218093367237,0.6331743611089143,24.0,23.0,1.0,5.5639184982786025,0.519771615148816,0.2419094999251566,0.1556929974198938,0.4984564542751737,0.5078965604887143,2.9175541433017544,1.0,1.0,0.0,0.0036478551639945,0.0036478551639945,0.0036478551639945,0.0,0.0036478551639945,0.0036478551639945,-0.0
sciver_val_468,1,24,16,40,2000,0.008113814544326,26.0,21.0,0.8076923076923077,4.1923076923076925,3.0,0.0,1.0,0.03125,0.0,0.0,0.0,0.0,1.0,0.0384615384615384,2.0,0.0769230769230769,0.0,0.0,1.0,0.0384615384615384,0.0,0.0,0.0,0.0,0.0,0.0,0.208867851846884,0.2413914080350265,-0.0394187759136231,0.0775252421090245,0.100986165321733,-0.0534055173090642,0.1086462676611055,-0.0700178755723306,-0.1720156974531371,-0.1730439998797182,0.0925425804179166,0.088483246578658,0.0567893561867227,-0.0262037663608277,-0.2352175874819621,-0.0349585791687128,0.2329516773551178,0.1585453811995033,-0.0339425660609365,-0.0337164847927973,-0.0591252189552496,0.1400965098020618,-0.1361627058566885,-0.0372909333343253,21.0,0.3351508031494001,0.1463864048494163,0.7169627956329874,0.5403998703708844,19.0,18.0,1.0,3.712571725809799,0.4696233405647689,0.206253984767211,0.111361537152372,0.3557937718839396,0.4595447566070044,2.7431809034850354,0.0,0.0,0.0,0.0,0.0,0.0,0.0,0.0,0.0,0.0
sciver_val_469,1,24,16,40,2000,0.5330892607287386,31.0,30.0,0.967741935483871,6.32258064516129,2.0,0.0,0.0,0.2653061224489796,0.2682926829268293,0.0,0.0,0.0,2.0,0.064516129032258,0.0,0.0,0.0,0.0,0.0,0.0,0.0,0.0,0.0,0.0,1.0,0.032258064516129,0.1611373264646063,0.0411591594084155,-0.0821077242262927,-0.0398963283926304,-0.0413814583113213,-0.0974843738329562,0.0190760797418359,0.0215208584355543,0.1086680378876396,0.0150647265697705,0.0456869981274636,-0.0882349289337404,0.1070001921896347,0.018807031093228,-0.014358796297777,-0.0892524446727455,-0.0613008707993023,-0.0042258011562593,0.0140460729043152,0.0129602686308968,0.024079766908813,0.0596513439694935,-0.1405827919293056,-0.0466369786330054,30.0,0.4464915503266445,0.1503296839674102,0.8401306297977165,0.6475731681215817,30.0,29.0,1.0,7.391240292274863,0.5202780843419594,0.2548703549060298,0.1134339077708012,0.4471655774467975,0.4880708455604365,3.2747698055488352,5.0,5.0,0.0,0.0934069947714503,0.048921868265525,0.01868139895429,0.0177122326232116,0.0386021902167287,0.0437620292411268,1.0964210880049634
sciver_val_470,1,24,16,40,2000,0.1058458507242997,28.0,23.0,0.8214285714285714,4.535714285714286,4.0,0.0,0.0,0.1162790697674418,0.0588235294117647,0.0,0.0,0.0,0.0,0.0,1.0,0.0357142857142857,0.0,0.0,0.0,0.0,0.0,0.0,1.0,0.0357142857142857,0.0,0.0,0.2031851122562948,-0.0446904483890386,0.1336205174444783,0.0395111093631905,0.0344456668617684,-0.1387458362641049,-0.0759135949734158,0.0206355570605004,-0.0797433545361219,-0.0407798289486835,0.0061530269574646,-0.0491030260445722,-0.0625104052009332,-0.0189691362357252,0.0508366556187511,-0.0322544961685049,-0.008161620584105,-0.0479360800058069,0.0197813681976751,-0.080274809343493,-0.0736340767368207,0.0393855634584566,0.0785812964625802,-0.0890189925650149,23.0,0.4434229553639831,0.14914767872365,0.7492522444105355,0.6163499191512346,23.0,22.0,1.0,5.513055636245429,0.4777123149804595,0.2505934380111558,0.1593530653381193,0.4594627242114736,0.469153867426115,2.859340691572373,1.0,1.0,0.0,0.0018622677165879,0.0018622677165879,0.0018622677165879,0.0,0.0018622677165879,0.0018622677165879,-0.0
sciver_val_474,1,24,16,40,2000,0.0743208443891463,26.0,25.0,0.9615384615384616,5.153846153846154,4.0,0.0,0.0,0.0576923076923076,0.0434782608695652,0.0,0.0,0.0,2.0,0.0769230769230769,0.0,0.0,0.0,0.0,2.0,0.0769230769230769,0.0,0.0,0.0,0.0,0.0,0.0,0.2011924493403748,0.1335795608130215,0.0986534242056351,-0.0186605446404704,0.157824412573173,-0.1353651068681416,0.0900310480428812,0.0320034878458397,0.055724839242973,0.1660551537706457,0.0410390423822445,0.0136984900615834,-0.0395205144174298,0.0834704224612834,-0.0464214520404155,-0.0361264131032623,-0.0111499168656825,-0.0460694977581863,-0.0212422863362432,-0.0224416717411852,0.2027270896431155,-0.0001946688098549,-0.0503980617560058,0.0342544720507254,25.0,0.3284554109303111,0.1397341935650485,0.6887034586482522,0.5101116465729137,24.0,23.0,1.0,4.05426256660676,0.447457472277884,0.1762722855046417,0.1011415200793292,0.3058534803259399,0.3472678361908212,2.9793301231560156,1.0,1.0,0.0,0.0147975252814777,0.0147975252814777,0.0147975252814777,0.0,0.0147975252814777,0.0147975252814777,-0.0
sciver_val_475,1,24,16,40,2000,0.2927227958735208,41.0,30.0,0.7317073170731707,3.1707317073170733,10.0,2.0,10.0,0.1120689655172413,0.0849056603773584,2.0,0.1052631578947368,0.0,0.0,0.0,0.0,0.0,0.0,0.0,0.0,0.0,0.0,0.0,0.0,0.0,0.0,0.0,0.240817623591844,-0.0675819241700832,-0.1078043630313153,0.1761192807984867,-0.0208043219106194,0.0981640033081809,0.0252169490331213,-0.0581851018757419,0.0630435881448544,-0.0747818283829991,-0.1309031085514331,-0.0110342602533554,0.008157360438611,0.093981754951086,-0.0661563518046732,0.0599502170926994,0.0121715241775413,0.0536366839744958,0.0308152242755259,-0.0227400736204983,0.0125125878443135,0.0995481303799336,-0.0785103116110686,0.0416332774889196,30.0,0.2778980798735978,0.1758629293309289,0.7461258086641246,0.5105700146942108,21.0,20.0,1.0,4.21146716636587,0.4753134823884385,0.2105733583182935,0.122657592087249,0.3683291089234954,0.3999285024138557,2.8174557378007408,0.0,0.0,0.0,0.0,0.0,0.0,0.0,0.0,0.0,0.0
sciver_val_477,1,24,16,40,2000,0.3936163855956502,29.0,24.0,0.8275862068965517,3.9655172413793105,6.0,1.0,4.0,0.1160714285714285,0.1,2.0,0.1428571428571428,1.0,2.0,0.0689655172413793,0.0,0.0,0.0,0.0,0.0,0.0,0.0,0.0,0.0,0.0,0.0,0.0,0.1223662727623993,-0.008779110436405,0.0105085053939462,0.0550146070916827,0.040527688382513,-0.0388418267304862,0.0819434600998063,-0.0032742371341901,0.0480813458077785,0.0682412340178394,-0.110299292431462,0.0621751889824355,0.0217220622849499,0.0492362733540831,0.0155734357017015,0.0023128737338088,0.0605686092923766,-0.0231723606539319,-0.003077951357528,-0.0795002647433433,-0.0244155951271232,0.0260171804089724,-0.018552629448753,-0.0608071385210009,24.0,0.3819790097640561,0.1609500261176508,0.7615246531342608,0.5875938302798009,22.0,21.0,1.0,4.555469847530334,0.4696233405647689,0.2169271355966825,0.1170331283052529,0.3572601160330164,0.4431378224070617,2.8938449905236734,1.0,1.0,0.0,0.0256847568502429,0.0256847568502429,0.0256847568502429,0.0,0.0256847568502429,0.0256847568502429,-0.0
sciver_val_478,1,24,16,40,2000,0.0,22.0,22.0,1.0,4.590909090909091,5.0,0.0,4.0,0.0357142857142857,0.0434782608695652,0.0,0.0,0.0,0.0,0.0,1.0,0.0454545454545454,0.0,0.0,1.0,0.0454545454545454,0.0,0.0,0.0,0.0,0.0,0.0,0.1930953243867718,0.0655982467518211,0.0713174923985764,-0.0493762332001884,0.0461830147910434,0.0419117962995661,-0.1914295944542202,-0.0255226193350524,-0.0149907602172993,0.0023141006646489,-0.1051698626223296,-0.0063330421084792,0.0438415998446301,-0.0067282410047301,-0.0736810033870693,-0.0620524016572878,0.0368342086111881,0.0765787122100987,-0.0356335851626923,-0.0267947116241325,-0.1016305333823503,0.0325813247224387,-0.0541541881145659,0.0417152683036009,22.0,0.2876706194817446,0.1581321880429829,0.6515889442613082,0.5284144885936476,19.0,18.0,1.0,3.4860484167829178,0.5005267105958435,0.1936693564879398,0.1311946386584873,0.3482481490834918,0.4580752161797031,2.658415207286397,0.0,0.0,0.0,0.0,0.0,0.0,0.0,0.0,0.0,0.0
sciver_val_481,1,24,16,40,2000,0.1816890097785914,35.0,32.0,0.9142857142857144,4.428571428571429,7.0,2.0,6.0,0.2037037037037037,0.1590909090909091,2.0,0.2,0.0,0.0,0.0,0.0,0.0,0.0,0.0,2.0,0.0571428571428571,2.0,0.0571428571428571,0.0,0.0,3.0,0.0857142857142857,0.3037985640911672,0.0872202528732704,0.1248462954802845,0.0468793377997364,-0.0410508370612525,-0.0266673119803072,-0.0753632066238657,-0.0418825007310015,-0.1422371415947529,0.0832912855824174,0.013137187571186,0.0796476074991197,0.0062798033296278,0.0945161079406927,0.0923912767908236,0.068938309632351,-0.1930094237563785,0.1217928378197246,0.182381977118624,0.0238194139306608,-0.0673406549778169,-0.0709167241680994,-0.1852115140118723,0.0581534445479951,32.0,0.3223970037268118,0.1549053868297641,0.7283000035150985,0.5295219124728454,29.0,28.0,1.0,4.8624100662588345,0.4722532677882328,0.1736575023663869,0.1052141733184072,0.3156351960194875,0.3451493744771434,3.1490647018359805,1.0,1.0,0.0,0.000442794025239,0.000442794025239,0.000442794025239,0.0,0.000442794025239,0.000442794025239,-0.0
sciver_val_483,1,24,16,40,2000,0.0137092547441467,28.0,26.0,0.9285714285714286,4.178571428571429,5.0,0.0,4.0,0.1020408163265306,0.0975609756097561,0.0,0.0,0.0,1.0,0.0357142857142857,0.0,0.0,0.0,0.0,1.0,0.0357142857142857,0.0,0.0,0.0,0.0,0.0,0.0,0.2661743871966788,0.1264064643212348,0.0652270294590924,-0.0664816299389186,0.0659579828608017,-0.1188547006059167,-0.0155749264644933,0.052586135770109,0.0683540995590073,-0.0781475169793469,-0.0064243311665366,-0.0600465504308226,0.1334377424583443,0.0124628460577692,-0.0125160558389032,0.0111712677793491,-0.0710043892139579,-0.0086726578393055,-0.0708624966842477,0.0650529083252494,-0.1303800529041677,-0.0134240988502985,-0.0443265925765663,-0.0720647899952399,26.0,0.3610656316462347,0.1505550230211864,0.6561502894654215,0.5405138482899513,24.0,23.0,1.0,4.715350360703573,0.4682251271868938,0.2050152330740683,0.1258441752969174,0.3819924199337329,0.3882279527921393,2.9313670880660827,1.0,1.0,0.0,0.0017482100714549,0.0017482100714549,0.0017482100714549,0.0,0.0017482100714549,0.0017482100714549,-0.0
sciver_val_485,1,24,16,40,2000,0.4351912359310023,33.0,24.0,0.7272727272727273,4.333333333333333,5.0,0.0,1.0,0.2564102564102564,0.2580645161290322,0.0,0.0,0.0,0.0,0.0,0.0,0.0,0.0,0.0,0.0,0.0,0.0,0.0,1.0,0.0303030303030303,1.0,0.0303030303030303,0.2235739605310769,0.1501180755141632,-0.0491593851867849,0.0642572497753904,-0.0918188754149707,0.0938970703411036,0.0192402765631048,0.0891360484702873,-0.040782497986596,-0.0198881816100014,0.0697791644945401,0.0339108060737997,-0.0685086267154518,-0.0346911146536362,-0.0341704702150776,-0.1392536364859011,-0.0640308787637289,-0.1057302725924496,-0.0403095210773534,-0.0612874929248621,-0.0140202502183962,0.0782542595659255,0.1301891943220922,0.0110886934655925,24.0,0.3066951378349544,0.1260738552277076,0.6111268807118942,0.4771626572373847,24.0,23.0,1.0,3.759903989021895,0.4150205283995049,0.1634740864792128,0.0800754181119921,0.256889193568535,0.2671495976672557,3.0262147175082217,2.0,2.0,0.0,0.0226024621589511,0.0221201395167594,0.0113012310794755,0.0108189084372839,0.0199563578293026,0.021038248673031,0.1032069634755014
sciver_val_488,1,24,16,40,2000,0.0821470711045523,29.0,22.0,0.7586206896551724,3.931034482758621,4.0,0.0,1.0,0.1081081081081081,0.0967741935483871,0.0,0.0,0.0,1.0,0.0344827586206896,0.0,0.0,0.0,0.0,2.0,0.0689655172413793,0.0,0.0,0.0,0.0,0.0,0.0,0.2505646810164456,0.1110322017779,0.0422124964597696,0.2096435039258208,0.1918684812760658,-0.0466433059029694,-0.0391070500748475,-0.1600850601896815,0.0326525496926173,-0.0694746632859841,0.026642149788276,-0.093946775613497,0.1295204409241939,-0.0223809641270857,-0.1375858684920355,-0.0565218564245797,-0.0091478818143855,0.0671126104143275,0.0697442967164259,0.1951019747268747,-0.0681538129266881,-0.0317722250145574,0.2257698387617108,-0.0528223980630288,22.0,0.2902033485916789,0.1508537307472614,0.6726668239817153,0.496831955207694,20.0,19.0,1.0,3.1176188597834913,0.4233892028553478,0.1640852031464995,0.1176020597049567,0.3609963995562179,0.4027089704994752,2.6985423627133596,0.0,0.0,0.0,0.0,0.0,0.0,0.0,0.0,0.0,0.0
sciver_val_491,1,24,16,40,2000,0.0258808141867952,21.0,18.0,0.8571428571428571,3.380952380952381,7.0,0.0,8.0,0.0681818181818181,0.0277777777777777,0.0,0.0,0.0,1.0,0.0476190476190476,0.0,0.0,0.0,0.0,0.0,0.0,1.0,0.0476190476190476,0.0,0.0,0.0,0.0,0.1990115372979848,-0.0994010272803761,0.1392935462766029,-0.0538218349751475,0.0099211738507262,0.0386287575810512,0.0622758266556228,-0.0006253725733134,-0.0406496959555159,0.0502640305781876,-0.0619271942701913,0.0486142827932519,0.0859630452560137,-0.0547227927915978,0.0579892485096864,0.1043837420596307,0.0553223553827946,-0.0076589579200816,-0.0944401292867805,0.0484586888951998,0.0094460417936266,-0.043861267401969,0.0002389836362483,-0.0664997449779569,18.0,0.3044931908410875,0.1563428597445407,0.6121586080738675,0.4860347955249607,16.0,15.0,1.0,2.355847638800483,0.3322395988177007,0.1570565092533655,0.1016339882390815,0.2981264304562626,0.3195895520743448,2.481131765561654,0.0,0.0,0.0,0.0,0.0,0.0,0.0,0.0,0.0,0.0
sciver_val_492,1,24,16,40,2000,0.0235599252863722,31.0,26.0,0.8387096774193549,3.903225806451613,6.0,1.0,5.0,0.025,0.0,0.0,0.0,0.0,0.0,0.0,0.0,0.0,0.0,0.0,1.0,0.032258064516129,0.0,0.0,0.0,0.0,0.0,0.0,0.2627832879070793,-0.1202801381916295,0.0768610478098241,0.1326270363502987,-0.0067841255839835,0.0079661177767808,-0.0101777460094142,-0.0260848023292982,0.0911145661097834,0.0104919776797381,-0.0412713087480267,0.1196568153273618,-0.0152437191761039,0.1013089657959778,0.0976934415196548,-0.0056933948938749,0.0862154641668464,-0.1202163262034384,-0.127458191606725,0.0569990913708594,0.0668787482833593,-0.0268181349898954,-0.0572743418983024,0.0119958015965356,26.0,0.3382377765887268,0.1899132104202036,0.767141170340749,0.5682619841332055,20.0,19.0,1.0,4.288413164590041,0.506647741965204,0.2257059560310548,0.1352522855923822,0.3956710536779868,0.4122687948768765,2.744151990634749,0.0,0.0,0.0,0.0,0.0,0.0,0.0,0.0,0.0,0.0
sciver_val_495,1,24,16,40,2000,0.3698533943640954,35.0,30.0,0.8571428571428571,4.857142857142857,5.0,0.0,1.0,0.2307692307692307,0.1818181818181818,1.0,0.2,0.0,1.0,0.0285714285714285,0.0,0.0,0.0,0.0,1.0,0.0285714285714285,0.0,0.0,1.0,0.0285714285714285,2.0,0.0571428571428571,0.2487207339907875,-0.0531012303049543,0.0930795479760656,0.1254064645125885,-0.0366899326081777,-0.0925581887917207,-0.0262173955753786,-0.0895348897878585,-0.1448577636149498,0.036178895225328,0.0420220671752728,0.0155420397104775,0.0212795737946361,-0.0289144890492638,-0.019508061509291,-0.0108388683862292,0.0026695808566449,-0.058710000013643,-0.0311218092107598,0.0593435791662797,-0.0008767915555508,-0.053787029028243,0.1165653293710315,-0.0211292704570127,30.0,0.378244872496435,0.1751049796220387,0.9041258064841692,0.6338027161775702,30.0,29.0,1.0,5.991930868195037,0.4913705013306114,0.2066183057998288,0.1203178197753309,0.3748016819668445,0.4359410587739118,3.197672877321073,1.0,1.0,0.0,0.0004874817873753,0.0004874817873753,0.0004874817873753,0.0,0.0004874817873753,0.0004874817873753,-0.0
sciver_val_496,1,24,16,40,2000,0.3903635579919258,30.0,24.0,0.8,4.433333333333334,4.0,0.0,2.0,0.1121495327102803,0.0769230769230769,0.0,0.0,0.0,0.0,0.0,1.0,0.0333333333333333,0.0,0.0,0.0,0.0,1.0,0.0333333333333333,0.0,0.0,0.0,0.0,0.1378551609862776,-0.0298221691245788,-0.0028706935149092,0.0697837764675992,0.0244346812538239,-0.0675393772412022,-0.0474539782806553,0.0035113418239632,-0.0472943899512226,-0.0081179364392961,-0.0171625591024621,0.0099486803914037,0.0158373152876696,-0.0328160262035828,0.0183234680027217,-0.0351914545959046,-0.0104746013817958,0.0196653964168585,-0.0093427079445009,-0.012889696998932,-0.0044045764130708,0.0159986708542507,-0.0394975852694578,0.0296093570839989,24.0,0.3536825960872674,0.1977571905103629,0.9258904128032855,0.5867349274535474,22.0,21.0,1.0,4.430090422068787,0.5555281218345499,0.2109566867651803,0.1371071173376844,0.3663723942183468,0.4468848174042423,2.832236409792599,0.0,0.0,0.0,0.0,0.0,0.0,0.0,0.0,0.0,0.0
sciver_val_497,1,24,16,40,2000,0.3500417845709516,26.0,24.0,0.9230769230769232,5.3076923076923075,4.0,3.0,3.0,0.1428571428571428,0.1,0.0,0.0,0.0,1.0,0.0384615384615384,0.0,0.0,0.0,0.0,1.0,0.0384615384615384,0.0,0.0,0.0,0.0,0.0,0.0,0.2236757550681212,0.1709294971948071,0.017734110502282,-0.0365246745722207,0.0499728895646746,-0.1411256457337501,0.0105617039339533,0.0864412702448323,0.0266256817168142,0.0210477774202065,-0.0475261901015409,-0.0447651940486788,0.00744330348258,-0.0413544777647117,-0.0349782253239858,0.0952441157756161,-0.0097552443936429,0.0823104459018445,-0.0040144541156164,-0.00747997125696,0.0436338709036006,-0.0584235110954982,-0.0096207507979486,-0.060559469527322,24.0,0.2919796961660794,0.1386995329729668,0.7166846294959862,0.4848150438151398,23.0,22.0,1.0,3.905214908840242,0.4831456713867481,0.1775097685836473,0.1269490756865975,0.3736840946952258,0.4024170768159453,2.8258058365362873,2.0,2.0,0.0,0.0255604892961495,0.0161954292378354,0.0127802446480747,0.0034151845897606,0.0155123923198832,0.0158539107788593,0.6570053658994468
sciver_val_498,1,24,16,40,2000,0.1885093051753387,27.0,24.0,0.8888888888888888,4.962962962962963,5.0,0.0,0.0,0.15,0.1176470588235294,0.0,0.0,0.0,1.0,0.037037037037037,1.0,0.037037037037037,0.0,0.0,3.0,0.1111111111111111,0.0,0.0,2.0,0.074074074074074,0.0,0.0,0.2446431314504634,0.1850638371897069,0.03338213004756,0.0885748575511041,0.0764727779842717,-0.0868652747711643,0.1110723995322849,-0.0213856366916919,-0.0736185833831774,0.0979359134137046,0.076920438891926,-0.0985413869055286,0.0059667216999016,-0.0021619230560214,0.0519687974956158,0.0563913817864482,0.0183055952653316,-0.0187448726373994,0.0346641944733989,-0.0211452894587867,0.1228022277311703,-0.0038099786009236,0.0389795781297303,0.0379470569752443,24.0,0.3421021819126367,0.1346183742065331,0.6958002580869543,0.5168655230197623,24.0,23.0,1.0,4.071791457760969,0.383049900314535,0.1770344112069986,0.0872626305402729,0.2591584264035509,0.3362133606298055,3.001155844595616,2.0,2.0,0.0,0.00439642063879,0.0032813649434505,0.002198210319395,0.0010831546240555,0.0030647340186394,0.003173049481045,0.5662860015002477
sciver_val_500,1,24,16,40,2000,0.1596411521706897,48.0,41.0,0.8541666666666666,4.875,6.0,0.0,5.0,0.1341463414634146,0.0985915492957746,0.0,0.0,0.0,0.0,0.0,0.0,0.0,0.0,0.0,1.0,0.0208333333333333,0.0,0.0,0.0,0.0,0.0,0.0,0.1729673671379844,-0.028938823589436,-0.0695205083992816,0.000909672418521,0.0909273866122751,-0.0685147972971395,-0.0269583100387729,-0.1055842708104014,-0.0639047442773878,0.1266043358322214,0.0982499281501957,-0.1052179452323537,0.0087565906349278,0.0271080797414473,-0.0361358161683788,-0.0270210754435342,0.0367921977915388,-0.0785123877753864,0.0585411547195944,0.0295836870599478,0.0539445466297896,0.0427381682713207,-0.0781536397521178,0.0016311830661595,40.0,0.372938880792954,0.1610832912178905,0.7579125565021224,0.5756153467502212,40.0,39.0,1.0,7.12547396613886,0.5560589189374465,0.1827044606702272,0.1204941635725433,0.3320540888389888,0.3963495589716359,3.450512538128571,1.0,1.0,0.0,0.0055220735860925,0.0055220735860925,0.0055220735860925,0.0,0.0055220735860925,0.0055220735860925,-0.0
sciver_val_501,1,24,16,40,2000,0.0770154637847364,29.0,24.0,0.8275862068965517,5.655172413793103,1.0,1.0,2.0,0.0967741935483871,0.08,0.0,0.0,0.0,1.0,0.0344827586206896,0.0,0.0,0.0,0.0,1.0,0.0344827586206896,0.0,0.0,0.0,0.0,1.0,0.0344827586206896,0.2010117048240108,0.0604448902857384,-0.1119152361519486,0.1135868666504207,-0.0907281149489116,-0.0292417572839466,0.0152216011418164,0.0412374531017982,-0.0180430596014655,0.0215427106279779,-0.0016375173659944,-0.090630050882312,0.0143352010276351,0.0254661670233661,0.0249483627343843,0.017750059933504,-0.014427484673841,0.0095536435213642,0.0635043733712643,0.0863631208712197,0.0345839224880766,0.1035048565928335,-0.0278735294577163,0.0786965613543771,24.0,0.394101238311028,0.1362153881375808,0.738615734173952,0.5887183570919928,24.0,23.0,1.0,5.309691678054804,0.4446219104584911,0.2308561599154262,0.0957048629946821,0.3349832428766455,0.3414548753545485,3.038207052549474,0.0,0.0,0.0,0.0,0.0,0.0,0.0,0.0,0.0,0.0
sciver_val_503,1,24,16,40,2000,0.0,34.0,28.0,0.8235294117647058,4.5588235294117645,8.0,2.0,6.0,0.0238095238095238,0.0294117647058823,0.0,0.0,0.0,1.0,0.0294117647058823,0.0,0.0,0.0,0.0,2.0,0.0588235294117647,0.0,0.0,0.0,0.0,1.0,0.0294117647058823,0.2447602962163191,0.2346214404886313,0.134918564105339,-0.0693361791295045,-0.0562549283371666,0.0067012327289111,-0.108269631210785,-0.0420788990337178,-0.052271850317656,-0.1539423614421682,-0.098302782205787,0.0632755807055403,-0.067132049024177,0.0602431418589524,-0.079145163924624,-0.1460621322244615,-0.0477822800708589,0.022475782097244,0.016825667111185,0.1427292665843429,-0.0873490841653761,-0.0831377530558476,0.0063087823947892,0.0176390123095871,28.0,0.2822621141101095,0.1334652279575789,0.6967458901545281,0.469623340564769,25.0,24.0,1.0,3.809642386705697,0.3511427077191778,0.1587350994460707,0.0869683871316167,0.2452359302060306,0.3214940050646813,3.0259876423723084,1.0,1.0,0.0,0.0023000242494243,0.0023000242494243,0.0023000242494243,0.0,0.0023000242494243,0.0023000242494243,-0.0
