item_id,tda_parse_ok,tda_preprocess_max_size,tda_threshold_count,tda_edge_euler_area,tda_edge_euler_max,tda_edge_euler_mean,tda_edge_euler_min,tda_edge_euler_std,tda_edge_h0_betti_area,tda_edge_h0_betti_argmax_threshold,tda_edge_h0_betti_change_count,tda_edge_h0_betti_max,tda_edge_h0_betti_mean,tda_edge_h0_betti_std,tda_edge_h0_entropy,tda_edge_h0_essential_count,tda_edge_h0_finite_count,tda_edge_h0_interval_count,tda_edge_h0_max_persistence,tda_edge_h0_mean_persistence,tda_edge_h0_p90_persistence,tda_edge_h0_p95_persistence,tda_edge_h0_std_persistence,tda_edge_h0_total_persistence,tda_edge_h1_betti_area,tda_edge_h1_betti_argmax_threshold,tda_edge_h1_betti_change_count,tda_edge_h1_betti_max,tda_edge_h1_betti_mean,tda_edge_h1_betti_std,tda_edge_h1_entropy,tda_edge_h1_essential_count,tda_edge_h1_finite_count,tda_edge_h1_interval_count,tda_edge_h1_max_persistence,tda_edge_h1_mean_persistence,tda_edge_h1_p90_persistence,tda_edge_h1_p95_persistence,tda_edge_h1_std_persistence,tda_edge_h1_total_persistence,tda_edge_mean,tda_edge_std,tda_gray_euler_area,tda_gray_euler_max,tda_gray_euler_mean,tda_gray_euler_min,tda_gray_euler_std,tda_gray_h0_betti_area,tda_gray_h0_betti_argmax_threshold,tda_gray_h0_betti_change_count,tda_gray_h0_betti_max,tda_gray_h0_betti_mean,tda_gray_h0_betti_std,tda_gray_h0_entropy,tda_gray_h0_essential_count,tda_gray_h0_finite_count,tda_gray_h0_interval_count,tda_gray_h0_max_persistence,tda_gray_h0_mean_persistence,tda_gray_h0_p90_persistence,tda_gray_h0_p95_persistence,tda_gray_h0_std_persistence,tda_gray_h0_total_persistence,tda_gray_h1_betti_area,tda_gray_h1_betti_argmax_threshold,tda_gray_h1_betti_change_count,tda_gray_h1_betti_max,tda_gray_h1_betti_mean,tda_gray_h1_betti_std,tda_gray_h1_entropy,tda_gray_h1_essential_count,tda_gray_h1_finite_count,tda_gray_h1_interval_count,tda_gray_h1_max_persistence,tda_gray_h1_mean_persistence,tda_gray_h1_p90_persistence,tda_gray_h1_p95_persistence,tda_gray_h1_std_persistence,tda_gray_h1_total_persistence,tda_gray_mean,tda_gray_std,tda_resized_aspect_ratio,tda_resized_height,tda_resized_width,tda_source_image_height,tda_source_image_width
sciver_test_1,1,256,32,44.96774193548385,332.0,43.59375,-619.0,235.8577245097932,234.54838709677415,0.7419354838709677,31.0,654.0,227.25,166.14978182351007,6.960141736872856,1.0,3402.0,3403.0,0.9910702032645664,0.066338230365111,0.1834797865399439,0.2719548951277015,0.1378157618843298,225.6826597021079,189.5806451612903,0.8709677419354839,25.0,790.0,183.65625,229.97372259877324,7.409542520800202,0.0,4249.0,4249.0,0.718687525599094,0.0505622380746236,0.157968879258429,0.2359892303398928,0.0869507632921593,214.83894957907577,0.1012110419995359,0.1653118225714305,244.758064516129,533.0,238.15625,1.0,151.88176103778065,293.53225806451616,0.6774193548387096,30.0,586.0,285.40625,174.691309775093,6.771363459254227,1.0,2530.0,2531.0,1.0,0.1180624660931566,0.384313725490196,0.598235294117646,0.2093101873301468,298.69803921568626,48.774193548387096,0.8709677419354839,18.0,186.0,47.25,67.87764727802518,6.478150428284089,0.0,1856.0,1856.0,0.580392156862745,0.0359660243407707,0.1156862745098039,0.2235294117647058,0.0715281820871238,66.75294117647059,0.9008095535577512,0.2301078612137599,1.0,256,256,1661,1661
sciver_test_3,1,256,32,-77.41935483870968,326.0,-74.96875,-321.0,174.3434979385165,71.19354838709677,0.3870967741935484,29.0,335.0,69.0,85.37271226803094,6.21274803800487,1.0,886.0,887.0,0.6396658202285369,0.0796709461021227,0.1742825730833203,0.2429956843388328,0.0946284880251798,70.58845824648078,148.61290322580643,0.6129032258064516,22.0,364.0,143.96875,151.03548514649628,6.248657467757752,0.0,1131.0,1131.0,0.6550616127070191,0.1326805119283357,0.3932076553633625,0.4707549389306484,0.1661212748813605,150.06165899094765,0.0833445037707444,0.1753469008613819,49.53225806451612,217.0,48.0,-3.0,61.93191826514015,62.854838709677416,0.5483870967741935,26.0,220.0,60.90625,62.33596442614408,5.778190785027254,1.0,714.0,715.0,0.7803921568627451,0.0892184324710276,0.2470588235294117,0.3660784313725491,0.1285996397743386,63.70196078431371,13.32258064516129,0.8064516129032258,18.0,54.0,12.90625,18.62518351419658,5.343931606534651,0.0,806.0,806.0,0.5019607843137255,0.021923806743541,0.0333333333333333,0.134313725490196,0.0570766563405951,17.670588235294105,0.9664232026143792,0.1032591765690048,1.7066666666666668,150,256,418,712
sciver_test_5,1,256,32,-30.67741935483871,491.0,-29.6875,-499.0,280.7058555565772,140.3225806451613,0.4193548387096774,28.0,495.0,135.96875,141.51379887995904,6.58541246001398,1.0,1613.0,1614.0,0.822652858569622,0.084340086674978,0.223904661223839,0.3303507437181574,0.1255558997144392,136.04055980673957,171.00000000000003,0.7741935483870968,21.0,553.0,165.65625,200.4567611380008,6.887560048770767,0.0,2146.0,2146.0,0.5366062640061425,0.0823553109029341,0.2662702212263207,0.3367607755953258,0.1122428272691928,176.7344971976966,0.1024332586814507,0.1928339781747966,108.51612903225804,373.0,106.03125,-174.0,132.23475440835324,182.27419354838707,0.2903225806451612,31.0,377.0,178.28125,101.73133562692225,6.249334770041052,1.0,1171.0,1172.0,0.9882352941176472,0.1560255186617772,0.4980392156862745,0.6647058823529413,0.2208413994427942,182.7058823529412,73.75806451612904,0.967741935483871,26.0,197.0,72.25,57.69044548276604,6.264783600442114,0.0,1423.0,1423.0,1.0,0.0570322296170752,0.1482352941176468,0.2819607843137249,0.1079514798728689,81.15686274509804,0.2523289806460432,0.394988912127383,0.98046875,256,251,424,415
sciver_test_9,1,256,32,-25.6451612903226,184.0,-24.8125,-246.0,122.6581727556301,77.58064516129033,0.3225806451612903,30.0,186.0,75.1875,56.98982228214087,5.947348900452841,1.0,923.0,924.0,0.9271045940365832,0.083683391505697,0.215650002050897,0.3006927711610233,0.1417777652848256,77.23977035975838,103.22580645161293,0.8387096774193548,22.0,273.0,100.0,94.32921074619463,6.170290800755421,0.0,1038.0,1038.0,0.6456203132686117,0.1022020743296125,0.3220869434553151,0.4076141906348998,0.1394991627409204,106.08575315413776,0.0559791611128528,0.1479768876929871,46.37096774193547,156.0,44.9375,-178.0,78.65547402279132,73.7258064516129,0.4838709677419355,28.0,159.0,71.4375,54.883363542607334,5.6450592348778255,1.0,860.0,861.0,0.9215686274509804,0.0874874601003191,0.2392156862745098,0.5339215686274504,0.1694114124473523,75.2392156862745,27.35483870967743,0.935483870967742,19.0,237.0,26.5,49.80399080395064,5.693594732407858,0.0,854.0,854.0,0.5254901960784314,0.0363089498094319,0.0588235294117647,0.1150980392156859,0.0805537570912941,31.007843137254916,0.9235988983222156,0.1006825473841416,1.3195876288659794,194,256,1055,1392
sciver_test_11,1,256,32,10.064516129032256,80.0,9.78125,-141.0,63.374252645987866,39.129032258064505,0.5806451612903225,27.0,81.0,37.9375,26.63167463285026,5.093577434826374,1.0,472.0,473.0,0.7446203538690807,0.0804356630586703,0.2470372699014749,0.4115018068210323,0.1454132068386345,37.965632963692414,29.06451612903226,0.9032258064516128,17.0,142.0,28.15625,45.29977191926577,5.300882250823744,0.0,445.0,445.0,0.4346909565564698,0.0680307890430348,0.2182064662185931,0.271039472387697,0.0932171141992088,30.2737011241505,0.1430520194731579,0.2097279512641086,26.1774193548387,101.0,25.375,-40.0,36.96937076824543,32.467741935483865,0.6774193548387096,21.0,101.0,31.46875,34.361119356585284,5.094288232054424,1.0,397.0,398.0,0.5725490196078431,0.0792512470983355,0.2494117647058829,0.3945098039215685,0.125721136242174,31.46274509803921,6.2903225806451655,0.967741935483871,13.0,45.0,6.09375,12.797361483426965,4.820589121399155,0.0,252.0,252.0,0.2156862745098039,0.029147214441332,0.0780392156862744,0.1311764705882352,0.0429755714082615,7.345098039215689,0.8657821651387828,0.2018581754281083,3.324675324675325,77,256,498,1661
sciver_test_13,1,256,32,-74.83870967741936,388.0,-72.46875,-776.0,338.41311517646227,192.61290322580643,0.3225806451612903,31.0,405.0,186.625,137.81549033036887,6.757054255322132,1.0,1582.0,1583.0,0.960969624611162,0.120407524260924,0.2977396054091787,0.4436521750374304,0.1526982611806143,190.4847033807818,267.4516129032258,0.8387096774193548,25.0,858.0,259.09375,292.6353703176318,7.266308894152903,0.0,2602.0,2602.0,0.6717062958374068,0.1040470473869911,0.2677171456379911,0.3495785731730724,0.1169468209150542,270.73041730095093,0.1515854653633897,0.2027043282970527,207.22580645161293,471.0,201.6875,-143.0,157.1526800399853,274.1935483870967,0.2580645161290322,31.0,473.0,266.5625,126.29972721170066,6.563506511483392,1.0,1522.0,1523.0,1.0,0.1807709154621112,0.592156862745098,0.7647058823529411,0.2437036692040514,275.1333333333333,66.96774193548389,0.967741935483871,22.0,252.0,64.875,79.41927898816509,6.447038807125908,0.0,1617.0,1617.0,0.5490196078431373,0.0477184813319267,0.1529411764705882,0.2313725490196078,0.0814452544261571,77.16078431372547,0.8723941206917549,0.226110213217459,1.590062111801242,161,256,1042,1661
sciver_test_14,1,256,32,-1.9677419354838737,182.0,-1.875,-166.0,105.49696381887016,68.38709677419354,0.3548387096774194,31.0,184.0,66.28125,50.04699939494375,5.780419202314555,1.0,841.0,842.0,0.988676897852164,0.0807316739795891,0.2202778427805887,0.328525121544011,0.1433918507850035,67.89533781683447,70.35483870967742,0.8709677419354839,22.0,198.0,68.15625,77.06981793112982,5.928264844451429,0.0,892.0,892.0,0.7314577685590022,0.0814780587111258,0.2627138426664783,0.3590102439122126,0.1210446844410848,72.67842837032424,0.1012095460563682,0.1969371729389411,27.98387096774193,162.0,27.125,-57.0,53.724848766655455,54.08064516129032,0.5161290322580645,25.0,163.0,52.40625,48.31915987408618,5.692387270791102,1.0,833.0,834.0,0.7450980392156863,0.0661017348115717,0.188235294117647,0.2784313725490195,0.1243637145138344,55.062745098039215,26.096774193548388,0.8387096774193548,18.0,93.0,25.28125,35.01092184501145,5.2609834990210675,0.0,500.0,500.0,0.4941176470588235,0.0571686274509804,0.1776470588235297,0.3182352941176465,0.0957370418201366,28.5843137254902,0.9054094815009338,0.1736567468930528,1.5238095238095235,168,256,1092,1661
sciver_test_16,1,256,32,8.290322580645162,299.0,8.0625,-397.0,199.3868628915907,110.06451612903224,0.4193548387096774,27.0,301.0,106.65625,102.61384207765296,6.444008940632807,1.0,1107.0,1108.0,0.8950642134364151,0.0994856678234642,0.2000808863066099,0.2844280946735086,0.1121306783611069,110.13063428057497,101.77419354838707,0.8387096774193548,18.0,416.0,98.59375,138.33832155602258,6.482653863252591,0.0,1504.0,1504.0,0.5138964546296372,0.0692251362544675,0.2082794856714726,0.2562909748230615,0.0945887259503956,104.11460492671915,0.0667229842253756,0.169186442055508,108.0483870967742,244.0,104.71875,-20.0,88.84404678107308,128.5967741935484,0.5806451612903225,31.0,251.0,124.625,79.37401574192904,6.121480997747172,1.0,1068.0,1069.0,0.9882352941176472,0.1227289417639715,0.3568627450980392,0.4521568627450979,0.1809502377304287,131.0745098039216,20.548387096774192,0.935483870967742,19.0,70.0,19.90625,24.5323248172182,5.070823697557966,0.0,658.0,658.0,0.5882352941176471,0.0376482507896775,0.1188235294117648,0.2201960784313724,0.0934104737429801,24.77254901960783,0.937960498173326,0.2004205791877099,0.828125,256,212,898,744
sciver_test_18,1,256,32,-2.5483870967742206,284.0,-2.4375,-729.0,218.93277185873748,123.4516129032258,0.4193548387096774,29.0,289.0,119.625,101.87515337411767,6.504143767301063,1.0,1897.0,1898.0,0.8260477561227829,0.0660102825088167,0.2224932140905478,0.3518605785807199,0.1184470694002102,125.22150591922528,126.00000000000004,0.967741935483871,21.0,734.0,122.0625,172.78381317053402,7.002446257318381,0.0,2318.0,2318.0,0.4560963459825944,0.0561040260895281,0.1675207915793049,0.2381601760484311,0.0786244116331681,130.0491324755263,0.1217518519912181,0.1703216612997425,112.98387096774192,374.0,109.46875,0.0,117.12172737557069,126.8225806451613,0.8064516129032258,24.0,384.0,122.875,122.82577854424534,6.357986263323788,1.0,1488.0,1489.0,0.7058823529411764,0.0845825426944971,0.3058823529411765,0.4143137254901955,0.1372440211367581,125.85882352941177,13.83870967741936,0.967741935483871,14.0,121.0,13.40625,25.8733204466976,6.035005450447069,0.0,822.0,822.0,0.3529411764705883,0.026692428796336,0.0666666666666666,0.1056862745098036,0.0409693858543441,21.94117647058824,0.9524207903964508,0.099540808522022,1.868613138686131,137,256,886,1661
sciver_test_20,1,256,32,-95.74193548387096,792.0,-92.71875,-1557.0,660.9859697061939,306.29032258064524,0.5483870967741935,31.0,846.0,296.75,282.851219725141,7.495187232450545,1.0,3300.0,3301.0,0.9599249920661732,0.0928847363876017,0.2436273067805659,0.3165689606006844,0.1118095162741358,306.5196300790857,402.03225806451616,0.8387096774193548,22.0,1767.0,389.46875,593.4857824947768,8.037316110331632,0.0,5120.0,5120.0,0.8492539081786242,0.0795886044597369,0.1965370339882833,0.2386379920190354,0.082059856994159,407.4936548338534,0.121786519508836,0.1629545536604905,291.46774193548384,719.0,282.375,-126.0,273.71732110884034,474.9838709677419,0.6774193548387096,25.0,838.0,460.15625,337.06500758153095,7.613744429502496,1.0,3403.0,3404.0,0.788235294117647,0.1409840221719013,0.3600000000000006,0.4549019607843138,0.1469863444927036,479.7686274509804,183.5161290322581,0.9032258064516128,22.0,551.0,177.78125,198.89723074602497,7.337094455997786,0.0,2601.0,2601.0,0.4705882352941176,0.0743741095053938,0.192156862745098,0.2509803921568627,0.0815592125933385,193.4470588235294,0.8999496241184222,0.1751867037151181,1.0118577075098814,253,256,1622,1642
sciver_test_22,1,256,32,-60.45161290322583,260.0,-58.53125,-409.0,224.60172867419675,127.74193548387096,0.1935483870967742,31.0,260.0,123.78125,86.65835734906068,6.312767786704795,1.0,1261.0,1262.0,0.9879273752300096,0.1012355819199945,0.2568360754103935,0.3791062102326086,0.1573255704931494,127.6580688011131,188.19354838709677,0.6774193548387096,24.0,467.0,182.3125,169.98243245626884,6.5984157048015355,0.0,1712.0,1712.0,0.705113072689343,0.1117895979322751,0.3623273807565971,0.4449873070503766,0.153044561824101,191.383791660055,0.1109262299518669,0.2194648365242119,105.3064516129032,256.0,103.84375,-145.0,100.66625221958698,146.79032258064518,0.2580645161290322,30.0,256.0,144.03125,61.620047658513705,5.886414593417679,1.0,1136.0,1137.0,1.0,0.1314588511460922,0.496078431372549,0.7803921568627451,0.2416718118242092,149.33725490196076,41.48387096774195,0.8709677419354839,22.0,220.0,40.1875,50.24902828662461,5.483073631574369,0.0,936.0,936.0,0.6274509803921569,0.048743086978381,0.1137254901960784,0.3411764705882353,0.1161570740518333,45.62352941176469,0.9245598658277744,0.1937958446017103,1.3195876288659794,194,256,289,382
sciver_test_24,1,256,32,-17.17741935483871,187.0,-16.59375,-264.0,112.32482455333503,51.822580645161295,0.4838709677419355,25.0,187.0,50.25,60.26244684710371,5.854263288629997,1.0,624.0,625.0,0.987218134713423,0.0827903478839629,0.1800736769719755,0.2095702512816354,0.0976493686092816,51.66117707959286,69.0,0.8387096774193548,16.0,287.0,66.84375,94.05420955989956,5.915163281988924,0.0,856.0,856.0,0.5035770662850543,0.0826780814473827,0.2689692526495015,0.3262754967300355,0.1116228816671503,70.77243771895967,0.0861541318026245,0.1896087793070186,51.43548387096774,155.0,49.84375,-7.0,56.14162302550132,58.645161290322584,0.4838709677419355,23.0,155.0,56.84375,55.394668840399255,5.594361841145983,1.0,599.0,600.0,0.7137254901960784,0.1002913352319224,0.3105882352941177,0.3807843137254902,0.1399986185576246,60.07450980392156,7.20967741935484,0.967741935483871,12.0,41.0,7.0,11.984364814206884,4.843820120441148,0.0,431.0,431.0,0.3607843137254902,0.022737819025522,0.0549019607843137,0.1607843137254901,0.0520122616184709,9.799999999999995,0.68559239498645,0.4391845043408526,2.0813008130081303,123,256,799,1660
sciver_test_25,1,256,32,4.419354838709671,149.0,4.3125,-143.0,79.71999337525061,40.61290322580644,0.4193548387096774,27.0,150.0,39.375,45.60616049395082,5.727646496706272,1.0,1240.0,1241.0,0.7781968436169325,0.0330230787904105,0.101331505426375,0.1881070620873559,0.0795466726714109,40.948617700109025,36.19354838709678,0.8387096774193548,19.0,146.0,35.0625,50.5871386199101,5.982652339263029,0.0,1302.0,1302.0,0.4808278015230791,0.0324005599380452,0.1202270877978299,0.1731665140032159,0.0670045040824141,42.185529039334874,0.13849414724692,0.1950604380691093,37.016129032258064,139.0,35.90625,-43.0,48.4157511656847,49.75806451612903,0.3225806451612903,31.0,139.0,48.25,41.054841371024686,5.632114425190286,1.0,967.0,968.0,0.996078431372549,0.0547154125352312,0.1568627450980392,0.2823529411764706,0.1244557228358144,52.90980392156863,12.741935483870972,0.967741935483871,16.0,56.0,12.34375,15.191711093142208,5.254201253174255,0.0,604.0,604.0,0.5686274509803921,0.0291845214907154,0.0772549019607844,0.1517647058823531,0.0684900347290165,17.627450980392144,0.901351591361182,0.1796240441636728,3.710144927536232,69,256,2040,7526
sciver_test_26,1,256,32,14.354838709677413,87.0,13.9375,-128.0,54.75795461620165,41.032258064516135,0.7096774193548387,27.0,123.0,39.78125,40.519080671178855,5.350522905749638,1.0,541.0,542.0,0.8640040150099125,0.0753550155136785,0.2190346364499732,0.3441463404512702,0.1222809276124799,40.76706339290007,26.67741935483871,0.8387096774193548,18.0,134.0,25.84375,38.70570805369022,5.492378938741759,0.0,654.0,654.0,0.4846943625658917,0.0432354312570078,0.13964284449299,0.197445500069985,0.0727351902037262,28.27597204208312,0.0849903528623219,0.1498608626884154,45.11290322580645,149.0,43.71875,0.0,51.203780606879995,47.20967741935485,0.8387096774193548,23.0,161.0,45.75,53.881815114192285,5.343215231899355,1.0,575.0,576.0,0.7215686274509804,0.0812890025575447,0.2941176470588235,0.4219607843137251,0.1366832256394987,46.74117647058823,2.0967741935483866,0.8387096774193548,10.0,12.0,2.03125,3.7457006604238945,3.932135651028142,0.0,127.0,127.0,0.1607843137254901,0.0207812258761772,0.04,0.124313725490196,0.0372270682878549,2.6392156862745098,0.9643598492479184,0.0913294044768857,3.506849315068493,73,256,400,1400
sciver_test_27,1,256,32,0.5483870967741744,172.0,0.5625,-393.0,121.72277352143271,74.22580645161288,0.5806451612903225,31.0,198.0,71.9375,64.19060362506337,6.032798100744273,1.0,1106.0,1107.0,0.9890385455753452,0.0656698222524579,0.2050057925929128,0.3151609462364448,0.1121241054936312,72.63082341121844,73.67741935483872,0.935483870967742,19.0,411.0,71.375,107.24497365844238,6.53723415227881,0.0,1416.0,1416.0,0.5118748406952632,0.0539390574793838,0.150237128876827,0.2034502469030955,0.0728743623666144,76.37770539080755,0.0615709068862457,0.1245876323493128,73.53225806451614,241.0,71.25,-31.0,74.42529811831459,97.43548387096776,0.5806451612903225,26.0,258.0,94.40625,79.77580279093091,6.00947502289922,1.0,963.0,964.0,0.8588235294117648,0.1033697798953433,0.3176470588235294,0.4741176470588234,0.1543137677555991,99.54509803921567,23.903225806451616,0.6774193548387096,17.0,151.0,23.15625,37.34979030647294,5.89646661444497,0.0,726.0,726.0,0.3529411764705882,0.036266407389402,0.0862745098039216,0.1372549019607843,0.0515118355099397,26.32941176470587,0.9531350528492646,0.1195327722524914,1.3333333333333333,192,256,600,800
sciver_test_29,1,256,32,-30.580645161290324,313.0,-29.59375,-607.0,282.79860981082896,143.38709677419357,0.3225806451612903,31.0,321.0,138.9375,109.40376407487084,6.435350494848886,1.0,1140.0,1141.0,0.8807428505328331,0.1253070919746969,0.3414866277005596,0.4433000622343114,0.1480692730307501,142.85008485115455,173.96774193548387,0.8387096774193548,23.0,639.0,168.53125,215.4875263755132,6.977015804193593,0.0,1792.0,1792.0,0.5142599156944062,0.097387868191005,0.2424471179904413,0.3028449190186232,0.0980749317960727,174.51905979828098,0.1103828956391004,0.2139925822363867,15.129032258064507,174.0,15.84375,-189.0,117.34940066288154,121.56451612903226,0.1612903225806451,31.0,198.0,119.0625,52.52436190711887,5.958479697390673,1.0,892.0,893.0,0.9607843137254902,0.1365163105600985,0.4352941176470588,0.6,0.2002378817962736,121.77254901960784,106.43548387096776,0.8387096774193548,29.0,229.0,103.21875,78.79789590108038,6.127195911665976,0.0,959.0,959.0,1.0,0.1154102516919176,0.3372549019607843,0.4431372549019607,0.15139338351899,110.678431372549,0.6250322329452614,0.446175186235995,1.3333333333333333,192,256,598,797
sciver_test_31,1,256,32,7.032258064516104,171.0,6.84375,-426.0,141.62916131905004,99.74193548387092,0.6451612903225806,30.0,256.0,96.65625,81.49601576726006,6.360978170829155,1.0,2142.0,2143.0,0.7392537291103688,0.0473600916829864,0.1489969966183566,0.2772975693170713,0.1028739934361421,101.44531638495708,92.70967741935486,0.935483870967742,23.0,436.0,89.8125,127.08226604743086,6.80762744204032,0.0,2854.0,2854.0,0.5696618343057267,0.0354862924406213,0.115509496421094,0.1787041665004654,0.0696692157247318,101.27787862553323,0.0762032849634563,0.1326367946741815,76.50000000000001,273.0,74.125,-69.0,97.30613739636364,83.01612903225806,0.8387096774193548,25.0,278.0,80.4375,97.18633439815495,6.5472268666279465,1.0,2706.0,2707.0,0.6941176470588235,0.0333434778198049,0.0823529411764705,0.2196078431372549,0.0825900801735517,90.2274509803922,6.5161290322580685,0.967741935483871,7.0,100.0,6.3125,20.390619013409083,7.247487899591413,0.0,2308.0,2308.0,0.1764705882352941,0.0090716009107282,0.0117647058823529,0.0235294117647059,0.0137462315303789,20.937254901960745,0.9701148807476206,0.0695006303408626,1.4970760233918128,171,256,1628,2442
sciver_test_33,1,256,32,4.032258064516127,315.0,3.9375,-369.0,225.66414999673745,131.83870967741936,0.4193548387096774,27.0,343.0,127.75,124.35181944788744,6.440724825612505,1.0,1223.0,1224.0,0.9780422857867128,0.1075016813972016,0.3022368607657946,0.3922714512811263,0.1358995170654489,131.47455634877767,127.80645161290322,0.7096774193548387,22.0,379.0,123.8125,135.93344821547785,6.571710910940765,0.0,1404.0,1404.0,0.559534864653278,0.0930064120450523,0.2778711662471766,0.3345436600368479,0.1133184584833109,130.58100251125344,0.1391803021131553,0.222734140332972,93.4032258064516,375.0,90.5,-121.0,137.59973655498035,101.37096774193547,0.6774193548387096,18.0,376.0,98.21875,132.87417318063544,6.254973643894916,1.0,1080.0,1081.0,0.5294117647058824,0.0941975308641975,0.3019607843137255,0.3609803921568625,0.1217504878078209,101.73333333333332,7.967741935483875,0.967741935483871,10.0,138.0,7.71875,25.40452023631818,5.68176605032288,0.0,499.0,499.0,0.1725490196078432,0.0243467326810483,0.0588235294117647,0.0862745098039216,0.0289191191047344,12.149019607843137,0.9585939720090936,0.0932398996191932,1.855072463768116,138,256,4200,7800
sciver_test_35,1,256,32,-4.193548387096776,196.0,-4.03125,-218.0,116.81167652866516,67.67741935483869,0.5161290322580645,29.0,205.0,65.59375,65.86295401010723,5.750097711298061,1.0,593.0,594.0,0.9404222798472748,0.1122504020508257,0.2776292925000624,0.3932146374517944,0.1412658818785009,66.56448841613967,71.87096774193549,0.8064516129032258,18.0,269.0,69.625,97.02279049274968,6.1962021703223655,0.0,979.0,979.0,0.4215439988573631,0.0754949161231707,0.2226537633158553,0.2678148877556626,0.0923118462922471,73.90952288458419,0.1294153360305475,0.1887455663912805,6.8225806451612865,146.0,6.625,-95.0,75.28975278880918,75.40322580645163,0.4516129032258064,28.0,188.0,73.0625,56.685501618579686,5.560150603834076,1.0,638.0,639.0,0.9529411764705882,0.1179052185137377,0.3580392156862748,0.5456862745098038,0.1882735298252895,75.2235294117647,68.58064516129033,0.6451612903225806,27.0,178.0,66.4375,58.48340443023132,5.883852116990829,0.0,999.0,999.0,0.7333333333333333,0.0719111268130875,0.2407843137254905,0.403921568627451,0.125643400300244,71.8392156862745,0.8123845387035413,0.2751294216781149,3.820895522388059,67,256,435,1660
sciver_test_38,1,256,32,7.354838709677404,183.0,7.15625,-218.0,117.47742053661844,67.93548387096772,0.5161290322580645,31.0,187.0,65.84375,52.18064139062973,6.168343280297854,1.0,1157.0,1158.0,0.9133118056655068,0.0584355766853729,0.1754972858540373,0.2324291216622788,0.0921774216132956,67.60996222497647,60.58064516129032,0.935483870967742,18.0,270.0,58.6875,88.163710469501,6.4934794036488315,0.0,1949.0,1949.0,0.6383500669764316,0.0325389638233274,0.0993033730919923,0.1765368207584455,0.0635429005642417,63.41844049166512,0.0721754955661813,0.1546884019596477,261.17741935483866,900.0,256.28125,-788.0,485.8623927085091,461.62903225806457,0.1935483870967742,30.0,900.0,450.46875,277.2851628259931,7.463739206183601,1.0,2264.0,2265.0,1.0,0.204416961130742,0.388235294117647,0.4503921568627447,0.1406577002283027,462.8,200.45161290322585,0.935483870967742,25.0,815.0,194.1875,253.92240910118588,7.48708346703016,0.0,2293.0,2293.0,0.4352941176470588,0.0904560341362886,0.1764705882352941,0.207843137254902,0.0632164175186039,207.4156862745098,0.8943604123121329,0.2257172401704857,1.299492385786802,197,256,2000,2600
sciver_test_39,1,256,32,-57.45161290322582,281.0,-55.625,-475.0,234.2394274561821,98.6129032258064,0.4516129032258064,30.0,296.0,95.5625,93.94810319399748,6.35788956409242,1.0,1132.0,1133.0,0.8435268016028193,0.0868641868042001,0.213530329651763,0.3049181940437138,0.1146754813724353,98.33025946235456,156.06451612903228,0.8709677419354839,22.0,502.0,151.1875,182.01072040885393,6.69354562909274,0.0,1495.0,1495.0,0.5459310716606072,0.1070199272851511,0.2891473085957652,0.3641575417480396,0.1203067193633164,159.99479129130088,0.1120215434391359,0.1802177140043528,41.69354838709678,256.0,40.40625,-97.0,88.5267824499315,73.91935483870968,0.6129032258064516,22.0,259.0,71.625,86.36143164051879,6.063197620423404,1.0,898.0,899.0,0.6823529411764706,0.0822787021267304,0.2207843137254904,0.3411764705882352,0.1161849755714954,73.88627450980391,32.225806451612904,0.8064516129032258,13.0,136.0,31.21875,49.66936579459718,5.9778596958125885,0.0,921.0,921.0,0.3450980392156862,0.0409827340273785,0.1333333333333333,0.196078431372549,0.0613094472345286,37.74509803921568,0.9606029294679655,0.0925271642430524,1.6305732484076434,157,256,1582,2587
sciver_test_41,1,256,32,3.4516129032258025,141.0,3.375,-114.0,72.01681661251072,41.548387096774185,0.3870967741935484,29.0,145.0,40.28125,42.39194674035978,5.132047868540901,1.0,404.0,405.0,0.905689847214021,0.1012993601877031,0.2642336521078091,0.4306969656679441,0.1538347428317878,40.92494151583205,38.09677419354839,0.7419354838709677,21.0,127.0,36.90625,45.224688621786,5.236723143369524,0.0,452.0,452.0,0.6874929530663028,0.08626620184591,0.288638057377957,0.3465020543017164,0.1251262358847245,38.992323234351325,0.0758610477940115,0.1858927667583789,29.532258064516128,117.0,28.625,-11.0,37.96688524227396,42.40322580645163,0.4516129032258064,25.0,117.0,41.09375,35.773033991227244,4.8501877865358685,1.0,334.0,335.0,0.8313725490196078,0.1266525771985441,0.403921568627451,0.6419607843137252,0.1993106445576448,42.30196078431373,12.870967741935486,0.9032258064516128,16.0,38.0,12.46875,14.943611458998122,4.313362721474286,0.0,240.0,240.0,0.4823529411764705,0.0589215686274509,0.2133333333333332,0.3276470588235287,0.1104648206967252,14.141176470588231,0.8752301019091848,0.2176724061087055,1.3473684210526315,190,256,618,831
sciver_test_42,1,256,32,17.258064516129018,251.0,16.75,-382.0,141.31171218267792,101.9032258064516,0.6451612903225806,30.0,297.0,98.75,85.73906635834099,6.298947738437034,1.0,1627.0,1628.0,0.981734406141902,0.0611382031677396,0.1676975807581516,0.328599682404486,0.1238266667569313,99.4718565539124,84.64516129032259,0.967741935483871,20.0,420.0,82.0,120.86045672592836,6.635551505835833,0.0,1711.0,1711.0,0.6325094452152618,0.0515279509082532,0.1536460190806301,0.2277559662134359,0.0776296115839475,88.16432400402124,0.0977039658064454,0.1631299859514143,78.04838709677418,299.0,75.625,-124.0,97.07913975206002,102.56451612903228,0.6774193548387096,26.0,323.0,99.375,95.81941022047673,6.250554789281534,1.0,1395.0,1396.0,0.8313725490196078,0.0759631737999859,0.2627450980392157,0.3725490196078431,0.1314856451344983,105.9686274509804,24.516129032258075,0.935483870967742,17.0,262.0,23.75,53.36431391857296,6.3524362539303265,0.0,1058.0,1058.0,0.3019607843137255,0.0249082619815411,0.0509803921568627,0.0790196078431372,0.036531672298446,26.352941176470587,0.922546453926398,0.1354466284656148,1.2610837438423643,203,256,823,1038
sciver_test_45,1,256,32,-30.903225806451616,174.0,-29.90625,-177.0,96.78402482299184,53.99999999999999,0.1935483870967742,26.0,174.0,52.34375,48.93721064729272,5.485495017683121,1.0,483.0,484.0,0.9386837615222356,0.1112574202963031,0.2352160229487038,0.311672256115768,0.1623499963796778,53.7373340031144,84.90322580645163,0.7419354838709677,25.0,196.0,82.25,68.98731767506257,5.545125860091621,0.0,553.0,553.0,0.7765059400539085,0.1552841959455453,0.5172141843040953,0.6291316856291003,0.2006349072593913,85.87216035788654,0.0427389309687972,0.1356959971486963,21.79032258064515,121.0,21.125,-268.0,68.2114130846151,42.08064516129032,0.4193548387096774,24.0,122.0,40.78125,41.61935725641976,5.244916099148734,1.0,511.0,512.0,0.7647058823529411,0.0835347837765243,0.2627450980392157,0.4647058823529412,0.1471257117663764,42.68627450980392,20.290322580645167,0.935483870967742,14.0,288.0,19.65625,50.49418863530238,5.456627808644312,0.0,512.0,512.0,0.4627450980392157,0.0421492034313725,0.0549019607843137,0.1974509803921567,0.0739912980791054,21.580392156862754,0.9390155069189136,0.0856218369827366,1.3333333333333333,192,256,1245,1660
sciver_test_47,1,256,32,-10.999999999999996,159.0,-10.625,-235.0,97.72625990489966,48.096774193548384,0.5483870967741935,30.0,176.0,46.625,48.36369376919013,5.741948667795174,1.0,635.0,636.0,0.9833319294576552,0.0756096206580515,0.1759456326509418,0.2806586542040712,0.1094752547222726,48.01210911786272,59.096774193548384,0.8064516129032258,19.0,248.0,57.25,81.82718069199257,5.831298981197135,0.0,758.0,758.0,0.4025648160453869,0.0798866537998232,0.2396910627664849,0.2821834646441092,0.1013574952824668,60.554083580266045,0.048097106831569,0.1275641417476998,42.69354838709677,123.0,41.375,0.0,39.980268570883815,51.62903225806451,0.6451612903225806,30.0,141.0,50.03125,43.90578291566499,5.439984674889602,1.0,555.0,556.0,0.9254901960784314,0.0938138138138138,0.2666666666666666,0.4768627450980389,0.1509254075490968,52.06666666666666,8.935483870967744,0.8709677419354839,16.0,27.0,8.65625,10.68178758155675,4.207887344209023,0.0,273.0,273.0,0.4862745098039216,0.0370609782374488,0.0886274509803922,0.2854901960784307,0.0872114806227406,10.117647058823524,0.9794960171568629,0.0806871928166246,1.6,160,256,500,800
sciver_test_48,1,256,32,-38.225806451612904,170.0,-37.0,-308.0,136.57232516143233,52.70967741935484,0.4838709677419355,27.0,187.0,51.09375,55.97675822104653,5.722221191597612,1.0,663.0,664.0,0.9591346507521614,0.0792854226727831,0.2144327657011347,0.2986409196691326,0.1151287748374557,52.56623523205519,90.93548387096774,0.7741935483870968,21.0,322.0,88.09375,109.9452589288756,5.93531360140345,0.0,748.0,748.0,0.6595817345857723,0.1223014595367616,0.3280326935667963,0.3781069572910517,0.1424644486533979,91.48149173349768,0.142086795275653,0.2107318633441239,64.03225806451613,185.0,62.0625,1.0,58.627498614131575,67.58064516129032,0.5483870967741935,25.0,185.0,65.5,58.45938761225608,5.488425792995095,1.0,609.0,610.0,0.9176470588235294,0.1112141408287452,0.4,0.5239215686274511,0.1707681460926961,67.72941176470587,3.548387096774195,0.967741935483871,14.0,27.0,3.4375,5.527982792122277,5.017701207182752,0.0,363.0,363.0,0.3019607843137254,0.0144006914060389,0.0352941176470588,0.0470588235294117,0.030959297488016,5.2274509803921525,0.912138751861504,0.1716818183344879,3.240506329113924,79,256,513,1661
sciver_test_49,1,256,32,37.935483870967744,334.0,36.78125,-163.0,115.35346071287805,110.80645161290325,0.7419354838709677,30.0,408.0,107.375,119.28687846951148,6.549106298556813,1.0,1666.0,1667.0,0.8508746583336723,0.0667096470797634,0.2282573051523455,0.3162781373082386,0.1015468898143318,111.13827203488589,72.8709677419355,0.8387096774193548,19.0,390.0,70.59375,116.64177515340504,6.633432490949589,0.0,2344.0,2344.0,0.7334424013709384,0.0341476632662111,0.1138394126226237,0.1640933883241791,0.068422370069108,80.04212269599883,0.0763113541114461,0.1373447984939582,98.01612903225808,467.0,94.96875,-362.0,165.42832367353995,139.66129032258067,0.6774193548387096,27.0,521.0,135.3125,154.85526256395033,6.537327898699262,1.0,1782.0,1783.0,0.8156862745098039,0.0786118263242446,0.2980392156862744,0.3607843137254902,0.1228274244092871,140.0862745098039,41.64516129032259,0.967741935483871,22.0,405.0,40.34375,77.8751442113432,6.98052247011746,0.0,2003.0,2003.0,0.4,0.0222019911309506,0.0392156862745097,0.0666666666666667,0.0367000746004197,44.47058823529411,0.8966896892252048,0.1845719635500261,1.2427184466019416,206,256,2385,2971
sciver_test_51,1,256,32,-5.806451612903236,118.0,-5.59375,-343.0,97.98050168751688,61.483870967741936,0.6129032258064516,31.0,158.0,59.59375,44.99573547501474,6.5038005281464395,1.0,2926.0,2927.0,0.9479196564863038,0.0232523119147686,0.0485487968844827,0.1056191480819773,0.0700782260151994,68.0362646626131,67.29032258064517,0.967741935483871,25.0,377.0,65.1875,93.91599887000083,7.075009679473007,0.0,3389.0,3389.0,0.8050551656658942,0.0269636635872117,0.0513509943549078,0.1063827175159779,0.0654171383532717,91.37985589706076,0.1136802685041442,0.1788847088382224,97.0483870967742,450.0,94.0625,1.0,87.50033482078797,110.98387096774196,0.967741935483871,31.0,507.0,107.5625,97.056342367462,6.565158485066672,1.0,2524.0,2525.0,0.9647058823529412,0.0441207544824585,0.0941176470588235,0.2117647058823529,0.1100041192924501,111.36078431372547,13.935483870967744,0.967741935483871,24.0,57.0,13.5,17.797471730557685,6.544219270673745,0.0,1485.0,1485.0,0.388235294117647,0.0194388327721661,0.0274509803921568,0.0431372549019608,0.0397561283571409,28.86666666666667,0.9094679562165776,0.1865037730817263,1.9393939393939392,132,256,753,1461
sciver_test_53,1,256,32,-74.12903225806453,108.0,-71.78125,-404.0,173.09385719440624,51.51612903225808,0.4516129032258064,28.0,112.0,49.9375,31.979424537505363,6.00401071966165,1.0,827.0,828.0,0.899924376303205,0.0606741061710607,0.1373044355120822,0.2132816592241223,0.0932315505541166,50.17748580346726,125.64516129032258,0.7741935483870968,19.0,455.0,121.71875,167.94906861437934,6.569304557301418,0.0,1540.0,1540.0,0.7393423679066938,0.0830780717576954,0.2595184611674302,0.3311440429533662,0.109865193984881,127.94023050685104,0.0621257304779799,0.1455778673920989,-74.70967741935483,1.0,-78.34375,-383.0,97.163717950362,12.403225806451612,0.1935483870967742,17.0,49.0,12.5625,12.934782323255384,4.791700443304833,1.0,325.0,326.0,0.4941176470588235,0.0316380090497737,0.0847058823529412,0.1694117647058825,0.0616420811584371,10.28235294117647,87.11290322580645,0.0,26.0,417.0,90.90625,104.60561629729784,6.50121184362373,0.0,1559.0,1559.0,0.807843137254902,0.0532040397942371,0.1490196078431372,0.192156862745098,0.0883901648534763,82.94509803921568,0.0690559989239598,0.1484299949971731,1.5609756097560976,164,256,520,814
sciver_test_55,1,256,32,-7.61290322580645,241.0,-7.34375,-258.0,162.9312756530725,83.6774193548387,0.3870967741935484,29.0,242.0,81.09375,86.39963808337104,5.821099062212606,1.0,670.0,671.0,0.9395055617996212,0.1231603944064165,0.3235034614197622,0.4621591189414309,0.1610610185951236,82.5174642522991,91.29032258064514,0.7419354838709677,20.0,276.0,88.4375,105.96046948626643,5.995102860784285,0.0,827.0,827.0,0.5528024768519404,0.1122526154864379,0.3405305816255232,0.3984826229143784,0.1361179977458514,92.8329130072842,0.0651954532595258,0.1660382193577939,51.24193548387097,215.0,49.65625,-34.0,73.82098675808594,77.7258064516129,0.3870967741935484,29.0,219.0,75.3125,68.90457055776488,5.524006165235558,1.0,621.0,622.0,0.8784313725490196,0.1259322408512519,0.4705882352941176,0.6352941176470588,0.1961371582984028,78.20392156862745,26.483870967741936,0.8709677419354839,20.0,69.0,25.65625,28.27831476480697,5.024356327385084,0.0,645.0,645.0,0.5254901960784314,0.0465845873233014,0.1592156862745098,0.396078431372549,0.1100174424355952,30.04705882352941,0.9647732204861112,0.1230041302990739,1.3333333333333333,192,256,480,640
sciver_test_57,1,256,32,-8.145161290322598,116.0,-7.84375,-346.0,98.61101275180933,53.98387096774193,0.7096774193548387,28.0,180.0,52.34375,50.70417227346779,5.969891261149991,1.0,1373.0,1374.0,0.9999980776679804,0.0403629150698423,0.1022217743701263,0.2069709125849156,0.0965848216571712,55.41828239089348,62.12903225806453,0.967741935483871,20.0,350.0,60.1875,94.70230907295766,6.528953630183626,0.0,1526.0,1526.0,0.4931570081268497,0.0440340903020194,0.1278754152428256,0.1783237402280127,0.0635680267527093,67.19602180088162,0.0662655469517342,0.1579609332247864,66.95161290322581,170.0,65.0625,-106.0,59.46897168902452,76.5483870967742,0.6451612903225806,30.0,173.0,74.375,55.381489461732606,5.729147558178553,1.0,951.0,952.0,1.0,0.0805591637285829,0.3058823529411764,0.4098039215686274,0.1554637531035168,76.61176470588235,9.596774193548391,0.967741935483871,18.0,135.0,9.3125,23.894870657737403,5.618006957170437,0.0,613.0,613.0,0.3176470588235294,0.0235677957969484,0.0627450980392156,0.0705882352941176,0.037252441016041,14.447058823529408,0.8710324754901962,0.3034847858776796,1.3061224489795915,196,256,1749,2279
sciver_test_58,1,256,32,2.096774193548363,264.0,2.0625,-701.0,207.99743650764063,124.9032258064516,0.6451612903225806,29.0,285.0,121.03125,99.86631200478718,6.4696599430102335,1.0,1516.0,1517.0,0.9834536675813526,0.0809857545842739,0.1946027308501142,0.3575793218799232,0.132006868879096,122.77440394975926,122.80645161290326,0.935483870967742,20.0,707.0,118.96875,171.23621922197856,6.847068840611117,0.0,1773.0,1773.0,0.548068273916571,0.071946376324198,0.2052809700272156,0.2600664831886247,0.0890444917690439,127.56092522280304,0.1183731641732953,0.1713264967979447,71.75806451612904,333.0,69.53125,-116.0,115.98868058322545,80.53225806451614,0.935483870967742,16.0,353.0,78.03125,114.34992467613392,6.235098598729071,1.0,1135.0,1136.0,0.5019607843137255,0.0716316835104085,0.2337254901960785,0.3058823529411765,0.1016651846283358,81.30196078431372,8.774193548387103,0.967741935483871,9.0,209.0,8.5,36.32492257390234,6.022259099118791,0.0,599.0,599.0,0.192156862745098,0.0240073324822416,0.0431372549019607,0.0470588235294118,0.0228227059245531,14.38039215686274,0.9689406318082788,0.0669373046789507,2.1880341880341883,117,256,3300,7200
sciver_test_59,1,256,32,-6.903225806451624,322.0,-6.65625,-366.0,204.9500868161258,120.61290322580643,0.3870967741935484,31.0,331.0,116.875,102.00911417613624,6.250036344763309,1.0,1127.0,1128.0,0.9024429960181432,0.1054858066566845,0.2855640746529689,0.3809863531114306,0.1486500567048261,118.88250410208347,127.51612903225808,0.7419354838709677,21.0,420.0,123.53125,149.08617146951457,6.589623919452851,0.0,1533.0,1533.0,0.5581098594993353,0.0862221409477167,0.2628320779181832,0.3316732201199002,0.1121518159752027,132.17854207284972,0.1218252270178461,0.2001183476543531,96.5,284.0,93.5,-109.0,99.23992392177657,127.37096774193547,0.4838709677419355,28.0,295.0,123.40625,98.11532097963855,6.088533758464843,1.0,1046.0,1047.0,0.8745098039215686,0.1229070595733513,0.384313725490196,0.5519607843137255,0.1802909496147642,128.5607843137255,30.870967741935488,0.967741935483871,18.0,167.0,29.90625,40.82000074641719,5.529273289791222,0.0,723.0,723.0,0.4627450980392157,0.0502101808911669,0.1568627450980392,0.3254901960784314,0.093080933448049,36.30196078431372,0.9422566731770832,0.138749582081242,2.0,128,256,600,1200
sciver_test_62,1,256,32,10.838709677419358,60.0,10.53125,-25.0,21.07869833356652,44.35483870967742,0.6451612903225806,24.0,110.0,43.0,33.36165463522455,4.937034477350709,1.0,506.0,507.0,0.6747057861017612,0.0883528056692679,0.3898456664313141,0.4647414683570974,0.1699819005575152,44.70651966864958,33.516129032258064,0.8064516129032258,20.0,101.0,32.46875,36.252572645779225,4.826371028823706,0.0,419.0,419.0,0.6350247502759605,0.0823081929136627,0.3033719742418829,0.4040786340884261,0.1419087410701892,34.48713283082467,0.0369037623436613,0.1056318690772542,38.645161290322584,86.0,37.53125,1.0,28.99782790895725,42.83870967741937,0.6129032258064516,25.0,100.0,41.59375,32.52293361518146,4.760094468867341,1.0,407.0,408.0,0.7333333333333334,0.1094185094185094,0.4117647058823529,0.6199999999999999,0.1997859315138707,44.53333333333333,4.193548387096774,0.6129032258064516,17.0,14.0,4.0625,4.2568878009644555,3.706798232078539,0.0,132.0,132.0,0.603921568627451,0.0352346999405822,0.0623529411764706,0.1982352941176461,0.0800297395127513,4.650980392156862,0.9798511380463644,0.0833729936865283,1.3333333333333333,192,256,480,640
sciver_test_65,1,256,32,-22.90322580645161,139.0,-22.15625,-152.0,86.14345207813244,39.032258064516135,0.3225806451612903,24.0,147.0,37.84375,41.88459544913261,5.158025323669066,1.0,395.0,396.0,0.8800702102232455,0.097402641835195,0.2223073452292647,0.3240320179910613,0.151094431172168,38.47404352490206,61.93548387096773,0.6774193548387096,22.0,164.0,60.0,60.3179077886493,5.383728879371414,0.0,485.0,485.0,0.6969009107130163,0.1285996956980274,0.3832247743957347,0.4826208257236482,0.16643515758216,62.37085241354329,0.0757463230488751,0.2069574452733882,32.96774193548387,117.0,32.0625,-7.0,38.24177811961677,51.22580645161291,0.2258064516129032,27.0,118.0,49.75,29.700589219744447,4.803934445147425,1.0,369.0,370.0,0.996078431372549,0.1390722142515542,0.6399999999999997,0.8588235294117647,0.2528631883381189,51.317647058823525,18.258064516129036,0.8387096774193548,20.0,38.0,17.6875,14.727604820540236,4.064329816141132,0.0,280.0,280.0,0.7568627450980392,0.0714285714285714,0.2199999999999999,0.5923529411764706,0.1723498249985408,19.999999999999996,0.877666355721393,0.2391540451226399,1.27363184079602,201,256,883,1122
sciver_test_66,1,256,32,-6.838709677419359,126.0,-6.59375,-94.0,68.36065177379089,39.87096774193549,0.2580645161290322,26.0,126.0,38.65625,42.5349924878035,5.129441197402866,1.0,402.0,403.0,0.9151392980356552,0.098059862780798,0.2427034306499962,0.2891364087402388,0.1481803820728371,39.4200648378808,46.70967741935483,0.7096774193548387,23.0,103.0,45.25,42.08176564736798,4.9737289992399445,0.0,480.0,480.0,0.6621355240578013,0.0997856461765361,0.4420435346464099,0.4961896484930999,0.1729325879421925,47.89711016473733,0.0337220020527134,0.1155064108016765,38.1290322580645,97.0,37.0,1.0,32.22479635311913,44.2258064516129,0.3548387096774194,28.0,98.0,42.90625,30.31229059206018,4.859273814464825,1.0,331.0,332.0,0.992156862745098,0.1355606895326106,0.3803921568627451,0.6941176470588235,0.2169288751093507,44.870588235294115,6.096774193548388,0.6451612903225806,17.0,18.0,5.90625,6.231770289211566,4.028284953309955,0.0,217.0,217.0,0.6784313725490196,0.033215866991958,0.1270588235294117,0.1898039215686273,0.0796943825919585,7.2078431372548994,0.9814512344571976,0.0905102978237021,1.248780487804878,205,256,800,1000
sciver_test_68,1,256,32,5.903225806451606,123.0,5.75,-149.0,77.57335238340548,51.032258064516135,0.5806451612903225,25.0,146.0,49.46875,45.24515469569642,5.772495793553802,1.0,796.0,797.0,0.6516621602958284,0.0637581454516117,0.1457824120443685,0.3180315725327821,0.1090116542919567,50.75148377948293,45.12903225806451,0.9032258064516128,19.0,174.0,43.71875,60.198232103920624,5.63501037255085,0.0,826.0,826.0,0.5009784925851428,0.0565875358054932,0.1802437282574787,0.3232188540568256,0.1003333399445061,46.74130457533744,0.1101629084467488,0.1747135516980762,37.435483870967744,156.0,36.34375,-70.0,51.57313337327392,56.53225806451613,0.6451612903225806,30.0,161.0,54.84375,45.02229265527801,5.381744577559209,1.0,707.0,708.0,1.0,0.079884627118174,0.3152941176470587,0.4799999999999994,0.1553960403384373,56.47843137254902,19.096774193548388,0.935483870967742,18.0,104.0,18.5,29.047375096555623,5.1370019645180385,0.0,400.0,400.0,0.5764705882352941,0.0500490196078431,0.1137254901960784,0.2472549019607841,0.0788460697212991,20.019607843137255,0.8845899926811003,0.1965467996845865,1.7777777777777777,144,256,405,718
sciver_test_69,1,256,32,-13.387096774193552,183.0,-12.9375,-407.0,171.663540374041,81.09677419354838,0.6774193548387096,28.0,262.0,78.59375,75.45439822129323,6.324482727921373,1.0,1341.0,1342.0,0.996032487091849,0.0608564842900833,0.1598985467163221,0.2544292026100775,0.0990539301111244,81.60854543300178,94.48387096774196,0.935483870967742,17.0,419.0,91.53125,140.45572798372268,6.589819092270883,0.0,1588.0,1588.0,0.4960077613866286,0.0612073046848151,0.1845852830781726,0.2449098897036504,0.0847320217160416,97.19719983948649,0.1983852696411011,0.219553298786057,81.75806451612907,426.0,79.34375,-122.0,148.55882870411136,113.98387096774198,0.6774193548387096,26.0,428.0,110.5625,125.04272707258907,6.421530927450538,1.0,1477.0,1478.0,1.0,0.0781233820542435,0.2156862745098039,0.4313725490196078,0.1285149331728991,115.38823529411764,32.225806451612904,0.8064516129032258,14.0,196.0,31.21875,56.15644129071482,6.310629774611938,0.0,1098.0,1098.0,0.2588235294117647,0.0314439801421479,0.0784313725490195,0.1333333333333333,0.0456415438882507,34.52549019607844,0.759698744188397,0.2723257953810274,2.6391752577319587,97,256,508,1345
sciver_test_70,1,256,32,17.419354838709673,105.0,16.90625,-227.0,88.44785164681785,62.129032258064505,0.7419354838709677,28.0,149.0,60.21875,45.619852021214406,5.942164032250032,1.0,831.0,832.0,0.9857087443997926,0.0737568427301987,0.180919250155539,0.2976138889759306,0.1117517354073392,61.29193630879513,44.70967741935485,0.8709677419354839,20.0,230.0,43.3125,64.97761032655787,6.02824843118836,0.0,981.0,981.0,0.6761204991084565,0.0480179919076761,0.1504835005280883,0.1955300225608189,0.0750169222596643,47.105650061430325,0.1126748166589558,0.2045924021366152,53.564516129032256,210.0,51.90625,-38.0,74.82076891436962,60.37096774193549,0.8064516129032258,21.0,216.0,58.5,73.50680240630795,5.911693043312271,1.0,830.0,831.0,0.6274509803921569,0.0734183793999527,0.2274509803921568,0.3119607843137253,0.1077691655882139,60.937254901960785,6.806451612903228,0.935483870967742,8.0,63.0,6.59375,16.701158969888887,5.59098430505377,0.0,517.0,517.0,0.1411764705882353,0.0187582963552925,0.0588235294117647,0.0839215686274508,0.0264739167907385,9.69803921568627,0.931067835988562,0.151096786310284,2.1333333333333333,120,256,790,1690
sciver_test_72,1,256,32,5.774193548387097,289.0,5.625,-261.0,139.6034002988466,71.0967741935484,0.5483870967741935,26.0,294.0,68.90625,81.56836066108905,6.123556973948551,1.0,1534.0,1535.0,0.9698348402885064,0.0458821895625958,0.1356989195104105,0.2258352230385966,0.0952935900927166,70.38327878902201,65.3225806451613,0.8064516129032258,18.0,295.0,63.28125,101.92896864207692,6.51743058435392,0.0,2245.0,2245.0,0.4229246458874591,0.0314584807999581,0.1180372513206461,0.1861909767764735,0.0620701683394396,70.62428939590596,0.091483381205016,0.1451744777475063,64.17741935483872,230.0,62.1875,-125.0,83.65533362404337,95.37096774193547,0.5483870967741935,29.0,232.0,92.40625,78.19561183939608,5.84550426724029,1.0,1023.0,1024.0,0.9372549019607844,0.094320817280969,0.3364705882352943,0.544313725490196,0.1710390337492694,96.49019607843135,31.19354838709678,0.967741935483871,18.0,161.0,30.21875,42.910323914385685,5.3507558436478115,0.0,736.0,736.0,0.5254901960784314,0.0455189684569479,0.1725490196078431,0.2980392156862744,0.0941404579912018,33.501960784313724,0.9189332227989236,0.1305855944496956,1.673202614379085,153,256,515,860
sciver_test_74,1,256,32,-21.258064516129036,77.0,-20.5625,-94.0,58.452939136967274,27.38709677419354,0.3225806451612903,21.0,98.0,26.5625,31.333825073712273,5.09492159161656,1.0,225.0,226.0,0.6156495698867204,0.118576726659283,0.2210298765603905,0.268751715985266,0.0936621374816948,26.679763498338687,48.645161290322584,0.6129032258064516,26.0,99.0,47.125,38.70703262974314,4.668971360051296,0.0,275.0,275.0,0.6471934921346008,0.1788050351278163,0.5354771201127079,0.5649759770466859,0.2367706940584709,49.1713846601495,0.0183236942783156,0.1008928645228992,-24.854838709677423,1.0,-27.25,-204.0,45.63715591489023,1.0161290322580645,0.0,1.0,2.0,1.03125,0.1739926363384381,-0.0,1.0,1.0,2.0,0.0039215686274509,0.0039215686274509,0.0039215686274509,0.0039215686274509,0.0,0.0039215686274509,25.87096774193548,0.0,16.0,206.0,28.28125,45.75835605042537,4.9595002589994195,0.0,337.0,337.0,0.615686274509804,0.0715773549775993,0.2274509803921568,0.2627450980392156,0.1006797625515874,24.12156862745098,0.0055846344219505,0.0444633327175602,1.6623376623376624,154,256,498,830
sciver_test_76,1,256,32,-54.58064516129036,263.0,-52.84375,-1093.0,352.4875094750699,148.0,0.7096774193548387,30.0,484.0,143.40625,128.35153373036684,7.227921207257067,1.0,3391.0,3392.0,0.7902999929748725,0.0436157386627947,0.1042955703635374,0.1751378076747939,0.074683185265788,147.90096980553693,202.5806451612903,0.8709677419354839,21.0,1103.0,196.25,306.05054729570406,7.453104819156873,0.0,3750.0,3750.0,0.594621460286135,0.05459036323264,0.1540392867409752,0.2120269140110682,0.0773729313285243,204.71386212240031,0.1824819705906601,0.1767417840196398,73.66129032258063,452.0,71.375,-677.0,240.45669438591224,135.1451612903226,0.8064516129032258,21.0,471.0,130.9375,161.08207098789734,6.8472423703084395,1.0,2113.0,2114.0,0.6431372549019607,0.0645323534051576,0.1450980392156862,0.2980392156862745,0.0994094500860692,136.35686274509803,61.48387096774197,0.967741935483871,10.0,712.0,59.5625,166.75411117495725,6.914742136888402,0.0,1810.0,1810.0,0.2431372549019608,0.0406196511753872,0.1176470588235294,0.1372549019607842,0.0461950856817798,73.52156862745099,0.9238248859867332,0.1061965296315793,1.27363184079602,201,256,1307,1661
sciver_test_79,1,256,32,22.7258064516129,343.0,22.0625,-153.0,137.47907511236028,101.33870967741936,0.3225806451612903,31.0,350.0,98.21875,99.62954330135966,6.088535014582835,1.0,755.0,756.0,0.8671890745111845,0.1332836266265157,0.3563241360276939,0.4549565571780311,0.1474296975857845,100.6291381030194,78.61290322580645,0.7419354838709677,23.0,183.0,76.15625,71.87015608677568,6.2866498596616225,0.0,927.0,927.0,0.5531401220927219,0.0857454496363615,0.2327514694171912,0.270993853356043,0.0935459384834886,79.48603181290713,0.1807100666979543,0.2380164080759762,250.67741935483872,380.0,244.75,1.0,72.37057413065064,251.61290322580643,0.6774193548387096,26.0,380.0,245.65625,71.22921160547476,6.069415016304266,1.0,609.0,610.0,1.0,0.4148749154834348,0.9152941176470591,0.976470588235294,0.3286540361148919,252.6588235294118,0.9354838709677428,0.967741935483871,5.0,23.0,0.90625,4.0339138485470905,5.460353164887222,0.0,311.0,311.0,0.0823529411764706,0.0140848622407162,0.0274509803921568,0.0372549019607842,0.0120392041110874,4.380392156862745,0.9106921129300776,0.196728225817194,0.20703125,256,53,7512,1544
sciver_test_81,1,256,32,26.096774193548384,261.0,25.3125,-116.0,88.45565184740882,86.51612903225805,0.5806451612903225,31.0,302.0,83.84375,81.14959541450284,5.832851357817025,1.0,870.0,871.0,0.913216813481207,0.1002473232395907,0.333906402210539,0.4671244011348719,0.1643883516341992,87.21517121844391,60.41935483870967,0.8064516129032258,26.0,196.0,58.53125,68.09597288707681,5.847158635953383,0.0,944.0,944.0,0.8230123756667987,0.065706453171753,0.2275613309164877,0.2956542027295335,0.1085691858862287,62.02689179413488,0.0504087136723835,0.1267692772577379,80.11290322580645,282.0,77.625,0.0,79.78868575806973,98.46774193548386,0.5806451612903225,27.0,288.0,95.40625,86.87881623812274,5.741366113205174,1.0,845.0,846.0,0.8980392156862745,0.1199164636268708,0.487058823529412,0.5866666666666663,0.1946630440574607,101.32941176470588,18.354838709677423,0.7419354838709677,21.0,70.0,17.78125,24.088034341504496,4.944054423367361,0.0,395.0,395.0,0.3686274509803922,0.0510300322660709,0.192156862745098,0.2258823529411761,0.0848325851406569,20.15686274509803,0.9727727720186434,0.0984231748043328,1.3989071038251366,183,256,1000,1400
sciver_test_82,1,256,32,19.612903225806452,194.0,19.03125,-183.0,103.34030081936814,97.38709677419357,0.4516129032258064,31.0,230.0,94.375,71.15025913515706,6.136359241693432,1.0,1469.0,1470.0,0.9192848521380502,0.0654132146268163,0.220324932189746,0.3038910822950115,0.1206737145662776,96.09201228679323,77.77419354838709,0.7741935483870968,22.0,243.0,75.34375,84.5952160936864,6.203074186112039,0.0,1324.0,1324.0,0.6647765131655727,0.0622109756613264,0.2124210493251113,0.2959343160245155,0.1023057731127242,82.36733177559616,0.0852466413850121,0.16571126910773,82.1774193548387,217.0,79.65625,-231.0,89.76692367424373,119.20967741935482,0.4838709677419355,31.0,226.0,115.53125,64.23102072548357,6.120976083357055,1.0,1458.0,1459.0,0.996078431372549,0.0840662739718658,0.2756862745098037,0.4470588235294117,0.1659668968781428,122.5686274509804,37.03225806451613,0.8709677419354839,18.0,368.0,35.875,70.9937277159046,6.08300665359106,0.0,1231.0,1231.0,0.603921568627451,0.0306239148787053,0.0509803921568626,0.0745098039215685,0.0715045536178659,37.69803921568627,0.9041721432744084,0.1234178137767784,1.3264248704663213,193,256,587,780
sciver_test_83,1,256,32,0.8709677419354813,141.0,0.875,-112.0,73.10042322038909,41.51612903225805,0.3225806451612903,27.0,141.0,40.25,42.54115654281157,5.203050950986745,1.0,484.0,485.0,0.9117371520710972,0.0839586778746178,0.2435020648190906,0.4036975125871612,0.1394682984058491,40.636000091315026,40.64516129032259,0.7096774193548387,20.0,121.0,39.375,42.48878528506081,5.168498981015642,0.0,465.0,465.0,0.6347309457037531,0.0893238579100408,0.3081366219264976,0.3935686359990884,0.1350021681683502,41.53559392816897,0.0582177403904001,0.1570497913038716,38.29032258064515,123.0,37.15625,-2.0,40.461485834525405,51.35483870967741,0.3548387096774194,29.0,125.0,49.8125,36.42066506463055,4.941563456510709,1.0,401.0,402.0,0.992156862745098,0.1284240379443547,0.4156862745098039,0.6941176470588235,0.2185223949546025,51.49803921568627,13.064516129032256,0.6451612903225806,18.0,27.0,12.65625,11.170858782452672,3.888831795766982,0.0,203.0,203.0,0.5686274509803921,0.0693905148266202,0.3364705882352943,0.4498039215686271,0.1473543028601822,14.086274509803918,0.9420479837114216,0.1494811233611771,1.147982062780269,223,256,725,831
sciver_test_85,1,256,32,2.1290322580645147,144.0,2.09375,-139.0,81.99213353083026,47.2258064516129,0.4516129032258064,30.0,157.0,45.78125,43.0847525052367,5.319990804332566,1.0,521.0,522.0,0.7077983927877544,0.0891142137381385,0.2832948615228687,0.4158691302101864,0.1406802087170882,46.428505357570174,45.09677419354839,0.8064516129032258,24.0,151.0,43.6875,52.86092454497935,5.428130183741015,0.0,512.0,512.0,0.8285883271501177,0.0910440603668872,0.2822013921985696,0.327360185056659,0.1292374842841202,46.61455890784626,0.1241610982353515,0.2345823457581631,26.532258064516128,135.0,25.71875,-97.0,49.80037297488343,43.85483870967742,0.5161290322580645,23.0,136.0,42.5,42.8580505856251,5.174462524690741,1.0,497.0,498.0,0.6784313725490196,0.0877184676687576,0.2682352941176472,0.5419607843137254,0.1540893439083608,43.59607843137255,17.322580645161295,0.935483870967742,19.0,116.0,16.78125,25.106939248691784,4.9665414522065,0.0,403.0,403.0,0.4627450980392157,0.0468933975575341,0.1105882352941178,0.2745098039215686,0.0895986686227954,18.898039215686275,0.6946621091246956,0.2500670270402826,1.673202614379085,153,256,509,850
sciver_test_87,1,256,32,-25.709677419354858,263.0,-24.875,-292.0,172.4934328460072,89.70967741935483,0.4193548387096774,30.0,297.0,86.9375,90.16995671369703,6.079978240390527,1.0,963.0,964.0,0.934543134852659,0.0918491224588093,0.2153789784126357,0.2984161489910975,0.133982686982695,88.45070492783343,115.41935483870968,0.7096774193548387,22.0,310.0,111.8125,116.16352630559216,6.105815201853308,0.0,1135.0,1135.0,0.653499589450626,0.1037760932791753,0.3733498281855322,0.4443597736034703,0.1525762055971601,117.78586587186405,0.1215454816952008,0.1999639830573312,83.38709677419354,208.0,81.78125,-67.0,72.6656445539259,100.32258064516128,0.3548387096774194,30.0,214.0,98.1875,58.07507936929574,5.5971626714413585,1.0,749.0,750.0,1.0,0.1359983245634702,0.4556862745098041,0.6705882352941176,0.2289780793528305,101.8627450980392,16.935483870967744,0.967741935483871,19.0,90.0,16.40625,21.447405692472454,5.226827437986271,0.0,613.0,613.0,0.584313725490196,0.034788727889198,0.0933333333333336,0.1717647058823523,0.077893240560692,21.325490196078423,0.9226873378027682,0.1884961651878763,2.5098039215686274,102,256,594,1496
sciver_test_88,1,256,32,9.967741935483858,173.0,9.6875,-366.0,129.74384318244162,98.38709677419354,0.7419354838709677,31.0,296.0,95.34375,78.54879429970583,6.178730387663828,1.0,1128.0,1129.0,0.9467821161731896,0.0849214063880455,0.1793634112410098,0.3524639093464378,0.1450644683319416,95.79134640571532,88.41935483870968,0.8387096774193548,26.0,405.0,85.65625,111.7129718785491,6.384862537250229,0.0,1414.0,1414.0,0.6380504751418646,0.0647876360538672,0.1725998044474412,0.2579702772707271,0.0993619535807775,91.6097173801683,0.0759109088476709,0.1808487206454795,107.7258064516129,231.0,105.03125,1.0,73.06652977552376,136.19354838709677,0.6774193548387096,27.0,234.0,132.625,77.98627683765908,6.077348875232044,1.0,1109.0,1110.0,1.0,0.1240934245654979,0.3654901960784316,0.6392156862745098,0.2034411876581305,137.61960784313726,28.46774193548388,0.935483870967742,16.0,99.0,27.59375,35.579891946681066,5.083907886565507,0.0,563.0,563.0,0.5098039215686274,0.057799602967297,0.2156862745098039,0.3917647058823529,0.1150531464609468,32.541176470588226,0.8192366372053873,0.3577069389048638,1.292929292929293,198,256,455,589
sciver_test_89,1,256,32,-7.806451612903254,182.0,-7.53125,-485.0,163.84824998588633,97.90322580645164,0.7741935483870968,30.0,347.0,94.875,86.38711926554792,6.593104676612817,1.0,1836.0,1837.0,0.84266968941254,0.0535512195344368,0.1304702824803524,0.191641068408145,0.098528951994785,98.32003906522606,105.70967741935486,0.9032258064516128,17.0,509.0,102.40625,148.32520423359443,6.799254614680686,0.0,2483.0,2483.0,0.4936698708256064,0.0447198557833203,0.144657603360428,0.200824614875079,0.0770156317008691,111.03940190998443,0.10407053960877,0.1598393866765863,104.16129032258064,412.0,100.96875,-73.0,119.67834087017374,132.3548387096774,0.8064516129032258,30.0,418.0,128.28125,119.58449794366116,6.540762233035987,1.0,1838.0,1839.0,0.9333333333333332,0.0726364974716763,0.2117647058823529,0.2790196078431367,0.1316414612201052,133.50588235294117,28.19354838709679,0.967741935483871,14.0,215.0,27.3125,60.50952275262134,6.405746875630944,0.0,1254.0,1254.0,0.4078431372549019,0.0269600025017981,0.0823529411764706,0.1058823529411764,0.0397963921539989,33.807843137254906,0.9188004493464051,0.1388590090935282,1.7066666666666668,150,256,907,1549
sciver_test_90,1,256,32,-29.37096774193549,237.0,-28.40625,-409.0,192.65413624144568,83.11290322580645,0.4516129032258064,30.0,239.0,80.5625,82.00950306976625,6.470095020500148,1.0,1307.0,1308.0,0.959413385573918,0.0626446117298177,0.1719289673904807,0.240648446164252,0.0851122159110367,81.87650753087176,112.48387096774196,0.935483870967742,18.0,411.0,108.96875,144.36379488444288,6.666680940283665,0.0,1382.0,1382.0,0.5382112112549924,0.0836440561135829,0.2303105572367617,0.2859166927743777,0.0932093275406912,115.59608554897164,0.2158599478460381,0.2220828609788336,56.20967741935484,240.0,54.46875,-54.0,77.53869371763687,71.33870967741935,0.6451612903225806,20.0,240.0,69.125,80.4416519907442,6.0899814878335565,1.0,1003.0,1004.0,0.6352941176470588,0.0718081050964752,0.2384313725490198,0.3250980392156861,0.1071304854541668,72.0235294117647,15.129032258064518,0.8064516129032258,11.0,119.0,14.65625,30.671250152830417,5.745685426440653,0.0,649.0,649.0,0.3450980392156862,0.0280008459470074,0.0666666666666666,0.0980392156862745,0.0438664180648545,18.17254901960784,0.8886051829268292,0.1317948729949212,3.1219512195121952,82,256,1097,3415
sciver_test_91,1,256,32,-27.258064516129032,162.0,-26.375,-148.0,91.66745264814551,54.03225806451613,0.2258064516129032,30.0,166.0,52.375,41.565272463921126,5.477812814848226,1.0,519.0,520.0,0.9700976235870638,0.1028072493653793,0.2451387370939269,0.3629727276709973,0.154038510012846,53.35696242063187,81.29032258064515,0.7096774193548387,26.0,186.0,78.75,69.38659812961002,5.5412990958003085,0.0,668.0,668.0,0.8547977283792685,0.123125884946464,0.4400882139591471,0.5235778537368765,0.1825091624211171,82.248091144238,0.0828673765399537,0.1960931319333086,51.032258064516135,103.0,50.34375,1.0,24.052818669284896,61.83870967741935,0.1290322580645161,26.0,104.0,60.8125,19.952188946328672,4.992799708125393,1.0,469.0,470.0,1.0,0.1336510723692462,0.4117647058823529,0.9215686274509792,0.2549594509876795,62.68235294117647,10.806451612903228,0.967741935483871,15.0,26.0,10.46875,7.301474059222563,3.5751505948995987,0.0,238.0,238.0,0.9568627450980391,0.0530894710825506,0.0415686274509804,0.6141176470588232,0.1664920449652074,12.635294117647057,0.9516976715686274,0.1649817476327614,2.048,125,256,942,1936
sciver_test_92,1,256,32,-27.451612903225836,266.0,-26.5625,-671.0,265.79820088508876,135.38709677419354,0.7419354838709677,30.0,307.0,131.1875,114.17870792643434,6.5301721638126216,1.0,1394.0,1395.0,0.963252957949444,0.096815776030108,0.2773583168629043,0.3862237764733938,0.1329572802354705,134.96119178597064,162.83870967741933,0.8387096774193548,24.0,695.0,157.75,221.54062832807892,6.95433602775875,0.0,1955.0,1955.0,0.6287571459127477,0.0850785924196316,0.2204805123958317,0.2717477182886577,0.098094636713007,166.32864818037996,0.129914192237566,0.1810350921925814,103.82258064516128,380.0,100.59375,-122.0,153.1041025281083,126.43548387096774,0.8387096774193548,25.0,406.0,122.5,146.64924138910504,6.548968084574841,1.0,1404.0,1405.0,0.7176470588235294,0.0914697502932797,0.2941176470588235,0.3607843137254902,0.1178523569257279,128.42352941176472,22.61290322580646,0.9032258064516128,14.0,176.0,21.90625,49.74457217564043,6.179412682632226,0.0,1051.0,1051.0,0.2274509803921568,0.0270927781198111,0.0901960784313725,0.1176470588235294,0.03943470326744,28.47450980392156,0.949688601026348,0.1027879910719728,2.0,128,256,700,1400
sciver_test_93,1,256,32,-19.5483870967742,315.0,-18.90625,-384.0,194.7239005898801,74.12903225806448,0.4838709677419355,26.0,320.0,71.84375,95.70792462454456,6.037165568917379,1.0,786.0,787.0,0.9894773180574494,0.0931472786999963,0.2520848932141564,0.3207311703659403,0.1136543622303806,73.21376105819715,93.6774193548387,0.8064516129032258,19.0,390.0,90.75,137.29211557842643,6.34772883442846,0.0,994.0,994.0,0.5585937634464477,0.0948535503044443,0.2545147008132275,0.2956164749261834,0.1004432612044488,94.2844290026177,0.2020154723811623,0.2066878764028331,64.35483870967741,305.0,62.375,-113.0,111.77565421414452,104.12903225806453,0.5161290322580645,30.0,316.0,100.90625,91.8866010957936,6.006889129649973,1.0,829.0,830.0,0.984313725490196,0.1263180302277726,0.3372549019607843,0.5325490196078421,0.1673689051520044,104.71764705882352,39.774193548387096,0.7419354838709677,22.0,152.0,38.53125,50.03372885801637,5.644970635237132,0.0,696.0,696.0,0.5607843137254902,0.0610716700473292,0.1999999999999999,0.3225490196078431,0.1012634419123928,42.50588235294117,0.8453696409119204,0.188798138203387,4.063492063492063,63,256,292,1179
sciver_test_95,1,256,32,-105.12903225806453,343.0,-101.8125,-351.0,231.77972267597096,111.06451612903226,0.1612903225806451,28.0,343.0,107.625,106.92454991721966,6.243545033270399,1.0,1274.0,1275.0,0.960095838602888,0.0872703221028929,0.2098901985938399,0.3257923640416367,0.1462891430452306,111.18239035908556,216.19354838709677,0.5161290322580645,26.0,421.0,209.4375,162.2243696050319,6.424536110683665,0.0,1320.0,1320.0,0.7610891675502857,0.1666369863102034,0.5141854939373496,0.5991474943574187,0.2067867779541892,219.9608219294685,0.1189023185895829,0.2191214910291794,73.61290322580643,225.0,74.84375,-128.0,84.70614992984571,112.61290322580646,0.0,29.0,225.0,112.625,53.81725443572907,5.647820910789316,1.0,1065.0,1066.0,1.0,0.1081285096198103,0.2392156862745098,0.9137254901960784,0.2398714189434008,115.15686274509804,39.0,0.935483870967742,23.0,182.0,37.78125,41.94172622147901,5.257079263019604,0.0,858.0,858.0,0.8705882352941177,0.0507335801453448,0.0823529411764706,0.1692156862745097,0.1407579330385914,43.52941176470588,0.8522610142448068,0.2389192088216042,1.2673267326732671,202,256,1893,2403
sciver_test_96,1,256,32,-7.290322580645173,279.0,-7.03125,-410.0,187.09948629923463,100.87096774193547,0.4838709677419355,30.0,295.0,97.75,96.60357136255368,6.389749656319088,1.0,1103.0,1104.0,0.8005656725783329,0.0912435457826084,0.2556249146103188,0.3467362188620453,0.1177128976382466,100.64163099821712,108.16129032258064,0.935483870967742,19.0,414.0,104.78125,137.7735311968068,6.680864194569212,0.0,1439.0,1439.0,0.5150172204197092,0.0765069906157315,0.2198412682404683,0.2839718334683896,0.0910850162390446,110.09355949603776,0.1495000208706424,0.1922559854036496,51.24193548387098,526.0,49.65625,-284.0,212.78533921757275,136.46774193548387,0.6451612903225806,24.0,570.0,132.21875,179.35609384249395,6.573370525665506,1.0,1169.0,1170.0,0.6823529411764706,0.116734598030829,0.2862745098039215,0.3827450980392153,0.122869312192277,136.4627450980392,85.2258064516129,0.935483870967742,14.0,323.0,82.5625,128.34522232537523,6.597979330780609,0.0,1133.0,1133.0,0.2980392156862745,0.07822369901182,0.188235294117647,0.2235294117647058,0.073432110952726,88.62745098039215,0.909093929004186,0.1402998417012119,2.8764044943820224,89,256,531,1530
sciver_test_97,1,256,32,1.7741935483870803,217.0,1.75,-251.0,149.30003348961446,102.64516129032256,0.4193548387096774,31.0,220.0,99.46875,74.15481456680679,6.009914575316189,1.0,1115.0,1116.0,0.9691221180367352,0.0912803022680685,0.2778239175897994,0.4249510485900009,0.1608428141846553,101.7775370288964,100.87096774193547,0.7096774193548387,20.0,289.0,97.71875,115.90519681376456,6.510378162428261,0.0,1433.0,1433.0,0.4462117627238081,0.0727815912552652,0.2248991694982241,0.2820068720680529,0.0944454933344232,104.2960202687951,0.0778964203092035,0.1531184379714958,108.06451612903226,222.0,104.71875,-107.0,92.2195865770255,125.61290322580643,0.5806451612903225,28.0,222.0,121.71875,80.40103947361315,5.8499799654847475,1.0,883.0,884.0,0.9137254901960784,0.1435702706903826,0.4894117647058826,0.7015686274509804,0.2205307014495035,126.77254901960784,17.5483870967742,0.967741935483871,15.0,140.0,17.0,32.04489038832868,5.437098753755104,0.0,653.0,653.0,0.3490196078431372,0.0346215055700687,0.0854901960784316,0.2047058823529409,0.0656409898303364,22.607843137254896,0.962458848184244,0.1128250489048738,1.514792899408284,169,256,1085,1644
sciver_test_99,1,256,32,12.80645161290317,344.0,12.4375,-806.0,292.3391585021582,157.70967741935482,0.8064516129032258,28.0,535.0,152.8125,179.13235984531104,7.088534778025655,1.0,2612.0,2613.0,0.763935992172567,0.0608508517863264,0.1564333378629728,0.2551180032199866,0.0926271147234658,158.94242486588462,144.90322580645167,0.935483870967742,16.0,891.0,140.375,261.76692280538424,7.484311469705972,0.0,3590.0,3590.0,0.8929689751230259,0.0424143195674447,0.1187991600471424,0.1535113177315639,0.0552777936144016,152.2674072471267,0.1135675565978459,0.1780382824181422,236.3064516129032,774.0,228.96875,-131.0,245.9679202120421,262.56451612903226,0.8064516129032258,30.0,792.0,254.40625,248.44602776244483,7.098768199744005,1.0,2804.0,2805.0,0.9568627450980391,0.0948490951302061,0.3058823529411765,0.3954901960784309,0.1432729938196204,265.956862745098,26.258064516129043,0.967741935483871,17.0,312.0,25.4375,62.00803249378261,6.327249858491714,0.0,1263.0,1263.0,0.984313725490196,0.0279508794808501,0.0666666666666666,0.1133333333333328,0.0503155932667513,35.301960784313714,0.9213708290333676,0.1792890441201895,0.890625,256,228,1868,1661
sciver_test_101,1,256,32,8.64516129032258,268.0,8.40625,-217.0,143.26458463604152,79.48387096774195,0.4838709677419355,28.0,281.0,77.03125,86.27843168160568,5.887785198770121,1.0,782.0,783.0,0.7849691242188322,0.1004806354554378,0.2872716552467086,0.3819327188691612,0.1378840635741639,78.57585692615243,70.83870967741935,0.7741935483870968,22.0,242.0,68.625,87.31256710806298,5.9958975732766735,0.0,905.0,905.0,0.7822394358452097,0.0813000054544523,0.2612174219154993,0.3144754401966532,0.1133609307626849,73.57650493627939,0.1260389205491399,0.2135139435205721,66.98387096774194,288.0,64.90625,-45.0,94.5252477433278,92.88709677419357,0.5483870967741935,28.0,290.0,90.0,88.05360583190219,5.825700586077788,1.0,785.0,786.0,0.8352941176470589,0.1190058698638691,0.3905882352941177,0.5239215686274505,0.1732630385424346,93.41960784313724,25.90322580645162,0.9032258064516128,18.0,89.0,25.09375,32.329707096376545,5.203332286421367,0.0,533.0,533.0,0.4784313725490196,0.0536732516646433,0.207843137254902,0.2721568627450979,0.09662186676627,28.607843137254893,0.7368877336090686,0.2670003555825894,1.3333333333333333,192,256,480,640
sciver_test_103,1,256,32,1.9999999999999936,241.0,1.96875,-260.0,132.10778846622745,69.6774193548387,0.4838709677419355,26.0,243.0,67.53125,70.84445301812627,5.8366641107617525,1.0,886.0,887.0,0.8044803656918026,0.0784813898634515,0.2155470000278777,0.3511149390365193,0.1339290511006705,69.53451141901806,67.67741935483872,0.967741935483871,17.0,262.0,65.5625,92.5509783511228,6.2544353020575425,0.0,1024.0,1024.0,0.4282677616711257,0.0670686820364669,0.2027656025160721,0.27636552199148,0.0866115625846387,68.67833040534217,0.0661697970031601,0.1372900170418922,24.080645161290317,181.0,23.34375,-57.0,63.81154351633801,49.11290322580645,0.5161290322580645,24.0,182.0,47.59375,53.81441452749904,5.619449452908226,1.0,663.0,664.0,0.6862745098039216,0.0747641439682962,0.196078431372549,0.3054901960784313,0.1216846956524347,49.56862745098039,25.03225806451613,0.8709677419354839,16.0,91.0,24.25,31.78639646137951,5.375070759804198,0.0,499.0,499.0,0.4274509803921569,0.0573303469684467,0.2007843137254901,0.2945098039215684,0.0910227075534447,28.607843137254903,0.9595324352368684,0.1090378052527035,1.868613138686131,137,256,889,1661
sciver_test_105,1,256,32,10.193548387096774,150.0,9.90625,-149.0,78.19141551946416,57.483870967741936,0.0967741935483871,30.0,150.0,55.71875,39.035428119049755,5.892860195171246,1.0,1131.0,1132.0,0.9386516954532464,0.0506240293601346,0.1469670235410727,0.2511688206451907,0.097949190343503,57.255777206312246,47.29032258064517,0.8064516129032258,23.0,162.0,45.8125,54.47673672082424,5.885600663815384,0.0,1681.0,1681.0,0.662620188511204,0.0301984000815909,0.1053922934556736,0.1864190335475615,0.0777763057197177,50.763510537154346,0.0717173746059329,0.1832382180414295,24.19354838709676,97.0,22.875,-210.0,66.44064550408883,57.85483870967743,0.5161290322580645,29.0,112.0,57.03125,39.42039793606224,5.0943558868071115,1.0,475.0,476.0,0.9019607843137256,0.1207843137254902,0.4494117647058824,0.6196078431372549,0.2024134116572356,57.372549019607845,33.66129032258065,0.967741935483871,25.0,235.0,34.15625,49.63246755841885,5.56586864548902,0.0,843.0,843.0,1.0,0.0455469495034075,0.0862745098039216,0.2231372549019606,0.1095539038705903,38.396078431372544,0.5097378476605234,0.4298029487028657,1.098712446351931,233,256,1021,1120
sciver_test_106,1,256,32,31.38709677419354,352.0,30.4375,-214.0,122.2379691165965,70.77419354838709,0.7419354838709677,19.0,363.0,68.59375,106.91347534776662,6.653098914858555,1.0,2576.0,2577.0,0.9771510668761348,0.0280642116786076,0.0852360648826391,0.1390248210111378,0.0617700407049289,72.29340928409329,39.38709677419356,0.9032258064516128,11.0,276.0,38.15625,80.01957158056709,6.891126490578545,0.0,2598.0,2598.0,0.8926247304184716,0.0193050311051014,0.0561492342399862,0.0947820869584711,0.0370443760666579,50.15447081105358,0.0741922034102339,0.1782403116257607,89.62903225806451,381.0,87.125,-62.0,138.37240286632303,98.3548387096774,0.7419354838709677,19.0,382.0,96.03125,132.9601642351479,6.48238382992724,1.0,1793.0,1794.0,0.4823529411764705,0.0556193475717113,0.196078431372549,0.2901960784313726,0.0942272143170294,99.7254901960784,8.725806451612902,0.064516129032258,12.0,64.0,8.90625,15.61921768007284,5.505106573861653,0.0,582.0,582.0,0.992156862745098,0.0199717000202142,0.0549019607843137,0.0745098039215686,0.0485329905635469,11.623529411764702,0.8290390114379085,0.3495853601353746,0.99609375,256,255,1834,1827
sciver_test_109,1,256,32,-69.35483870967742,252.0,-67.15625,-240.0,138.3288900986974,86.48387096774194,0.1290322580645161,30.0,255.0,83.8125,66.46495199539379,6.063133212348947,1.0,1202.0,1203.0,0.9866586222423618,0.0707978238500942,0.179498208200063,0.2215062062605548,0.1358737493584727,85.09898426781331,155.83870967741936,0.7419354838709677,28.0,266.0,150.96875,98.71660333215227,6.105571284632989,0.0,1314.0,1314.0,0.8689807931212459,0.1210572553540798,0.4599071949527037,0.5973545315263333,0.1982514686222677,159.06923353526096,0.0801701594931314,0.1837646514323526,45.29032258064515,155.0,46.3125,-46.0,42.09545514363754,67.7741935483871,0.0,26.0,155.0,68.09375,30.928707715284517,5.328599957159334,1.0,827.0,828.0,1.0,0.0838988074068805,0.1858823529411764,0.3427450980392152,0.2057596922290196,69.38431372549019,22.48387096774194,0.967741935483871,18.0,87.0,21.78125,18.53330511370004,4.570149311260092,0.0,607.0,607.0,0.9686274509803922,0.0443195400071066,0.0862745098039216,0.1137254901960784,0.1502031291195897,26.901960784313715,0.9540586972179222,0.152273729422272,1.1228070175438596,228,256,1476,1660
sciver_test_111,1,256,32,4.741935483870968,191.0,4.625,-174.0,104.90404842044944,64.16129032258065,0.4193548387096774,30.0,200.0,62.1875,60.07934207154735,5.484646442912271,1.0,688.0,689.0,0.975513083373666,0.0920771782414598,0.2739421452489443,0.4278876090577943,0.1641794976071843,63.34909863012436,59.41935483870967,0.7741935483870968,20.0,198.0,57.5625,70.5752867068211,5.78489145725827,0.0,788.0,788.0,0.4957150015755878,0.0775634040360464,0.251332680807405,0.3155956871743294,0.1117726473303398,61.1199623804046,0.1205225623676954,0.1947762375522051,58.50000000000001,166.0,56.6875,-15.0,62.242187009696245,72.4032258064516,0.5483870967741935,28.0,167.0,70.15625,57.23859568453353,5.420322928447913,1.0,643.0,644.0,0.8705882352941177,0.1144634525660964,0.407058823529412,0.6266666666666665,0.1923002712925932,73.6,13.903225806451612,0.9032258064516128,14.0,62.0,13.46875,22.42763972061037,5.010222675025383,0.0,395.0,395.0,0.3215686274509803,0.0419061801935964,0.1490196078431372,0.2192156862745092,0.0701447898970743,16.552941176470586,0.9125176753393665,0.1629419756353166,2.8131868131868134,91,256,470,1329
sciver_test_115,1,256,32,24.90322580645161,173.0,24.15625,-170.0,102.47289561604816,74.16129032258063,0.4516129032258064,26.0,180.0,71.875,65.75463386712757,5.6670403742784226,1.0,596.0,597.0,0.9183512707288772,0.123706144344031,0.3792828415336106,0.5101618969838375,0.1650989188400375,73.72886202904252,49.25806451612904,0.8387096774193548,20.0,175.0,47.71875,59.72553598283987,5.757596747578679,0.0,707.0,707.0,0.5296321373775542,0.0712562921308617,0.2103627387822339,0.2640250462534192,0.0953768269112477,50.378198536519264,0.1286865956320899,0.2056157443326706,62.20967741935483,197.0,60.28125,-4.0,70.28434853107412,65.56451612903226,0.5806451612903225,22.0,197.0,63.53125,70.43657802191629,5.5125932576896,1.0,565.0,566.0,0.7019607843137254,0.1172930765226444,0.3843137254901961,0.4894117647058821,0.1630511388970141,66.27058823529411,3.3548387096774204,0.967741935483871,12.0,20.0,3.25,5.612486080160912,4.245876777069237,0.0,207.0,207.0,0.3294117647058824,0.0208771431277825,0.0509803921568627,0.1254901960784313,0.0447570322457127,4.321568627450978,0.9509764975905616,0.113237344158792,4.338983050847458,59,256,348,1522
sciver_test_116,1,256,32,-53.90322580645163,135.0,-52.1875,-469.0,173.428558328062,90.38709677419357,0.7096774193548387,30.0,188.0,87.59375,56.78240229981028,6.478025804780686,1.0,1466.0,1467.0,0.8426213844343031,0.0609960978215239,0.1659299382056953,0.2160074939592439,0.091206129910224,89.42027940635411,144.29032258064518,0.935483870967742,24.0,482.0,139.78125,157.48387504261348,6.595573842552833,0.0,1778.0,1778.0,0.7974217332720784,0.0843149157891556,0.2533615768214197,0.4081478163029416,0.1291094216166449,149.91192027311877,0.0948274910090485,0.1676651376503418,68.75806451612902,190.0,66.625,-123.0,74.42225389626412,98.79032258064515,0.7096774193548387,27.0,218.0,95.71875,70.79734916250396,6.24497034171601,1.0,1188.0,1189.0,0.8352941176470589,0.0843005215554235,0.2352941176470588,0.3790196078431367,0.1243410918257868,100.14901960784312,30.03225806451613,0.967741935483871,20.0,166.0,29.09375,45.74204806234085,6.152598325280003,0.0,1084.0,1084.0,0.4,0.0324976485058968,0.0784313725490196,0.1445098039215682,0.0524429108481531,35.22745098039215,0.8951593884505021,0.1868518150545073,0.80078125,256,205,3000,2400
sciver_test_118,1,256,32,-76.19354838709678,203.0,-73.78125,-438.0,205.182347921154,93.25806451612904,0.3870967741935484,30.0,247.0,90.375,83.74953358079077,6.2933525375291985,1.0,1174.0,1175.0,0.9041157107696962,0.0797227724026106,0.1974997814062182,0.3078479369291543,0.1167090371572189,93.59453480066492,169.4516129032258,0.7419354838709677,25.0,452.0,164.15625,159.56113823841162,6.471660335061612,0.0,1468.0,1468.0,0.6321695790816506,0.1171284082463355,0.3705281035427614,0.4470307835484828,0.1542891074349941,171.94450330562054,0.0769032279247826,0.16755407085663,82.30645161290323,218.0,79.84375,-70.0,78.6841428493537,106.91935483870968,0.3870967741935484,30.0,221.0,103.6875,62.99872890582793,5.848445826751135,1.0,890.0,891.0,0.996078431372549,0.1203877506058603,0.3101960784313726,0.6335294117647057,0.2008663849531093,107.1450980392157,24.61290322580646,0.967741935483871,20.0,104.0,23.84375,28.192540430715,5.090250776695012,0.0,731.0,731.0,0.7098039215686274,0.0408411791529197,0.0901960784313725,0.3117647058823529,0.1064900354661438,29.854901960784304,0.9586884957107844,0.1327412912871272,1.28,200,256,1300,1662
sciver_test_119,1,256,32,-32.74193548387098,193.0,-31.6875,-594.0,210.49382970469705,105.12903225806453,0.7096774193548387,29.0,329.0,101.875,93.6815583506167,6.506467382507903,1.0,1544.0,1545.0,0.9378897649431612,0.0678724114318524,0.1879827334439754,0.2834121769337092,0.1081866404960915,104.7950032507801,137.8709677419355,0.8387096774193548,19.0,645.0,133.5625,195.16034072974455,6.903689979145856,0.0,1951.0,1951.0,0.6968352150606423,0.0736031742835314,0.18680973479961,0.2809265589969134,0.0955833920425257,143.59979302716988,0.0841328652561968,0.1521287918609906,57.72580645161292,337.0,55.9375,0.0,90.5935074591441,65.75806451612904,0.9032258064516128,16.0,351.0,63.71875,101.18122181727942,6.383766707964627,1.0,1256.0,1257.0,0.4705882352941176,0.054146371924566,0.1647058823529412,0.2274509803921569,0.0749446152171224,68.0078431372549,8.032258064516128,0.9032258064516128,10.0,85.0,7.78125,20.656013614381163,6.278631297619279,0.0,780.0,780.0,0.0901960784313725,0.0112368024132729,0.0235294117647059,0.0313725490196078,0.011878837532019,8.764705882352933,0.9308211382697612,0.085382696131591,1.0,256,256,1661,1661
sciver_test_121,1,256,32,-17.645161290322587,181.0,-17.0625,-337.0,137.09552725654473,74.06451612903226,0.5161290322580645,31.0,221.0,71.78125,54.96404186772931,6.211566600889302,1.0,1302.0,1303.0,0.6677045914147348,0.0559900437665789,0.1691829126661478,0.2693365219781851,0.0931750783564335,72.89903698408582,91.70967741935485,0.9032258064516128,24.0,351.0,88.84375,110.25229855171956,6.42374462367429,0.0,1405.0,1405.0,0.5920934414916181,0.0685396070401728,0.204602688606705,0.2716028472837321,0.0978908480775626,96.2981478914428,0.0805197130411995,0.155695208040656,41.40322580645161,123.0,40.125,-117.0,54.653310741436336,74.69354838709677,0.4838709677419355,30.0,147.0,72.375,41.593080854872966,5.729721803804569,1.0,865.0,866.0,0.7568627450980392,0.0866462654425932,0.2745098039215686,0.4894117647058821,0.1529184618040149,74.94901960784313,33.29032258064516,0.967741935483871,22.0,151.0,32.25,38.43744918695828,5.3526694929207235,0.0,592.0,592.0,0.6,0.063924218335983,0.1725490196078432,0.3625490196078428,0.1118488698120603,37.84313725490196,0.9553941207893414,0.1261661264359621,1.3128205128205128,195,256,1268,1661
sciver_test_122,1,256,32,5.306451612903219,69.0,5.1875,-164.0,37.05269684854262,27.435483870967737,0.8387096774193548,21.0,85.0,26.625,29.370212375806886,5.777940193330242,1.0,694.0,695.0,0.5421679660333287,0.0381271628416564,0.1109988670191469,0.1506512108638893,0.0568874555285941,26.4602510121096,22.129032258064523,0.967741935483871,12.0,185.0,21.4375,40.979367903251024,5.977917683984829,0.0,798.0,798.0,0.2919380156470756,0.0308805429402833,0.0761993413789533,0.1225027966321249,0.0429862258532595,24.642673266346087,0.0796457574634093,0.1204488550244663,33.08064516129031,125.0,32.125,-156.0,54.80576497960776,41.11290322580645,0.7741935483870968,21.0,137.0,39.90625,46.173151949347144,5.589402511617392,1.0,659.0,660.0,0.6196078431372549,0.0616323008717902,0.1843137254901961,0.2941176470588235,0.1025261365367161,40.6156862745098,8.032258064516133,0.935483870967742,11.0,184.0,7.78125,31.926413804834077,5.886124380917696,0.0,499.0,499.0,0.0705882352941176,0.0141773743565562,0.0313725490196078,0.0392156862745097,0.0124533222016708,7.074509803921576,0.901936865755074,0.1206612708908493,4.491228070175438,57,256,944,4234
sciver_test_124,1,256,32,-118.29032258064515,345.0,-114.5625,-824.0,355.9946398385094,111.64516129032258,0.4838709677419355,31.0,363.0,108.1875,124.21891902504224,6.6438476368388315,1.0,1469.0,1470.0,0.911001220907166,0.0764759426763317,0.1755455480793836,0.2489586630583464,0.106604565793173,112.34315979153128,229.93548387096777,0.8064516129032258,20.0,852.0,222.75,304.7567677673459,7.128578250958185,0.0,2206.0,2206.0,0.8441172762956412,0.1057987228506151,0.2657467851112862,0.3104487583846298,0.1098533604549257,233.391982608457,0.0977206066091896,0.198246768024719,62.0,356.0,60.0,-200.0,165.1923121697859,139.20967741935482,0.4516129032258064,31.0,377.0,134.90625,121.09019349616013,6.3888561469930245,1.0,1319.0,1320.0,1.0,0.1070061989921063,0.2431372549019608,0.440392156862744,0.1629796250511618,141.14117647058822,77.20967741935483,0.8709677419354839,26.0,249.0,74.90625,80.56028774115383,6.19122698206299,0.0,1258.0,1258.0,1.0,0.0650799588515851,0.203921568627451,0.3378431372549014,0.1135635466729481,81.87058823529411,0.7657683747569275,0.3719554798220221,0.9453125,256,242,923,872
sciver_test_127,1,256,32,-20.806451612903235,57.0,-20.125,-186.0,64.30044226130953,44.129032258064505,0.7419354838709677,28.0,99.0,42.78125,27.458758137204605,5.497729681675327,1.0,820.0,821.0,0.991410332509396,0.0539202282805315,0.1502672603011638,0.2702364395670976,0.1146228128897254,44.21458719003583,64.93548387096774,0.967741935483871,24.0,206.0,62.90625,62.90437155665336,5.824538698049482,0.0,771.0,771.0,0.710953303102408,0.0881248803073223,0.2704326605101376,0.3613931446833594,0.1270881088957801,67.94428271694557,0.0392029157279482,0.1043154340151126,39.01612903225805,110.0,38.1875,-16.0,26.346771030811347,50.75806451612903,0.4516129032258064,28.0,115.0,49.5625,23.51985530886617,5.059828375501029,1.0,657.0,658.0,1.0,0.0772196854388635,0.1976470588235293,0.588235294117647,0.183702695763139,50.733333333333334,11.74193548387097,0.967741935483871,20.0,60.0,11.375,14.084011324903145,4.856273752587765,0.0,538.0,538.0,0.7450980392156863,0.0261826663751002,0.0325490196078431,0.0588235294117647,0.0841061908961109,14.086274509803925,0.9263863670468186,0.1188428412312455,1.0448979591836736,245,256,523,546
sciver_test_130,1,256,32,-64.91935483870968,146.0,-62.84375,-519.0,216.675752764211,96.53225806451614,0.6129032258064516,29.0,242.0,93.5625,68.34514316138346,6.393714873703086,1.0,1418.0,1419.0,0.8455565424202173,0.067042258660675,0.1989310110653905,0.2704932193789497,0.0982997219976724,95.06592278083716,161.45161290322582,0.8709677419354839,22.0,520.0,156.40625,185.12527167012476,6.697362389410316,0.0,1632.0,1632.0,0.7067804458408302,0.1001123907774384,0.2857299774803021,0.3798902869687778,0.126372551848465,163.38342174877948,0.3031296039035344,0.2754791368166008,51.32258064516128,199.0,49.84375,-146.0,82.01528416056058,115.54838709677418,0.5161290322580645,31.0,251.0,112.0625,66.67830302092278,6.294393892614751,1.0,1351.0,1352.0,1.0,0.0841439166340111,0.192156862745098,0.4235294117647059,0.1491277794054718,113.678431372549,64.2258064516129,0.7096774193548387,26.0,177.0,62.21875,63.44620475991846,6.369591242951409,0.0,1303.0,1303.0,0.388235294117647,0.0519645463711194,0.1725490196078431,0.2117647058823529,0.0758627852934751,67.70980392156864,0.6865287788635193,0.3046743501472096,1.6842105263157894,152,256,2147,3613
sciver_test_132,1,256,32,26.83870967741935,177.0,26.03125,-62.0,70.62421874567887,67.90322580645162,0.4516129032258064,26.0,179.0,65.8125,58.88624494523318,5.498059064089262,1.0,490.0,491.0,0.671454657866173,0.1389487254970169,0.4689828801414511,0.6024078463023722,0.1761352682105365,68.08487549353828,41.064516129032256,0.9032258064516128,17.0,122.0,39.78125,47.46165187219572,5.518036870745855,0.0,575.0,575.0,0.4791716403977172,0.0738583808964061,0.2528276612629368,0.3166697103555175,0.1055196929131108,42.46856901543352,0.0364391376265667,0.1166610927174894,-43.5483870967742,1.0,-46.375,-269.0,71.35288624155298,1.8387096774193543,0.0,2.0,39.0,2.40625,6.684213561631615,3.3365027232737914,1.0,39.0,40.0,0.0509803921568627,0.0189039718451483,0.0392156862745098,0.0396078431372549,0.0146428155266538,0.7372549019607842,45.38709677419355,0.0,15.0,308.0,48.78125,75.36732314761817,5.617078931222785,0.0,644.0,644.0,0.5137254901960784,0.0662099622457678,0.2380392156862746,0.2862745098039216,0.0955494680484762,42.63921568627451,0.0085419252928444,0.0409377249375017,1.6623376623376624,154,256,898,1495
sciver_test_134,1,256,32,11.516129032258052,337.0,11.1875,-406.0,255.90677471249177,154.67741935483872,0.4193548387096774,29.0,348.0,149.875,120.67175259769786,6.391788464507018,1.0,1512.0,1513.0,0.9776187230344152,0.1019777495241504,0.2988478813710167,0.3779376268051014,0.1611034869253062,154.19035728051546,143.16129032258064,0.7096774193548387,23.0,457.0,138.6875,170.06312017527492,6.643879869678358,0.0,1929.0,1929.0,0.8538479331400686,0.0772355587743077,0.2648545269056231,0.3187920889596408,0.1144957176997856,148.98739287563967,0.1370946723825331,0.2186577987850918,145.95161290322577,334.0,141.75,-68.0,132.6166938963568,178.79032258064512,0.2903225806451612,30.0,335.0,173.5625,105.4676898094862,6.366945582018837,1.0,1818.0,1819.0,1.0,0.0998295908022174,0.3490196078431372,0.6045098039215682,0.1917623963191009,181.49019607843135,32.83870967741936,0.967741935483871,19.0,120.0,31.8125,42.69106866488587,5.842097652319818,0.0,1087.0,1087.0,0.4156862745098039,0.035644064433501,0.0996078431372547,0.2447058823529415,0.0749589703913166,38.74509803921568,0.8253752391855865,0.2871565471858295,0.890625,256,228,780,696
sciver_test_136,1,256,32,-1.3870967741935551,375.0,-1.3125,-418.0,242.5081747977787,141.35483870967747,0.4193548387096774,31.0,386.0,136.96875,117.01695506821864,6.2957464474029035,1.0,1209.0,1210.0,0.9554050387418294,0.1172845709944135,0.3150489144640669,0.4771499765194854,0.1712753362927901,141.79704633224594,142.74193548387095,0.7741935483870968,21.0,471.0,138.28125,172.13135143964186,6.662744305927909,0.0,1554.0,1554.0,0.4937974486097953,0.093362920230311,0.2783041118528435,0.3277712987053885,0.1113303610847032,145.08597803790337,0.1140332664852536,0.19335474153339,127.85483870967744,410.0,123.875,-131.0,169.14042797332635,171.8225806451613,0.5161290322580645,28.0,412.0,166.46875,142.51622372009967,6.306200284556537,1.0,1188.0,1189.0,0.8588235294117648,0.1465636759754406,0.4470588235294117,0.5829411764705876,0.1935837225699938,174.11764705882354,43.96774193548388,0.967741935483871,15.0,207.0,42.59375,69.98788260075811,5.816020005397313,0.0,820.0,820.0,0.3686274509803922,0.060286944045911,0.2235294117647058,0.2823529411764706,0.0897900964170309,49.435294117647054,0.9414230013048384,0.1434394412512839,1.841726618705036,139,256,649,1196
sciver_test_138,1,256,32,-32.51612903225809,124.0,-31.46875,-701.0,224.68825408427008,84.83870967741935,0.6774193548387096,29.0,154.0,82.21875,44.34363988710783,6.141241130149902,1.0,1088.0,1089.0,0.9590278163492432,0.0769884899458837,0.2129763554182147,0.3280456087663756,0.1250956454038029,83.7634770611215,117.35483870967744,0.935483870967742,22.0,708.0,113.6875,203.00314614249208,7.038572687823473,0.0,2020.0,2020.0,0.8450822923416902,0.0592699587266513,0.1499789055154213,0.1994050808940073,0.0715229502007529,119.72531662783564,0.1991599927073757,0.226842084158281,67.64516129032258,155.0,65.28125,-308.0,85.46169989204229,103.75806451612902,0.5806451612903225,29.0,175.0,101.09375,50.70956478749842,5.702235238896003,1.0,711.0,712.0,0.9176470588235294,0.1442707040622156,0.5137254901960785,0.7294117647058823,0.2232024649950304,102.5764705882353,36.11290322580646,0.967741935483871,27.0,313.0,35.8125,57.28352593678221,6.67140284211369,0.0,1348.0,1348.0,0.9019607843137256,0.031721650084366,0.0627450980392156,0.0862745098039216,0.0471343188070824,42.76078431372549,0.5984328443387159,0.3637999398954507,2.5098039215686274,102,256,665,1661
sciver_test_140,1,256,32,4.903225806451605,294.0,4.78125,-273.0,152.29468440637547,87.0,0.5483870967741935,29.0,317.0,84.3125,90.4835749943049,5.925675413431356,1.0,907.0,908.0,0.8779180785586279,0.0955876154051647,0.2630270143808511,0.4337195710168301,0.1495256311367745,86.69796717248438,82.0967741935484,0.8387096774193548,22.0,322.0,79.53125,111.4144807618718,6.241685998836236,0.0,1160.0,1160.0,0.5153015174476648,0.0719927585952251,0.2235313673373981,0.2697802805247265,0.0966672209842558,83.51159997046116,0.0756078970058993,0.1413248100167695,75.01612903225805,303.0,72.75,-70.0,106.21999576350962,116.0,0.4838709677419355,31.0,311.0,112.46875,91.6777591536655,5.86798380707619,1.0,1011.0,1012.0,1.0,0.1169139465875371,0.4313725490196078,0.5941176470588234,0.2017840444291428,118.2,40.983870967741936,0.9032258064516128,22.0,126.0,39.71875,47.38554260993009,5.412159295854388,0.0,717.0,717.0,0.6745098039215687,0.0626685262668526,0.2470588235294117,0.388235294117647,0.1188633426482175,44.93333333333333,0.9093209773936172,0.1474651543447651,1.3617021276595744,188,256,975,1328
sciver_test_142,1,256,32,-8.645161290322587,133.0,-8.34375,-136.0,84.74764354209208,49.096774193548384,0.3870967741935484,31.0,136.0,47.59375,41.280942466681886,5.343514231575796,1.0,643.0,644.0,0.9795546052877172,0.0748296245615341,0.2219728719195854,0.3770013047631535,0.1436546498385738,48.11544859306643,57.741935483870975,0.7741935483870968,22.0,159.0,55.9375,60.49790156484769,5.576916902086058,0.0,633.0,633.0,0.7329201286661444,0.0955486947186293,0.3107928437264651,0.3953770604309171,0.1361507632930887,60.48232375689237,0.080783755346177,0.1647514634457368,42.33870967741935,115.0,41.0625,-27.0,39.42392793406055,58.564516129032256,0.3225806451612903,26.0,116.0,56.78125,35.19120484492539,5.1643160939866615,1.0,602.0,603.0,1.0,0.096703797798189,0.3199999999999997,0.6674509803921526,0.1982947629229354,58.21568627450981,16.225806451612904,0.967741935483871,24.0,62.0,15.71875,15.578900745479444,4.486296949176476,0.0,420.0,420.0,0.6823529411764706,0.04296918767507,0.0592156862745099,0.3398039215686251,0.1168198789295827,18.04705882352941,0.8700709370286576,0.2033594257785623,1.2307692307692308,208,256,676,831
sciver_test_144,1,256,32,-19.06451612903229,229.0,-18.4375,-781.0,239.51773649095384,122.93548387096776,0.8709677419354839,30.0,277.0,119.125,91.69165379138931,6.674776371921391,1.0,1728.0,1729.0,0.9863457150591928,0.0713201538792252,0.1821954866261627,0.2929043228507834,0.1121193503766249,123.24122590330116,142.0,0.935483870967742,19.0,843.0,137.5625,237.2063892346705,7.343735401162201,0.0,2709.0,2709.0,0.5385012766954735,0.053683861541256,0.1318475096991966,0.1830497531008566,0.0615327681515819,145.4295809152626,0.091193221356398,0.1323448667152983,57.88709677419353,181.0,56.09375,-278.0,95.4415263967289,97.08064516129032,0.9032258064516128,22.0,285.0,94.0625,99.33055216674272,6.598955906328186,1.0,1477.0,1478.0,0.7215686274509804,0.0664516043384178,0.1607843137254901,0.2588235294117647,0.0960340598688956,98.14901960784314,39.19354838709679,0.967741935483871,14.0,331.0,37.96875,75.21614037849523,6.582955196622683,0.0,1315.0,1315.0,0.3058823529411765,0.0349034518750465,0.0941176470588235,0.1227450980392155,0.0433137844769879,45.89803921568627,0.9512619485294118,0.098204682783595,0.78125,256,200,9094,7103
sciver_test_146,1,256,32,26.58064516129032,66.0,25.78125,-11.0,21.895682187077433,46.74193548387096,0.5806451612903225,25.0,85.0,45.3125,18.812292357658063,4.578841226832527,1.0,302.0,303.0,0.9864298290213684,0.1539200091287793,0.7573765361675652,0.9392454905811276,0.2762034328590791,46.48384275689134,20.161290322580644,0.8709677419354839,24.0,52.0,19.53125,15.029105876182388,4.6390588494672755,0.0,296.0,296.0,0.5916459172414735,0.0695981735633959,0.2253819343169336,0.3449539291877672,0.1188879139510371,20.601059374765192,0.0202849367552643,0.0949381847232563,-37.37096774193549,1.0,-39.8125,-232.0,41.26169341835112,1.2419354838709675,0.0,3.0,6.0,1.3125,1.0135796712641785,2.095343456317939,1.0,13.0,14.0,0.0666666666666666,0.0147812971342383,0.0298039215686274,0.0454901960784313,0.0170003050420577,0.192156862745098,38.61290322580645,0.0,22.0,238.0,41.125,42.0243604948368,4.493070120006339,0.0,362.0,362.0,0.807843137254902,0.1030440905644025,0.3721568627450982,0.7607843137254902,0.2208667100258992,37.30196078431372,0.0079718305591467,0.0517801559268964,1.4065934065934067,182,256,428,602
sciver_test_148,1,256,32,-13.612903225806452,40.0,-13.15625,-158.0,50.643428358845334,34.70967741935484,0.6129032258064516,30.0,83.0,33.65625,21.570537451289898,5.510398098037331,1.0,536.0,537.0,0.6352391067281316,0.0634382533632944,0.1802976228797803,0.2376344832367877,0.089778665097371,34.00290380272583,48.322580645161295,0.9032258064516128,24.0,168.0,46.8125,49.78606575890487,5.631836557322087,0.0,732.0,732.0,0.687975034626955,0.0661897382131407,0.1992004638614577,0.3340134673226342,0.1091205546927027,48.450888372018994,0.0449559744500882,0.1238259057662896,24.14516129032258,67.0,23.40625,-42.0,25.581804294019214,39.43548387096775,0.5806451612903225,27.0,81.0,38.21875,25.316415592210127,5.329072764776098,1.0,482.0,483.0,0.7098039215686274,0.0816939223822309,0.2349019607843138,0.352549019607843,0.1264520774610388,39.37647058823529,15.290322580645164,0.9032258064516128,22.0,55.0,14.8125,17.572061454194838,4.478523159877193,0.0,293.0,293.0,0.7176470588235294,0.0572977313792411,0.1843137254901961,0.2886274509803914,0.1182832394396857,16.788235294117644,0.9722773155314756,0.1039852902669277,1.6842105263157894,152,256,521,880
sciver_test_150,1,256,32,-205.4193548387097,205.0,-198.96875,-1404.0,485.93469754015047,73.19354838709674,0.5483870967741935,28.0,227.0,70.9375,71.28022933289427,6.058688734576622,1.0,920.0,921.0,0.8510006255139051,0.0790725299014402,0.2091805186965653,0.307573181486455,0.1111680977173156,72.74672750932507,278.61290322580646,0.9032258064516128,23.0,1408.0,269.90625,449.80866483532475,7.604820574811561,0.0,3016.0,3016.0,0.7811263246160982,0.0930224448388486,0.2182832665951793,0.2526384114902997,0.0850795980773207,280.55569363396756,0.1059582046991688,0.1805833304457674,70.95161290322581,256.0,68.75,-83.0,92.9310900613998,110.95161290322582,0.4838709677419355,31.0,259.0,107.5,81.03162962695492,5.927810306284908,1.0,1003.0,1004.0,0.9686274509803922,0.1118253083885598,0.3521568627450983,0.560392156862745,0.1856779320786435,112.16078431372549,40.00000000000001,0.4516129032258064,25.0,228.0,38.75,54.401861181397095,6.294767321848105,0.0,1364.0,1364.0,0.6313725490196078,0.0296417687309527,0.0509803921568627,0.0929411764705875,0.0639361316486864,40.43137254901961,0.8246038045900179,0.2698630452413499,1.6623376623376624,154,256,300,500
sciver_test_152,1,256,32,-37.193548387096776,228.0,-36.0,-358.0,166.1422583209943,60.48387096774193,0.5483870967741935,31.0,242.0,58.625,66.76345838106351,5.966441120624932,1.0,1224.0,1225.0,0.7000844378174547,0.0490418377018491,0.1419358224154543,0.2049702605117086,0.0942729709584489,60.0272093470633,97.6774193548387,0.9032258064516128,19.0,370.0,94.625,127.32457294253926,6.400095501336727,0.0,1775.0,1775.0,0.5863858748354611,0.0563595586071758,0.1754568776548784,0.2935207118405253,0.0973127791061653,100.03821652773706,0.0827432628019709,0.1799702437263885,31.032258064516125,122.0,30.3125,-88.0,47.145013986104615,66.67741935483872,0.3870967741935484,31.0,133.0,64.84375,36.391198605397705,5.696148962465405,1.0,1077.0,1078.0,0.9882352941176472,0.0617874633604602,0.184313725490196,0.3780392156862739,0.1365981115874342,66.54509803921569,35.645161290322584,0.7096774193548387,26.0,138.0,34.53125,30.80176981015052,5.861423843449257,0.0,1600.0,1600.0,0.5607843137254902,0.0277230392156862,0.0313725490196078,0.0903921568627449,0.0821824390073081,44.356862745098034,0.8036533128509618,0.3162749809823799,1.2018779342723005,213,256,400,480
sciver_test_154,1,256,32,-9.322580645161288,215.0,-9.0,-284.0,144.0149731798746,80.54838709677418,0.4838709677419355,29.0,253.0,78.0625,77.91739917213613,6.070107676466011,1.0,820.0,821.0,0.9806624019815522,0.0973298437407961,0.2507837523228276,0.3752929637920243,0.1213970724907619,79.81047186745288,89.87096774193549,0.8064516129032258,21.0,292.0,87.0625,99.8542492523478,6.088685081045691,0.0,873.0,873.0,0.6342480732909046,0.1050306109568801,0.2808757242471159,0.345225745516533,0.1240729194165709,91.69172336535638,0.0933931428271206,0.1835017922217637,46.629032258064505,207.0,45.1875,-49.0,67.63802439271862,52.758064516129025,0.7096774193548387,20.0,208.0,51.125,65.86147868822867,5.673357927696545,1.0,677.0,678.0,0.607843137254902,0.0794161091319836,0.2439215686274507,0.3945098039215678,0.1192253076152845,53.76470588235294,6.12903225806452,0.967741935483871,8.0,87.0,5.9375,16.92065583096589,5.0668167018867685,0.0,341.0,341.0,0.2156862745098039,0.0241159220286354,0.0666666666666666,0.1058823529411764,0.0367933190916089,8.223529411764705,0.973346048945894,0.07601182562219,1.924812030075188,133,256,487,940
sciver_test_156,1,256,32,-30.70967741935484,188.0,-29.71875,-202.0,124.82343389138715,62.87096774193548,0.2903225806451612,26.0,194.0,60.9375,61.68971627224427,5.534200374424954,1.0,588.0,589.0,0.9558915417738656,0.105562457575547,0.2526281902022072,0.4422613001939091,0.1652606690539143,62.070725054421665,93.58064516129032,0.6451612903225806,24.0,225.0,90.65625,84.46101518415168,5.652704383783531,0.0,679.0,679.0,0.7079358065150979,0.1395917740095328,0.4437578058408245,0.5290337194746002,0.1864214516296221,94.78281455247284,0.058458301951355,0.1617578272701133,54.483870967741936,131.0,54.0,1.0,40.364743279253,67.96774193548387,0.0967741935483871,20.0,131.0,67.0625,32.155809642271485,5.010354238221795,1.0,495.0,496.0,1.0,0.1397900574371162,0.4462745098039218,0.96078431372549,0.2723457769530925,69.19607843137256,13.483870967741936,0.6129032258064516,17.0,31.0,13.0625,10.443112263592688,3.8581909381097854,0.0,317.0,317.0,0.7254901960784313,0.0487165213088389,0.0274509803921568,0.5772549019607842,0.1504999116745298,15.443137254901956,0.857447325633009,0.2183204968093737,0.9921875,256,254,1401,1389
sciver_test_158,1,256,32,-67.67741935483875,431.0,-65.53125,-805.0,363.34857440677746,147.1612903225806,0.4838709677419355,29.0,442.0,142.59375,146.29761177455188,6.7474666384250455,1.0,1489.0,1490.0,0.8057101276269003,0.0990037903412047,0.251145491731621,0.345859051498377,0.1197490004711967,147.41664381805393,214.83870967741936,0.8709677419354839,20.0,830.0,208.125,289.4166276753981,7.257068690326401,0.0,2257.0,2257.0,0.4667391420821366,0.0965899722819071,0.2353157040407514,0.2919039995233898,0.0934450319924876,218.00356744026448,0.081862050245412,0.1533736005007189,-3.4677419354838803,454.0,-3.34375,-719.0,282.99388347796054,169.27419354838707,0.4193548387096774,29.0,475.0,164.0,151.17188065245466,6.570103930783141,1.0,1814.0,1815.0,0.8666666666666667,0.0918779860345461,0.2705882352941177,0.4929411764705875,0.1537228255556105,166.66666666666669,172.74193548387095,0.8709677419354839,24.0,740.0,167.34375,205.95336386167017,7.364893205392668,0.0,3043.0,3043.0,0.5215686274509803,0.0574510448280528,0.1333333333333333,0.2152941176470591,0.0801749034813467,174.8235294117647,0.822014118147259,0.1860587410793326,0.95703125,256,245,1726,1655
sciver_test_160,1,256,32,-67.58064516129033,110.0,-65.4375,-362.0,148.72330380189246,81.29032258064515,0.6451612903225806,30.0,202.0,78.78125,59.74306150874342,6.205625437774932,1.0,1143.0,1144.0,0.99764257500011,0.0723490537838502,0.1831407185090252,0.3084828143499314,0.1157368296064425,82.69496847494085,148.87096774193552,0.8387096774193548,25.0,405.0,144.21875,144.48761503477556,6.435648429715405,0.0,1393.0,1393.0,0.7797952325497636,0.1076984242697509,0.3345345838311979,0.4333333969371394,0.1487114511885537,150.0239050077631,0.0665545385934438,0.1471843789779994,29.564516129032235,192.0,28.8125,-401.0,130.65398900818144,88.85483870967741,0.4838709677419355,31.0,192.0,86.25,58.31273445826392,5.941030828520674,1.0,1025.0,1026.0,1.0,0.0892319464371114,0.2431372549019607,0.4901960784313726,0.1563309994828919,91.4627450980392,59.29032258064518,0.935483870967742,21.0,447.0,57.4375,108.95123263988344,6.25155480678106,0.0,1107.0,1107.0,0.4784313725490196,0.0555608693341835,0.1388235294117646,0.2901960784313725,0.085840000333954,61.50588235294117,0.9292369081779054,0.1305993296505364,1.5609756097560976,164,256,300,468
sciver_test_162,1,256,32,-242.16129032258064,960.0,-234.5625,-995.0,640.9439297580951,270.09677419354836,0.1290322580645161,31.0,960.0,261.6875,291.80563281703456,7.225930651049545,1.0,2504.0,2505.0,0.9584761087956324,0.1077137555486051,0.2744013249784704,0.3459000673593151,0.1286610601363323,269.71524389370734,512.258064516129,0.6774193548387096,27.0,1075.0,496.25,412.7340245242691,7.466619367832857,0.0,3507.0,3507.0,0.7985305384630539,0.1487042567857195,0.4403638355631979,0.5307088880285028,0.1783790903622193,521.5058285475184,0.171878727745662,0.2760434820296145,-69.56451612903226,362.0,-61.71875,-255.0,141.7696711163481,155.59677419354838,0.0,31.0,716.0,161.9375,121.66114249730684,5.881522984851335,1.0,1305.0,1306.0,1.0,0.1172804447449478,0.4454901960784319,0.7843137254901961,0.2409187879958123,153.05098039215687,225.16129032258067,0.0,29.0,354.0,223.65625,73.50281005470131,6.604760552854568,0.0,2861.0,2861.0,1.0,0.0855247376825599,0.3019607843137255,0.5529411764705883,0.1898881591796377,244.68627450980392,0.7499760048062193,0.3968184199991468,1.0,256,256,664,664
sciver_test_165,1,256,32,-21.387096774193573,253.0,-20.6875,-512.0,235.463032860256,122.16129032258064,0.3548387096774194,31.0,255.0,118.375,86.77692305561428,6.553703434252236,1.0,1930.0,1931.0,0.9841776431303096,0.0626891222704888,0.2097471831725854,0.2884579365206299,0.1092937337916098,120.99000598204344,143.5483870967742,0.8709677419354839,22.0,535.0,139.0625,188.88305533782008,6.881436936674804,0.0,2215.0,2215.0,0.5533700160169712,0.0662835394697653,0.1949786701690795,0.2834369368840522,0.0946081416581988,146.81803992553017,0.1204761303920246,0.1886080891474793,102.0967741935484,238.0,99.09375,-78.0,78.47147546043404,158.38709677419357,0.5483870967741935,31.0,250.0,153.625,71.28540786865149,6.4070811234212055,1.0,1582.0,1583.0,1.0,0.1008700825462928,0.2976470588235297,0.5017647058823522,0.1708467000191991,159.57647058823528,56.29032258064517,0.967741935483871,27.0,145.0,54.53125,43.0747782749662,5.97225687058797,0.0,1112.0,1112.0,0.6823529411764706,0.0561750599520383,0.1529411764705882,0.3019607843137255,0.1066539419728183,62.466666666666654,0.9026656257382472,0.2066985697062109,1.5421686746987953,166,256,1707,2634
sciver_test_166,1,256,32,-47.64516129032258,235.0,-46.125,-279.0,145.72442957514022,54.12903225806453,0.3548387096774194,25.0,240.0,52.46875,67.00558949399296,5.628862961521358,1.0,569.0,570.0,0.8470416359023336,0.0943674425184079,0.2022127527756316,0.2874603729247709,0.1332666276558796,53.69507479297413,101.77419354838707,0.6451612903225806,22.0,297.0,98.59375,107.96175809488052,5.853533301222592,0.0,708.0,708.0,0.6166672821791157,0.1447478143571925,0.4197292998967518,0.4790944273065152,0.1680699390478287,102.48145256489232,0.0532810636434014,0.1603707178838044,31.53225806451613,156.0,30.5625,-24.0,47.60773144931399,46.66129032258065,0.3870967741935484,27.0,158.0,45.21875,43.00707381858826,5.03788451878234,1.0,416.0,417.0,0.9215686274509804,0.1130467571644042,0.3215686274509803,0.6333333333333333,0.1951538853862916,47.02745098039215,15.129032258064518,0.967741935483871,15.0,40.0,14.65625,14.26886771742944,4.0533546288352245,0.0,330.0,330.0,0.6549019607843137,0.0521330956625074,0.0905882352941176,0.4770588235294118,0.141762908198319,17.203921568627447,0.9727309975194895,0.1149568995815352,1.5421686746987953,166,256,278,430
sciver_test_168,1,256,32,-61.19354838709678,195.0,-59.25,-376.0,175.80084612993193,75.93548387096773,0.2903225806451612,28.0,196.0,73.59375,65.20537716275783,6.068424767207267,1.0,899.0,900.0,0.8796309529172377,0.0843024069923519,0.2013442284120697,0.2912621369826919,0.1254268573273131,75.78786388612443,137.1290322580645,0.7419354838709677,23.0,398.0,132.84375,144.2097234444942,6.2529552511044715,0.0,1157.0,1157.0,0.7773639056917182,0.1200414724619314,0.3697425849172274,0.4324055081960474,0.1532338535419856,138.8879836384547,0.0836913361767766,0.2089522989303995,56.49999999999999,134.0,54.8125,-21.0,44.034388195477405,75.69354838709674,0.4516129032258064,29.0,151.0,73.40625,40.51146394463547,5.502018860256792,1.0,752.0,753.0,0.992156862745098,0.1032540675844806,0.2698039215686272,0.6409803921568624,0.2003045921429882,77.6470588235294,19.19354838709678,0.967741935483871,19.0,53.0,18.59375,17.524731408426778,4.485149111056607,0.0,537.0,537.0,0.8588235294117648,0.0422171103078102,0.0588235294117646,0.3992156862745094,0.1265707345501021,22.670588235294108,0.9502719972558402,0.1701382381647163,1.2248803827751196,209,256,338,414
sciver_test_172,1,256,32,-92.16129032258068,295.0,-89.25,-1011.0,295.91954142976095,107.0967741935484,0.4193548387096774,31.0,308.0,103.78125,97.606907534444,6.590031962979255,1.0,1760.0,1761.0,0.9851842807121768,0.0627634750034562,0.1616598167436694,0.2571506350285573,0.1085648244155384,110.46371600608296,199.25806451612905,0.967741935483871,21.0,1017.0,193.03125,239.1173201034118,7.086366198752887,0.0,2774.0,2774.0,0.5687649872961018,0.0723034197752713,0.2612401317575241,0.3495762299444844,0.1088170218697519,200.5696864566026,0.0649669449477434,0.1513816548501965,26.91935483870966,319.0,26.09375,-410.0,110.0773476285539,75.08064516129033,0.5806451612903225,23.0,331.0,72.75,92.986222097685,6.257735797964501,1.0,1422.0,1423.0,0.6745098039215687,0.0537850583271283,0.1329411764705885,0.2586274509803923,0.1006379951733846,76.4823529411765,48.16129032258066,0.6129032258064516,16.0,674.0,46.65625,119.85814776617192,6.899919283642324,0.0,2297.0,2297.0,0.3490196078431372,0.0175898657242609,0.0352941176470588,0.0705882352941176,0.03377861564514,40.40392156862744,0.8574722589231004,0.1820395400405409,1.0,256,256,1661,1661
sciver_test_174,1,256,32,-6.645161290322585,106.0,-6.40625,-174.0,76.9634082596236,35.096774193548384,0.5161290322580645,30.0,110.0,34.03125,30.170851387349018,5.262192501222931,1.0,399.0,400.0,0.7414482821893907,0.0859990771508229,0.2249201955385253,0.3118409347174045,0.1223543824196924,34.313631783178344,41.74193548387096,0.8064516129032258,18.0,187.0,40.4375,60.1357513776123,5.511711331221101,0.0,490.0,490.0,0.5296714270871131,0.0872041653356693,0.2359486309782586,0.29610899681203,0.1023005675447174,42.73004101447798,0.050240201888627,0.1548010573691242,29.854838709677413,105.0,28.9375,-19.0,33.20573886770177,45.5,0.4838709677419355,30.0,105.0,44.09375,28.989609534064098,5.13295997306817,1.0,398.0,399.0,0.807843137254902,0.1131244457582027,0.3529411764705882,0.5496078431372549,0.1719309295698,45.023529411764706,15.645161290322582,0.3548387096774194,21.0,41.0,15.15625,13.935362784567182,4.466695269008983,0.0,227.0,227.0,0.4941176470588235,0.073576919754686,0.2250980392156865,0.4133333333333332,0.1191295139913396,16.701960784313727,0.956977036420037,0.1528548884442497,1.0,256,256,1333,1333
sciver_test_175,1,256,32,71.19354838709678,450.0,69.0,-321.0,187.6830772872184,212.64516129032253,0.6451612903225806,31.0,601.0,206.03125,168.1990049716035,6.87024346594284,1.0,2000.0,2001.0,0.9924934692092924,0.1056408918393906,0.2828221621432069,0.3800831237489126,0.1410519616615715,211.28178367878132,141.45161290322582,0.8064516129032258,27.0,473.0,137.03125,149.68017662148017,6.926994865787893,0.0,2663.0,2663.0,0.7045770014253785,0.055467875383391,0.1722361516526375,0.2495584176240752,0.0926538972815041,147.71095214597025,0.0957835459129552,0.1729423736257535,280.1774193548388,530.0,272.53125,1.0,157.56902939168438,301.1129032258064,0.5806451612903225,30.0,535.0,292.8125,169.12780624057655,6.594664682170891,1.0,1805.0,1806.0,1.0,0.1717799141817391,0.5098039215686274,0.6941176470588235,0.2454746605771986,310.06274509803916,20.93548387096774,0.7096774193548387,26.0,60.0,20.28125,22.38056407773271,5.817739548830095,0.0,948.0,948.0,0.3411764705882353,0.0255150161330354,0.0705882352941176,0.1319607843137254,0.0515812768961472,24.18823529411764,0.890675036077515,0.2273244812570941,1.1962616822429906,214,256,1248,1495
sciver_test_176,1,256,32,-20.54838709677419,145.0,-19.875,-213.0,93.27940220112906,82.58064516129033,0.5806451612903225,30.0,159.0,80.03125,53.7287657911244,6.281160747118842,1.0,1076.0,1077.0,0.8872173175144998,0.0764255175067224,0.2009520236374815,0.2591672393958741,0.1058597112060089,82.23385683723339,103.12903225806453,0.8064516129032258,23.0,253.0,99.90625,91.98449576389218,5.976584599088798,0.0,1132.0,1132.0,0.6710984282477643,0.0931191381112322,0.3279197312060087,0.4463219942602341,0.1496386515877305,105.41086434191494,0.0717297798912825,0.1694601703201902,66.5,156.0,64.4375,0.0,48.89589546935407,72.53225806451613,0.6129032258064516,26.0,156.0,70.28125,47.860627330170885,5.7962296704498835,1.0,842.0,843.0,0.8392156862745098,0.0889339108565041,0.2505882352941175,0.4625490196078429,0.1440253654370947,74.88235294117646,6.03225806451613,0.9032258064516128,11.0,34.0,5.84375,11.404794427673828,4.869364152985629,0.0,475.0,475.0,0.2196078431372549,0.0176429308565531,0.0156862745098039,0.1333333333333334,0.0428668698352275,8.380392156862737,0.9650144090839462,0.1175490702419466,0.75,256,192,923,691
sciver_test_178,1,256,32,-71.96774193548389,375.0,-69.6875,-642.0,306.845893477084,127.0,0.3870967741935484,30.0,382.0,123.0625,117.64298148954744,6.418741548865788,1.0,1186.0,1187.0,0.9648356105872716,0.1057653992669056,0.2842903084408737,0.3799224215794768,0.1359197014098505,125.43776353055006,198.9677419354839,0.8064516129032258,21.0,673.0,192.75,237.54683748684175,6.913920731871069,0.0,1811.0,1811.0,0.55680943677552,0.111567641689866,0.2869874659522047,0.3441298345972094,0.1182127758440015,202.0489991003475,0.1445813206237439,0.2014300487967101,98.37096774193547,297.0,95.34375,-93.0,118.51202717841552,140.11290322580643,0.4193548387096774,31.0,297.0,135.78125,100.71517213626504,6.096266107459531,1.0,1045.0,1046.0,0.9882352941176472,0.1349732620320855,0.4298039215686275,0.6149019607843135,0.2038839752073903,141.04705882352943,41.741935483870975,0.967741935483871,18.0,132.0,40.4375,48.590725388184936,5.542313304930353,0.0,832.0,832.0,0.5450980392156863,0.0567401960784313,0.1839215686274509,0.3250980392156857,0.1126174097830042,47.2078431372549,0.9248716582221124,0.157649201971062,2.1512605042016806,119,256,774,1660
sciver_test_180,1,256,32,-152.4838709677419,55.0,-147.6875,-392.0,170.53691636636918,30.032258064516117,0.3870967741935484,22.0,127.0,29.125,37.15739327509399,5.445034639377898,1.0,358.0,359.0,0.6650359903774296,0.0821070136625848,0.1793412706626897,0.242491689723148,0.083347215936297,29.394310891205365,182.51612903225805,0.6451612903225806,26.0,395.0,176.8125,150.9071398037548,6.254409787106758,0.0,888.0,888.0,0.8026440186874187,0.2072821180911361,0.5063354975726417,0.5964373470504858,0.2037437273003382,184.0665208649289,0.0605571442030507,0.171369936588838,-113.88709677419357,28.0,-117.59375,-466.0,161.40358177852653,4.629032258064516,0.0,8.0,54.0,5.34375,10.904727687452814,3.729956839059811,1.0,72.0,73.0,0.1686274509803921,0.0464596949891067,0.1250980392156862,0.1333333333333333,0.0483865868722978,3.3450980392156864,118.51612903225804,0.0,20.0,520.0,122.9375,163.35982858019287,6.345877525541667,0.0,1221.0,1221.0,0.5882352941176471,0.0935363170657288,0.2901960784313725,0.3372549019607843,0.119471128957532,114.2078431372549,0.0242642486098917,0.0923603954350188,0.5234375,256,134,3177,1661
sciver_test_181,1,256,32,-1.7096774193548423,83.0,-1.625,-144.0,68.64207437862,36.612903225806456,0.6129032258064516,30.0,98.0,35.5,28.041264236834973,5.554939189994169,1.0,496.0,497.0,0.9927821981413626,0.072719311688726,0.1667300637622584,0.2482440970923899,0.1043124880568563,36.06877859760811,38.32258064516129,0.8387096774193548,20.0,159.0,37.125,55.00553949376371,5.530884459430506,0.0,559.0,559.0,0.719780747477459,0.0702151608750844,0.2044561288051639,0.2471246296083181,0.097019919529676,39.25027492917221,0.0643818088024988,0.1590935110105183,-11.693548387096778,69.0,-13.65625,-198.0,66.36999010047764,35.258064516129046,0.3548387096774194,27.0,97.0,34.3125,28.72981628465452,5.072459608941148,1.0,422.0,423.0,0.8235294117647058,0.0799832729300251,0.2192156862745099,0.4070588235294116,0.1398505235099149,33.75294117647059,46.95161290322581,0.7419354838709677,29.0,206.0,47.96875,52.23054923545702,6.183112760026657,0.0,1106.0,1106.0,1.0,0.0449207531113711,0.0745098039215685,0.1529411764705882,0.0873714039095521,49.68235294117646,0.2993873916754201,0.359026612900891,2.2857142857142856,112,256,725,1661
sciver_test_182,1,256,32,-20.03225806451613,185.0,-19.375,-257.0,135.92156515799837,65.16129032258064,0.3870967741935484,29.0,188.0,63.15625,63.768678329862695,5.727892475470629,1.0,670.0,671.0,0.8370463941365198,0.0970686043990081,0.2237268653910966,0.3866860872121389,0.1399794368742498,65.03596494733546,85.19354838709677,0.7741935483870968,22.0,274.0,82.53125,100.6593836829806,6.018051989696346,0.0,878.0,878.0,0.5733739267124138,0.098706954964687,0.3087858874307164,0.3643908924396322,0.1247782033388781,86.6647064589952,0.0756607031860132,0.1638642713010522,55.5,166.0,53.78125,-31.0,62.71898355711371,77.72580645161293,0.3548387096774194,27.0,166.0,75.3125,58.068621851650654,5.487745555546031,1.0,615.0,616.0,0.8470588235294119,0.1271162123385939,0.4298039215686275,0.6599999999999999,0.2006270598808778,78.17647058823529,22.225806451612907,0.935483870967742,17.0,73.0,21.53125,25.282138426911203,4.561297492277902,0.0,357.0,357.0,0.6274509803921569,0.0687757455923545,0.3545098039215687,0.4392156862745098,0.1395709990513595,24.552941176470583,0.9523997587316176,0.1304469652435165,2.0,128,256,830,1661
sciver_test_184,1,256,32,-14.645161290322584,227.0,-14.15625,-241.0,140.00739029043254,64.48387096774194,0.4193548387096774,27.0,229.0,62.5,69.02852671178779,5.930138189489499,1.0,1044.0,1045.0,0.836379973953834,0.0607228252491343,0.1790523267522012,0.2905040436761657,0.1055692080329868,63.394629560096206,79.12903225806451,0.8064516129032258,18.0,244.0,76.65625,92.9356663823825,6.18224498014802,0.0,1373.0,1373.0,0.5091225419761324,0.0605598944103859,0.2127764560771706,0.3050910470051123,0.1016722497381835,83.14873502545984,0.1217314164619059,0.1786374632658418,35.14516129032258,186.0,34.0625,-122.0,69.8954297057397,58.56451612903226,0.5806451612903225,23.0,202.0,56.75,62.533990757027496,6.100533300059534,1.0,1610.0,1611.0,0.7372549019607844,0.0394543904518329,0.1137254901960784,0.1864705882352939,0.0935430862268916,63.521568627450975,23.419354838709683,0.967741935483871,14.0,187.0,22.6875,39.08759194104953,5.827606107469476,0.0,730.0,730.0,0.3803921568627451,0.0424496373892022,0.1145098039215688,0.2117647058823529,0.0658606624572572,30.988235294117644,0.9445578752334268,0.1032079261530786,2.0317460317460316,126,256,817,1659
sciver_test_187,1,256,32,19.45161290322579,196.0,18.875,-305.0,119.95669791637314,79.45161290322578,0.7741935483870968,26.0,315.0,77.0,80.8714257324551,6.255478485610006,1.0,1499.0,1500.0,0.9863898047258984,0.052787522732768,0.1377518926346639,0.2258401424421478,0.1076000268808163,79.12849657641937,60.00000000000001,0.9032258064516128,22.0,322.0,58.125,92.37246275270569,6.299867114788119,0.0,1593.0,1593.0,0.7904992991597758,0.0398780048591834,0.1129912128945582,0.161840698229831,0.0822053357079417,63.525661740679226,0.1051328272022781,0.204921231342907,99.38709677419354,337.0,97.0,-107.0,105.18555033843764,108.38709677419354,0.7741935483870968,30.0,337.0,105.71875,100.39149440285018,6.238487291650341,1.0,1478.0,1479.0,1.0,0.0762158720050943,0.2835294117647057,0.3972549019607833,0.1446194873301902,112.6470588235294,9.000000000000004,0.1290322580645161,10.0,122.0,8.71875,23.58526337435094,5.381145164864577,0.0,409.0,409.0,0.203921568627451,0.0246224651229685,0.0509803921568627,0.0941176470588235,0.0343696543447684,10.070588235294116,0.849966011795343,0.3042935565026607,0.75,256,192,1200,900
sciver_test_188,1,256,32,-0.5967741935483928,253.0,-0.5,-293.0,129.7367526956028,71.75806451612904,0.7096774193548387,21.0,329.0,69.59375,88.23507642053414,6.190315184221764,1.0,1104.0,1105.0,0.6323225765200894,0.065094686013462,0.1827568356183876,0.286475719194552,0.0952981189454242,71.86453335886206,72.35483870967742,0.8709677419354839,18.0,333.0,70.09375,105.96531253640268,6.24414084281472,0.0,1277.0,1277.0,0.9289001949009844,0.0586452433825732,0.1740804440246865,0.2391481651670065,0.0920615380822555,74.88997579954608,0.0759656417766868,0.1739641252823241,71.66129032258065,308.0,69.375,-27.0,87.62303849445077,91.35483870967744,0.6451612903225806,21.0,311.0,88.53125,93.55813178680675,5.922953088926382,1.0,964.0,965.0,0.6745098039215687,0.0959075746481164,0.3529411764705882,0.4431372549019607,0.1490330515051372,92.4549019607843,19.69354838709678,0.967741935483871,14.0,101.0,19.15625,29.77426465821616,5.144364295529982,0.0,504.0,504.0,1.0,0.0447790227201991,0.1831372549019607,0.2470588235294117,0.0862923093504014,22.568627450980387,0.6505673307833233,0.4511571435763452,1.292929292929293,198,256,642,830
sciver_test_190,1,256,32,7.709677419354831,242.0,7.5,-166.0,95.19026998596024,58.74193548387098,0.5483870967741935,29.0,256.0,56.9375,65.84923001637908,5.680660761317858,1.0,682.0,683.0,0.9770221630179092,0.0855482048655498,0.2307041489760288,0.3743564745250284,0.1335348342179255,58.343875718304986,51.032258064516135,0.8387096774193548,18.0,200.0,49.4375,68.13311304901605,5.843480954253513,0.0,791.0,791.0,0.6009116975903726,0.0672378686355991,0.2340862668449459,0.2810324836581104,0.0951375202468391,53.18515409075896,0.0909598946230304,0.1674747271727084,27.177419354838708,150.0,26.34375,-26.0,42.47544097402051,54.95161290322581,0.5806451612903225,29.0,179.0,53.25,50.635955604688654,5.4495266747688875,1.0,623.0,624.0,0.8823529411764706,0.0891008088628709,0.2972549019607846,0.5133333333333332,0.1533641412664547,55.50980392156862,27.774193548387096,0.6774193548387096,25.0,74.0,26.90625,26.594594581183223,5.249590721023087,0.0,598.0,598.0,0.5921568627450979,0.0517017509344875,0.1686274509803922,0.3333333333333333,0.1013084361242479,30.91764705882353,0.8369267529315649,0.2646910362882717,2.5098039215686274,102,256,664,1662
sciver_test_192,1,256,32,5.838709677419347,80.0,5.6875,-168.0,65.43147059137522,39.903225806451616,0.5483870967741935,30.0,82.0,38.6875,26.43676121899201,5.501222077329745,1.0,633.0,634.0,0.6533260363564063,0.0628163795083912,0.1928484431231933,0.2750393466135282,0.1018623456815335,39.76276822881168,34.064516129032256,0.935483870967742,16.0,176.0,33.0,49.614136090432936,5.520847450894172,0.0,609.0,609.0,0.6251156168913572,0.0587920286793041,0.2158162179191843,0.2739259971640401,0.0892814144301646,35.80434546569623,0.081952831885843,0.1616548552147498,26.85483870967742,77.0,26.03125,-20.0,27.137939741946145,31.854838709677423,0.6774193548387096,20.0,78.0,30.875,27.71704123819857,5.294764671036993,1.0,547.0,548.0,0.5568627450980392,0.059411406244399,0.2117647058823529,0.2666666666666667,0.1038543126778912,32.49803921568627,5.000000000000001,0.967741935483871,14.0,42.0,4.84375,8.885062517365874,4.701371972423492,0.0,241.0,241.0,0.2588235294117647,0.0276299731510861,0.0627450980392156,0.1098039215686275,0.042061343766252,6.658823529411762,0.903779544763642,0.1938534757956458,1.9844961240310075,129,256,1534,3034
sciver_test_194,1,256,32,-73.51612903225806,267.0,-71.1875,-410.0,213.60322994690412,88.2258064516129,0.3225806451612903,31.0,278.0,85.5,87.20593443109247,6.097135032084982,1.0,1133.0,1134.0,0.9678807202382568,0.0772106936333389,0.2081296648811586,0.3144274294409247,0.1295167926387899,87.47971588657308,161.74193548387098,0.6774193548387096,26.0,429.0,156.6875,157.43042858275524,6.513685144542047,0.0,1314.0,1314.0,0.6714455908331797,0.124918609277065,0.3628574926878811,0.4179512420152246,0.1464041483112511,164.14305259006343,0.1071791738451322,0.1950242331915771,69.38709677419354,235.0,67.40625,-124.0,100.9005882586296,113.61290322580643,0.2580645161290322,29.0,236.0,110.25,69.71056232738336,5.7692050444259175,1.0,939.0,940.0,1.0,0.1223203658460189,0.4141176470588241,0.7019607843137254,0.2195508399187361,114.85882352941177,44.225806451612904,0.967741935483871,24.0,158.0,42.84375,45.66119069776324,5.323985010883786,0.0,753.0,753.0,0.7725490196078432,0.0661458740202588,0.207058823529412,0.4831372549019604,0.1417143736318233,49.80784313725489,0.8208859108159393,0.2414266706962546,1.6516129032258065,155,256,922,1523
sciver_test_196,1,256,32,5.354838709677418,99.0,5.21875,-69.0,49.87091736109834,31.54838709677419,0.3548387096774194,30.0,100.0,30.59375,30.2209151240908,4.743688177433628,1.0,298.0,299.0,0.9684972380576088,0.1040545503130705,0.2881342912731019,0.4111721734737316,0.173758625444458,31.008255993295037,26.193548387096776,0.7741935483870968,20.0,82.0,25.375,29.209106028771235,4.8897221702907325,0.0,313.0,313.0,0.5210548946506351,0.0853116083649902,0.2905920751900208,0.3691481052967679,0.1210062688575492,26.702533418241956,0.1071495755854563,0.1928768918902484,21.95161290322581,99.0,21.28125,0.0,28.8803938414541,27.403225806451616,0.5483870967741935,20.0,99.0,26.5625,29.30330346138469,4.6387344504762265,1.0,242.0,243.0,0.6470588235294117,0.1132555501539458,0.3482352941176471,0.5398039215686271,0.1648642903302144,27.407843137254897,5.451612903225806,0.7741935483870968,13.0,25.0,5.28125,8.004820325122857,3.9925210222461303,0.0,139.0,139.0,0.3058823529411765,0.0444350402031316,0.1772549019607843,0.216470588235294,0.0707704244176664,6.1764705882352935,0.9132130124777184,0.1477081828834923,4.654545454545454,55,256,184,851
sciver_test_197,1,256,32,3.967741935483866,126.0,3.875,-114.0,56.00153457718815,47.032258064516135,0.6129032258064516,30.0,150.0,45.59375,42.29499037637318,6.0544425801202735,1.0,2063.0,2064.0,0.9832574649322318,0.0224257464857323,0.0519074204726784,0.1177292761441924,0.067672999767388,46.26431500006588,43.064516129032256,0.967741935483871,18.0,159.0,41.71875,59.71245388055577,6.692031944083432,0.0,2481.0,2481.0,0.4363595053687469,0.0232208944625948,0.0616264554397751,0.1186705428521684,0.0504667788819659,57.61103916169793,0.0540981998785963,0.0933422404647903,18.98387096774193,130.0,18.40625,-190.0,52.097180450937074,40.88709677419355,0.8064516129032258,23.0,190.0,39.625,49.779984682601096,5.943233853309248,1.0,1498.0,1499.0,0.7450980392156863,0.0298463310557868,0.0745098039215685,0.1809803921568622,0.0765072031162823,44.70980392156863,21.903225806451616,0.8709677419354839,17.0,259.0,21.21875,50.326890410967174,6.391956822277605,0.0,1453.0,1453.0,0.388235294117647,0.0157834365680201,0.0274509803921568,0.0705882352941176,0.0320380522364351,22.93333333333332,0.9027904635161358,0.082881086924901,1.3333333333333333,192,256,600,800
sciver_test_199,1,256,32,16.258064516129036,103.0,15.78125,-90.0,42.98090737103511,43.67741935483871,0.6774193548387096,30.0,120.0,42.34375,33.55369705319371,5.085288971026815,1.0,690.0,691.0,0.9510316374589092,0.0612497717123201,0.1790418736793344,0.322757690169509,0.1503279100888479,42.26234248150088,27.419354838709683,0.967741935483871,25.0,117.0,26.5625,32.01360794646551,5.533009993934297,0.0,698.0,698.0,0.6391596438433799,0.0416359671219256,0.1291399362393271,0.2071944362454819,0.0735169721374536,29.061905051104077,0.0562277192180464,0.1200262890559167,59.145161290322584,176.0,57.4375,1.0,48.96487101739368,61.53225806451613,0.935483870967742,26.0,184.0,59.75,51.42591759025793,5.4193745873344366,1.0,717.0,718.0,0.9882352941176472,0.0859736921267809,0.3113725490196077,0.4439215686274507,0.1740599660645804,61.64313725490196,2.387096774193549,0.967741935483871,10.0,13.0,2.3125,3.583272770806041,4.556372969853287,0.0,237.0,237.0,0.3568627450980391,0.0186646810622983,0.0274509803921568,0.0588235294117647,0.0395905727556767,4.423529411764706,0.9736126377097232,0.0767961190112615,0.37890625,256,97,2163,817
sciver_test_202,1,256,32,-28.96774193548389,202.0,-28.03125,-489.0,203.7580495917585,100.32258064516128,0.6129032258064516,31.0,214.0,97.21875,71.2683021997683,6.372601200919962,1.0,1259.0,1260.0,0.9173104503332538,0.0784706266605836,0.2046604708193769,0.2975815397801612,0.1184365834307219,98.79451896567475,129.29032258064518,0.935483870967742,20.0,507.0,125.25,170.24687956024334,6.895223412968365,0.0,1850.0,1850.0,0.5567459913258562,0.0712143467354157,0.1994417953355485,0.2648447235966382,0.0878535945298524,131.74654146051904,0.1519014315131436,0.1899109564674204,68.56451612903224,284.0,66.4375,-152.0,111.73544018685388,108.56451612903228,0.5483870967741935,26.0,290.0,105.1875,97.32755182244132,6.215554759313507,1.0,1193.0,1194.0,0.807843137254902,0.0922505464885031,0.316862745098039,0.4470588235294117,0.1430578603570055,110.0549019607843,40.00000000000001,0.9032258064516128,21.0,189.0,38.75,55.639464411512805,6.645985343876399,0.0,1374.0,1374.0,0.2941176470588236,0.0323372434854582,0.0823529411764706,0.1137254901960784,0.0409364803695815,44.4313725490196,0.8668851738808732,0.1667442410357468,2.4150943396226414,106,256,586,1412
sciver_test_203,1,256,32,-2.9032258064516245,83.0,-2.78125,-153.0,70.49367630105199,31.354838709677413,0.6451612903225806,26.0,93.0,30.40625,29.929980135935608,5.580348312366745,1.0,815.0,816.0,0.827587398643203,0.0381100265464733,0.1053050945226394,0.1626570222907596,0.0778644132001159,31.059671635375764,34.25806451612904,0.8387096774193548,14.0,166.0,33.1875,57.30752432054625,5.7132860986373135,0.0,889.0,889.0,0.4429239839394456,0.0411239510467675,0.1395864452707025,0.2233833667009199,0.0729859631769711,36.55919248057636,0.1068650981198344,0.1695046712852662,-13.516129032258064,83.0,-11.78125,-174.0,58.21229164392603,31.967741935483875,0.0,28.0,157.0,33.4375,27.061200892606372,4.977966122950766,1.0,516.0,517.0,0.8980392156862745,0.0592339261285909,0.1764705882352941,0.3039215686274509,0.1287491440736812,30.564705882352943,45.48387096774193,0.2580645161290322,30.0,206.0,45.21875,55.97864234185659,6.489750416019493,0.0,1228.0,1228.0,0.6941176470588235,0.0384716101424283,0.0980392156862745,0.1333333333333333,0.0505921107082583,47.24313725490195,0.2253585693536673,0.3035297554023801,3.1604938271604937,81,256,525,1661
sciver_test_205,1,256,32,-23.741935483870975,177.0,-22.96875,-282.0,143.88178402229207,66.29032258064514,0.5483870967741935,26.0,207.0,64.25,65.51765029364225,5.970399262922843,1.0,844.0,845.0,0.7822472865297873,0.0780161033459909,0.2023383180123501,0.3014319515603251,0.1128015598237649,65.84559122401635,90.03225806451613,0.8064516129032258,21.0,292.0,87.21875,112.70501718396346,6.23199493439051,0.0,1016.0,1016.0,0.4878918803113474,0.0911808470984436,0.2721593309005768,0.3077762817840115,0.1074408741084994,92.63974065201872,0.0710352373452016,0.1436998359050135,48.596774193548384,150.0,47.09375,-70.0,63.38244994426691,66.72580645161291,0.6451612903225806,25.0,173.0,64.65625,59.56226226342901,5.6382206853549315,1.0,670.0,671.0,0.7568627450980392,0.1016856892010535,0.3333333333333333,0.4709803921568624,0.157615235125437,68.12941176470588,18.129032258064516,0.967741935483871,16.0,99.0,17.5625,25.58678552983942,4.913178697957122,0.0,423.0,423.0,0.4941176470588235,0.0507578918092059,0.1592156862745098,0.3058823529411765,0.0990037636691871,21.470588235294116,0.9674292470894608,0.0978447004599337,1.6,160,256,500,800
sciver_test_207,1,256,32,10.290322580645142,259.0,10.0,-236.0,131.8564560421673,85.38709677419352,0.5483870967741935,29.0,287.0,82.75,80.68418370411887,5.995709037460069,1.0,1339.0,1340.0,0.8955691308106208,0.0642947298865103,0.1848883226390607,0.429469349256448,0.1289426253911821,86.0906433180373,75.09677419354838,0.8387096774193548,22.0,283.0,72.75,97.29915210319152,6.453337283114221,0.0,1565.0,1565.0,0.4890944272952042,0.0530424416096754,0.1889173445708788,0.2517638202816189,0.0831029502238201,83.01142111914201,0.0670982184076155,0.135716655724348,34.33870967741933,233.0,33.28125,-640.0,143.01884368305284,80.04838709677419,0.5806451612903225,28.0,236.0,77.5625,72.68680137239498,5.729478465832784,1.0,860.0,861.0,0.796078431372549,0.0943958048335613,0.4015686274509807,0.5294117647058822,0.1622380794111519,81.18039215686274,45.70967741935486,0.935483870967742,14.0,682.0,44.28125,120.30150517943449,6.228154554688078,0.0,1134.0,1134.0,0.4352941176470588,0.0382716049382716,0.0666666666666666,0.176470588235294,0.067138287920072,43.400000000000006,0.915806007605248,0.0878464041301797,1.8823529411764703,136,256,1268,2392
sciver_test_208,1,256,32,8.225806451612902,134.0,8.0,-129.0,67.91170738539859,41.96774193548388,0.5806451612903225,27.0,136.0,40.6875,44.293366814343656,5.532215060974828,1.0,654.0,655.0,0.9239589394152362,0.0637532748199198,0.173469174139501,0.27497589485517,0.1127069194345387,41.694641732227595,33.74193548387097,0.8709677419354839,15.0,160.0,32.6875,53.23088712157632,5.737556448213221,0.0,738.0,738.0,0.3842009620510406,0.0482492465307086,0.1728265541111899,0.216220828476969,0.0714602475256858,35.607943939663,0.0632682805288531,0.1248180535777508,45.48387096774193,149.0,44.15625,-56.0,51.150580015650846,60.12903225806451,0.5161290322580645,23.0,151.0,58.34375,50.536255163372566,5.47044398268234,1.0,645.0,646.0,0.9215686274509804,0.0945310837513299,0.2925490196078432,0.4533333333333329,0.1615802874773363,60.97254901960784,14.645161290322584,0.967741935483871,16.0,93.0,14.1875,22.152084410953297,5.134652594448633,0.0,434.0,434.0,0.4705882352941176,0.0357820547573868,0.0941176470588235,0.1739215686274508,0.0677305972088902,15.529411764705884,0.9388445850153788,0.1182145223782225,2.5098039215686274,102,256,200,500
sciver_test_210,1,256,32,-26.70967741935484,255.0,-25.84375,-310.0,164.14058558424085,117.54838709677418,0.3225806451612903,31.0,261.0,113.90625,87.94009302324794,6.460157076888127,1.0,1926.0,1927.0,0.919578919879336,0.060641030483334,0.18919856277541,0.2753109814426568,0.1136458665588779,116.79462471090132,144.25806451612902,0.7419354838709677,24.0,348.0,139.75,136.4134340891688,6.658872212115977,0.0,2051.0,2051.0,0.6209999113825384,0.073016147399673,0.2391417360029434,0.353697422110272,0.1174635974737539,149.75611831672933,0.107734001165316,0.1754379452807744,81.1774193548387,209.0,78.8125,-121.0,77.97533163603731,117.79032258064515,0.3870967741935484,31.0,228.0,114.28125,63.62892147787435,6.041140624153668,1.0,1680.0,1681.0,1.0,0.0688211951447245,0.1647058823529411,0.4472549019607841,0.1696515786782093,115.61960784313725,36.61290322580646,0.967741935483871,21.0,157.0,35.46875,35.103404727141495,5.049786085763511,0.0,644.0,644.0,0.6784313725490196,0.0641030325173547,0.1125490196078433,0.5562745098039217,0.1524684227468128,41.28235294117647,0.9029896056729984,0.1923722562937911,1.3333333333333333,192,256,237,316
sciver_test_212,1,256,32,12.451612903225795,183.0,12.09375,-386.0,105.87208064894872,97.51612903225808,0.935483870967742,29.0,344.0,94.5,86.27209861826708,6.808327807682332,1.0,3943.0,3944.0,0.8127677040921896,0.0256433735657207,0.0510492973176475,0.1128984579214671,0.0751942155753995,101.11182196963706,85.06451612903228,0.967741935483871,24.0,661.0,82.40625,131.58359020386052,7.765714584538572,0.0,8735.0,8735.0,0.6177976511079626,0.0134788902945069,0.0226137137798838,0.0435197023191855,0.0386810541367495,117.73810672251815,0.0471149299512501,0.1051293696806269,12.177419354838648,365.0,11.9375,-2490.0,456.327044008735,134.11290322580643,0.9032258064516128,30.0,451.0,130.0625,96.60743291150014,6.710193519167971,1.0,3781.0,3782.0,0.984313725490196,0.0364256784438187,0.0666666666666666,0.1803921568627451,0.1075399106090658,137.7254901960785,121.93548387096784,0.967741935483871,19.0,2672.0,118.125,460.3759163716104,8.127000727978327,0.0,7558.0,7558.0,0.5803921568627451,0.0160365072199824,0.0274509803921567,0.0352941176470588,0.0391280227517708,121.20392156862736,0.9334144741881129,0.0991351765385125,1.0,256,256,1000,1000
sciver_test_213,1,256,32,-9.709677419354838,86.0,-9.375,-154.0,44.51105901907974,13.322580645161295,0.935483870967742,15.0,95.0,12.9375,25.97948409322248,5.910279511179728,1.0,1322.0,1323.0,0.3842343837813701,0.0095554815303568,0.0259662976090185,0.054327324902771,0.0235860077221125,12.632346583131715,23.032258064516128,0.967741935483871,12.0,155.0,22.3125,38.247089350040746,5.3643614417058085,0.0,921.0,921.0,0.8720971393404584,0.0279301499475545,0.0676411610766027,0.2014726120173751,0.0661504737471526,25.72366810169773,0.0451670874956442,0.1596190416778494,10.048387096774196,167.0,9.71875,-46.0,32.51272287024727,12.70967741935484,0.935483870967742,12.0,171.0,12.34375,31.446988503472,6.016394529694388,1.0,888.0,889.0,0.3921568627450981,0.0135885885885885,0.0298039215686279,0.0666666666666666,0.0258849081085767,12.066666666666674,2.661290322580647,0.967741935483871,6.0,47.0,2.625,8.002929151254557,3.9280438907011495,0.0,145.0,145.0,1.0,0.0285057471264367,0.0588235294117647,0.0627450980392156,0.0840101838859314,4.133333333333333,0.776179839162033,0.4054793127859004,1.27363184079602,201,256,416,531
sciver_test_215,1,256,32,-97.61290322580648,227.0,-94.53125,-619.0,293.9339832741997,143.90322580645162,0.5483870967741935,31.0,360.0,139.4375,114.26010280824188,6.5580014473670705,1.0,1526.0,1527.0,0.9684776628615716,0.0940782357696645,0.2476390900941582,0.3395594060571016,0.1355653581027744,143.56338778450805,241.51612903225805,0.7419354838709677,24.0,708.0,233.96875,252.48966369623432,7.05994936442316,0.0,2166.0,2166.0,0.7605149436657361,0.1135735111677418,0.3077547352354481,0.3649398327973711,0.129598340147774,246.00022518932892,0.1007961142800677,0.1732254256207326,119.46774193548382,428.0,116.46875,-467.0,216.7892098870179,210.5967741935484,0.4193548387096774,31.0,430.0,204.75,112.67403205708048,6.253215166800198,1.0,1385.0,1386.0,1.0,0.15293268209811,0.5239215686274515,0.8188235294117645,0.2459597507190058,211.81176470588235,91.12903225806453,0.967741935483871,19.0,524.0,88.28125,138.4935094090604,6.547193812562385,0.0,1883.0,1883.0,0.5176470588235293,0.0524528026824112,0.1294117647058823,0.3329411764705877,0.0964454101036779,98.76862745098038,0.900456920208275,0.1561428692019649,1.2248803827751196,209,256,1344,1643
sciver_test_217,1,256,32,0.2903225806451424,159.0,0.34375,-560.0,126.97529517956436,63.612903225806456,0.6774193548387096,30.0,174.0,61.6875,47.35665047012933,6.303647799483551,1.0,1778.0,1779.0,0.996882480831598,0.0367740420335114,0.1032366219016986,0.1579442133636852,0.0845657345353952,65.38424673558337,63.32258064516131,0.967741935483871,25.0,641.0,61.34375,128.28547496087583,7.07741830324413,0.0,2878.0,2878.0,0.6615796714765743,0.0257354299824307,0.0669946834531436,0.1132639699730203,0.0437449924814262,74.06656748943568,0.0982133553281767,0.1907652900737511,40.19354838709677,151.0,38.5625,-134.0,71.06068599267812,76.98387096774195,0.6774193548387096,31.0,172.0,75.0625,56.83745326587039,5.735900470856513,1.0,960.0,961.0,0.992156862745098,0.0789052287581699,0.2862745098039215,0.4001960784313723,0.1522042106426953,75.74901960784314,36.79032258064516,0.967741935483871,28.0,146.0,36.5,31.804087787578503,6.445443948023023,0.0,1369.0,1369.0,1.0,0.0292785631418381,0.0627450980392156,0.1043137254901957,0.0565028877936091,40.08235294117647,0.5655693209169896,0.3788528553908801,1.532934131736527,167,256,1085,1660
sciver_test_219,1,256,32,5.35483870967741,250.0,5.21875,-327.0,178.90914844813693,134.8709677419355,0.6129032258064516,31.0,395.0,130.6875,110.1911513858985,6.558243575299407,1.0,1503.0,1504.0,0.9716616018159304,0.088509334618883,0.2446024951096982,0.3117820717671101,0.1202013138004338,133.02952993218128,129.51612903225805,0.8387096774193548,21.0,417.0,125.46875,150.91905619714663,6.728529000832516,0.0,1758.0,1758.0,0.66628164666687,0.0762532277051059,0.2371955043880391,0.3093702896743706,0.1012311157811874,134.0531743055763,0.0780318190308986,0.1526927625827658,106.40322580645162,248.0,103.125,-10.0,74.78333286902904,125.9193548387097,0.6451612903225806,27.0,283.0,122.03125,83.87247923745608,6.088811625376396,1.0,1043.0,1044.0,1.0,0.1228131521064801,0.3725490196078431,0.5294117647058822,0.1797930101010809,128.09411764705882,19.51612903225807,0.967741935483871,18.0,97.0,18.90625,23.78859938999142,5.06062176331789,0.0,598.0,598.0,0.580392156862745,0.0400485277723129,0.0941176470588235,0.2594117647058823,0.095399444266365,23.94901960784313,0.9637925091911764,0.1084670572273459,1.3333333333333333,192,256,1394,1859
sciver_test_221,1,256,32,-14.70967741935483,305.0,-14.21875,-392.0,173.95486741806766,77.48387096774195,0.6129032258064516,30.0,329.0,75.09375,93.62236624299506,6.1424826140828195,1.0,1105.0,1106.0,0.9475260084042952,0.0694064413351786,0.1812856560452292,0.3068377514108681,0.112482272133768,76.6941176753724,92.19354838709675,0.8387096774193548,23.0,441.0,89.3125,141.11330498485958,6.401186024418131,0.0,1191.0,1191.0,0.7345788101519647,0.0782529353196918,0.2158329546053706,0.2687224879251143,0.0954389811879246,93.19924596575297,0.1357001339093326,0.1821848645323546,65.24193548387098,319.0,63.21875,-11.0,98.39611729350656,92.08064516129032,0.6451612903225806,26.0,324.0,89.21875,99.1654975202439,5.975697342560172,1.0,928.0,929.0,0.8392156862745098,0.1009930696416497,0.332941176470589,0.4588235294117647,0.1519287459029563,93.72156862745098,26.838709677419352,0.8064516129032258,12.0,127.0,26.0,42.5191133491751,5.408675819500197,0.0,581.0,581.0,0.3529411764705882,0.0515473659343255,0.207843137254902,0.2509803921568627,0.0829177938710575,29.949019607843137,0.9217847178765124,0.1448862976817079,2.723404255319149,94,256,984,2670
sciver_test_222,1,256,32,23.709677419354833,159.0,23.0,-137.0,78.32903356993498,72.12903225806454,0.5483870967741935,30.0,190.0,69.90625,57.14365634904281,5.687753739432964,1.0,1042.0,1043.0,0.9825425190507237,0.0689017951795863,0.2507384359325014,0.3479660370588724,0.1352284680641329,71.79567057712899,48.41935483870968,0.8387096774193548,21.0,164.0,46.90625,58.2839811692501,5.672426765548525,0.0,928.0,928.0,0.7162860366540713,0.0554878485948916,0.1957904125047393,0.3008249895736743,0.1029377415592319,51.49272349605941,0.0528533818482496,0.129821526343318,91.51612903225802,675.0,88.71875,-233.0,133.08109237768338,111.38709677419352,0.8064516129032258,31.0,699.0,107.96875,121.6910751593456,5.862679167507496,1.0,1372.0,1373.0,0.996078431372549,0.0744726462013376,0.3015686274509807,0.5058823529411764,0.1670738575999698,102.17647058823528,19.870967741935495,0.8387096774193548,21.0,267.0,19.25,46.84549071148684,5.884011800060486,0.0,1210.0,1210.0,0.4941176470588235,0.0186387943607195,0.0392156862745098,0.0549019607843137,0.051323913350372,22.552941176470664,0.8442738494361478,0.1131220337855294,1.3264248704663213,193,256,355,472
sciver_test_224,1,256,32,47.096774193548384,315.0,45.65625,-228.0,130.348717239325,110.41935483870968,0.6774193548387096,30.0,367.0,107.0,99.34944640006808,6.221835164227992,1.0,1362.0,1363.0,0.9703454644581732,0.0811143487967962,0.2246340178979668,0.365633514733209,0.1454202871481108,110.47774306123644,63.322580645161295,0.8709677419354839,21.0,314.0,61.34375,96.75891734583176,6.520252070945279,0.0,1633.0,1633.0,0.55372506749514,0.0419083339345176,0.132006240493973,0.1802342755723253,0.0659943475344751,68.43630931506729,0.1171270188667754,0.1850305532472861,127.1451612903226,463.0,123.1875,0.0,144.4200551992347,136.56451612903223,0.7096774193548387,26.0,468.0,132.3125,145.05827223481603,6.3044126433299255,1.0,1242.0,1243.0,0.8666666666666667,0.1124846073695178,0.3254901960784313,0.4196078431372548,0.1606736352494078,139.7058823529412,9.41935483870968,0.967741935483871,11.0,95.0,9.125,22.664330455585933,5.712474309302669,0.0,549.0,549.0,0.384313725490196,0.0207721704346583,0.0509803921568627,0.0666666666666666,0.0319803461758949,11.403921568627444,0.9210983455882352,0.1675768299957017,1.8285714285714283,140,256,839,1530
sciver_test_226,1,256,32,-5.451612903225808,56.0,-5.25,-97.0,54.59395570940065,28.35483870967741,0.4516129032258064,26.0,70.0,27.5,24.29120211105247,5.088132709189713,1.0,389.0,390.0,0.620908247598287,0.0709164620483208,0.1928599696122303,0.2953181952880083,0.1119194574905769,27.586503736796818,33.80645161290323,0.8064516129032258,22.0,98.0,32.75,34.854160440326204,4.8493684686072385,0.0,329.0,329.0,0.6578840933139786,0.1048059496136066,0.3316361050946174,0.4052158022412663,0.154754468976156,34.48115742287658,0.1834915633207227,0.2704906243204145,26.24193548387097,71.0,25.4375,0.0,24.319407759030646,27.661290322580644,0.6129032258064516,21.0,74.0,26.8125,25.04924836696702,4.771165230051786,1.0,343.0,344.0,0.6274509803921569,0.0817126850740296,0.3082352941176471,0.4584313725490195,0.1440248951307609,28.027450980392153,1.419354838709678,0.5806451612903225,14.0,6.0,1.375,1.7455300054711176,4.121117866956194,0.0,165.0,165.0,0.396078431372549,0.0141176470588235,0.0235294117647058,0.0392156862745098,0.0376980245235073,2.329411764705882,0.8628477328431373,0.2177894347303572,5.12,50,256,327,1660
sciver_test_228,1,256,32,2.258064516129029,266.0,2.21875,-232.0,134.1770598814771,72.67741935483869,0.4838709677419355,30.0,274.0,70.4375,83.23420927569384,5.762574444601762,1.0,590.0,591.0,0.998775592313622,0.1223054680308119,0.2915822439367557,0.3898341448571436,0.1525268659599815,72.16022613817907,70.4193548387097,0.7741935483870968,20.0,257.0,68.21875,87.93027577824091,5.881356986809477,0.0,755.0,755.0,0.4988375878660213,0.0949493584921989,0.303306332525962,0.3451322766194678,0.1192006578571119,71.68676566161022,0.0671229049294073,0.1544564257964588,55.3709677419355,228.0,53.65625,0.0,69.66105860477215,61.79032258064517,0.6451612903225806,22.0,230.0,59.875,73.73675728563062,5.559286593526656,1.0,552.0,553.0,0.6627450980392157,0.1131713554987212,0.403921568627451,0.4549019607843138,0.150978268075247,62.47058823529411,6.419354838709677,0.9032258064516128,14.0,24.0,6.21875,9.42315756195873,4.7952030053389,0.0,365.0,365.0,0.3098039215686274,0.022283105022831,0.0745098039215685,0.1215686274509804,0.0455904561898617,8.133333333333328,0.9760530548568112,0.0796153884314324,1.6842105263157894,152,256,2119,3568
sciver_test_230,1,256,32,-22.64516129032258,242.0,-21.90625,-358.0,184.51886071872843,109.48387096774196,0.3548387096774194,31.0,249.0,106.09375,80.50208047583304,6.293080383284549,1.0,1235.0,1236.0,0.8906165935601121,0.0875778355959508,0.2420491031109097,0.3817400076355755,0.1330781299087853,108.1586269609993,132.1290322580645,0.9032258064516128,23.0,372.0,128.0,142.85438390193002,6.531637060668849,0.0,1516.0,1516.0,0.6787286623928106,0.0900416191336855,0.2721479494134798,0.3416948463153739,0.1181980696061568,136.50309460666733,0.0975697482448001,0.1714603751350948,84.14516129032256,235.0,81.53125,-103.0,89.76426919124056,118.5,0.4193548387096774,30.0,240.0,114.8125,78.71326027900254,5.971173593253406,1.0,1020.0,1021.0,0.9372549019607844,0.1173663975394079,0.3925490196078433,0.584313725490196,0.1919185717171154,119.71372549019608,34.35483870967742,0.967741935483871,18.0,131.0,33.28125,38.05114516591452,5.1848423042565654,0.0,586.0,586.0,0.615686274509804,0.0654353208860336,0.2156862745098039,0.45,0.1282541498375084,38.345098039215685,0.9519162126446966,0.127505042701823,1.5421686746987953,166,256,518,797
sciver_test_231,1,256,32,-3.2903225806451686,40.0,-3.15625,-127.0,36.302642272119805,13.967741935483872,0.7419354838709677,25.0,53.0,13.5625,13.932734611338867,4.72193257202857,1.0,223.0,224.0,0.5050875535363896,0.0585239999953045,0.1662795978131761,0.226685447815849,0.0766241834218957,13.050851998952924,17.258064516129036,0.935483870967742,12.0,128.0,16.71875,32.73590763118536,5.186226299829656,0.0,352.0,352.0,0.8127775835296658,0.0511519645766444,0.132189129187724,0.1728789566481544,0.0706067715595361,18.005491530978844,0.019754129187829,0.1005357420376947,15.419354838709678,65.0,14.875,-37.0,21.985435519907263,21.29032258064516,0.7741935483870968,24.0,67.0,20.65625,20.631604056337935,4.825649175327838,1.0,249.0,250.0,0.7686274509803921,0.0820694542877392,0.2298039215686277,0.3498039215686273,0.1127019878193582,20.43529411764706,5.870967741935486,0.967741935483871,11.0,51.0,5.78125,11.637048527762529,4.151223858330779,0.0,169.0,169.0,1.0,0.0408400046409096,0.1184313725490197,0.1552941176470588,0.088865627452036,6.901960784313725,0.0802030569172113,0.2607670805666496,0.703125,256,180,1967,1384
sciver_test_233,1,256,32,-127.35483870967744,477.0,-123.34375,-547.0,309.42947594878143,142.48387096774192,0.2258064516129032,30.0,479.0,138.0625,130.90620150989793,6.611968154903372,1.0,1690.0,1691.0,0.9878069245615316,0.0838866009642645,0.2071904817543347,0.2917596513453142,0.136501548801586,141.76835562960702,269.83870967741933,0.7741935483870968,25.0,606.0,261.40625,230.8605990872793,6.837922939425991,0.0,2094.0,2094.0,0.7248467870040853,0.1304331783315199,0.4083370292770842,0.5146004490285556,0.1725084498941739,273.12707542620274,0.1019747848074478,0.2119168383225058,119.19354838709675,300.0,116.5625,-67.0,92.46821666794489,157.54838709677418,0.1612903225806451,31.0,300.0,153.71875,69.896456622904,6.043053486368068,1.0,1344.0,1345.0,1.0,0.1192752100840336,0.2901960784313726,0.8896078431372546,0.2365150379658745,160.30588235294118,38.35483870967742,0.967741935483871,22.0,136.0,37.15625,34.30571141861804,5.182926823121413,0.0,1007.0,1007.0,0.7529411764705882,0.0454271082812469,0.0784313725490196,0.3333333333333333,0.1364735749237088,45.74509803921568,0.9424314611098344,0.1740447706225306,1.0,256,256,1495,1495
sciver_test_235,1,256,32,-62.83870967741936,125.0,-60.84375,-329.0,150.98698399510303,76.29032258064514,0.5161290322580645,30.0,196.0,73.9375,57.88670912869378,6.0307892996796015,1.0,815.0,816.0,0.950642429537602,0.0941093688303124,0.2508499885270324,0.3497392058770292,0.1211315283472739,76.69913559670468,139.1290322580645,0.7096774193548387,24.0,367.0,134.78125,139.49344392636343,6.258114823944051,0.0,1202.0,1202.0,0.6862127499192197,0.1171831374862973,0.3614640766130899,0.435134514941958,0.1539474424284578,140.85413125852943,0.0484176869660406,0.1346906567373924,71.06451612903224,200.0,69.375,-12.0,63.86252324329192,87.93548387096772,0.4516129032258064,30.0,203.0,85.71875,53.27360648986982,5.774268643672543,1.0,722.0,723.0,1.0,0.1232958557384172,0.3803921568627451,0.474117647058823,0.1735299527115442,89.01960784313725,16.870967741935484,0.9032258064516128,16.0,46.0,16.34375,18.893797552040724,5.165607650347256,0.0,763.0,763.0,0.5490196078431373,0.0291624906843471,0.0352941176470588,0.2074509803921568,0.0795631429375629,22.250980392156855,0.9718262317133884,0.1131831182626364,1.0,256,256,1800,1800
sciver_test_237,1,256,32,9.870967741935456,138.0,9.59375,-707.0,161.63304492255753,71.35483870967742,0.8709677419354839,30.0,248.0,69.15625,66.30144671074305,6.272092015043242,1.0,1064.0,1065.0,0.9715285723335416,0.0659064251258886,0.1572082766305313,0.2458456823361768,0.1013315930650421,70.12443633394551,61.48387096774197,0.967741935483871,15.0,713.0,59.5625,153.68838958668934,7.102436008012198,0.0,1997.0,1997.0,0.3517825373473451,0.0318032858567183,0.0712596500582304,0.0961051382436881,0.0363781141727868,63.51116185586658,0.1481303361850393,0.1918993037328958,0.4354838709677407,289.0,0.4375,-242.0,109.37148208628244,53.46774193548386,0.2580645161290322,30.0,291.0,51.8125,71.03803448681558,6.308122974280996,1.0,1020.0,1021.0,0.9294117647058824,0.0527566320645905,0.1176470588235294,0.1490196078431372,0.0797328334310098,53.811764705882354,53.032258064516135,0.3548387096774194,24.0,290.0,51.375,74.79168987929073,5.889663544849068,0.0,693.0,693.0,0.6039215686274509,0.0770053475935828,0.1725490196078431,0.3058823529411765,0.1034040575028051,53.364705882352936,0.5455279181985293,0.3061100209830227,3.2,80,256,475,1522
sciver_test_239,1,256,32,-100.80645161290322,341.0,-97.625,-679.0,311.1243471266754,157.03225806451616,0.2580645161290322,28.0,349.0,152.15625,118.50477558283252,6.683922700980551,1.0,1583.0,1584.0,0.9866161139412132,0.0984304908918074,0.2249846733748055,0.3248468085810417,0.1367824017177219,155.8154670817312,257.8387096774194,0.8064516129032258,25.0,710.0,249.78125,246.03883514282353,6.90403684108201,0.0,2023.0,2023.0,0.7170848145470823,0.1295106953217808,0.3493315992904545,0.4501011929305625,0.15487472057878,262.0001366359626,0.1295717739023254,0.2300257007552912,106.80645161290322,259.0,104.6875,-59.0,108.30929020056404,159.35483870967744,0.4838709677419355,31.0,266.0,155.59375,68.80037217150428,6.156024555000238,1.0,1320.0,1321.0,1.0,0.123098633392751,0.2552941176470594,0.8480392156862736,0.2285133586566025,162.49019607843135,52.54838709677419,0.9032258064516128,25.0,136.0,50.90625,53.20324201528982,5.432929160617788,0.0,934.0,934.0,0.8,0.0630935886131754,0.2694117647058826,0.3856862745098035,0.1412515384641968,58.929411764705875,0.9225115916211846,0.1973046752676545,1.3195876288659794,194,256,1258,1660
sciver_test_242,1,256,32,-17.62903225806452,264.0,-17.03125,-331.0,174.85645619603957,99.17741935483872,0.3548387096774194,31.0,268.0,96.125,87.61162522747766,6.243680683549398,1.0,1012.0,1013.0,0.8622681877292278,0.0970910699529941,0.24481953026024,0.3107487697332532,0.1228896100394966,98.25616279243005,116.80645161290325,0.7741935483870968,22.0,367.0,113.15625,132.02109428397227,6.409423064114067,0.0,1385.0,1385.0,0.5764896802179802,0.0865913685396519,0.2592454704360589,0.3741004888221827,0.1204988218758579,119.92904542741792,0.0836970266963332,0.1686038839733573,75.3064516129032,214.0,72.96875,-70.0,83.29371388908949,89.43548387096772,0.5161290322580645,27.0,214.0,86.65625,76.95884020655132,6.009065899645627,1.0,888.0,889.0,0.8431372549019608,0.1007728316551845,0.2756862745098042,0.406470588235294,0.1414758102735716,89.4862745098039,14.12903225806452,0.967741935483871,10.0,111.0,13.6875,29.86578048117946,5.550584683368263,0.0,670.0,670.0,0.2941176470588235,0.0282762657301726,0.0941176470588235,0.1529411764705882,0.0493471821919966,18.94509803921568,0.9640412515812776,0.1050928001955959,1.3763440860215057,186,256,1208,1661
sciver_test_245,1,256,32,-64.6451612903226,290.0,-62.59375,-668.0,241.4577938500588,139.2258064516129,0.3870967741935484,30.0,323.0,134.90625,105.75601619263794,6.722473289827173,1.0,2929.0,2930.0,0.9880857977925817,0.0477257160044291,0.1570749743833388,0.1976842171221957,0.1069116449986825,139.7886221769731,203.87096774193552,0.967741935483871,26.0,673.0,197.5,174.38660355658058,6.75299521762297,0.0,3118.0,3118.0,0.7578592552042543,0.0678290289823553,0.2891081819582995,0.4259334025647623,0.1369480535404488,211.49091236698388,0.0967537857601053,0.1992149805624217,101.0483870967742,298.0,100.9375,-165.0,78.02521127014012,137.75806451612902,0.9032258064516128,30.0,339.0,136.53125,65.2744132370219,6.365019594172736,1.0,2444.0,2445.0,1.0,0.0571371265363755,0.1725490196078431,0.2352941176470588,0.1521315447369099,139.64313725490194,36.70967741935484,0.967741935483871,24.0,213.0,35.59375,34.008141833059625,5.266341869732388,0.0,951.0,951.0,0.984313725490196,0.0463743015607925,0.0588235294117647,0.1470588235294117,0.1440323489654222,44.10196078431372,0.9371057598039216,0.1824095140949538,1.024,250,256,436,447
sciver_test_249,1,256,32,0.3548387096774168,75.0,0.375,-113.0,54.29189050862016,52.61290322580644,0.9032258064516128,31.0,84.0,51.0,19.426142180062413,5.486614555060839,1.0,756.0,757.0,0.9922660860011548,0.0679532849368182,0.168471999227981,0.2924935952154905,0.1418271026283972,51.37268341223455,52.25806451612903,0.9032258064516128,28.0,167.0,50.625,53.07880344355927,5.73107434269352,0.0,836.0,836.0,0.8670406064141138,0.0629675898078593,0.1719800135538095,0.2827865037651428,0.1130985093373508,52.640905079370405,0.0926911596169164,0.2089444006413583,-66.40322580645162,1.0,-67.9375,-232.0,41.369476595069465,15.806451612903228,0.6451612903225806,26.0,38.0,15.625,12.650963402049664,4.590587188420826,1.0,149.0,150.0,0.3372549019607843,0.0993288590604026,0.2243137254901961,0.2768627450980392,0.0891358676048926,14.8,82.20967741935485,0.0,29.0,251.0,83.5625,37.05733522192334,5.562443430689608,0.0,832.0,832.0,1.0,0.0976621417797888,0.2305882352941174,0.55078431372549,0.1987222918177602,81.25490196078431,0.0772455466561624,0.2131169812633895,2.2857142857142856,112,256,643,1471
sciver_test_254,1,256,32,-16.258064516129046,183.0,-15.71875,-318.0,139.89577244662362,81.35483870967742,0.6451612903225806,29.0,194.0,78.84375,64.70370419023551,6.2083150163226035,1.0,1268.0,1269.0,0.961095660670476,0.0639019163993992,0.1648152202742541,0.2689764766827699,0.1106496541609217,81.02762999443823,97.61290322580643,0.8709677419354839,21.0,331.0,94.5625,115.13414390939812,6.563245999421321,0.0,1459.0,1459.0,0.5577297534147403,0.0698599476236379,0.206355636259873,0.2702921105716935,0.0918473080686389,101.92566358288772,0.1190733118330871,0.1776103902673291,63.241935483870975,239.0,61.28125,0.0,81.78486808962585,72.59677419354838,0.8387096774193548,18.0,260.0,70.34375,87.73240898286961,6.0731475317960175,1.0,1019.0,1020.0,0.5607843137254902,0.0716273162847081,0.2047058823529413,0.3611764705882349,0.1108116085821165,72.98823529411763,9.35483870967742,0.967741935483871,12.0,62.0,9.0625,15.964682701200172,5.667397778437655,0.0,579.0,579.0,0.2156862745098039,0.024023840969894,0.059607843137255,0.1023529411764706,0.0353463050113485,13.909803921568628,0.9642284517973858,0.0804279435456468,2.5098039215686274,102,256,600,1500
sciver_test_258,1,256,32,-7.419354838709693,258.0,-7.15625,-279.0,149.30340530589882,66.19354838709675,0.5161290322580645,26.0,264.0,64.15625,79.78138464540146,5.920884351947341,1.0,773.0,774.0,0.947655569495356,0.0859618423346917,0.2392079636126877,0.32240967280157,0.1157816546959303,66.44850412471675,73.61290322580645,0.8387096774193548,20.0,292.0,71.3125,103.00498698485428,6.109674097707468,0.0,886.0,886.0,0.4559648421371464,0.0833303471722059,0.2467405738483039,0.2792325691756941,0.0995798744281367,73.83068759457443,0.1351247411239677,0.1925668301771228,51.98387096774192,227.0,50.375,-32.0,62.946281661429374,77.14516129032258,0.5483870967741935,31.0,233.0,74.75,67.75645725685486,5.72341149933653,1.0,745.0,746.0,0.9607843137254902,0.1042768785366495,0.3411764705882353,0.516862745098039,0.1618213587112364,77.68627450980392,25.161290322580655,0.5806451612903225,16.0,122.0,24.375,32.387063389569605,5.369726210144786,0.0,576.0,576.0,0.4745098039215686,0.0475830610021786,0.1509803921568627,0.242156862745098,0.086708945715961,27.407843137254893,0.869808961891208,0.1876999850576408,2.752688172043011,93,256,443,1216
sciver_test_260,1,256,32,-5.322580645161292,77.0,-5.125,-120.0,62.22175564061175,41.70967741935485,0.6129032258064516,30.0,101.0,40.4375,30.35821295382849,5.5089914351696,1.0,579.0,580.0,0.9615563693212902,0.0712036441587486,0.1788386429316208,0.2739097371335025,0.1149950323505051,41.22690996791543,47.03225806451613,0.7741935483870968,20.0,155.0,45.5625,54.730554480564145,5.610079867619016,0.0,730.0,730.0,0.8149013554725579,0.0684329812523503,0.2467582817714689,0.3060991856231588,0.1151402113100494,49.95607631421576,0.1081550203279142,0.2009130672098665,28.83870967741935,86.0,28.1875,-125.0,45.50854143729504,49.38709677419355,0.5161290322580645,30.0,98.0,48.09375,28.151775449116883,5.158865331733362,1.0,550.0,551.0,0.9058823529411764,0.0904527629233511,0.2984313725490197,0.5337254901960781,0.1738820364460317,49.74901960784314,20.548387096774192,0.9032258064516128,21.0,178.0,19.90625,35.77128682249913,5.2728929389212205,0.0,503.0,503.0,0.5490196078431373,0.0431996257747631,0.0698039215686275,0.1549019607843133,0.0884581829925137,21.72941176470588,0.8740931372549021,0.1886213375743624,3.011764705882353,85,256,1500,4500
sciver_test_261,1,256,32,-2.870967741935488,245.0,-2.75,-257.0,151.1749813957323,82.5806451612903,0.4516129032258064,30.0,249.0,80.03125,82.07522630756189,5.923464898310128,1.0,922.0,923.0,0.9778311851978494,0.0900775292165709,0.2490766093959474,0.3493222299179651,0.14623863646532,83.0514819376784,85.4516129032258,0.7741935483870968,19.0,301.0,82.78125,107.5801254806737,6.2668730759253926,0.0,1079.0,1079.0,0.6157162501864324,0.0803746757622055,0.2499086722851025,0.3017522379169172,0.1035347761244942,86.72427514741977,0.1077937117120605,0.172315644863243,44.7258064516129,225.0,43.34375,-65.0,74.01292512755796,81.72580645161291,0.5483870967741935,27.0,235.0,79.1875,77.11048789723743,5.780621857085144,1.0,912.0,913.0,0.8352941176470589,0.0893231854145166,0.3329411764705882,0.4488235294117644,0.1545393494285943,81.46274509803922,37.0,0.967741935483871,17.0,119.0,35.84375,43.79005978458468,5.980129000473065,0.0,1190.0,1190.0,0.4901960784313726,0.0380787609161311,0.0980392156862745,0.2196078431372549,0.0778995794775722,45.31372549019609,0.9126877728630516,0.1414026787582121,2.0,128,256,415,830
sciver_test_262,1,256,32,4.387096774193534,86.0,4.28125,-238.0,83.7646384128619,57.0,0.5161290322580645,28.0,105.0,55.25,29.74789908548165,5.671250593308443,1.0,641.0,642.0,0.9620807820902404,0.0877980345513435,0.2078698582338157,0.3287172374778533,0.1426089189169436,56.27854014741118,52.61290322580647,0.935483870967742,21.0,274.0,50.96875,75.6296421612419,6.086576119351623,0.0,1012.0,1012.0,0.6497669246589537,0.0525793128288064,0.1338460997735337,0.2334308755994781,0.0839192316707713,53.21026458275212,0.0674377772393425,0.150954114560703,32.887096774193544,144.0,31.875,-23.0,45.44209914825679,53.98387096774192,0.7096774193548387,21.0,150.0,52.3125,56.520702788889665,6.0136861666871635,1.0,785.0,786.0,0.6352941176470588,0.0689246908954664,0.1490196078431372,0.2431372549019608,0.0975928632929505,54.10588235294117,21.096774193548384,0.9032258064516128,15.0,80.0,20.4375,28.386767934197792,6.0078259807890655,0.0,754.0,754.0,0.3098039215686274,0.0293337494148853,0.0745098039215687,0.1072549019607844,0.0387658712776699,22.11764705882353,0.9605062110071304,0.0979423858397281,2.327272727272727,110,256,711,1660
sciver_test_264,1,256,32,-3.129032258064533,263.0,-3.0,-475.0,177.22355232869023,87.48387096774195,0.6451612903225806,28.0,269.0,84.78125,94.07435037478336,6.56211216187066,1.0,2023.0,2024.0,0.837377667830422,0.043110681105142,0.1491358628859623,0.2061394941633448,0.0744906463960395,87.21290787570243,90.61290322580643,0.935483870967742,13.0,493.0,87.78125,156.80635637128202,6.817635616974412,0.0,2041.0,2041.0,0.3837835609903082,0.0456086721371982,0.137274918365468,0.1896735444587893,0.0632234904510149,93.08729983202151,0.1398129285019454,0.1458573946406741,-29.629032258064516,137.0,-28.6875,-297.0,114.02725482861544,63.79032258064516,0.4516129032258064,28.0,219.0,61.8125,55.01161099031731,6.163745957948809,1.0,1400.0,1401.0,0.8431372549019608,0.0462240896358543,0.1294117647058823,0.2078431372549019,0.095867977852226,64.71372549019607,93.41935483870968,0.4838709677419355,22.0,361.0,90.5,124.86142318586634,6.477086354404784,0.0,1657.0,1657.0,0.5294117647058822,0.056080561373614,0.196078431372549,0.2596078431372542,0.0911058130369686,92.9254901960784,0.6331243484384704,0.2384206311451504,1.158371040723982,221,256,1289,1496
sciver_test_265,1,256,32,-6.74193548387097,314.0,-6.5,-370.0,205.3060215872881,113.3548387096774,0.4193548387096774,31.0,325.0,109.84375,108.996877643066,6.23159373280177,1.0,1006.0,1007.0,0.9849111949167578,0.1120117376205079,0.2851821446452017,0.4162064861378135,0.1483880024317035,112.683808046231,120.09677419354836,0.7741935483870968,23.0,391.0,116.34375,136.65046866343891,6.355104479809748,0.0,1197.0,1197.0,0.5807614088207501,0.1032515162497181,0.3015069448045031,0.3405977922455626,0.1257604028401406,123.5920649509126,0.157570526379953,0.2211066177714159,65.08064516129032,261.0,63.0625,-4.0,89.43710691737519,68.7258064516129,0.6451612903225806,21.0,261.0,66.59375,87.88837358227481,5.896134967947269,1.0,781.0,782.0,0.6901960784313725,0.0891165172855313,0.2627450980392157,0.3294117647058823,0.1211924921648538,69.6,3.645161290322582,0.967741935483871,9.0,29.0,3.53125,8.302802143704257,5.290677188641319,0.0,539.0,539.0,0.2117647058823529,0.0127978464112917,0.020392156862745,0.0592156862745096,0.0282033592415449,6.898039215686269,0.9497464851325146,0.1078383002023804,2.8131868131868134,91,256,593,1661
sciver_test_267,1,256,32,-71.61290322580646,137.0,-69.34375,-378.0,175.2829158416116,59.580645161290306,0.5161290322580645,27.0,183.0,57.75,58.46206034686085,5.9243749269842265,1.0,944.0,945.0,0.843011025632013,0.062638972700359,0.1943289948186909,0.2556210705500115,0.0994807092175336,59.13119022913894,131.19354838709677,0.8064516129032258,27.0,385.0,127.09375,142.7829120060853,6.336676829006159,0.0,1279.0,1279.0,0.7830615003671386,0.1047536214090577,0.3100423974061614,0.3866877553601986,0.1392442644149752,133.9798817821848,0.14361404991425,0.2290163557174078,42.11290322580645,158.0,40.8125,-87.0,70.12240971151805,74.2741935483871,0.3870967741935484,30.0,160.0,71.96875,53.091597955208506,5.481851553246569,1.0,750.0,751.0,0.9372549019607844,0.0998692810457516,0.3533333333333334,0.553333333333333,0.186628692060124,74.90196078431373,32.16129032258065,0.967741935483871,19.0,103.0,31.15625,35.7867899641404,5.057119532028221,0.0,546.0,546.0,0.615686274509804,0.0660274366156719,0.2490196078431372,0.4235294117647059,0.130251605777352,36.05098039215686,0.9179765820802004,0.1872249999313509,1.924812030075188,133,256,866,1661
sciver_test_269,1,256,32,-46.16129032258065,332.0,-44.6875,-378.0,194.83156788300505,88.8709677419355,0.3870967741935484,30.0,332.0,86.125,96.57857875843898,6.320252479749124,1.0,953.0,954.0,0.7999599689082171,0.0926494045103746,0.2039604536257264,0.2772530769354664,0.1025193708765169,88.29488249838698,135.03225806451613,0.8387096774193548,19.0,400.0,130.8125,147.98995690164247,6.316362070203311,0.0,1228.0,1228.0,0.5605019557263949,0.1124189634054866,0.3732078904114936,0.4333791308817071,0.1468402273241005,138.05048706193762,0.08376984368333,0.1731697355887866,47.435483870967744,205.0,45.96875,-41.0,64.56609228873542,64.37096774193549,0.4838709677419355,26.0,206.0,62.375,61.25599460460992,5.936200716714795,1.0,836.0,837.0,0.8313725490196078,0.0787878787878787,0.2117647058823529,0.3343137254901961,0.1167379808789782,65.86666666666666,16.935483870967744,0.967741935483871,17.0,74.0,16.40625,23.55559829292179,4.9917830511057595,0.0,550.0,550.0,0.5333333333333333,0.0367557932263814,0.1180392156862746,0.2352941176470588,0.0827989941831618,20.215686274509796,0.9602600762527234,0.1151651142655219,1.8962962962962964,135,256,1189,2263
sciver_test_271,1,256,32,0.8709677419354662,476.0,0.875,-314.0,222.5262273867959,165.9677419354839,0.3870967741935484,31.0,516.0,160.8125,141.6519584889316,6.515237402704843,1.0,1499.0,1500.0,0.9800183671748196,0.1107366462447128,0.3042698042886282,0.4919286819204221,0.160556316520249,165.9942327208246,165.09677419354836,0.7419354838709677,24.0,379.0,159.9375,154.246948409847,6.729638792212661,0.0,1937.0,1937.0,0.5956179443497472,0.0876058055438999,0.2783116263687867,0.356360779191997,0.1213355312659951,169.69244533853424,0.0968177073596207,0.1884709344439309,185.1774193548387,446.0,179.40625,0.0,161.40977730898925,199.79032258064515,0.5483870967741935,26.0,448.0,193.5625,163.33553224497723,6.367636430693563,1.0,1346.0,1347.0,0.803921568627451,0.1500772077032893,0.5078431372549019,0.6029411764705882,0.204497881926695,202.00392156862745,14.612903225806456,0.967741935483871,18.0,88.0,14.15625,21.30450271509523,5.21904394646075,0.0,584.0,584.0,0.4862745098039216,0.0311643835616438,0.0862745098039216,0.1668627450980394,0.0667147119640557,18.199999999999992,0.9611072814542484,0.112618968809708,1.3333333333333333,192,256,1077,1439
sciver_test_273,1,256,32,4.225806451612894,75.0,4.125,-142.0,43.53285397260326,22.838709677419352,0.7741935483870968,27.0,86.0,22.15625,20.756187895119375,4.906558098462376,1.0,462.0,463.0,0.9674862670622206,0.0480892195318324,0.1174637455689468,0.1730480484521781,0.1153537700108969,22.21721942370661,18.61290322580646,0.935483870967742,16.0,154.0,18.03125,39.74723604777444,5.257499301898768,0.0,430.0,430.0,0.5381465703278704,0.0469218572620973,0.1228857954167154,0.1625327940771651,0.068705625390364,20.176398622701875,0.0791232788036305,0.1454107629114437,24.58064516129032,92.0,23.84375,1.0,24.862257257487705,29.32258064516129,0.8064516129032258,28.0,98.0,28.4375,28.022242839394565,5.056930086333406,1.0,491.0,492.0,0.996078431372549,0.0597579968851084,0.196078431372549,0.2725490196078431,0.1281216355901783,29.34117647058823,4.741935483870968,0.9032258064516128,23.0,24.0,4.59375,6.20412853973062,4.780698270333198,0.0,253.0,253.0,0.3725490196078431,0.0211578702627295,0.0588235294117647,0.0721568627450979,0.0366124019284259,5.352941176470588,0.8757539317810458,0.2074417509504423,4.266666666666667,60,256,352,1495
sciver_test_275,1,256,32,-17.870967741935512,77.0,-17.28125,-453.0,111.4776419217661,52.16129032258063,0.9032258064516128,27.0,226.0,50.5625,49.726085646770954,5.840990180258175,1.0,894.0,895.0,0.8738413811575365,0.0558870339360405,0.1637780099420613,0.3073206948755372,0.1009522473651506,49.9630083388202,70.03225806451616,0.935483870967742,21.0,457.0,67.84375,102.40669819859195,6.393407202351996,0.0,1039.0,1039.0,0.592031662791588,0.0686509838340712,0.1702025149316244,0.2487623521427581,0.081281635826411,71.32837220359998,0.1211641684588729,0.1494311802067859,44.11290322580644,158.0,42.75,-193.0,66.2914964380802,53.14516129032258,0.7741935483870968,27.0,158.0,51.5,53.85512974638535,5.6250995071838,1.0,618.0,619.0,0.8549019607843137,0.0847325337902151,0.2745098039215686,0.3849019607843136,0.1236885482202097,52.36470588235294,9.032258064516135,0.967741935483871,7.0,198.0,8.75,34.80930191773457,5.620054072664638,0.0,438.0,438.0,0.188235294117647,0.0298057122392335,0.0588235294117647,0.0790196078431372,0.031097753400693,13.054901960784312,0.9493304858708188,0.0955821289140542,5.019607843137255,51,256,305,1522
sciver_test_277,1,256,32,-4.838709677419361,119.0,-4.65625,-136.0,73.337238739521,33.96774193548386,0.5161290322580645,24.0,126.0,32.9375,39.1981644181204,5.302659992201884,1.0,501.0,502.0,0.6692680265937864,0.0657100442866971,0.2056847775306565,0.2732632144648916,0.1039944380149205,32.92073218763529,38.80645161290323,0.8387096774193548,19.0,138.0,37.59375,48.797322784528866,5.3204704881225275,0.0,443.0,443.0,0.6429127440355659,0.0908371824442287,0.2729331684717685,0.3411930214571749,0.1206401782385315,40.24087182279335,0.1099409327370651,0.2164118662603411,36.1774193548387,142.0,35.0625,-47.0,52.19610707466602,44.693548387096776,0.5806451612903225,25.0,144.0,43.3125,48.52926790865487,5.182716740979954,1.0,435.0,436.0,0.6549019607843137,0.1029073698444895,0.3513725490196079,0.4509803921568627,0.1512507091532377,44.76470588235294,8.516129032258064,0.9032258064516128,15.0,58.0,8.25,14.276291535269234,4.998103142366729,0.0,312.0,312.0,0.2784313725490196,0.030253896430367,0.0898039215686276,0.1294117647058823,0.0449269999516171,9.439215686274512,0.7825247970281863,0.2699155798142736,2.0,128,256,662,1329
sciver_test_278,1,256,32,-3.516129032258089,225.0,-3.375,-955.0,203.7175971166949,87.3548387096774,0.6451612903225806,29.0,267.0,84.65625,83.86879983603855,6.396951889711689,1.0,1766.0,1767.0,0.8815483808593658,0.0538791277759879,0.1820499458349078,0.2629636214930271,0.1061077537842309,95.15053965239464,90.87096774193552,0.967741935483871,24.0,957.0,88.03125,176.75538965880926,7.0829172885042375,0.0,2186.0,2186.0,0.4585280583058592,0.0426640853337134,0.1101850864392204,0.1687075063087502,0.0573753297767041,93.26369053949767,0.1351412364721545,0.1606905336199457,65.91935483870967,213.0,63.875,-49.0,74.50157296997158,75.01612903225806,0.8064516129032258,26.0,234.0,72.6875,81.10580955609777,6.086000620826324,1.0,1130.0,1131.0,0.8274509803921568,0.0648551101856671,0.2274509803921568,0.2705882352941176,0.1113723085169698,73.28627450980392,9.096774193548391,0.967741935483871,13.0,134.0,8.8125,26.56999894147533,6.494213397102456,0.0,924.0,924.0,0.1411764705882353,0.0205203293438587,0.0431372549019607,0.0666666666666666,0.0183960370394768,18.960784313725497,0.9269148284313726,0.1096885671142541,3.282051282051282,78,256,506,1661
sciver_test_281,1,256,32,-4.193548387096776,62.0,-4.03125,-130.0,56.500267905891384,32.774193548387096,0.5161290322580645,31.0,70.0,31.78125,21.74530750386161,5.154980303530641,1.0,420.0,421.0,0.9630273446794284,0.0772663833896172,0.2169170865319105,0.3307335586994118,0.1288680391481096,32.45188102363926,36.96774193548388,0.8709677419354839,21.0,145.0,35.8125,49.37954884109412,5.539614923329055,0.0,521.0,521.0,0.8427225911149329,0.072301668933399,0.2036450809772565,0.2689229341867148,0.0990132583248564,37.66916951430088,0.0341157560184021,0.1072983358065858,13.919354838709676,38.0,13.5625,-31.0,18.92573892216629,31.9516129032258,0.6774193548387096,29.0,51.0,31.03125,14.770080346345445,4.687019990944134,1.0,309.0,310.0,1.0,0.1010850942318675,0.3090196078431371,0.5890196078431363,0.1881392388007108,31.235294117647054,18.03225806451613,0.8709677419354839,27.0,55.0,17.46875,18.27050966551015,4.987140050537178,0.0,358.0,358.0,0.5725490196078431,0.0548143279658231,0.1607843137254901,0.2560784313725489,0.0885211763905831,19.6235294117647,0.971808699065564,0.1120074900338673,1.3333333333333333,192,256,409,545
sciver_test_283,1,256,32,-51.16129032258064,427.0,-49.53125,-467.0,247.01517974294111,117.64516129032258,0.3870967741935484,30.0,431.0,114.0,134.10746623510565,6.6242541268911275,1.0,1409.0,1410.0,0.9437990517371376,0.0838650192685449,0.1876900947467532,0.2491784354291975,0.1005178237765808,118.16581214937982,168.80645161290323,0.8064516129032258,20.0,503.0,163.53125,183.9249140911516,6.539343470653005,0.0,1676.0,1676.0,0.570560168369853,0.1026560932061246,0.3682348834174911,0.4405011139981128,0.1446016397696227,172.05161221346495,0.085504449823059,0.1809501284778208,93.06451612903224,316.0,90.1875,-59.0,97.37538109681525,109.03225806451611,0.4516129032258064,30.0,316.0,105.65625,90.25159602986254,6.159224047613624,1.0,1180.0,1181.0,0.9333333333333332,0.0934097706879361,0.2862745098039215,0.4474509803921565,0.1488372601663093,110.22352941176467,15.967741935483874,0.9032258064516128,15.0,126.0,15.46875,28.376910040339133,5.217501159283742,0.0,641.0,641.0,0.4470588235294117,0.0297146003487198,0.0431372549019607,0.192156862745098,0.0701033289529755,19.047058823529404,0.9470383075105042,0.1321913591151688,1.1428571428571428,224,256,471,538
sciver_test_284,1,256,32,-52.290322580645174,316.0,-50.59375,-627.0,295.6351065265042,133.35483870967738,0.5161290322580645,27.0,368.0,129.25,117.226810073464,6.429216590388333,1.0,1473.0,1474.0,0.9879819684059472,0.0905671097600161,0.2581411113443553,0.4197609826122911,0.1388731117243032,133.40535267650375,185.6451612903226,0.7741935483870968,26.0,642.0,179.84375,215.81373759781255,6.649865879133328,0.0,1627.0,1627.0,0.7839519332724404,0.116285583317648,0.3212325759021981,0.3933288244859079,0.1500730473709862,189.19664405781333,0.2272929044336103,0.2857199189193906,93.72580645161293,386.0,90.8125,-173.0,162.30381185834793,139.88709677419354,0.5483870967741935,26.0,387.0,135.53125,132.6699345120721,6.265266796630101,1.0,1243.0,1244.0,0.8117647058823529,0.1147192907734292,0.4031372549019605,0.4545098039215681,0.1632169841602073,142.59607843137255,46.161290322580655,0.967741935483871,20.0,204.0,44.71875,68.30686018576392,5.907231197947791,0.0,951.0,951.0,0.4470588235294117,0.0559658563740953,0.196078431372549,0.2745098039215686,0.0911646814700054,53.223529411764694,0.8660951547120824,0.2139171819829328,0.98828125,256,253,2469,2439
sciver_test_287,1,256,32,-24.03225806451613,184.0,-23.25,-256.0,129.79503072151877,76.35483870967744,0.1290322580645161,30.0,184.0,74.0,59.33538151895545,6.154550895297119,1.0,1068.0,1069.0,0.8732311124254689,0.0714891792640164,0.2154584169250189,0.2715378979504452,0.1054715505516119,76.3504434539696,100.38709677419357,0.8064516129032258,25.0,276.0,97.25,97.30172146473052,6.069416301347031,0.0,1245.0,1245.0,0.7530944355960777,0.0836805561619215,0.2682829365360087,0.4360350277279251,0.1452009842072538,104.18229242159236,0.0723298073891506,0.1797928185506221,111.30645161290325,206.0,109.40625,-11.0,62.85243599843605,127.5,0.5806451612903225,31.0,214.0,125.09375,52.9057885390389,6.0470389676053244,1.0,965.0,966.0,0.9725490196078432,0.1333211419282739,0.4196078431372548,0.5607843137254902,0.1891465544081254,128.65490196078431,16.19354838709678,0.967741935483871,21.0,93.0,15.6875,21.47009184307324,5.367504770983174,0.0,644.0,644.0,0.7058823529411764,0.0334368530020703,0.0901960784313725,0.1484313725490197,0.0771281558229323,21.533333333333328,0.9539415945414624,0.158877781712923,1.3333333333333333,192,256,2625,3500
sciver_test_290,1,256,32,-9.258064516129036,289.0,-8.9375,-277.0,176.56336282975016,107.5806451612903,0.3870967741935484,31.0,297.0,104.25,93.9797185567184,6.2059699383439,1.0,1030.0,1031.0,0.9865645650752364,0.1037040526029719,0.2388773058707868,0.3527943454349927,0.142461792239784,106.81517418106114,116.83870967741936,0.8064516129032258,22.0,328.0,113.1875,123.4834091841896,6.182443728804578,0.0,1310.0,1310.0,0.607360537091411,0.0911383509573162,0.3215004625856646,0.4340291445042062,0.1419338438573821,119.39123975408428,0.0998827295203629,0.1957820559064188,72.87096774193546,263.0,70.65625,-33.0,106.75134934012544,119.5483870967742,0.3548387096774194,31.0,265.0,115.875,80.34602899334851,5.963104802728246,1.0,970.0,971.0,0.996078431372549,0.1254052961390741,0.3490196078431372,0.574705882352941,0.1990771522572491,121.64313725490194,46.67741935483872,0.7096774193548387,25.0,112.0,45.21875,45.30572147574189,5.16060508747748,0.0,679.0,679.0,0.6627450980392157,0.0745560079701983,0.3607843137254902,0.4866666666666667,0.1525897185606428,50.62352941176469,0.939869811560988,0.1690191975746391,1.6623376623376624,154,256,957,1594
sciver_test_292,1,256,32,34.74193548387097,217.0,33.6875,-73.0,59.27606889588749,73.29032258064515,0.7096774193548387,28.0,297.0,71.03125,81.34090467555362,5.86734518741152,1.0,870.0,871.0,0.9935212836888668,0.0838007405776419,0.2961985529316976,0.3539207193114156,0.1287149297612407,72.90664430254851,38.548387096774185,0.9032258064516128,17.0,155.0,37.34375,53.4606218252042,6.028565813053762,0.0,1174.0,1174.0,0.7906113422760253,0.0352432222551414,0.110021601287971,0.1531076665853904,0.0657949594420164,41.37554292753601,0.0894951646233974,0.1501897969156813,79.20967741935485,247.0,76.75,0.0,91.4969261778777,91.53225806451611,0.7419354838709677,27.0,253.0,88.6875,94.81179960189554,5.758708181122628,1.0,895.0,896.0,0.9215686274509804,0.1027012816299704,0.3537254901960786,0.4443137254901959,0.1622200028136031,91.91764705882352,12.322580645161294,0.967741935483871,21.0,131.0,11.9375,24.578874948825465,6.291470297607743,0.0,955.0,955.0,0.4156862745098039,0.0201622010060568,0.0313725490196078,0.0392156862745097,0.0346840511934985,19.254901960784327,0.9170354626225492,0.1568219121464881,2.1333333333333333,120,256,701,1496
sciver_test_295,1,256,32,-4.016129032258066,107.0,-3.84375,-166.0,75.82055681632455,34.56451612903226,0.6129032258064516,29.0,117.0,33.53125,37.495820079543535,5.598791222977069,1.0,647.0,648.0,0.8057110615839271,0.0517855872365138,0.1496200089438072,0.2107518462307099,0.0785313296480918,33.50527494202443,38.58064516129032,0.8709677419354839,17.0,173.0,37.375,58.305097332909064,5.719832058578968,0.0,734.0,734.0,0.8794254266978213,0.0546575333882016,0.1691521814341685,0.2231916526345954,0.085715248880288,40.11862950694001,0.0923047585676695,0.1798448126903621,-17.951612903225808,64.0,-16.375,-71.0,23.96579593921303,23.516129032258064,0.0,26.0,97.0,24.3125,18.042376333232827,4.604467110575898,1.0,307.0,308.0,1.0,0.072248834387175,0.2549019607843137,0.3517647058823529,0.1388554298785245,22.18039215686274,41.467741935483865,0.3225806451612903,29.0,101.0,40.6875,25.729892027562027,5.459076719828161,0.0,551.0,551.0,0.9882352941176472,0.0770719903206291,0.2274509803921569,0.3,0.1169657258994077,42.46666666666667,0.1148163532239818,0.2634057624678043,2.4615384615384617,104,256,675,1657
sciver_test_296,1,256,32,-34.774193548387096,288.0,-33.65625,-478.0,244.94484192555984,132.03225806451613,0.5483870967741935,29.0,380.0,127.9375,124.8155983591394,6.503676676101114,1.0,1472.0,1473.0,0.8347356922938506,0.0899408651664769,0.2267891417861209,0.3293363758448922,0.1319332402325632,132.392953525054,166.80645161290323,0.7419354838709677,22.0,544.0,161.59375,199.50373733576396,6.614783964014957,0.0,1770.0,1770.0,0.6199272478385383,0.0959159981750669,0.2997656753914131,0.3597463884491705,0.1309978966560433,169.77131676986852,0.0979890720422515,0.1891089355624791,182.67741935483872,364.0,177.09375,-21.0,125.93831808046946,211.64516129032265,0.4516129032258064,30.0,366.0,205.15625,114.87224136377552,6.347551767565979,1.0,1449.0,1450.0,1.0,0.1494472185009269,0.5294117647058822,0.6980392156862745,0.2275175753324597,216.54901960784315,28.967741935483872,0.967741935483871,17.0,131.0,28.0625,40.02650489050974,5.471404550147379,0.0,874.0,874.0,0.611764705882353,0.0399291066541032,0.1215686274509804,0.2352941176470588,0.0891287109623886,34.89803921568627,0.9415823745301228,0.1670047814898161,1.3264248704663213,193,256,625,830
sciver_test_298,1,256,32,-146.93548387096777,488.0,-142.3125,-854.0,406.4743563175295,150.93548387096772,0.4193548387096774,29.0,504.0,146.25,159.75,6.79770243723334,1.0,1438.0,1439.0,0.8217496028843652,0.1046172749366316,0.2299224750091366,0.3213092203461731,0.113791454639436,150.4396413588763,297.8709677419355,0.7741935483870968,23.0,875.0,288.5625,329.7302815844338,7.109537452100145,0.0,2135.0,2135.0,0.635649499191187,0.1412072703858855,0.3526631770002641,0.4055178562714931,0.1420304085083188,301.47752227386565,0.1058064232318214,0.189471338997399,98.9516129032258,349.0,95.875,-22.0,123.12614212668242,130.75806451612902,0.6129032258064516,26.0,391.0,126.6875,132.56518149103104,6.405992432041794,1.0,1176.0,1177.0,0.7764705882352941,0.1118047218887555,0.2745098039215686,0.438235294117647,0.1465975548998477,131.48235294117646,31.806451612903228,0.8387096774193548,16.0,96.0,30.8125,37.79917120453833,5.987099895346643,0.0,1561.0,1561.0,0.5058823529411764,0.0263154589189935,0.0588235294117647,0.1647058823529411,0.0667487891668235,41.07843137254899,0.9573856707317072,0.1122752995064973,1.248780487804878,205,256,1329,1661
sciver_test_301,1,256,32,4.12903225806452,483.0,4.03125,-452.0,284.3651354745119,148.96774193548387,0.4193548387096774,31.0,487.0,144.34375,157.93147433598378,6.4482442189314995,1.0,1312.0,1313.0,0.9889632462130374,0.1137287077004845,0.3010852533688075,0.396041953032523,0.1530327029164234,149.21206450303572,144.83870967741936,0.7419354838709677,21.0,489.0,140.3125,179.09973434863045,6.630288836956887,0.0,1668.0,1668.0,0.7924849523315883,0.0892843706455411,0.2838971089324459,0.3446767806325881,0.1185647372703038,148.92633023676268,0.1788154625460652,0.2357611694009172,113.79032258064515,483.0,110.25,-59.0,172.4818831066034,156.30645161290326,0.5161290322580645,27.0,486.0,151.4375,159.78988889710763,6.370973053241023,1.0,1299.0,1300.0,0.8431372549019608,0.1222569397273921,0.3576470588235296,0.4784313725490196,0.1713578569724939,158.81176470588235,42.51612903225808,0.7741935483870968,16.0,129.0,41.1875,52.006873043377645,5.5942470452200155,0.0,926.0,926.0,0.4862745098039216,0.0515139965273366,0.1999999999999999,0.3323529411764706,0.1052772884896497,47.70196078431371,0.9011264845703382,0.1734168197307686,1.7181208053691277,149,256,350,600
sciver_test_303,1,256,32,19.161290322580637,452.0,18.59375,-407.0,238.3222423756069,152.8387096774193,0.5483870967741935,29.0,497.0,148.09375,155.29998377635945,6.571742149142237,1.0,1637.0,1638.0,0.8377561365725108,0.0937504714240617,0.2841010730513695,0.365490542531638,0.1335002266117363,153.46952172118912,133.67741935483872,0.7741935483870968,23.0,461.0,129.5,172.08155769866798,6.769136071465752,0.0,2049.0,2049.0,0.7195405968704316,0.0674937239803082,0.220794429038248,0.2801898623187756,0.0956470626987955,138.29464043565156,0.1092401291280988,0.1864458785845409,114.85483870967744,436.0,111.28125,-103.0,139.12477187200523,165.79032258064518,0.5483870967741935,27.0,443.0,160.625,132.1078512996105,6.396986902735544,1.0,1511.0,1512.0,0.8549019607843137,0.1122980495970724,0.4078431372549019,0.4784313725490196,0.1688962715814925,169.68235294117648,50.93548387096775,0.967741935483871,18.0,222.0,49.34375,74.60588506235618,5.838923804715467,0.0,887.0,887.0,0.584313725490196,0.0642925039237791,0.2274509803921568,0.3203921568627448,0.1028926128103965,57.027450980392146,0.9460220983554712,0.1338965158997215,0.84765625,256,217,1903,1611
sciver_test_305,1,256,32,-30.322580645161295,189.0,-29.34375,-351.0,155.9368079894465,72.32258064516131,0.5161290322580645,30.0,200.0,70.09375,71.68479588404713,6.28955657224569,1.0,1104.0,1105.0,0.8101787522033044,0.0656719662766726,0.1858117099059359,0.2560920421583196,0.0904063232101516,72.50185076944663,102.64516129032258,0.9032258064516128,21.0,353.0,99.4375,130.3092325729455,6.610141268272022,0.0,1454.0,1454.0,0.6475230310166976,0.0724851325382238,0.2146779319372616,0.2725944100418297,0.0928267256457601,105.39338271057746,0.127362264766891,0.1657713382676819,74.30645161290322,247.0,72.0,-16.0,82.09179313427134,88.27419354838709,0.6129032258064516,24.0,248.0,85.53125,82.89827515357301,6.103231339998051,1.0,911.0,912.0,0.7058823529411764,0.0969931770732442,0.2862745098039215,0.3490196078431373,0.1271437477355463,88.36078431372547,13.967741935483875,0.967741935483871,13.0,115.0,13.53125,26.79200484169671,5.692554133288132,0.0,666.0,666.0,0.3647058823529412,0.0312842254018724,0.092156862745098,0.1372549019607842,0.0522360331844181,20.83529411764706,0.9407816128095976,0.1181914172043845,3.3684210526315788,76,256,495,1661
sciver_test_306,1,256,32,-18.161290322580648,147.0,-17.5625,-127.0,85.16489061667372,34.32258064516128,0.3225806451612903,24.0,147.0,33.28125,44.38695921593976,5.43559561538898,1.0,492.0,493.0,0.8593111859142536,0.067374228916536,0.182355077212611,0.2299013324141458,0.0943897845492972,33.14812062693576,52.48387096774193,0.7096774193548387,19.0,139.0,50.84375,55.49386755252782,5.363546209782988,0.0,519.0,519.0,0.5415295057004839,0.1050754098828542,0.3802516066580504,0.4516474740849974,0.1506275884854576,54.53413772920135,0.1245529377065399,0.2174974010512403,-3.870967741935484,91.0,-2.3125,-80.0,29.73575026378181,8.887096774193548,0.0,8.0,128.0,10.625,24.64973377138179,3.995818263839776,1.0,131.0,132.0,0.2235294117647059,0.0535249214189492,0.1843137254901961,0.1980392156862745,0.0741630413461334,7.011764705882353,12.758064516129032,0.2903225806451612,14.0,82.0,12.9375,20.770979604968083,4.99736234917696,0.0,376.0,376.0,0.4627450980392157,0.0345953274926992,0.1176470588235294,0.1450980392156862,0.058679095789716,13.0078431372549,0.0287503604382929,0.0731534797096438,2.5098039215686274,102,256,664,1661
sciver_test_308,1,256,32,11.354838709677422,199.0,11.03125,-194.0,128.08383103825986,98.35483870967742,0.3870967741935484,28.0,232.0,95.3125,72.70636040780751,5.771027061743809,1.0,788.0,789.0,0.9529561530693706,0.1244869466644538,0.3187313889051772,0.762316976241447,0.2024308979476672,98.09571397158962,87.0,0.7741935483870968,24.0,246.0,84.28125,86.1623592320771,6.0272201983762335,0.0,834.0,834.0,0.5512599848681136,0.1064021019870693,0.3206046441656325,0.3906585552194591,0.1303092168003212,88.73935305721587,0.0788433863611408,0.172599559424279,21.43548387096773,212.0,20.78125,-422.0,105.01807415125027,58.17741935483871,0.5483870967741935,22.0,213.0,56.375,64.51247456887698,5.528516508085548,1.0,737.0,738.0,0.6745098039215687,0.0812302125734961,0.3035294117647058,0.4823529411764705,0.1445686844470003,59.86666666666666,36.74193548387098,0.935483870967742,15.0,439.0,35.59375,80.05734638955691,5.960769454227682,0.0,942.0,942.0,0.4431372549019607,0.0383497772782149,0.0627450980392156,0.2078431372549019,0.071379867353499,36.125490196078445,0.9277036579605804,0.099211281095911,1.3333333333333333,192,256,480,640
sciver_test_309,1,256,32,-83.35483870967741,375.0,-80.71875,-558.0,266.3378064572086,127.48387096774194,0.2580645161290322,30.0,378.0,123.53125,108.79969679846307,6.401064619329096,1.0,1335.0,1336.0,0.9691060715913596,0.0960392119767611,0.2410298746001884,0.3397694861817907,0.1453942455500673,128.2123479889761,210.8387096774193,0.7096774193548387,24.0,613.0,204.25,205.44479185416213,6.70741831651392,0.0,1665.0,1665.0,0.7447348668831019,0.1280679227176458,0.3613721732836437,0.4481801146108243,0.1547531540045986,213.23309132488032,0.0853423427367209,0.1863727734427078,122.58064516129032,321.0,119.125,-170.0,112.68755199666022,177.70967741935485,0.2258064516129032,31.0,321.0,172.53125,78.67853279921722,6.063627414221145,1.0,1177.0,1178.0,1.0,0.1517283888916654,0.5466666666666671,0.8478431372549021,0.2531905324843402,178.5843137254902,55.12903225806452,0.935483870967742,24.0,231.0,53.40625,53.93158824786732,5.865698339421272,0.0,1549.0,1549.0,0.7647058823529411,0.0426688945429688,0.0470588235294117,0.231372549019606,0.1203702148296003,66.09411764705881,0.9284430251801576,0.1573137201380795,1.094017094017094,234,256,1095,1196
sciver_test_310,1,256,32,21.64516129032258,143.0,21.0,-43.0,51.939869079542355,41.35483870967742,0.4516129032258064,28.0,150.0,40.09375,44.991915506427375,5.444772518207181,1.0,457.0,458.0,0.8983154512169869,0.0883503790073994,0.218831065045656,0.3166831787397605,0.1250340975164488,40.37612320638153,19.709677419354836,0.7741935483870968,20.0,54.0,19.09375,20.08164487629188,4.869496593325092,0.0,266.0,266.0,0.5013969592013772,0.0768311830665021,0.2526307971904285,0.2946769599969518,0.1040262294864393,20.437094695689563,0.0627027937821438,0.1505111293093584,-4.887096774193548,1.0,-5.375,-49.0,13.715297116723356,1.1774193548387095,0.0,1.0,12.0,1.34375,1.91391899972282,2.846480386134867,1.0,18.0,19.0,0.0078431372549019,0.0045751633986928,0.0078431372549019,0.0078431372549019,0.0014614823382351,0.0823529411764705,6.064516129032259,0.0,7.0,54.0,6.71875,14.729295585244394,4.972115094282248,0.0,439.0,439.0,0.2196078431372549,0.0164366429943275,0.0399999999999999,0.0984313725490194,0.0364450373195178,7.215686274509805,0.0197559551164215,0.0410535858014414,1.6,160,256,935,1495
sciver_test_312,1,256,32,1.9677419354838597,121.0,1.9375,-194.0,96.79002321391394,64.35483870967741,0.5161290322580645,31.0,132.0,62.375,38.94848360334456,5.967159516439826,1.0,775.0,776.0,0.9426803495279894,0.0822557017683895,0.2255723870099405,0.3199672715364137,0.1145994612154395,63.74816887050187,62.38709677419356,0.8709677419354839,19.0,229.0,60.4375,83.57441949394564,6.4093757542206085,0.0,1344.0,1344.0,0.4530098795326296,0.0485008049796458,0.1468401662683328,0.2004953462622752,0.0690079272658082,65.18508189264406,0.0434374000442587,0.121610533539412,-11.645161290322578,111.0,-10.25,-109.0,57.50271732709681,60.19354838709678,0.4838709677419355,31.0,177.0,59.34375,38.3883196550396,5.810133733957006,1.0,986.0,987.0,1.0,0.0600882949528695,0.1352941176470588,0.3205882352941177,0.1272705265793403,59.24705882352941,71.83870967741936,0.7096774193548387,31.0,138.0,69.59375,39.909945012960115,6.07218581220262,0.0,1092.0,1092.0,0.9882352941176472,0.0672232995762407,0.196078431372549,0.3054901960784317,0.1141796107390282,73.4078431372549,0.916415744357639,0.2055044408870021,1.3333333333333333,192,256,480,640
sciver_test_313,1,256,32,-171.87096774193552,549.0,-166.46875,-622.0,347.05024711623173,149.32258064516125,0.1290322580645161,31.0,549.0,144.6875,153.4163936603582,6.6431309829072465,1.0,1937.0,1938.0,0.9722216371767046,0.0766864392812278,0.1772460806811145,0.2919097262227131,0.1327292131900227,148.54163288773833,321.1935483870968,0.6774193548387096,25.0,663.0,311.15625,238.21866391183016,6.913256978122364,0.0,2320.0,2320.0,0.8285221046982124,0.1413607608841088,0.4658795090136423,0.5635482226333962,0.1919988400371545,327.95696525113254,0.1217009634083625,0.2347752937922627,113.88709677419352,362.0,116.0,1.0,90.63353408093496,153.11290322580646,0.0,28.0,362.0,154.0,73.02824795926574,5.949728405398077,1.0,1378.0,1379.0,1.0,0.1129428839750704,0.2392156862745098,0.9803921568627452,0.2464755081794332,155.63529411764705,39.22580645161291,0.967741935483871,25.0,96.0,38.0,26.97220791852235,5.295138645721733,0.0,1193.0,1193.0,0.8705882352941177,0.0400637706884933,0.0588235294117647,0.1050980392156851,0.1370608796057011,47.79607843137254,0.9262914210287638,0.2038265312796918,1.1277533039647578,227,256,721,813
sciver_test_315,1,256,32,-47.45161290322582,229.0,-45.9375,-335.0,175.7780805269815,70.51612903225805,0.3225806451612903,26.0,230.0,68.34375,72.52224200848661,5.771225333094517,1.0,843.0,844.0,0.9673964327799324,0.0832315365496817,0.2463593052594599,0.3470803756218906,0.1403025490988771,70.16418531138173,117.96774193548389,0.6774193548387096,22.0,351.0,114.28125,125.65509201157548,6.186366205124431,0.0,1098.0,1098.0,0.7469468122490626,0.109384558576846,0.3499138705417687,0.4086583562889077,0.1443691478385679,120.10424531737692,0.1341237450524873,0.2228630952764564,42.096774193548384,214.0,40.84375,-76.0,91.77557864670482,82.41935483870967,0.2903225806451612,29.0,215.0,79.90625,66.585170728455,5.64258776340009,1.0,824.0,825.0,0.9882352941176472,0.1022844089091947,0.3243137254901962,0.5399999999999993,0.1852861043328696,84.28235294117648,40.3225806451613,0.935483870967742,22.0,93.0,39.0625,36.527333515464825,5.530563898162391,0.0,843.0,843.0,0.8117647058823529,0.0530877119531086,0.1756862745098042,0.2862745098039215,0.1105349606950438,44.75294117647058,0.8184484145220589,0.2463943910851249,1.3333333333333333,192,256,420,560
sciver_test_317,1,256,32,-43.19354838709678,163.0,-41.8125,-438.0,177.20670089968382,80.64516129032259,0.4516129032258064,31.0,185.0,78.15625,62.80779677665425,6.142720678387283,1.0,1092.0,1093.0,0.9579017592906764,0.0730084808868287,0.1945126055275585,0.2918976595857017,0.1187895988538725,79.725261128417,123.83870967741936,0.8709677419354839,23.0,456.0,119.96875,148.26822914379702,6.644604688467542,0.0,1467.0,1467.0,0.5718976860140642,0.0870239693487089,0.2356940042999562,0.2990210982332028,0.1019064563711626,127.66416303455608,0.070857876740695,0.1433971562188873,71.93548387096773,272.0,69.75,-113.0,92.2875939658197,104.03225806451611,0.5161290322580645,30.0,283.0,100.84375,76.11221541866654,5.972169668895763,1.0,1040.0,1041.0,0.9882352941176472,0.0988536953242835,0.2592156862745099,0.5333333333333333,0.1760698121448673,102.8078431372549,32.09677419354839,0.8387096774193548,20.0,177.0,31.09375,43.44778430412188,6.080563721598695,0.0,1190.0,1190.0,0.5490196078431372,0.0333432196407974,0.0470588235294118,0.1001960784313723,0.0742983786031403,39.678431372549014,0.8935297149458741,0.150830752306422,1.3333333333333333,192,256,720,960
sciver_test_319,1,256,32,9.499999999999982,251.0,9.3125,-147.0,67.30408489646078,35.82258064516128,0.7741935483870968,18.0,258.0,34.8125,62.52871215489729,5.69551782298573,1.0,389.0,390.0,0.3298848924827985,0.0907169529891744,0.192156862745098,0.2196078431372549,0.0649106113421688,35.288894712788874,26.3225806451613,0.9032258064516128,9.0,202.0,25.5,55.59338989484272,5.479229160343703,0.0,306.0,306.0,0.2647058823529411,0.0930683633100022,0.1564164456516463,0.1732339083388433,0.058196406059163,28.47891917286068,0.0422523813779234,0.1433902804198409,28.483870967741932,138.0,27.625,1.0,40.09266609992406,28.903225806451612,0.7419354838709677,13.0,139.0,28.03125,40.5843907609502,5.202557561169922,1.0,234.0,235.0,0.392156862745098,0.1279369867605161,0.2549019607843137,0.2549019607843137,0.0873979996380011,29.93725490196078,0.4193548387096775,0.8709677419354839,3.0,2.0,0.40625,0.7008644216251814,0.6151112341259299,0.0,2.0,2.0,0.3215686274509803,0.2313725490196078,0.3035294117647059,0.3125490196078431,0.0901960784313725,0.4627450980392157,0.8603220558495978,0.3326268450808266,1.324468085106383,188,249,188,249
sciver_test_322,1,256,32,-32.45161290322581,238.0,-31.40625,-434.0,190.2023362394308,72.77419354838707,0.4838709677419355,28.0,243.0,70.53125,82.9860622239512,6.025543990598747,1.0,805.0,806.0,0.922693936578052,0.0891912239016447,0.2133699916446407,0.3040244614360927,0.1198427543491579,71.79893524082405,105.22580645161293,0.8064516129032258,19.0,449.0,101.9375,151.6517263131218,6.427636944952934,0.0,1133.0,1133.0,0.5327246216332893,0.0944916398290404,0.2476290274809905,0.2844757246419868,0.1025088177577713,107.05902792630278,0.0666232860883381,0.1426765236720033,76.11290322580643,226.0,73.84375,-47.0,88.28827405685027,102.40322580645162,0.4838709677419355,30.0,228.0,99.3125,72.65949589523726,5.678730755414625,1.0,696.0,697.0,1.0,0.1478927203065134,0.4745098039215686,0.7254901960784313,0.2211836817884476,102.93333333333332,26.290322580645164,0.8709677419354839,16.0,87.0,25.46875,33.24904545152387,5.542293026126724,0.0,748.0,748.0,0.4549019607843138,0.0404634581105169,0.1423529411764709,0.2378431372549018,0.0746388667051065,30.26666666666666,0.9571093484359062,0.1270444023823859,1.4797687861271676,173,256,1665,2461
sciver_test_323,1,256,32,-51.516129032258064,276.0,-49.875,-454.0,223.2536043941956,117.19354838709678,0.4193548387096774,30.0,300.0,113.5625,89.37489073419894,6.494618890444699,1.0,1282.0,1283.0,0.9503895675542812,0.0907542737331416,0.196814099122718,0.2814279274318527,0.1289795833284543,116.34697892588756,168.70967741935482,0.8064516129032258,24.0,504.0,163.4375,186.05357721298992,6.639730961309491,0.0,1661.0,1661.0,0.6303506957890429,0.103592261543248,0.3004578903116485,0.3908250424270075,0.1322694630606552,172.06674642333508,0.0861641149840456,0.1774120772637849,78.43548387096774,248.0,76.0,-72.0,90.59594361780222,107.5,0.5161290322580645,30.0,252.0,104.15625,80.5532081045659,6.1097912254542734,1.0,1081.0,1082.0,0.9176470588235296,0.1000126970307086,0.2509803921568627,0.4627450980392156,0.1628353722154518,108.11372549019607,29.06451612903226,0.967741935483871,16.0,107.0,28.15625,37.254286141832054,5.40267075887848,0.0,819.0,819.0,0.5647058823529412,0.0414661591132179,0.1411764705882353,0.2474509803921564,0.0916433481932705,33.96078431372548,0.960903154024768,0.1172054908389312,1.3473684210526315,190,256,1129,1522
sciver_test_326,1,256,32,2.3870967741935503,81.0,2.34375,-94.0,45.34769107614521,35.03225806451613,0.6774193548387096,26.0,119.0,33.96875,35.80981392631774,5.285456921397422,1.0,771.0,772.0,0.6725186563691438,0.0462904844789472,0.134233217081801,0.2596142916735816,0.1037472428709682,35.68996353326829,32.64516129032258,0.8387096774193548,20.0,132.0,31.625,43.771244841790825,5.713338618110146,0.0,1034.0,1034.0,0.529904602799101,0.0356642345462892,0.140420266391017,0.1975124193495482,0.0726131547323911,36.87681852086305,0.0437697707373138,0.1045417628895147,33.66129032258065,135.0,32.625,-18.0,43.432958395669985,45.53225806451614,0.6774193548387096,25.0,136.0,44.125,45.03522926554277,5.359455580708436,1.0,688.0,689.0,0.7450980392156863,0.067704058367533,0.2286274509803924,0.4260784313725489,0.1339273080707236,46.58039215686276,11.870967741935482,0.8064516129032258,11.0,84.0,11.5,22.086477763554782,5.634016830777764,0.0,561.0,561.0,0.2274509803921568,0.0253189332774107,0.0666666666666666,0.1254901960784313,0.0380257695711134,14.203921568627443,0.9692128955542612,0.0879725203506585,2.5346534653465347,101,256,834,2120
sciver_test_328,1,256,32,-36.935483870967765,163.0,-35.75,-614.0,205.98149188701396,87.77419354838709,0.7096774193548387,27.0,184.0,85.0625,64.50433003876562,6.199419361198955,1.0,1129.0,1130.0,0.735328989542581,0.0767486904700173,0.1990212820562483,0.3483535777742771,0.1219985274394961,86.64927154064961,124.70967741935486,0.9032258064516128,22.0,617.0,120.8125,177.92035393329792,6.74668641024353,0.0,1481.0,1481.0,0.4817157828265743,0.0873873377021836,0.1994320893233803,0.2528398489439618,0.0915623825130618,129.42064713693392,0.0626954474283963,0.137883287677011,52.048387096774185,190.0,50.4375,-160.0,80.46464188542691,68.04838709677419,0.6451612903225806,21.0,192.0,65.9375,73.00339782332053,5.919007370481197,1.0,876.0,877.0,0.6352941176470588,0.0773077267436655,0.2450980392156863,0.3813725490196079,0.1212190220441916,67.72156862745098,16.000000000000007,0.967741935483871,11.0,174.0,15.5,37.72101536279213,5.745405450379781,0.0,637.0,637.0,0.2627450980392157,0.0326653738418444,0.0862745098039216,0.1137254901960783,0.0435183176895827,20.8078431372549,0.9807665058210786,0.0609673959685299,1.0,256,256,2700,2700
sciver_test_331,1,256,32,19.17741935483871,127.0,18.625,-101.0,43.407048678757235,40.66129032258065,0.8387096774193548,27.0,163.0,39.4375,33.56238361246114,5.40937249754859,1.0,975.0,976.0,0.5087161857251434,0.0397398923403053,0.1234238422555145,0.234007428863102,0.0941213508864219,38.746395031797675,21.48387096774194,0.935483870967742,16.0,112.0,20.8125,32.22909933197017,5.327750189236489,0.0,582.0,582.0,0.4850135642122843,0.0424864492762416,0.1395419236151053,0.1895290782834912,0.0731965739523865,24.72711347877263,0.0558253905051564,0.1416481362289107,18.5483870967742,49.0,18.0625,-100.0,29.671048072995333,30.241935483870975,0.5806451612903225,23.0,56.0,29.9375,17.84645885743163,4.567835886622846,1.0,442.0,443.0,0.6784313725490196,0.0684677490905864,0.2462745098039231,0.5566666666666666,0.1638667640333823,30.26274509803921,11.693548387096774,0.1612903225806451,22.0,107.0,11.875,18.89899137520307,5.000926117385656,0.0,552.0,552.0,0.5254901960784314,0.0185493037794828,0.0235294117647058,0.0449019607843134,0.055662630411496,10.239215686274507,0.2353578455307904,0.3227380468671851,1.0,256,256,1196,1196
sciver_test_333,1,256,32,-29.51612903225806,203.0,-28.5625,-287.0,144.93790426851768,66.61290322580642,0.4516129032258064,27.0,258.0,64.5625,65.27343329219016,5.651785833819954,1.0,586.0,587.0,0.977811491477124,0.1127666729612903,0.297055573592012,0.476420285895389,0.1585687157094958,66.08127035531612,96.12903225806453,0.7096774193548387,24.0,307.0,93.125,106.2381611051321,5.993854059485554,0.0,820.0,820.0,0.7423554618386308,0.1184204064662647,0.3585486803691794,0.4040373684787245,0.1441632963828115,97.10473330233708,0.0622863573344981,0.186470674978235,49.43548387096773,173.0,48.1875,-110.0,53.7828024906661,66.46774193548387,0.2580645161290322,27.0,175.0,64.78125,32.80123318470664,4.9530197246472305,1.0,576.0,577.0,1.0,0.1158837145969498,0.4529411764705882,0.8323529411764706,0.2508342130689559,66.74901960784314,17.032258064516135,0.967741935483871,17.0,138.0,16.59375,31.023035166429153,5.21812389707326,0.0,511.0,511.0,1.0,0.0415179770538352,0.1137254901960784,0.1686274509803921,0.0860198135254634,21.2156862745098,0.5689763545153834,0.4805118840723352,0.9609375,256,246,1734,1663
sciver_test_336,1,256,32,-41.29032258064516,264.0,-39.96875,-259.0,154.32848173113575,82.3225806451613,0.2258064516129032,29.0,268.0,79.78125,74.03028703468263,5.892522557131576,1.0,925.0,926.0,0.9842371615012174,0.0878191203695743,0.2310912171353704,0.3440895227771068,0.1511462768005591,81.23268634185625,123.61290322580643,0.7096774193548387,26.0,290.0,119.75,103.70571343952078,6.143725979269606,0.0,1104.0,1104.0,0.6982644492544625,0.1146369230011347,0.4009717902219154,0.4931469253967037,0.1615325144309602,126.5591629932528,0.0758941227518971,0.1708823322700645,74.7258064516129,166.0,72.75,-41.0,55.827860428284374,99.75806451612902,0.2258064516129032,30.0,166.0,97.0,41.15595339680518,5.433032302788553,1.0,701.0,702.0,1.0,0.1448742692512097,0.6352941176470588,0.8705882352941177,0.2629227479696744,101.55686274509804,25.032258064516135,0.967741935483871,20.0,83.0,24.25,22.942863814266953,4.606085717315226,0.0,483.0,483.0,0.7568627450980392,0.0593918726911054,0.1247058823529412,0.5192156862745092,0.1530887969396563,28.686274509803916,0.9587723620375984,0.1370581789371681,1.3195876288659794,194,256,604,798
sciver_test_338,1,256,32,-94.09677419354838,192.0,-91.0625,-465.0,224.45767105124744,75.29032258064515,0.4193548387096774,28.0,223.0,73.03125,76.32147648884617,6.157068496277214,1.0,1022.0,1023.0,0.9555590302314336,0.0730805539350702,0.2139008032515038,0.2723677587335472,0.1100300360593441,74.68832612164178,169.38709677419354,0.7096774193548387,23.0,482.0,164.09375,183.6183813264279,6.688646294375054,0.0,1460.0,1460.0,0.8037244654069232,0.1174305454707036,0.3169304331604431,0.3835653591764595,0.1309554526842775,171.44859638722727,0.2357276550989948,0.2347874103664882,58.46774193548387,194.0,56.65625,-70.0,72.66602084838209,67.14516129032258,0.6129032258064516,20.0,194.0,65.0625,67.92824223951331,5.656143103804785,1.0,721.0,722.0,0.6509803921568628,0.093470397867885,0.3098039215686274,0.4588235294117647,0.1469361474104042,67.3921568627451,8.677419354838712,0.967741935483871,11.0,94.0,8.40625,20.04036454103318,6.00256480290034,0.0,646.0,646.0,0.2117647058823529,0.0224731378619559,0.0470588235294118,0.0696078431372549,0.0262129136470109,14.517647058823524,0.8789436274509804,0.16643729986316,3.4133333333333336,75,256,446,1522
sciver_test_340,1,256,32,-34.516129032258064,146.0,-33.40625,-365.0,167.76506254562509,68.19354838709677,0.6451612903225806,28.0,235.0,66.09375,63.5882061465607,5.977474432618858,1.0,937.0,938.0,0.9634230206630724,0.0719381470019542,0.1873489132114122,0.301635482575102,0.1169973531533346,67.40604374083114,102.70967741935485,0.935483870967742,21.0,371.0,99.5,142.0024207540139,6.67241983110004,0.0,1548.0,1548.0,0.4839859169117938,0.0680224604646609,0.1976588478392888,0.2470518752071441,0.0843812918293619,105.29876879929508,0.1383194111665441,0.1775169560469079,52.822580645161295,185.0,51.1875,-40.0,57.5350097223421,79.8225806451613,0.6774193548387096,29.0,230.0,77.34375,66.63830044304477,5.8731439879746485,1.0,826.0,827.0,0.9254901960784314,0.0975834401557232,0.284313725490196,0.3794117647058823,0.1486263350010353,80.60392156862744,27.0,0.8387096774193548,21.0,73.0,26.15625,24.015762239360633,5.886081893263816,0.0,757.0,757.0,0.3450980392156862,0.0390550936358691,0.1215686274509804,0.1686274509803921,0.0548489711894349,29.564705882352943,0.8187154146452396,0.2260638798258669,2.6391752577319587,97,256,1187,3138
sciver_test_341,1,256,32,-5.645161290322589,184.0,-5.4375,-213.0,112.81925187551104,55.19354838709676,0.4516129032258064,28.0,185.0,53.5,56.155476135458066,5.624689493740949,1.0,567.0,568.0,0.6855712646361823,0.0965418187399598,0.2492388874396967,0.4111974984523274,0.1297882663731629,54.73921122555721,60.83870967741935,0.8387096774193548,16.0,220.0,58.9375,80.33598878304791,5.903893320242385,0.0,769.0,769.0,0.4547105774133012,0.0806987579019181,0.2463596724623847,0.3077931375441488,0.1026613735382599,62.05734482657507,0.0600395045672697,0.1435900901833564,34.46774193548388,173.0,33.40625,-54.0,64.64705106141733,58.5,0.4838709677419355,25.0,173.0,56.6875,54.815279290996955,5.433112037541696,1.0,526.0,527.0,0.8196078431372549,0.1129053902929993,0.3137254901960784,0.5696078431372549,0.1703741634062101,59.38823529411764,24.032258064516128,0.7741935483870968,16.0,104.0,23.28125,31.99827571038008,4.919890690992598,0.0,383.0,383.0,0.4980392156862745,0.0656120411611119,0.2352941176470588,0.3525490196078431,0.1126246332474997,25.12941176470588,0.9571802892427692,0.1179844793088659,1.4143646408839778,181,256,1119,1579
sciver_test_343,1,256,32,-8.032258064516137,119.0,-7.75,-268.0,104.39348638684312,53.32258064516129,0.6774193548387096,30.0,138.0,51.6875,42.0694645051491,5.916410218321287,1.0,1406.0,1407.0,0.9729812921950002,0.037793992269466,0.1062481593422606,0.1885884861400603,0.0878763476173957,53.138353130869234,61.35483870967742,0.8387096774193548,22.0,297.0,59.4375,89.57083003829986,6.18784521590829,0.0,1281.0,1281.0,0.7769375212040692,0.0507080454869143,0.1777755685783436,0.2229301433764526,0.0827008589271023,64.95700626873726,0.1268749668416764,0.2245421383556472,37.91935483870969,174.0,36.75,-56.0,59.74372351971377,69.9193548387097,0.967741935483871,30.0,244.0,67.75,59.46059619613648,5.8431168332599315,1.0,1145.0,1146.0,0.9529411764705882,0.0609880982960869,0.1647058823529411,0.3945098039215673,0.1328339245738366,69.8313725490196,32.0,0.8064516129032258,19.0,133.0,31.0,43.58038549622984,5.441319581788424,0.0,587.0,587.0,0.6823529411764706,0.0605271069245415,0.207843137254902,0.2760784313725485,0.0963280843357565,35.529411764705884,0.9138140340356,0.1807533967271015,1.8156028368794328,141,256,640,1163
sciver_test_346,1,256,32,10.161290322580644,291.0,9.875,-472.0,219.8194927093591,140.5483870967742,0.5483870967741935,31.0,325.0,136.1875,108.05277573366637,6.867259481727694,1.0,2192.0,2193.0,0.9912198333070916,0.0656195264988937,0.1895194680924871,0.2832914133077492,0.0992227205360574,143.83800208557517,130.38709677419357,0.8387096774193548,18.0,500.0,126.3125,168.7580437897702,6.865835768628496,0.0,2197.0,2197.0,0.6179332066111584,0.0608401217736074,0.1842438272600319,0.2365517587638011,0.085930130350119,133.66574753661567,0.1428828204166814,0.2280950822912983,131.6935483870968,342.0,127.59375,-22.0,113.39115358323814,155.30645161290315,0.6129032258064516,27.0,356.0,150.46875,121.2989551621839,6.921228775221464,1.0,2062.0,2063.0,0.8156862745098039,0.0774272075464521,0.2196078431372549,0.3137254901960785,0.1056113407834753,159.6549019607843,23.612903225806456,0.935483870967742,14.0,74.0,22.875,30.516133028285218,5.8858488140043335,0.0,1037.0,1037.0,0.4784313725490196,0.0281997466296065,0.0878431372549018,0.1498039215686272,0.056127342024104,29.243137254901946,0.9374573015269326,0.1418839502695068,1.471264367816092,174,256,1127,1660
sciver_test_347,1,256,32,-16.870967741935488,117.0,-16.3125,-185.0,91.09522404467756,39.09677419354837,0.4193548387096774,28.0,122.0,37.90625,35.56803285167033,5.409514940291753,1.0,522.0,523.0,0.9524919833937552,0.073885870770867,0.1785160554530041,0.2675588435361111,0.1198498073587783,38.56842454239258,55.96774193548387,0.8064516129032258,21.0,191.0,54.21875,68.89472692766479,5.668844935617597,0.0,599.0,599.0,0.6381171836048343,0.0946481933644492,0.2579758075484559,0.3417876330145343,0.1179873647998773,56.6942678253051,0.0906188990521059,0.1782993584195886,29.887096774193544,142.0,28.96875,-14.0,41.59588649659363,44.79032258064515,0.4516129032258064,26.0,142.0,43.40625,38.97824663754772,5.161519350404613,1.0,439.0,440.0,0.807843137254902,0.1028272812541873,0.28078431372549,0.5925490196078431,0.1706438587584105,45.141176470588235,14.903225806451616,0.5806451612903225,15.0,51.0,14.4375,15.832990676116752,4.386275243305192,0.0,252.0,252.0,0.4941176470588235,0.0654684095860566,0.2874509803921571,0.4056862745098039,0.1230231034699127,16.49803921568627,0.9117693014705882,0.1859316051187457,2.327272727272727,110,256,1161,2707
sciver_test_349,1,256,32,-40.38709677419358,196.0,-39.09375,-654.0,198.00921054571552,108.25806451612902,0.8064516129032258,30.0,367.0,104.90625,90.4752588332164,6.910835908385734,1.0,2212.0,2213.0,0.854479875712497,0.0490925540986759,0.1202999373464647,0.1642734092354107,0.0807091873273355,108.59272966627128,148.64516129032262,0.935483870967742,19.0,684.0,144.0,192.5860197418286,7.148418423676632,0.0,2748.0,2748.0,0.5354886287243358,0.0551182597564358,0.1448244134915012,0.2380002832319926,0.0817804970526483,151.46497781068558,0.0816929380279044,0.1600369027271946,145.74193548387092,345.0,141.0625,-112.0,102.16131162896257,200.1129032258065,0.7419354838709677,31.0,411.0,193.9375,121.47811981484568,6.846960128516303,1.0,2017.0,2018.0,0.996078431372549,0.1008603342179707,0.2274509803921569,0.3223529411764699,0.1608999358795213,203.43529411764703,54.3709677419355,0.967741935483871,24.0,313.0,52.875,81.25990324262023,6.411107572749287,0.0,1521.0,1521.0,0.6549019607843137,0.0423199391525183,0.1215686274509804,0.1647058823529411,0.0779387224678993,64.36862745098038,0.7459959771952259,0.3946213616775837,1.1130434782608696,230,256,2255,2507
sciver_test_351,1,256,32,0.322580645161278,196.0,0.34375,-359.0,135.21940720894136,72.83870967741933,0.7419354838709677,27.0,238.0,70.59375,79.12050120504483,6.207972519959556,1.0,1090.0,1091.0,0.8080640196745755,0.0662089548246539,0.1956036806733044,0.2849782272524609,0.0976603452775896,72.16776075887284,72.51612903225808,0.9032258064516128,18.0,366.0,70.25,114.2196349144927,6.545756047735122,0.0,1526.0,1526.0,0.4631392106385248,0.0500715389519208,0.1536200070943207,0.1888576151238513,0.0692024974274133,76.40916844063116,0.1000029829475304,0.1408846393591449,76.33870967741936,265.0,73.96875,-36.0,89.80064183199082,83.56451612903227,0.7741935483870968,27.0,280.0,80.96875,91.49367613905072,6.038896415655521,1.0,999.0,1000.0,0.7490196078431373,0.0850222771791399,0.287058823529412,0.3764705882352941,0.1278404819278029,84.93725490196078,7.225806451612906,0.967741935483871,15.0,69.0,7.0,14.493533040635745,5.382950103544239,0.0,542.0,542.0,0.3058823529411765,0.0189204833224802,0.0505882352941177,0.0823529411764706,0.0368532103877045,10.25490196078431,0.9518655651180926,0.1030395540256852,2.909090909090909,88,256,634,1836
sciver_test_352,1,256,32,-4.93548387096773,213.0,-4.75,-331.0,141.15040736746033,74.80645161290322,0.6774193548387096,28.0,246.0,72.5,81.85696366223219,6.156516573839593,1.0,1513.0,1514.0,0.7957214616269572,0.0453093658167724,0.1309831790076431,0.2379459896660622,0.0925892343663821,68.55307048077664,79.74193548387098,0.8064516129032258,21.0,337.0,77.25,115.34838533763704,6.5012308123423415,0.0,1579.0,1579.0,0.4381226304009008,0.0561552757833629,0.1989104576083327,0.2426276090542451,0.082531130055379,88.66918046193007,0.0491626694557956,0.1071404329274766,78.58064516129032,249.0,76.1875,1.0,75.21570543277514,86.70967741935483,0.7096774193548387,26.0,260.0,84.0625,79.59190344344078,5.97465672348933,1.0,1024.0,1025.0,0.8784313725490196,0.0850719975490195,0.2654901960784315,0.4627450980392156,0.142516960397004,87.11372549019606,8.129032258064518,0.967741935483871,13.0,49.0,7.875,13.10713069287096,5.570524032373422,0.0,681.0,681.0,0.3725490196078431,0.0212893380553396,0.0274509803921568,0.1019607843137254,0.0444592099194478,14.498039215686273,0.9770009148025408,0.0745942314677642,1.2018779342723005,213,256,3000,3600
sciver_test_353,1,256,32,19.93548387096774,213.0,19.8125,-299.0,110.15626329787152,86.9032258064516,0.5483870967741935,27.0,222.0,84.6875,77.78513575066897,6.1750236288521965,1.0,1224.0,1225.0,0.6971765179713553,0.070377372093244,0.2159873517801524,0.3517672750996026,0.1149698859232766,86.14190344213077,66.96774193548389,0.935483870967742,17.0,330.0,64.875,95.1862483502738,6.406702652049455,0.0,1632.0,1632.0,0.5031851455525086,0.0439041026035774,0.1308246297832596,0.1925399356320137,0.0743770902072709,71.65149544903834,0.1120971253670926,0.1778023814861237,98.87096774193547,225.0,95.8125,1.0,79.21507018080588,109.25806451612904,0.8064516129032258,25.0,243.0,105.875,85.69668532096209,5.9180022006655895,1.0,1046.0,1047.0,0.7725490196078432,0.106298504105275,0.4588235294117647,0.5372549019607844,0.1782278042308888,111.18823529411765,10.38709677419355,0.967741935483871,22.0,41.0,10.0625,11.608018510925971,5.5765760881297854,0.0,698.0,698.0,0.4117647058823529,0.0188325186808247,0.0482352941176473,0.0941176470588235,0.0382442510285404,13.14509803921568,0.8163263480392157,0.3230429397479922,2.048,125,256,809,1660
sciver_test_355,1,256,32,1.322580645161291,51.0,1.3125,-52.0,31.016565634350943,21.064516129032253,0.3548387096774194,23.0,52.0,20.4375,16.503669099627512,4.393251447192508,1.0,282.0,283.0,0.8761025235361732,0.0705404793610547,0.2301364498581986,0.3551544959757532,0.1438676156754473,19.892415179817448,19.74193548387097,0.6774193548387096,20.0,61.0,19.125,20.87125714948671,4.471061154623069,0.0,263.0,263.0,0.5939598887845827,0.0787774651485336,0.3285195910085935,0.3768288917216583,0.1319912396433976,20.718473334064353,0.0611635879369857,0.1720509651178781,19.064516129032263,40.0,18.53125,0.0,12.193708354618789,24.758064516129036,0.2903225806451612,26.0,41.0,24.125,10.400570897792102,4.026995626918254,1.0,186.0,187.0,1.0,0.1298334387518448,0.4490196078431372,0.7754901960784314,0.2451849476045795,24.149019607843137,5.693548387096775,0.6774193548387096,17.0,15.0,5.59375,4.292867449328013,3.4207927370931683,0.0,149.0,149.0,1.0,0.0444532175286221,0.1098039215686277,0.2180392156862745,0.1291483924993653,6.623529411764705,0.5998430798100489,0.4355555389063519,1.6,160,256,466,747
sciver_test_357,1,256,32,-2.6612903225806797,147.0,-2.5,-640.0,141.26039784737972,54.20967741935484,0.9032258064516128,28.0,366.0,52.59375,80.59034502307023,6.868789089540522,1.0,2335.0,2336.0,0.9960477960021976,0.0236798591654461,0.0524213852341707,0.0804694448903818,0.0511464979955934,55.292471151316846,56.87096774193551,0.967741935483871,15.0,716.0,55.09375,151.74327814087022,7.307340567109529,0.0,3680.0,3680.0,0.840473900249752,0.0190353862673975,0.0532784852373544,0.0767745597777036,0.0379760896826122,70.05022146402287,0.0951139317291651,0.2065117498466019,44.95161290322581,313.0,43.4375,-451.0,128.146141548429,83.09677419354838,0.8709677419354839,28.0,418.0,80.59375,126.89115891557418,6.831432134757501,1.0,2180.0,2181.0,0.9294117647058824,0.037407807159561,0.0980392156862745,0.1529411764705882,0.0645907977954759,81.54901960784314,38.1451612903226,0.967741935483871,20.0,495.0,37.15625,91.9120195400879,7.235110014830147,0.0,2630.0,2630.0,1.0,0.0165540893163349,0.0352941176470588,0.0470588235294117,0.0378237428987591,43.53725490196079,0.7020301148347786,0.3897844956634653,0.98046875,256,251,2149,2103
sciver_test_358,1,256,32,-56.70967741935485,416.0,-54.90625,-691.0,307.9684804666502,153.03225806451613,0.5806451612903225,31.0,497.0,148.28125,156.90148867502023,6.774962488894207,1.0,1688.0,1689.0,0.9897765226924934,0.0905212288307522,0.2103360262250028,0.3788463850722096,0.1204755411047498,152.79983426630986,209.74193548387095,0.8064516129032258,24.0,787.0,203.1875,279.0050892792997,7.1673252114169825,0.0,2587.0,2587.0,0.7039994140249449,0.0828512371355151,0.2393112132124827,0.281944874864272,0.0989319026144445,214.33615046957763,0.1054354742932325,0.1621975624558932,138.20967741935482,439.0,133.90625,-34.0,143.05841450588463,166.24193548387095,0.6129032258064516,27.0,449.0,161.0625,152.63496845005733,6.5268420347744325,1.0,1499.0,1500.0,0.8431372549019608,0.112548234770893,0.3176470588235294,0.5137254901960784,0.1580500563191939,168.70980392156864,28.03225806451613,0.967741935483871,16.0,111.0,27.15625,39.51748772300056,6.126161970448851,0.0,1565.0,1565.0,0.3686274509803922,0.0235068596128547,0.0666666666666666,0.1490196078431372,0.0535367758843531,36.78823529411763,0.948671799662488,0.1213214669403495,1.3989071038251366,183,256,1623,2274
sciver_test_360,1,256,32,-7.612903225806448,216.0,-7.34375,-260.0,108.46272671262464,46.354838709677416,0.6451612903225806,27.0,226.0,44.9375,63.490618155362135,5.9933155750180305,1.0,937.0,938.0,0.9254391010075244,0.048153827228745,0.1313334830119462,0.1945687132025252,0.0794429288050882,45.12013611333414,53.96774193548387,0.9032258064516128,16.0,264.0,52.28125,85.75336523097796,6.267606298739147,0.0,1075.0,1075.0,0.5167266314683223,0.0527766293647788,0.1531997019684779,0.1974086245629682,0.0691989388782169,56.73487656713731,0.1370292281454619,0.1504968220298014,61.016129032258064,211.0,59.15625,-75.0,79.40131822543943,77.85483870967742,0.6451612903225806,28.0,216.0,75.46875,75.75865642576761,5.87527928571507,1.0,814.0,815.0,1.0,0.094416341475165,0.2941176470588236,0.3974509803921564,0.1401885588279671,76.85490196078432,16.838709677419356,0.935483870967742,20.0,114.0,16.3125,28.18181760905425,5.575486412069395,0.0,560.0,560.0,0.4078431372549019,0.0335504201680672,0.0905882352941177,0.1492156862745095,0.053896934512634,18.788235294117648,0.869797283496732,0.1738431374046141,4.266666666666667,60,256,392,1660
sciver_test_361,1,256,32,-1.4516129032258038,203.0,-1.375,-263.0,102.65742484107032,47.74193548387098,0.7096774193548387,24.0,227.0,46.28125,66.23737350195508,6.205534714555026,1.0,934.0,935.0,0.5608937317439437,0.0498181185868505,0.1208973176522376,0.1712408002864085,0.0658724417060022,46.53012276011839,49.19354838709678,0.935483870967742,13.0,277.0,47.65625,88.1371833333554,6.226273152395649,0.0,1102.0,1102.0,0.8123710972939786,0.045509671628743,0.1312924658303191,0.1911719548516376,0.0653632532559883,50.15165813487489,0.1435089110955627,0.1986950484681338,55.0,284.0,53.34375,-297.0,101.38004283850692,77.54838709677419,0.6451612903225806,22.0,287.0,75.21875,84.96791099254766,5.932212545344891,1.0,793.0,794.0,0.6470588235294118,0.0961748633879781,0.3074509803921576,0.3937254901960784,0.1295834429676014,76.26666666666665,22.548387096774203,0.967741935483871,13.0,334.0,21.875,59.501444310201414,6.0586269823464,0.0,916.0,916.0,0.996078431372549,0.0252846990324514,0.0509803921568627,0.0941176470588235,0.0498074348367669,23.160784313725507,0.8512413370520623,0.2525605701956562,2.206896551724138,116,256,675,1496
sciver_test_363,1,256,32,8.774193548387096,237.0,8.53125,-164.0,113.90044566830062,71.06451612903226,0.3548387096774194,29.0,237.0,68.875,67.48090007550284,5.634997386817195,1.0,613.0,614.0,0.9500658097559866,0.1147992902991587,0.2999910200457202,0.4933837649724708,0.1649217865450751,70.37196495338432,62.29032258064515,0.7419354838709677,20.0,192.0,60.34375,70.09083810269,5.735281696705695,0.0,777.0,777.0,0.5162690083769761,0.083163552469155,0.2944697387744149,0.3826813139307373,0.1243388318141465,64.61808026853345,0.0647305788702448,0.1644404256850127,36.53225806451612,177.0,35.40625,-26.0,56.34706035755104,62.75806451612902,0.4516129032258064,28.0,177.0,60.8125,54.445177414992415,5.421540561682242,1.0,589.0,590.0,0.8862745098039215,0.1079463364293085,0.3537254901960786,0.5050980392156865,0.1768666536547695,63.58039215686274,26.225806451612904,0.7096774193548387,17.0,74.0,25.40625,28.851840685431146,4.939948015281946,0.0,537.0,537.0,0.5215686274509803,0.0531493044145032,0.2094117647058825,0.3890196078431371,0.115073012489414,28.54117647058823,0.968051613920422,0.1045242974216793,1.4970760233918128,171,256,1015,1522
sciver_test_366,1,256,32,7.483870967741933,339.0,7.28125,-330.0,174.24448240457286,99.16129032258064,0.6129032258064516,31.0,346.0,96.09375,101.57243701387448,6.430646424593183,1.0,1307.0,1308.0,0.9808035310492668,0.0762491347246139,0.1798407943134223,0.2999975949355851,0.1183635820962496,99.65761908507048,91.67741935483872,0.8387096774193548,16.0,405.0,88.8125,145.84204587069533,6.770770546358117,0.0,2076.0,2076.0,0.6002192336887876,0.0463635874848312,0.1521005340834851,0.2008584924335084,0.069272867587472,96.25080761850968,0.0839188745944971,0.1563517717885295,81.85483870967745,308.0,79.3125,0.0,86.99979795235159,110.14516129032256,0.6451612903225806,26.0,327.0,106.71875,106.01333476708248,6.18793237547095,1.0,1244.0,1245.0,0.8274509803921568,0.0898020301368135,0.314117647058824,0.4549019607843138,0.1486353691527161,111.71372549019608,28.290322580645157,0.7741935483870968,22.0,151.0,27.40625,35.217058521936494,6.181058856227295,0.0,1253.0,1253.0,0.3647058823529412,0.0254479445409448,0.0658823529411762,0.1349019607843132,0.0485865230301578,31.88627450980391,0.9154036093604108,0.1720815979108253,1.5238095238095235,168,256,1245,1899
sciver_test_368,1,256,32,-3.5806451612903154,272.0,-3.4375,-360.0,164.80498655608088,79.0967741935484,0.5806451612903225,25.0,292.0,76.65625,93.59474123014336,6.2223907254063855,1.0,1197.0,1198.0,0.9832332492600168,0.0648821467977022,0.1801530463755074,0.2681360947062837,0.1035907499019069,77.6639297168496,82.67741935483872,0.8709677419354839,19.0,393.0,80.09375,124.88303512061796,6.461029576975648,0.0,1358.0,1358.0,0.4254778501914892,0.0624362740363066,0.1826781985125226,0.248746205932279,0.0810056360546325,84.78846014130437,0.0710999027453079,0.1320675636971777,88.33870967741935,267.0,85.625,-116.0,101.36929700357992,108.43548387096774,0.5483870967741935,23.0,273.0,105.09375,101.63825540089468,5.946341065833225,1.0,964.0,965.0,1.0,0.1139329590757464,0.3843137254901961,0.5478431372549013,0.1748156565656627,109.8313725490196,20.096774193548384,0.9032258064516128,16.0,190.0,19.46875,35.5043873829348,5.423931059352506,0.0,627.0,627.0,0.4196078431372549,0.0335303499390186,0.0878431372549018,0.1831372549019605,0.066252244772232,21.02352941176469,0.9590635543990323,0.1068318739769921,1.6623376623376624,154,256,997,1661
sciver_test_370,1,256,32,-4.419354838709673,189.0,-4.25,-281.0,121.27937788428832,66.3548387096774,0.4838709677419355,28.0,191.0,64.3125,74.8091060215934,6.054559652497625,1.0,802.0,803.0,0.8673156896325918,0.0819731234567635,0.1948879746735099,0.265643471596441,0.0990843514808017,65.74244501232434,70.77419354838709,0.8064516129032258,17.0,288.0,68.5625,90.54382140019274,5.917116191218441,0.0,892.0,892.0,0.4853785210075091,0.0818391512233871,0.2652730494001888,0.3331525583761515,0.1148073043433576,73.00052289126134,0.1003993568906425,0.1687468202547099,75.53225806451613,217.0,73.1875,0.0,73.62380622971078,80.20967741935483,0.5806451612903225,27.0,217.0,77.71875,75.67167335560579,5.724193376812876,1.0,689.0,690.0,0.8549019607843137,0.1181536184865818,0.3380392156862747,0.467450980392157,0.1599454833488536,81.4078431372549,4.67741935483871,0.967741935483871,11.0,23.0,4.53125,6.566888413662897,4.665602440087258,0.0,331.0,331.0,0.3254901960784313,0.0191102422842248,0.0509803921568627,0.096078431372549,0.043560439757489,6.325490196078427,0.954890216503268,0.1162487876043138,2.844444444444445,90,256,635,1798
sciver_test_371,1,256,32,-34.161290322580655,263.0,-33.0625,-263.0,167.62065384000266,115.06451612903228,0.2903225806451612,29.0,266.0,111.5,76.14829282393664,6.3222313612263825,1.0,1271.0,1272.0,0.9417794470830728,0.0895441360905533,0.2168377907552655,0.3173921910994344,0.1447258256726251,113.81059697109326,149.22580645161293,0.7419354838709677,23.0,356.0,144.5625,137.73705417842362,6.563069656870742,0.0,1515.0,1515.0,0.7129086500127487,0.1007059810313382,0.3184986490746769,0.4140394982483339,0.1352802504905992,152.56956126247746,0.0909142888778025,0.1755043048596344,62.85483870967741,254.0,60.90625,-368.0,130.3774231258522,119.20967741935485,0.3870967741935484,29.0,257.0,115.5,80.51979570267177,6.017187160636038,1.0,1101.0,1102.0,0.9450980392156862,0.109857348934124,0.3176470588235294,0.5882352941176471,0.1875665161381154,120.95294117647056,56.35483870967744,0.935483870967742,21.0,430.0,54.59375,87.90152849033684,6.0296845420494,0.0,1213.0,1213.0,0.6588235294117647,0.0487787530510967,0.0823529411764706,0.2823529411764706,0.1036726031176462,59.1686274509804,0.9037581374110156,0.1374761206384394,1.6305732484076434,157,256,814,1327
sciver_test_372,1,256,32,-27.387096774193544,199.0,-26.5,-197.0,119.406344052567,59.096774193548384,0.2580645161290322,30.0,200.0,57.28125,57.7912376441057,5.458290843964715,1.0,511.0,512.0,0.9485706726072024,0.1137287681682325,0.2736192569940749,0.3937762662697002,0.1700746990065477,58.11540053396682,86.48387096774194,0.7096774193548387,23.0,222.0,83.78125,82.16170579069973,5.699890794354264,0.0,626.0,626.0,0.7441946372680519,0.1401914083905123,0.4167392075208377,0.4960395662818061,0.1709003964517364,87.75982165246074,0.0570331003370127,0.1567754796173604,53.2741935483871,140.0,51.65625,-7.0,44.22005298433619,69.24193548387098,0.2580645161290322,29.0,140.0,67.125,36.76424043823019,5.074621834825162,1.0,440.0,441.0,1.0,0.1581550802139037,0.6474509803921579,0.8590196078431371,0.264031703420912,69.58823529411765,15.967741935483868,0.935483870967742,16.0,43.0,15.46875,14.241191082121608,4.095387736697548,0.0,306.0,306.0,0.7137254901960784,0.0592848904267589,0.1294117647058823,0.5323529411764706,0.1531453935997061,18.141176470588228,0.8879206239787583,0.1895367409008309,1.3333333333333333,192,256,600,800
sciver_test_374,1,256,32,141.258064516129,457.0,136.875,-38.0,176.9718815942239,252.32258064516128,0.3225806451612903,30.0,467.0,244.46875,133.2553902228255,6.36345064600703,1.0,1271.0,1272.0,0.953421150538368,0.2000316969058745,0.6573647077492852,0.7746362365049093,0.2588600487254774,254.2402867673665,111.06451612903226,0.6451612903225806,23.0,285.0,107.59375,110.3080514329643,6.0294415109461434,0.0,1162.0,1162.0,0.7233932125601474,0.0988720774820597,0.3870321042948623,0.450102366134663,0.156157497216992,114.88935403415344,0.0872717541830558,0.2051480775695627,-185.54838709677415,1.0,-192.78125,-835.0,161.7876181864283,1.5161290322580645,0.0,6.0,15.0,1.71875,2.439702530535229,2.1231562731017783,1.0,31.0,32.0,0.2431372549019607,0.0140417457305502,0.0117647058823529,0.0176470588235294,0.0420101643456236,0.4352941176470586,187.06451612903228,0.0,23.0,850.0,194.5,163.61960457109043,6.068346313695111,0.0,1378.0,1378.0,0.8,0.1324881186146446,0.6196078431372549,0.6901960784313725,0.2338868382673505,182.5686274509804,0.0352615454076367,0.1259715785642894,0.7421875,256,190,1062,790
sciver_test_375,1,256,32,14.87096774193548,136.0,14.4375,-137.0,60.758712081067024,46.51612903225806,0.7096774193548387,27.0,148.0,45.09375,39.15383073132819,5.419499299505791,1.0,588.0,589.0,0.8319885924086764,0.0776046071109627,0.1427860199015377,0.2546692573009173,0.1486918955432921,45.6315089812461,31.645161290322584,0.9032258064516128,23.0,156.0,30.65625,43.94002259828163,5.651128570378971,0.0,657.0,657.0,0.5861683296313878,0.0491958842379398,0.1422857258730776,0.193950046252594,0.0745380916661438,32.32169594432651,0.1116332273474409,0.1684793642676018,53.177419354838705,166.0,51.53125,0.0,48.27135820999343,58.04838709677419,0.7419354838709677,28.0,167.0,56.25,50.67297109899912,5.433322136587847,1.0,539.0,540.0,0.8313725490196078,0.1076721597730001,0.2752941176470588,0.3454901960784312,0.1661395026785631,58.035294117647055,4.870967741935485,0.8709677419354839,18.0,28.0,4.71875,7.942112341027417,5.302072707055517,0.0,372.0,372.0,0.2431372549019608,0.0194813409234661,0.0392156862745097,0.0605882352941176,0.0294388889637671,7.247058823529411,0.8845534620098039,0.1994272207985306,4.266666666666667,60,256,392,1662
sciver_test_377,1,256,32,-21.999999999999996,236.0,-21.28125,-262.0,144.0644895469994,66.06451612903224,0.3548387096774194,27.0,237.0,64.03125,70.72105608259467,5.579519529981373,1.0,593.0,594.0,0.9134469790477344,0.1100680389163263,0.2778403853995009,0.3984029654467572,0.1623347029511648,65.2703470773815,88.06451612903226,0.6774193548387096,21.0,282.0,85.3125,100.66324971780914,5.887921780606911,0.0,718.0,718.0,0.5603184169783993,0.1242035991453468,0.3428543636312131,0.420254188510808,0.1436084990296424,89.178184186359,0.0781224075577275,0.1912353193112988,61.25806451612903,173.0,59.4375,-24.0,57.86133072916661,78.90322580645159,0.2903225806451612,29.0,174.0,76.53125,49.94996519956245,5.270518598927717,1.0,531.0,532.0,1.0,0.1492633211476681,0.5686274509803921,0.7901960784313726,0.2462812075453054,79.25882352941176,17.645161290322584,0.967741935483871,21.0,52.0,17.09375,16.335083744428736,4.2441032675047925,0.0,306.0,306.0,0.611764705882353,0.0646802511854414,0.2078431372549019,0.5245098039215687,0.1512736984545479,19.792156862745095,0.7610644770603554,0.3228415863121759,1.0,256,256,532,532
sciver_test_379,1,256,32,5.838709677419356,194.0,5.6875,-160.0,87.707054127647,50.838709677419345,0.6129032258064516,27.0,210.0,49.28125,56.56977681092175,5.432889101739872,1.0,645.0,646.0,0.9519616507674068,0.0773429818926087,0.20025334157365,0.3217851016322092,0.1453527135151373,49.88622332073263,45.0,0.8387096774193548,20.0,183.0,43.59375,59.21563316335898,5.578168703400293,0.0,752.0,752.0,0.8049843162697178,0.0611242835350465,0.1864484137990565,0.2316644017614659,0.115646790107979,45.96546121835499,0.0570239487484336,0.1312026660568537,54.145161290322584,197.0,52.5625,-54.0,62.34126718113773,66.82258064516128,0.5483870967741935,30.0,198.0,64.84375,57.69537967582413,5.405073879047954,1.0,595.0,596.0,0.9607843137254902,0.1144504860767836,0.3709803921568628,0.5643137254901955,0.1925312807460377,68.09803921568627,12.677419354838712,0.967741935483871,19.0,62.0,12.28125,16.183004926079086,5.063770613074988,0.0,420.0,420.0,0.403921568627451,0.0363865546218487,0.0980392156862745,0.1923529411764704,0.066055419151309,15.282352941176466,0.963768271948419,0.1171608021757613,2.3063063063063063,111,256,515,1187
sciver_test_380,1,256,32,-77.45161290322584,231.0,-75.0,-953.0,322.7201767785832,155.70967741935485,0.6451612903225806,31.0,474.0,150.875,125.25567601909304,7.020965903913074,1.0,3560.0,3561.0,0.993460223252461,0.0445677470010874,0.1332862648649504,0.2166662045245228,0.0929708018460586,158.66117932387124,233.16129032258067,0.967741935483871,23.0,977.0,225.875,277.9641107679191,7.354596376957993,0.0,3973.0,3973.0,0.7039262014968505,0.0603422953056253,0.210917193252809,0.2817435533679022,0.0966023114812235,239.73993924924952,0.1198397836789381,0.1755326079712525,173.90322580645162,441.0,169.65625,-412.0,170.5363981264337,235.741935483871,0.6129032258064516,31.0,504.0,229.5625,138.94219515233664,6.878002820335677,1.0,3149.0,3150.0,1.0,0.077232112279653,0.2274509803921569,0.4062745098039212,0.1602795773915593,243.20392156862744,61.83870967741937,0.967741935483871,24.0,515.0,59.90625,92.46430371195956,6.514412817534927,0.0,1918.0,1918.0,0.8509803921568627,0.0410088122840376,0.0666666666666666,0.2084313725490191,0.0904690211307378,78.65490196078429,0.921015737087518,0.167218822477747,1.248780487804878,205,256,1316,1645
sciver_test_382,1,256,32,-16.06451612903226,208.0,-15.53125,-276.0,143.74282251103008,73.1935483870968,0.4516129032258064,25.0,223.0,70.9375,71.29206543332856,5.769236415105002,1.0,727.0,728.0,0.9836638981795566,0.1007736644027074,0.2663767962922571,0.3830819886000435,0.1553561558876626,73.26245402076832,89.25806451612901,0.7741935483870968,24.0,288.0,86.46875,102.13532211452365,6.021480974431703,0.0,887.0,887.0,0.8436392882073815,0.1027578496058292,0.2964707873616105,0.3743827496516813,0.134724851596342,91.14621260037056,0.1391838604406605,0.2210568500165971,48.0483870967742,208.0,46.5625,-76.0,79.1240866850923,73.01612903225805,0.5483870967741935,23.0,210.0,70.75,73.84823965403643,5.642585687411746,1.0,675.0,676.0,0.7058823529411764,0.1096877269426288,0.3490196078431373,0.527450980392156,0.1635804414846543,74.0392156862745,24.967741935483875,0.935483870967742,16.0,111.0,24.1875,37.045105530285646,5.503414689157527,0.0,656.0,656.0,0.4313725490196078,0.0433046389287422,0.1568627450980392,0.2156862745098039,0.0727350370410814,28.407843137254893,0.8898157456341913,0.1664321883699948,2.0,128,256,399,797
sciver_test_384,1,256,32,-36.22580645161291,235.0,-35.0625,-326.0,171.54590083633593,89.96774193548387,0.3548387096774194,30.0,238.0,87.1875,68.27263246535907,6.050267931597622,1.0,803.0,804.0,0.9313585603420688,0.111214153209749,0.2586732121842252,0.4007295736544435,0.1401115231509656,89.30496502742851,126.19354838709675,0.7419354838709677,22.0,363.0,122.25,137.84094094281278,6.195977623078814,0.0,996.0,996.0,0.5959233957724827,0.1281978421564489,0.3601929721113159,0.4214769170627155,0.1497301733303418,127.68505078782316,0.0708211124642083,0.1676025567290496,68.32258064516128,236.0,66.21875,-122.0,88.997448831062,98.32258064516128,0.3548387096774194,30.0,236.0,95.28125,64.18977448501825,5.777042537444662,1.0,848.0,849.0,0.9607843137254902,0.1179199038105808,0.403921568627451,0.6284313725490192,0.1978600567177128,99.99607843137254,30.0,0.6129032258064516,18.0,204.0,29.0625,48.58815281269705,5.814386366069339,0.0,787.0,787.0,0.5882352941176471,0.0405560953733463,0.0549019607843137,0.0694117647058821,0.0810045849847674,31.917647058823537,0.9040912702971814,0.1814427699152765,1.3333333333333333,192,256,1245,1660
sciver_test_386,1,256,32,-0.225806451612907,222.0,-0.1875,-273.0,146.5320863966319,86.16129032258064,0.6129032258064516,31.0,241.0,83.5,81.50958532589894,6.142493166389635,1.0,973.0,974.0,0.9802857898731384,0.0884978209741708,0.2064522846383942,0.3105124352226165,0.131148378793753,86.10837980786826,86.38709677419354,0.8064516129032258,23.0,326.0,83.6875,117.49373321054192,6.385986083601626,0.0,1254.0,1254.0,0.5243583903841752,0.0705764373469357,0.2144751404965088,0.26774879143894,0.0913825712639405,88.50285243305748,0.0981389331943847,0.1593610240283617,101.7096774193548,272.0,98.65625,-83.0,98.04418945525278,135.4516129032258,0.4838709677419355,31.0,279.0,131.34375,86.89419189990491,6.045523444964145,1.0,990.0,991.0,1.0,0.1392671816201228,0.4392156862745098,0.6182352941176465,0.208026516160877,137.87450980392157,33.74193548387097,0.967741935483871,19.0,135.0,32.6875,42.083575700622205,5.274613594667515,0.0,575.0,575.0,0.5647058823529412,0.064313725490196,0.2156862745098039,0.3607843137254902,0.1145740164937222,36.980392156862735,0.938219402831226,0.149728047471134,2.392523364485981,107,256,623,1495
sciver_test_388,1,256,32,-42.82258064516128,193.0,-41.4375,-408.0,186.7389450375845,78.91935483870971,0.6129032258064516,29.0,263.0,76.5,81.17804506145735,6.378698314871727,1.0,1119.0,1120.0,0.7192115825320324,0.0697477272860646,0.169868311426164,0.249677618947467,0.0893711640526948,78.04770683310629,121.74193548387096,0.8064516129032258,21.0,422.0,117.9375,154.8131812661635,6.467741569422471,0.0,1477.0,1477.0,0.5116777713589082,0.0838591043942803,0.2709910698843432,0.3309191673949082,0.1142090538210967,123.85989719035211,0.1492051917675465,0.2200549561088723,89.70967741935485,255.0,87.15625,-68.0,87.13929559009242,115.6451612903226,0.5806451612903225,30.0,276.0,112.28125,84.83706235153065,5.922351354170171,1.0,903.0,904.0,0.992156862745098,0.128313030638612,0.4431372549019607,0.568235294117647,0.1903563982415872,115.86666666666667,25.935483870967744,0.967741935483871,26.0,97.0,25.125,27.704636344843077,5.417136848083453,0.0,805.0,805.0,0.6588235294117647,0.0373498964803312,0.1019607843137254,0.249411764705882,0.0859686985636475,30.066666666666656,0.8706306168300654,0.2422156766639187,2.1333333333333333,120,256,1264,2703
sciver_test_390,1,256,32,-13.161290322580648,61.0,-12.71875,-72.0,40.43454152624338,18.032258064516128,0.3225806451612903,26.0,62.0,17.5,17.583728273605686,4.828497056038185,1.0,246.0,247.0,0.937662058382994,0.070110388989974,0.1586783895514011,0.1934285186423352,0.0991407283395235,17.24715569153362,31.19354838709678,0.8709677419354839,20.0,78.0,30.21875,30.51304472578081,4.72256850754712,0.0,255.0,255.0,0.8258596741523543,0.1243125854810729,0.4114835715701467,0.4594151099975502,0.1655392260947494,31.699709297673593,0.0361875528606665,0.1401213588187294,-15.548387096774194,14.0,-16.09375,-100.0,23.822729922019853,5.370967741935484,0.3548387096774194,19.0,20.0,5.28125,5.415454591952554,3.972606692267623,1.0,89.0,90.0,0.2705882352941177,0.0499228905045164,0.1254901960784313,0.1435294117647058,0.0530475998859354,4.443137254901962,20.919354838709676,0.8709677419354839,26.0,101.0,21.375,22.246839663197107,4.759275238493114,0.0,287.0,287.0,0.992156862745098,0.0687162669946027,0.207843137254902,0.308627450980392,0.1221044425456868,19.721568627450974,0.1449392882152861,0.3152426722490659,1.0448979591836736,245,256,1608,1683
sciver_test_392,1,256,32,11.645161290322536,565.0,11.3125,-1084.0,390.0368922855247,248.77419354838705,0.7741935483870968,31.0,1076.0,241.03125,240.77991563549793,7.324527470208445,1.0,3422.0,3423.0,0.9345575321813574,0.0730495789571945,0.1601436340716209,0.2505267209246659,0.129810990702588,249.97565919151975,237.1290322580645,0.9032258064516128,21.0,1162.0,229.71875,350.48673605207586,7.73453093971796,0.0,4624.0,4624.0,0.5426217469777188,0.0532310107605592,0.1448129059468848,0.1981002643644898,0.0708568617555393,246.14019375682616,0.1234527939141876,0.1524816795142622,168.27419354838713,922.0,163.03125,0.0,217.68978564332664,203.56451612903228,0.8709677419354839,21.0,1062.0,197.21875,258.1594389102159,7.236843013883592,1.0,3030.0,3031.0,0.6509803921568628,0.069264220539701,0.188235294117647,0.2431372549019608,0.1077835880580229,209.8705882352941,35.29032258064517,0.967741935483871,14.0,202.0,34.1875,62.53920645283245,6.560182048329017,0.0,1477.0,1477.0,0.3254901960784313,0.0280191697532093,0.0862745098039216,0.1105882352941178,0.0394606490028687,41.38431372549018,0.9502598562290768,0.0972049506071988,1.0406504065040652,246,256,1593,1661
sciver_test_394,1,256,32,1.903225806451612,25.0,1.875,-12.0,10.699737146304107,11.74193548387097,0.5483870967741935,13.0,33.0,11.40625,5.499200936272469,3.265125651330862,1.0,227.0,228.0,0.999850126766934,0.0504631616993169,0.0507129744763939,0.0951779615194709,0.189644860170612,11.455137705744956,9.838709677419356,0.967741935483871,10.0,22.0,9.53125,8.735646709746222,3.0896515139224787,0.0,84.0,84.0,0.8807219497738495,0.1220146120050194,0.4950159086995292,0.6096184047916369,0.2204715978566457,10.249227408421635,0.0593248618514652,0.1644846570426692,-12.225806451612902,1.0,-12.40625,-43.0,8.146545951352634,1.129032258064516,0.0,7.0,3.0,1.15625,0.4408354993645589,3.7859663157752736,1.0,53.0,54.0,0.0313725490196078,0.0065112837587865,0.0117647058823529,0.0133333333333333,0.0046925075828954,0.3450980392156867,13.354838709677423,0.4516129032258064,12.0,44.0,13.5625,8.366366818996164,3.267104248179834,0.0,165.0,165.0,1.0,0.0770053475935828,0.0705882352941176,0.9639215686274506,0.2322661539206639,12.705882352941176,0.1137289667640105,0.237922988730257,1.8156028368794328,141,256,273,496
sciver_test_395,1,256,32,23.45161290322579,519.0,22.75,-569.0,175.00803552980074,79.45161290322581,0.8387096774193548,30.0,587.0,77.0,132.1431515440736,6.685542204431777,1.0,1137.0,1138.0,0.5757141314926083,0.0692254565260175,0.1398589817944571,0.1585303739613738,0.0628314732457559,78.7093440700819,56.00000000000002,0.967741935483871,15.0,572.0,54.25,132.20958739819136,6.993308712660511,0.0,1716.0,1716.0,0.4630038019797684,0.0335400876508567,0.0687271956570533,0.0963966621633066,0.0396472628554987,57.55479040887021,0.1584323734475101,0.1879691959525773,-60.048387096774206,461.0,-58.15625,-497.0,204.18957327918952,46.9516129032258,0.3870967741935484,27.0,530.0,45.5,102.86945610821512,6.521880413280892,1.0,1164.0,1165.0,0.8549019607843138,0.0386463176335826,0.0549019607843137,0.0705882352941176,0.0667568230937831,44.98431372549019,107.0,0.5483870967741935,26.0,524.0,103.65625,174.814295999891,6.388474327828958,0.0,791.0,791.0,0.3490196078431372,0.1339034728935822,0.2313725490196078,0.2431372549019608,0.0879734158795869,105.91764705882356,0.4761041505417957,0.2653415261974818,3.3684210526315788,76,256,526,1783
sciver_test_398,1,256,32,-51.322580645161295,360.0,-49.6875,-452.0,244.87336491286675,111.16129032258064,0.3548387096774194,30.0,375.0,107.71875,116.95999165713675,6.369421037577867,1.0,1157.0,1158.0,0.9951558421197464,0.0954777909484205,0.2340449058779938,0.3178435243490155,0.127287948723137,110.46780412732258,162.4838709677419,0.7419354838709677,23.0,483.0,157.40625,178.45847895501493,6.486658822200111,0.0,1444.0,1444.0,0.6101536376060825,0.1136059403188436,0.3403502178857621,0.4148600145970498,0.1440656930467583,164.04697782041018,0.1025851122477851,0.1978125140485563,127.70967741935482,321.0,123.9375,-22.0,99.41671687271712,155.51612903225805,0.3225806451612903,30.0,323.0,150.875,89.22084607870516,6.028621081023548,1.0,1035.0,1036.0,1.0,0.1524713460263332,0.5552941176470589,0.7215686274509804,0.233955497053476,157.80784313725488,27.806451612903224,0.967741935483871,19.0,72.0,26.9375,26.31650800828256,4.873475458892204,0.0,656.0,656.0,0.6862745098039216,0.049091343854615,0.1372549019607843,0.4235294117647059,0.1295098917576785,32.20392156862744,0.9403657479073502,0.1684623934506271,1.4970760233918128,171,256,1200,1800
sciver_test_400,1,256,32,5.806451612903228,210.0,5.65625,-160.0,76.54639498981973,53.12903225806451,0.935483870967742,30.0,259.0,51.5,47.627460566358145,5.852253845245148,1.0,897.0,898.0,0.8679514620699538,0.0593401439677371,0.1712689533282755,0.260071629895665,0.1137623145543341,53.228109139060265,47.322580645161295,0.967741935483871,20.0,273.0,45.84375,61.11930411856388,5.674019571861417,0.0,915.0,915.0,0.581537176581408,0.0495121839683545,0.1750406109436576,0.2884957695154383,0.0963082018002349,45.30364833104439,0.0375846450909366,0.1210527437971799,49.56451612903227,244.0,48.46875,-7.0,50.88282149642942,66.8225806451613,0.967741935483871,29.0,266.0,65.1875,50.2042313331257,5.621871717012814,1.0,667.0,668.0,1.0,0.1033483258370814,0.2823529411764702,0.6019607843137242,0.1792011265931591,68.93333333333334,17.258064516129036,0.6774193548387096,22.0,40.0,16.71875,12.311667167264554,4.1429456539059695,0.0,226.0,226.0,0.7803921568627451,0.0792469200069408,0.2784313725490196,0.4735294117647058,0.1598188459253946,17.909803921568624,0.9498041561122056,0.1600975440592155,1.2248803827751196,209,256,489,598
sciver_test_402,1,256,32,4.6451612903225685,237.0,4.53125,-687.0,254.8660168077288,214.3870967741935,0.6774193548387096,31.0,516.0,207.71875,159.3355802965474,7.079886946391548,1.0,2501.0,2502.0,0.9795418750403448,0.0865909100590301,0.2246861900001199,0.3106359044922728,0.1217913181877772,216.5638660576343,209.74193548387095,0.8709677419354839,24.0,768.0,203.1875,244.44803096721807,7.231872287711608,0.0,3254.0,3254.0,0.5721515712483339,0.0656451501758212,0.1984830024524672,0.2735035788638064,0.0956435558005147,213.6093186721222,0.0943394344195031,0.1622650268159052,311.80645161290323,649.0,302.90625,1.0,191.6502934016473,347.77419354838713,0.7419354838709677,30.0,703.0,337.75,202.2441284685417,7.010268459103582,1.0,2714.0,2715.0,1.0,0.1313075266952764,0.4117647058823529,0.5778431372549016,0.1961062553967641,356.3686274509804,35.96774193548387,0.967741935483871,26.0,135.0,34.84375,35.92275512732146,5.76212222842242,0.0,869.0,869.0,0.8196078431372549,0.0464315530585076,0.1568627450980392,0.203921568627451,0.0830362323535641,40.34901960784313,0.9400911817363666,0.1518363742438083,1.0,256,256,1495,1495
sciver_test_404,1,256,32,-0.6774193548387193,96.0,-0.625,-182.0,57.95512811650062,25.870967741935484,0.7741935483870968,21.0,125.0,25.09375,32.56374457794281,5.2216328199231725,1.0,532.0,533.0,0.9104401698112898,0.0462392669191813,0.1386006418113156,0.1986385509151186,0.0928877950357913,24.599290001004473,26.5483870967742,0.967741935483871,17.0,188.0,25.71875,48.72001281237003,5.748072535421288,0.0,671.0,671.0,0.5676360271409322,0.0414303310614882,0.1167513547044543,0.1621354939467637,0.0598047738390898,27.79975214225862,0.0631422819396604,0.1097858508471237,23.75806451612903,125.0,23.03125,0.0,36.93785691451928,26.629032258064512,0.8064516129032258,23.0,125.0,25.8125,36.66438795002584,5.1705845769522,1.0,419.0,420.0,0.8352941176470589,0.0630165192568674,0.1701960784313725,0.2431372549019608,0.1043181856610672,26.40392156862745,2.870967741935485,0.935483870967742,5.0,24.0,2.78125,7.21861471734709,4.399721633787014,0.0,170.0,170.0,0.1450980392156863,0.0238292964244521,0.0749019607843136,0.1119607843137254,0.0337587426026923,4.050980392156863,0.9709106798457088,0.0738104322972739,4.19672131147541,61,256,1418,5922
sciver_test_406,1,256,32,2.9999999999999956,91.0,2.9375,-90.0,53.375402516046655,34.64516129032258,0.4516129032258064,31.0,94.0,33.59375,23.712943953408654,5.200269560647465,1.0,488.0,489.0,0.91511763642606,0.0704299290522933,0.180757405184352,0.2934985259006291,0.1300326855142469,34.36980537751914,31.645161290322584,0.8709677419354839,19.0,104.0,30.65625,39.67021030871276,5.425156630881719,0.0,524.0,524.0,0.6734665322688184,0.0646058717775425,0.2185458305791583,0.2892977121909668,0.0957110804007604,33.8534768114323,0.0636049134798459,0.1550500365304546,20.564516129032253,94.0,19.9375,-84.0,34.857690596911326,31.629032258064512,0.5483870967741935,23.0,94.0,30.65625,28.52368464868275,5.0913758973033385,1.0,481.0,482.0,0.7568627450980392,0.0663568545921487,0.1725490196078431,0.3254901960784313,0.1301702366558423,31.91764705882353,11.064516129032262,0.935483870967742,15.0,101.0,10.71875,19.889121359112373,4.692807329401294,0.0,340.0,340.0,0.403921568627451,0.0331026528258362,0.0670588235294119,0.1776470588235297,0.0733355610099665,11.254901960784316,0.8738219975490199,0.1622536651881408,1.5058823529411764,170,256,498,748
sciver_test_407,1,256,32,-33.48387096774193,110.0,-32.40625,-287.0,127.9836071961464,75.29032258064517,0.6451612903225806,30.0,174.0,72.96875,48.00291942619219,6.157883286087735,1.0,997.0,998.0,0.936220012926421,0.0765548428687261,0.2043161435277041,0.2655364432213586,0.1086947683765376,76.32517834011996,108.7741935483871,0.7741935483870968,26.0,336.0,105.375,111.79019131837998,6.182803115507377,0.0,1231.0,1231.0,0.808923275608527,0.0899855683627837,0.29000316756514,0.3348982215581274,0.1342255432724364,110.7722346545868,0.0848242676237958,0.192448699419218,71.30645161290323,160.0,69.625,1.0,32.298171387866525,79.53225806451611,0.6129032258064516,30.0,165.0,77.59375,30.729525068531405,5.536773835416557,1.0,768.0,769.0,1.0,0.1051828022875817,0.3803921568627451,0.5137254901960784,0.1957091375916494,80.78039215686275,8.225806451612904,0.967741935483871,16.0,36.0,7.96875,10.199523196576395,4.390286380610947,0.0,419.0,419.0,0.7568627450980392,0.0265524825682062,0.024313725490196,0.1415686274509775,0.0840449786470723,11.125490196078424,0.931927055096232,0.1828420314703697,1.1797235023041477,217,256,451,532
sciver_test_409,1,256,32,12.129032258064514,140.0,11.8125,-80.0,39.239996734836765,31.322580645161285,0.8064516129032258,26.0,171.0,30.40625,34.540609591283996,5.366556332943739,1.0,636.0,637.0,0.7077887819108974,0.0482604597407596,0.1460877799764294,0.2186404416017297,0.0949533866108221,30.693652395123102,19.193548387096776,0.9032258064516128,18.0,123.0,18.59375,33.480273459718035,5.637375681024147,0.0,632.0,632.0,0.46624754638313,0.0343813920181909,0.0983257205542961,0.1334122786931391,0.0527807950230309,21.729039755496707,0.0798824282831994,0.1775050234924621,31.258064516129032,114.0,30.21875,-5.0,31.589886014949467,42.387096774193544,0.5161290322580645,28.0,125.0,41.125,37.07319617998966,5.197583089375132,1.0,579.0,580.0,1.0,0.0701683091198482,0.2556862745098041,0.3098039215686274,0.1425700389124594,40.627450980392155,11.129032258064514,0.7096774193548387,23.0,59.0,10.90625,13.778060855486885,5.546809031233721,0.0,729.0,729.0,1.0,0.0203448183114123,0.0274509803921568,0.0549019607843137,0.060086718308188,14.831372549019603,0.6474598256641366,0.3637089365370057,2.064516129032258,124,256,464,955
sciver_test_411,1,256,32,-49.903225806451616,192.0,-48.3125,-298.0,133.54480463031874,77.41935483870968,0.2580645161290322,31.0,193.0,75.03125,54.535243406786954,6.1863580129067,1.0,1414.0,1415.0,0.9664151754678116,0.0548928415194277,0.1626650500252846,0.2251645038248249,0.1003915292422129,77.6184779084709,127.32258064516128,0.8064516129032258,24.0,323.0,123.34375,117.68299828750752,6.179180212604593,0.0,1569.0,1569.0,0.6701261936735627,0.0841735691508286,0.3477644942337963,0.438921059722319,0.1479418196625763,132.06832999765012,0.059693935202153,0.1490168279968931,82.37096774193547,185.0,80.59375,-20.0,57.18875510917771,99.69354838709675,0.5483870967741935,29.0,195.0,97.375,47.30733954683988,5.968103288607041,1.0,1180.0,1181.0,1.0,0.0868195413758723,0.2549019607843136,0.4317647058823526,0.1649945723147147,102.4470588235294,17.32258064516129,0.9032258064516128,21.0,57.0,16.78125,18.98310823962978,5.018463450797764,0.0,654.0,654.0,0.7372549019607844,0.032973556395035,0.0627450980392156,0.1999999999999999,0.0913038020839926,21.564705882352932,0.9618445198592256,0.1339333575591157,1.3128205128205128,195,256,1266,1661
sciver_test_412,1,256,32,-26.612903225806456,445.0,-25.75,-509.0,284.4865989813932,153.0322580645161,0.4193548387096774,31.0,452.0,148.28125,139.87276235363873,6.493872397641365,1.0,1446.0,1447.0,0.9525455338775266,0.105372420098215,0.2832181288864688,0.395677135008264,0.1542386878645561,152.36851946201892,179.6451612903226,0.7419354838709677,21.0,577.0,174.03125,210.70306185112145,6.8478080512912305,0.0,1959.0,1959.0,0.6990112761358944,0.0930979940143758,0.2735174665226367,0.3304869023276727,0.1155268491764305,182.3789702741624,0.1141912650878445,0.188016413431616,177.32258064516128,476.0,171.84375,-90.0,176.3912748293903,229.3225806451613,0.3870967741935484,31.0,476.0,222.21875,149.2273295962824,6.403352289219657,1.0,1389.0,1390.0,0.992156862745098,0.1661485904657039,0.5450980392156863,0.7764705882352941,0.2376170294605298,230.78039215686272,52.00000000000001,0.967741935483871,21.0,171.0,50.375,60.59174345568874,5.628434538834992,0.0,985.0,985.0,0.5529411764705883,0.0595122922265352,0.2156862745098039,0.3764705882352941,0.1210477360780557,58.619607843137246,0.9309719669117648,0.1699186842815451,1.6,160,256,594,952
sciver_test_417,1,256,32,-6.806451612903229,110.0,-6.5625,-89.0,47.878712323432424,25.548387096774192,0.5483870967741935,27.0,114.0,24.78125,28.733402138234517,5.134507047811003,1.0,359.0,360.0,0.9431512370984944,0.0686827324169114,0.1510560413096738,0.2742763322858322,0.1052574834974778,24.65710093767122,32.35483870967742,0.7741935483870968,15.0,106.0,31.34375,41.24591599101056,5.083727003046945,0.0,380.0,380.0,0.8429697078036813,0.0865129619472282,0.2918323208986133,0.3287196044210165,0.1198630422768865,32.87492553994672,0.0238069787367932,0.0828978258972356,14.854838709677422,86.0,14.40625,0.0,22.17664787422797,17.59677419354839,0.7096774193548387,21.0,87.0,17.0625,22.970004217457166,4.840136024136541,1.0,296.0,297.0,0.7294117647058824,0.0600556438791732,0.1549019607843137,0.2950980392156862,0.0959046318563124,17.77647058823529,2.7419354838709684,0.8709677419354839,9.0,15.0,2.65625,5.016282083126905,4.177704611610103,0.0,189.0,189.0,0.2431372549019608,0.0192343604108309,0.0400000000000001,0.0901960784313725,0.0407863543767588,3.635294117647057,0.9919574919520048,0.0405560648912316,1.9104477611940296,134,256,1660,3160
sciver_test_419,1,256,32,-3.870967741935487,252.0,-3.71875,-242.0,129.4117059946182,55.193548387096776,0.5806451612903225,26.0,265.0,53.5,77.7451766992654,5.874210118229334,1.0,828.0,829.0,0.6408119081724106,0.065679129197989,0.191482153409593,0.2508049205491627,0.0976024795557711,54.38231897593493,59.064516129032256,0.8387096774193548,18.0,248.0,57.21875,85.80637154918917,6.00803023269182,0.0,902.0,902.0,0.4297065590537832,0.06892134109256,0.2255913914936318,0.2818892715774334,0.092833026637418,62.16704966548915,0.0649474199676568,0.126192473194187,34.387096774193544,198.0,33.34375,-61.0,68.48887198616649,56.064516129032256,0.6451612903225806,29.0,213.0,54.34375,62.58774309669187,5.554628722249649,1.0,683.0,684.0,0.7019607843137255,0.0809060373783481,0.2611764705882358,0.4156862745098039,0.1344629543499183,55.25882352941176,21.67741935483871,0.8064516129032258,13.0,114.0,21.0,33.30821970625269,5.315294948872706,0.0,509.0,509.0,0.403921568627451,0.0472745483262066,0.1576470588235293,0.2196078431372549,0.0791084568549255,24.06274509803921,0.8948292123221839,0.116465798340939,1.673202614379085,153,256,1180,1979
sciver_test_421,1,256,32,6.661290322580644,78.0,6.5,-50.0,37.10289746098005,27.758064516129032,0.5161290322580645,24.0,83.0,26.9375,23.136736886389144,4.805511827631938,1.0,385.0,386.0,0.9443269128427072,0.0702801893198017,0.1809821137572096,0.3938633132646416,0.1381278185725256,27.05787288812367,21.096774193548388,0.7419354838709677,19.0,69.0,20.4375,25.32653931649565,4.753938896729668,0.0,326.0,326.0,0.7498672333475462,0.0674870291706202,0.2145666471039528,0.3138700534241549,0.1136600566088088,22.000771509622208,0.0561231292374851,0.1501658221319171,19.532258064516135,81.0,18.9375,-1.0,23.719635194285768,23.951612903225808,0.6451612903225806,21.0,81.0,23.21875,25.366974562164483,4.617977663164712,1.0,320.0,321.0,0.6549019607843137,0.0766911764705882,0.2866666666666668,0.4313725490196078,0.1414463290079018,24.541176470588233,4.419354838709678,0.7419354838709677,9.0,18.0,4.28125,6.610760049911054,4.317594275489913,0.0,167.0,167.0,0.2274509803921568,0.0291886814606081,0.083921568627451,0.1231372549019607,0.0428203690360898,4.874509803921567,0.934932578648548,0.1497744477659242,1.620253164556962,158,256,822,1329
sciver_test_422,1,256,32,-21.806451612903228,264.0,-21.09375,-273.0,140.59546564856743,65.99999999999999,0.4838709677419355,29.0,269.0,63.96875,74.46076331489961,6.022732228758178,1.0,984.0,985.0,0.9126874165500168,0.066497758640136,0.1805698640145075,0.2516889955061865,0.1062562110329985,65.43379450189389,87.80645161290322,0.8064516129032258,20.0,292.0,85.0625,109.26885921318112,6.144805145367242,0.0,1185.0,1185.0,0.6981229585208748,0.0758013731273132,0.2637241119639424,0.3347573602756861,0.1138036584372806,89.82462715586617,0.0642386074419535,0.1402290693551275,57.37096774193547,240.0,55.59375,-59.0,77.18721533348318,81.11290322580646,0.4838709677419355,29.0,240.0,78.59375,69.4994871271544,5.727396635312324,1.0,801.0,802.0,0.8941176470588235,0.1033805781988201,0.3529411764705882,0.5098039215686274,0.1702890878849271,82.8078431372549,23.741935483870975,0.967741935483871,21.0,93.0,23.0,29.71952220342716,5.0979627450191,0.0,503.0,503.0,0.4862745098039216,0.0534206525552566,0.1647058823529412,0.3137254901960784,0.0990344727811006,26.870588235294115,0.9641643866849066,0.1118232533056968,1.1906976744186046,215,256,502,598
sciver_test_426,1,256,32,-15.64516129032258,180.0,-15.125,-304.0,132.5070163236649,69.29032258064515,0.5161290322580645,30.0,198.0,67.15625,55.07387616590555,5.863989215550832,1.0,840.0,841.0,0.9743167769573994,0.0825671861300599,0.1958425874707136,0.3137766382064288,0.1405382205677388,69.35643634925036,84.93548387096773,0.8064516129032258,21.0,348.0,82.28125,116.83274219343436,6.180375673471635,0.0,1079.0,1079.0,0.5588844413029004,0.0807795503267537,0.2315166480953738,0.2837040064500247,0.1052320576194077,87.16113480256726,0.0605559505714135,0.1343460587396451,65.70967741935482,197.0,63.78125,-18.0,63.85272819886007,86.74193548387096,0.4838709677419355,31.0,204.0,84.15625,61.62999948026529,5.763065205826868,1.0,797.0,798.0,1.0,0.1100105788865107,0.3074509803921568,0.4949019607843134,0.1819180791741803,87.67843137254903,21.032258064516128,0.7419354838709677,23.0,56.0,20.375,21.063520004975427,4.748090313938779,0.0,451.0,451.0,0.7843137254901961,0.0520759966957958,0.1843137254901961,0.3098039215686274,0.1183517002388382,23.48627450980392,0.9646884307520476,0.1139883365267058,1.620253164556962,158,256,462,747
sciver_test_429,1,256,32,-31.645161290322612,199.0,-30.625,-572.0,192.81431320055057,67.61290322580642,0.7419354838709677,28.0,311.0,65.53125,73.67156183655604,6.5481752723230375,1.0,1521.0,1522.0,0.953888751409589,0.0482144478968015,0.137414121656027,0.1870255126519708,0.0748931701990508,73.33417525103518,99.25806451612904,0.967741935483871,17.0,576.0,96.15625,162.23904226769062,6.8070980442297255,0.0,1546.0,1546.0,0.6003611707059845,0.0623958223725479,0.1662437248315045,0.1974508233222138,0.068608850945594,96.46394138795908,0.1397362961474905,0.1856728023725163,62.87096774193549,258.0,60.96875,-335.0,114.88920869010066,113.48387096774192,0.0967741935483871,29.0,262.0,110.0,67.09741053125671,6.20046818973119,1.0,1254.0,1255.0,0.9176470588235294,0.0902680051286862,0.2549019607843137,0.4054901960784299,0.1476657199268607,113.19607843137254,50.61290322580645,0.8064516129032258,27.0,405.0,49.03125,77.06429311579716,6.349737582259026,0.0,1156.0,1156.0,0.5411764705882354,0.0399993215279191,0.1294117647058824,0.1411764705882353,0.0573721065462122,46.239215686274505,0.7359917043740574,0.2968384321879128,3.282051282051282,78,256,503,1661
sciver_test_431,1,256,32,-24.645161290322584,135.0,-23.84375,-225.0,118.14876992985369,66.09677419354837,0.3870967741935484,30.0,155.0,64.0625,51.60301438627398,5.812772395241005,1.0,702.0,703.0,0.8663482736006909,0.0927623602628237,0.2486571807355415,0.330317954783499,0.1266075638769192,65.11917690450227,90.74193548387096,0.8064516129032258,24.0,241.0,87.90625,89.21055128703948,5.947018957036067,0.0,922.0,922.0,0.6750021207700604,0.1000868351035352,0.3208539042246848,0.4235669521533196,0.1429307013401334,92.28006196545944,0.110443079171812,0.1934813494255759,74.93548387096774,132.0,72.6875,-57.0,52.22393937410314,87.09677419354841,0.6129032258064516,31.0,146.0,84.46875,44.511223567067894,5.671726363776074,1.0,676.0,677.0,0.976470588235294,0.1307054182619793,0.4156862745098039,0.5294117647058822,0.1907151064501191,88.35686274509804,12.161290322580648,0.967741935483871,17.0,77.0,11.78125,18.817768157714667,4.785818037754051,0.0,403.0,403.0,0.5294117647058824,0.0377463144066559,0.0972549019607843,0.1674509803921565,0.085681632555842,15.211764705882349,0.9438416724111518,0.1466649243650446,2.0,128,256,450,900
sciver_test_432,1,256,32,47.129032258064505,229.0,45.6875,-369.0,137.27491520212277,104.38709677419354,0.6129032258064516,25.0,251.0,101.15625,82.55721855741932,5.8700570436667885,1.0,930.0,931.0,0.7877505190153729,0.1101807691662688,0.3687473365811259,0.445739039963788,0.1702011884136252,102.46811532463003,57.258064516129046,0.967741935483871,19.0,371.0,55.46875,88.78555075820333,6.3284348874513086,0.0,1220.0,1220.0,0.4393643195917938,0.0515114518798914,0.1344569416401897,0.220753457660824,0.0785053388154389,62.84397129346756,0.1104627645414714,0.160959924383321,71.27419354838709,240.0,69.0625,-19.0,76.59346312675775,77.53225806451611,0.7419354838709677,24.0,243.0,75.125,76.49499575135619,5.637364631218904,1.0,764.0,765.0,0.6784313725490196,0.1028179858330766,0.3400000000000002,0.493333333333334,0.171806674640875,78.5529411764706,6.258064516129036,0.967741935483871,9.0,97.0,6.0625,17.387023717416387,5.538294093596003,0.0,389.0,389.0,0.2392156862745098,0.0243459851807046,0.0431372549019607,0.0470588235294118,0.0275007172762691,9.470588235294116,0.947358423632611,0.1073895201489014,2.694736842105263,95,256,392,1053
sciver_test_434,1,256,32,-60.16129032258067,357.0,-58.25,-511.0,207.4828306149692,115.16129032258064,0.4516129032258064,31.0,370.0,111.59375,107.07323993854628,6.740947222403939,1.0,2209.0,2210.0,0.9773387229713604,0.0521173947236809,0.1375785155166359,0.2051526972813951,0.0933824812569143,115.12732494461112,175.32258064516134,0.967741935483871,20.0,583.0,169.84375,197.3757693738963,7.00947976110904,0.0,2940.0,2940.0,0.6385882431567068,0.0619037735584899,0.2118249876158826,0.3267275371643037,0.1036333341042913,181.9970942619603,0.1037450185350498,0.1517140806020258,85.74193548387092,298.0,83.09375,-647.0,168.20269754358134,156.0,0.4516129032258064,31.0,303.0,151.15625,107.12058315719486,6.601383267723381,1.0,1925.0,1926.0,0.9647058823529412,0.0825627705627705,0.2431372549019608,0.3647058823529412,0.1422794670250023,158.93333333333334,70.25806451612907,0.967741935483871,18.0,716.0,68.0625,141.84981880055398,6.7152524862442835,0.0,1807.0,1807.0,0.5529411764705882,0.0421237670497086,0.0784313725490196,0.1686274509803921,0.0717993306819353,76.11764705882354,0.9192523959434076,0.1324439950786141,1.532934131736527,167,256,1200,1841
sciver_test_435,1,256,32,-26.7741935483871,322.0,-25.90625,-347.0,158.1341122621476,74.0,0.4838709677419355,28.0,338.0,71.71875,86.26312739773292,6.092714813843802,1.0,844.0,845.0,0.8990552820321523,0.0867447203361724,0.1889409455264767,0.3354926278354323,0.1128877860119225,73.21254396372953,100.7741935483871,0.8387096774193548,20.0,357.0,97.625,121.96586356435968,6.16310745463098,0.0,1076.0,1076.0,0.5238729415159014,0.095738407381764,0.3094348517162915,0.3602055705522233,0.12539849507793,103.01452634277808,0.0672332290496285,0.1454599423644417,64.88709677419352,222.0,62.90625,-5.0,63.70947701039069,83.56451612903224,0.5161290322580645,29.0,229.0,81.0,62.32976816898969,5.64956508056523,1.0,669.0,670.0,1.0,0.1264046425745185,0.354509803921569,0.6454901960784315,0.1978760834252292,84.56470588235294,18.677419354838708,0.8387096774193548,20.0,56.0,18.09375,20.344470033340755,5.070147763572924,0.0,653.0,653.0,0.6392156862745098,0.0339909317478905,0.1121568627450985,0.2109803921568626,0.0834771391523809,22.19607843137254,0.963833937962602,0.1146321015839055,1.695364238410596,151,256,409,693
sciver_test_436,1,256,32,1.45161290322579,61.0,1.4375,-425.0,86.88963455873203,42.29032258064515,0.7419354838709677,27.0,119.0,41.0,23.71840003035618,5.975094393720632,1.0,1515.0,1516.0,0.6262872429692509,0.031535888164746,0.080069270424467,0.1552741385444143,0.0795070196762458,47.77687056959032,40.83870967741937,0.967741935483871,16.0,463.0,39.5625,85.87488628085629,6.60207469845262,0.0,1515.0,1515.0,0.4346984952684121,0.0317838810453566,0.0586174112059217,0.1314499031347823,0.0514644453077957,48.15257978371535,0.0361012080017662,0.0960652415896774,39.75806451612904,143.0,38.6875,1.0,34.97806232126074,51.88709677419355,0.935483870967742,31.0,186.0,50.4375,42.23293849295831,5.825279338939527,1.0,920.0,921.0,0.6392156862745098,0.0562233589087809,0.1764705882352941,0.278627450980392,0.1042196454997965,51.72549019607844,12.12903225806452,0.967741935483871,19.0,63.0,11.75,13.550830232867652,5.317891253321516,0.0,477.0,477.0,0.6352941176470588,0.0401364738767624,0.0784313725490196,0.1545098039215685,0.0776276703497375,19.14509803921569,0.9777809953890232,0.0865956857619979,1.1689497716894977,219,256,1139,1329
sciver_test_438,1,256,32,3.5806451612903185,421.0,3.5,-493.0,244.47839884128825,123.80645161290325,0.5806451612903225,30.0,450.0,119.96875,143.66899551899672,6.592213538555627,1.0,1771.0,1772.0,0.9868747177244328,0.0692823289590189,0.194100082914248,0.2612818483555995,0.1130065020194604,122.69900458642262,120.22580645161293,0.8387096774193548,23.0,508.0,116.46875,172.6510180202755,6.7707484398189735,0.0,1977.0,1977.0,0.5815764311598297,0.0628092452716248,0.2052759876751047,0.2585132712532187,0.0880286577870041,124.17387790200225,0.0934410824195369,0.1541498952603206,131.41935483870964,316.0,127.40625,-74.0,108.1945179338468,165.32258064516128,0.5806451612903225,30.0,320.0,160.25,116.42272115012602,6.430941776128065,1.0,1501.0,1502.0,1.0,0.1124322347193374,0.396078431372549,0.4980392156862744,0.1751812372537919,168.76078431372548,33.903225806451616,0.967741935483871,16.0,135.0,32.84375,42.610231587466174,5.3294089584848265,0.0,697.0,697.0,0.5098039215686274,0.0559034517680816,0.1937254901960783,0.3615686274509802,0.1124123566343597,38.96470588235293,0.948597145936688,0.1296802037974186,1.5421686746987953,166,256,864,1329
sciver_test_439,1,256,32,3.0967741935483866,54.0,3.03125,-62.0,25.23079018654588,17.645161290322577,0.7096774193548387,27.0,60.0,17.125,13.453043335989072,4.645697060690621,1.0,255.0,256.0,0.926321692028494,0.0663016721532781,0.1905392130364015,0.2954814826303141,0.1102983169568067,16.906926399085933,14.548387096774194,0.935483870967742,21.0,70.0,14.09375,20.188733514945906,4.834096933461497,0.0,295.0,295.0,0.5836249926769613,0.0510492350528584,0.1464274335355846,0.1874107009964293,0.0785360114344953,15.05952434059325,0.0473184583259977,0.1415101239703889,15.274193548387096,57.0,14.8125,-2.0,16.470499195531385,17.145161290322577,0.7419354838709677,25.0,57.0,16.625,15.525684364948296,4.324551536020342,1.0,223.0,224.0,0.7764705882352941,0.0769014332190275,0.2705882352941177,0.3450980392156862,0.1442471763013986,17.149019607843137,1.870967741935484,0.5483870967741935,7.0,13.0,1.8125,3.244586838104353,3.3094174796501363,0.0,60.0,60.0,0.2313725490196078,0.0316993464052287,0.0949019607843137,0.146078431372549,0.0490498817191609,1.901960784313725,0.958757331057423,0.1382591672632231,3.047619047619047,84,256,360,1101
sciver_test_440,1,256,32,-0.8709677419354858,78.0,-0.8125,-134.0,70.15003452422529,50.709677419354854,0.5161290322580645,26.0,97.0,49.15625,31.70282851635639,5.478767104779861,1.0,647.0,648.0,0.9584348436931548,0.0790375809213475,0.2096232594693192,0.3258848418028365,0.1420942713127972,51.13731485611187,51.58064516129031,0.8064516129032258,24.0,147.0,49.96875,52.45622244727026,5.508885403089333,0.0,616.0,616.0,0.64506604116105,0.0881043358446889,0.2871545569466632,0.4040313433841508,0.134188033486734,54.272270880328406,0.0840523750337818,0.1765708571115483,23.274193548387096,95.0,22.5625,-13.0,33.60518700662146,27.11290322580645,0.8064516129032258,16.0,102.0,26.28125,34.89290255105614,5.172424927394379,1.0,490.0,491.0,0.4784313725490196,0.056110444177671,0.1650980392156863,0.3080392156862743,0.0986835119271265,27.494117647058815,3.838709677419356,0.967741935483871,8.0,32.0,3.71875,7.890795171432344,3.821019055040382,0.0,112.0,112.0,0.2705882352941177,0.0425070028011204,0.1592156862745098,0.1966666666666663,0.0656320139855393,4.76078431372549,0.9810973159755704,0.0587190362034946,2.098360655737705,122,256,855,1790
sciver_test_445,1,256,32,-21.096774193548416,340.0,-20.40625,-489.0,217.403119138014,105.06451612903224,0.5161290322580645,31.0,365.0,101.8125,104.50670956330984,6.607361937771893,1.0,2084.0,2085.0,0.9859095642870768,0.0510463875223019,0.1563867929696395,0.2609655256054953,0.0954380717689111,106.3806715964773,126.16129032258068,0.967741935483871,24.0,495.0,122.21875,155.80511351825876,6.926187027056157,0.0,2175.0,2175.0,0.6009490809117192,0.0611135554350978,0.170771785651895,0.2563373759636134,0.0856720369428427,132.92198307133788,0.1521997464049221,0.2040770009353198,94.8548387096774,368.0,91.90625,-98.0,111.32142633355674,109.33870967741936,0.6774193548387096,21.0,373.0,105.9375,113.12739983642336,6.401977967737606,1.0,1675.0,1676.0,0.6549019607843137,0.0653906935908691,0.2470588235294117,0.3658823529411762,0.1170873299532164,109.52941176470588,14.48387096774194,0.967741935483871,17.0,154.0,14.03125,28.428071926134912,6.333959940828846,0.0,971.0,971.0,0.2862745098039215,0.0216231497748429,0.0431372549019607,0.0588235294117647,0.0289147952736849,20.996078431372545,0.8721813725490197,0.1841717788755935,1.5802469135802468,162,256,1049,1661
sciver_test_447,1,256,32,-16.93548387096775,268.0,-16.375,-253.0,145.47696338252322,80.45161290322581,0.4193548387096774,31.0,274.0,77.96875,80.36342621763646,6.051144384561708,1.0,807.0,808.0,0.9678858871301615,0.099632466139134,0.2193840289553341,0.3571589265512113,0.1317778457632749,80.40340017428119,97.38709677419357,0.7419354838709677,21.0,292.0,94.34375,107.66081267544612,6.183485690038705,0.0,1051.0,1051.0,0.5440622338324145,0.0940575337390478,0.2910745223889315,0.3721006031935595,0.1234967650206933,98.85446795973932,0.0554545122128152,0.1388648551326296,77.59677419354837,205.0,75.21875,-14.0,66.18474823127681,96.14516129032256,0.4193548387096774,31.0,209.0,93.1875,62.40564753089259,5.6319139926131285,1.0,661.0,662.0,0.992156862745098,0.1465812346118477,0.5215686274509803,0.7137254901960784,0.2222281375725129,96.89019607843136,18.548387096774196,0.967741935483871,20.0,54.0,17.96875,19.56317391011745,4.672079237404525,0.0,476.0,476.0,0.6352941176470588,0.045163947932114,0.1294117647058823,0.3480392156862745,0.1124287387480188,21.49803921568627,0.9695083518433416,0.1124626162031705,1.3333333333333333,192,256,2880,3840
sciver_test_449,1,256,32,-25.16129032258064,294.0,-24.34375,-515.0,227.01453826999165,114.93548387096772,0.4516129032258064,29.0,306.0,111.375,112.1786382293884,6.5494022995893255,1.0,1423.0,1424.0,0.8608650472559471,0.0804335743857815,0.1905170001608771,0.2815248265656129,0.1120371577764491,114.45697635096708,140.09677419354838,0.8064516129032258,21.0,551.0,135.71875,181.45268570191377,6.668885539387535,0.0,1762.0,1762.0,0.5271222422794327,0.0820934249408016,0.2542821547508658,0.3080773929437049,0.1092744394891432,144.6486147456924,0.1469220783380282,0.1973372020070978,109.4516129032258,316.0,106.0625,1.0,101.46518414584384,136.03225806451616,0.6129032258064516,30.0,333.0,131.8125,105.12594752842897,6.229823174993834,1.0,1178.0,1179.0,0.9058823529411764,0.1176637038516595,0.3764705882352941,0.5109803921568616,0.1692673020516441,138.60784313725492,26.580645161290324,0.7741935483870968,18.0,94.0,25.75,34.31198770109362,5.439760044670633,0.0,783.0,783.0,0.4666666666666667,0.0407382365462149,0.1600000000000002,0.2666666666666667,0.0849898517773242,31.898039215686268,0.921332146139706,0.1610953109911889,2.0,128,256,1375,2740
sciver_test_451,1,256,32,16.387096774193544,118.0,15.90625,-132.0,64.50550333837803,59.58064516129032,0.5483870967741935,27.0,152.0,57.75,46.74197792135031,5.398120402621693,1.0,489.0,490.0,0.8983216803499975,0.1204584922861298,0.4351495802666019,0.4983998911988595,0.1682839577038079,58.904202727917514,43.19354838709678,0.9032258064516128,22.0,154.0,41.84375,49.92188233568021,5.517808112623664,0.0,581.0,581.0,0.4996392979438161,0.0757161984094073,0.2476679858407535,0.3310990254365388,0.1083499755216025,43.99111127586568,0.1191584907406248,0.1783119457408815,63.62903225806451,134.0,61.65625,-5.0,50.92985947298009,74.04838709677419,0.7419354838709677,30.0,151.0,71.75,53.18188131309384,5.324133799258182,1.0,457.0,458.0,0.8509803921568627,0.1636246621186767,0.499607843137255,0.6274509803921569,0.2150113875567994,74.77647058823528,10.41935483870968,0.967741935483871,12.0,43.0,10.09375,13.549352786664755,4.126260995714729,0.0,199.0,199.0,0.4705882352941176,0.0600650310375406,0.1537254901960785,0.4011764705882352,0.114248225373481,11.952941176470588,0.943058712121212,0.1299191221973298,4.654545454545454,55,256,216,1008
sciver_test_453,1,256,32,-29.580645161290327,223.0,-28.625,-315.0,158.24935821354853,85.06451612903226,0.3870967741935484,31.0,229.0,82.4375,68.69267496429295,6.12952557545373,1.0,1044.0,1045.0,0.9355075007049442,0.0802570949669931,0.2396145529772117,0.3092622584646504,0.1181038631377594,83.78840714554084,114.64516129032258,0.8064516129032258,23.0,342.0,111.0625,128.55055851201115,6.272079250783967,0.0,1293.0,1293.0,0.8090448861980557,0.0910333274753597,0.3102316318659197,0.3718797623017984,0.1306207248652835,117.70609242564016,0.0903800162566504,0.1839988495839271,52.79032258064515,172.0,51.5625,-50.0,44.20968325774344,87.91935483870968,0.2580645161290322,31.0,174.0,85.625,38.513593379480966,5.90164994082574,1.0,870.0,871.0,1.0,0.1032950191570881,0.3141176470588236,0.4139215686274508,0.1580525807317848,89.86666666666665,35.12903225806452,0.967741935483871,25.0,94.0,34.0625,36.243048902513706,5.152945842682422,0.0,606.0,606.0,0.6431372549019607,0.0643499644082055,0.3215686274509803,0.3803921568627451,0.1330359442149078,38.99607843137254,0.9429549026531516,0.16475689123785,1.4463276836158192,177,256,443,640
sciver_test_455,1,256,32,-71.0967741935484,258.0,-68.84375,-619.0,268.7824526190977,111.06451612903228,0.4516129032258064,31.0,261.0,107.625,85.33454385534618,6.678933954851434,1.0,1591.0,1592.0,0.8384533595450527,0.0699718148899293,0.1601264806131747,0.2198742260452429,0.1001109057506298,111.32515748987755,182.16129032258064,0.8709677419354839,19.0,653.0,176.46875,235.9351055342072,6.993489094974932,0.0,2114.0,2114.0,0.5314759294922865,0.0879344278337491,0.2437864477504935,0.3129973029412812,0.1046487954413286,185.89338044054568,0.1017340418385695,0.1825455815337358,81.22580645161291,213.0,79.9375,-38.0,89.73500484064176,157.5483870967742,0.3225806451612903,30.0,256.0,153.875,77.47287831880264,6.506508339840577,1.0,1795.0,1796.0,1.0,0.0886252662624938,0.2,0.4011764705882351,0.1660464987135573,159.08235294117645,76.32258064516128,0.3870967741935484,29.0,176.0,73.9375,45.89794215158235,6.475264492851583,0.0,1668.0,1668.0,0.6588235294117647,0.049085437532327,0.1215686274509803,0.2431372549019608,0.0934609052651836,81.87450980392157,0.6835155321598337,0.3333781157319431,1.292929292929293,198,256,1286,1661
sciver_test_458,1,256,32,-15.354838709677422,189.0,-14.84375,-210.0,114.47873966784182,57.58064516129032,0.3870967741935484,30.0,194.0,55.8125,56.29411464576026,5.482494343858686,1.0,559.0,560.0,0.923885341124505,0.101587461452061,0.25795756397251,0.402500168175181,0.155484533201216,56.78739095170211,72.93548387096774,0.7741935483870968,21.0,232.0,70.65625,81.37398592878132,5.829212782315089,0.0,683.0,683.0,0.5893849152214152,0.1094294470289584,0.3102659838266881,0.3769732583911776,0.1310064419215218,74.7403123207786,0.06261868415271,0.1408504436500899,56.04838709677419,229.0,54.3125,-106.0,82.22280610481498,80.43548387096774,0.4193548387096774,31.0,229.0,77.9375,68.45524884002687,5.547030743263196,1.0,647.0,648.0,0.9725490196078432,0.1250113646695154,0.4431372549019607,0.5831372549019604,0.1950626995570595,80.88235294117646,24.38709677419355,0.967741935483871,16.0,123.0,23.625,31.436195300958417,4.947976097043568,0.0,426.0,426.0,0.5294117647058824,0.0621559421890822,0.1686274509803921,0.4196078431372548,0.1202709009985927,26.478431372549014,0.9067905287114846,0.1426070435966547,1.2610837438423643,203,256,760,960
sciver_test_459,1,256,32,15.741935483870964,81.0,15.28125,-58.0,43.96961619615868,46.67741935483871,0.3870967741935484,30.0,82.0,45.25,26.66575519275612,5.164496367309518,1.0,504.0,505.0,0.854911739190881,0.090800757552701,0.2701921922074863,0.4848466468795009,0.1599911384265185,45.763581806561305,30.93548387096774,0.7741935483870968,20.0,95.0,29.96875,34.78818439409421,5.201332417887118,0.0,506.0,506.0,0.5718880732297612,0.0641388727525624,0.2179401031605665,0.2842515818587896,0.106639990728992,32.45426961279661,0.0566919404076984,0.124517603042954,40.20967741935485,103.0,38.96875,-38.0,36.44557961450881,45.66129032258064,0.4838709677419355,25.0,103.0,44.25,34.1897279895585,5.042749395232236,1.0,460.0,461.0,0.803921568627451,0.1014748508098891,0.3215686274509803,0.5403921568627422,0.1748675831781717,46.678431372549014,5.451612903225807,0.967741935483871,13.0,60.0,5.28125,13.18909202475667,4.942018925910626,0.0,263.0,263.0,0.176470588235294,0.0170580779840453,0.0384313725490196,0.0701960784313724,0.025359179597885,4.486274509803916,0.9181163884472708,0.0983633249843713,1.383783783783784,185,256,1199,1661
sciver_test_460,1,256,32,-50.67741935483874,376.0,-49.0625,-622.0,287.33331445161383,114.5806451612903,0.5483870967741935,30.0,438.0,111.03125,134.33877055205434,6.672626553094977,1.0,1540.0,1541.0,0.7416143026603502,0.0740600457198106,0.1828810793992036,0.2584300165926088,0.0939696904722267,114.0524704085084,165.25806451612905,0.967741935483871,21.0,626.0,160.09375,216.4310455108913,7.065137698446204,0.0,2051.0,2051.0,0.5210884992582884,0.0828620805513988,0.2192341545914001,0.2957231190081906,0.0936016238125058,169.950127210919,0.1052381776404493,0.1681972175172547,51.14516129032256,333.0,49.5625,-321.0,127.74802774896372,81.75806451612902,0.6774193548387096,19.0,333.0,79.21875,106.0087656679272,6.294753147710287,1.0,1160.0,1161.0,0.4862745098039216,0.0716666666666666,0.1768627450980398,0.27078431372549,0.0988416971264007,83.13333333333334,30.61290322580647,0.935483870967742,10.0,368.0,29.65625,73.6357629548136,6.569567104512305,0.0,1400.0,1400.0,0.2352941176470587,0.0247310924369747,0.0666666666666666,0.0941176470588235,0.0353608988719506,34.62352941176469,0.9613615841073272,0.081027854990871,1.4970760233918128,171,256,2400,3600
sciver_test_461,1,256,32,-43.903225806451616,332.0,-42.5,-609.0,283.64689756808554,119.7741935483871,0.5161290322580645,31.0,343.0,116.0625,114.36234561143804,6.7201907803764795,1.0,1997.0,1998.0,0.9866130709773796,0.0597797473773403,0.1720546741305233,0.2416450179564733,0.0937376867022916,119.38015551254875,163.67741935483872,0.8064516129032258,18.0,628.0,158.5625,218.04600109552572,6.811487004073765,0.0,2117.0,2117.0,0.4986591281545636,0.0804667874122498,0.2738952353576256,0.3311385793837477,0.1114280348507258,170.34818895173282,0.1574445340897815,0.207844843368385,-62.903225806451616,269.0,-56.71875,-229.0,112.3224249579642,40.58064516129031,0.0,14.0,527.0,47.5625,99.71206593863153,5.242153252268566,1.0,554.0,555.0,0.4196078431372549,0.0644652084660579,0.2576470588235294,0.3019607843137254,0.1058944663451726,35.713725490196076,103.48387096774192,0.0,26.0,258.0,104.28125,86.21420792675359,6.4820986438203185,0.0,1829.0,1829.0,0.8352941176470589,0.0567544677794573,0.203921568627451,0.2745098039215686,0.1010965043996729,103.80392156862744,0.0704766965379902,0.1417472114873614,2.0,128,256,1500,3000
sciver_test_463,1,256,32,-0.2903225806451615,94.0,-0.25,-88.0,55.94919570467479,30.09677419354838,0.2903225806451612,25.0,96.0,29.1875,30.570039969715445,5.0464321448082785,1.0,514.0,515.0,0.9499152000317804,0.0593283938747145,0.2156670663905088,0.2930089188882547,0.120358836233122,30.494794451603266,30.38709677419355,0.7096774193548387,22.0,96.0,29.4375,34.722954853381935,5.280082501438276,0.0,513.0,513.0,0.5977018618423171,0.0655488748618346,0.2274317926791513,0.3238434387443669,0.1089383401312404,33.62657280412115,0.0396298773240386,0.1368230963733477,24.467741935483872,81.0,23.71875,-37.0,30.607632192600263,32.40322580645161,0.4516129032258064,26.0,81.0,31.40625,25.954117417810608,4.7899831680438645,1.0,350.0,351.0,0.7960784313725491,0.0943081232492997,0.3423529411764708,0.4992156862745101,0.1642020002539019,33.007843137254895,7.935483870967744,0.967741935483871,16.0,43.0,7.6875,12.603168004513783,4.287558126765273,0.0,204.0,204.0,0.4,0.0477893118031526,0.2113725490196083,0.2666666666666667,0.0855888844686298,9.749019607843138,0.8874337595615169,0.2096326325781084,1.4065934065934067,182,256,628,884
sciver_test_465,1,256,32,4.7741935483870925,84.0,4.65625,-57.0,36.120120237029944,24.032258064516135,0.5483870967741935,24.0,89.0,23.3125,23.75978416884295,4.669375634935751,1.0,303.0,304.0,0.8041415765156859,0.0782994881107877,0.1869614476030703,0.3368655024266905,0.1474264680444784,23.724744897568677,19.258064516129032,0.8387096774193548,16.0,69.0,18.65625,23.3165839251272,4.587550770347109,0.0,242.0,242.0,0.8633526608699122,0.083691638620437,0.2326677863598523,0.3110931071038602,0.1368122888914539,20.253376546145763,0.0663028579968011,0.1879533819359798,16.338709677419356,84.0,15.84375,-10.0,24.67553111763757,22.887096774193548,0.5483870967741935,25.0,84.0,22.1875,23.15901214970103,4.552137778359317,1.0,266.0,267.0,0.7019607843137254,0.0858027421494913,0.2509803921568627,0.5117647058823529,0.1533489218330976,22.823529411764707,6.548387096774195,0.8709677419354839,16.0,22.0,6.34375,8.454323505609423,3.843654624143735,0.0,168.0,168.0,0.415686274509804,0.0426470588235294,0.180392156862745,0.2962745098039217,0.0901008179412175,7.164705882352939,0.8119123391544119,0.2995027637568742,1.6,160,256,728,1162
sciver_test_466,1,256,32,7.854838709677411,113.0,7.65625,-133.0,52.10782653246535,34.79032258064516,0.6774193548387096,26.0,120.0,33.75,36.24137828504871,5.330901161866214,1.0,590.0,591.0,1.0,0.0575661831478289,0.1460042205031725,0.2638258340499246,0.113927669857327,33.96404805721909,26.935483870967747,0.935483870967742,20.0,145.0,26.09375,43.40388762469901,5.7198948349197645,0.0,719.0,719.0,0.3947546363111172,0.0390072984758623,0.1102902757494097,0.1817030765809945,0.0586304471293481,28.046247604145005,0.0824413913527942,0.1246077165006993,43.62903225806452,158.0,42.34375,-1.0,45.77636492708328,47.33870967741937,0.6451612903225806,25.0,159.0,45.9375,45.56515767283155,5.251671095031362,1.0,566.0,567.0,1.0,0.082824083697083,0.2745098039215686,0.4225490196078432,0.1587290958032636,46.87843137254902,3.7096774193548394,0.967741935483871,12.0,35.0,3.59375,9.208893035403332,4.480199678440141,0.0,154.0,154.0,0.1372549019607842,0.0289024700789406,0.0890196078431373,0.0980392156862745,0.0327917820177513,4.450980392156863,0.951261719965764,0.105800419259561,4.063492063492063,63,256,482,1958
sciver_test_468,1,256,32,12.225806451612897,158.0,11.875,-301.0,99.7229756625824,74.93548387096773,0.5161290322580645,31.0,178.0,72.625,52.35858931445728,5.896252786939627,1.0,1108.0,1109.0,0.9738132303276792,0.0670183823388227,0.1697229129432492,0.3285911299447377,0.136041619089053,74.25636763141563,62.70967741935485,0.967741935483871,22.0,315.0,60.75,80.06989134499933,6.242859013318759,0.0,1198.0,1198.0,0.6931534705227801,0.0553979466149642,0.162949695511861,0.2445182852057251,0.0886667011544236,66.36674004472718,0.1560103338817692,0.2073363131685951,58.91935483870969,201.0,57.09375,0.0,60.34502846910837,67.27419354838712,0.6774193548387096,22.0,208.0,65.1875,67.63109376425905,5.897565171735412,1.0,1030.0,1031.0,0.6666666666666667,0.0656577193984389,0.1807843137254902,0.3786274509803919,0.1219433084590821,67.62745098039215,8.354838709677418,0.8064516129032258,16.0,71.0,8.09375,15.096273081045531,5.694419137481274,0.0,564.0,564.0,0.2862745098039215,0.0223960506188291,0.0392156862745098,0.085686274509804,0.0342742255690388,12.631372549019613,0.9130549172794116,0.149365053612136,3.2,80,256,516,1661
sciver_test_470,1,256,32,8.774193548387096,203.0,8.53125,-274.0,100.92447187594048,64.7741935483871,0.6129032258064516,26.0,213.0,62.78125,62.1684879857754,5.951504515955345,1.0,1015.0,1016.0,0.8646430704469678,0.0639056910565587,0.1511196446331932,0.2415745446530853,0.1183943955148726,64.86427642240716,56.0,0.9032258064516128,19.0,299.0,54.25,88.81793174804287,6.275746824368278,0.0,1188.0,1188.0,0.3404694461693531,0.0484759209199592,0.1491918481851069,0.2061856701106356,0.0673771905333139,57.589394052911544,0.0530780582060331,0.1286436710411935,92.25806451612902,264.0,89.4375,-23.0,93.91483425822568,103.09677419354838,0.8064516129032258,29.0,274.0,99.9375,97.4595869771158,6.0765595373530115,1.0,1001.0,1002.0,0.9647058823529412,0.104558186911128,0.2980392156862744,0.4235294117647059,0.1549611417205113,104.6627450980392,10.83870967741936,0.967741935483871,12.0,113.0,10.5,24.86463351831271,5.4771422206099105,0.0,466.0,466.0,0.3490196078431372,0.0300176723049734,0.0666666666666666,0.1019607843137255,0.0424802023389439,13.988235294117649,0.972113568788171,0.0920469564870607,1.0491803278688523,244,256,1582,1661
sciver_test_472,1,256,32,-53.48387096774195,375.0,-51.78125,-390.0,234.67274212919892,128.93548387096777,0.3548387096774194,31.0,387.0,124.9375,110.14505705545756,6.488325433053218,1.0,1502.0,1503.0,0.9068970795214027,0.0852308214354783,0.2269804575499312,0.3366383961904605,0.1303792073654523,128.01669379608845,182.4193548387097,0.7419354838709677,23.0,471.0,176.71875,177.16345460742602,6.751879702642318,0.0,1911.0,1911.0,0.7301500683672252,0.0969808328482933,0.3180139166052377,0.3952471058573837,0.1322845901313221,185.33037157308863,0.0830220523110423,0.1713940199852967,120.30645161290322,317.0,116.59375,-84.0,101.21692650410552,160.91935483870972,0.2903225806451612,31.0,317.0,155.9375,89.12033210076139,6.149780022074191,1.0,1324.0,1325.0,0.992156862745098,0.1226201054439902,0.4250980392156866,0.7058823529411765,0.2141657042120617,162.34901960784313,40.61290322580646,0.967741935483871,18.0,155.0,39.34375,41.744467728520625,5.2208967529117185,0.0,871.0,871.0,0.6470588235294117,0.0540600166587875,0.0862745098039216,0.4823529411764705,0.1359918896081585,47.086274509803914,0.9528783327355332,0.1413926314407449,1.248780487804878,205,256,838,1048
sciver_test_473,1,256,32,-2.4838709677419377,207.0,-2.375,-91.0,65.88377550656914,31.548387096774196,0.064516129032258,25.0,207.0,30.59375,49.08338528399911,6.478418166775237,1.0,1505.0,1506.0,0.7456565458692068,0.0210206207901636,0.0459688217182373,0.0617952851205821,0.0469992793456328,31.636034289196292,34.032258064516135,0.967741935483871,15.0,199.0,32.96875,46.76235423326653,6.134643366464389,0.0,1815.0,1815.0,0.5386904536657617,0.023830594240012,0.0265097596123236,0.1319734712032555,0.0639058456137327,43.25252854562195,0.0590819525961412,0.1869087974426502,-551.7096774193549,656.0,-537.6875,-3660.0,1123.549521535989,45.177419354838726,0.7096774193548387,13.0,687.0,43.875,144.954249247823,6.65283263572139,1.0,943.0,944.0,0.1254901960784313,0.0503358077059031,0.0941176470588235,0.1019607843137254,0.0302772654573801,47.46666666666666,596.8870967741937,0.8709677419354839,30.0,3661.0,581.5625,1092.727320100376,8.176177022688513,0.0,4528.0,4528.0,1.0,0.1324204946996466,0.2274509803921569,0.2509803921568627,0.0847062226932348,599.5999999999999,0.1593768547217093,0.3220270383338692,1.147982062780269,223,256,422,485
sciver_test_475,1,256,32,-72.29032258064518,265.0,-70.0,-410.0,195.0192298210615,86.61290322580645,0.3548387096774194,31.0,267.0,83.9375,83.81375837981494,6.41334533071643,1.0,1625.0,1626.0,0.901792102513794,0.0535117759247671,0.1515322636693663,0.2366947032458593,0.09800827878435,86.95663587774654,158.9032258064516,0.8064516129032258,22.0,451.0,153.9375,163.93881051706458,6.849566250809843,0.0,2176.0,2176.0,0.6311345088325788,0.0768533981252393,0.2445695151572941,0.3300331723436094,0.1136065248281007,167.23299432052093,0.0713102794956562,0.1464039587889914,75.0806451612903,265.0,72.75,-128.0,86.71577134524031,117.69354838709678,0.4193548387096774,28.0,266.0,114.03125,82.12927476507691,6.249056399792095,1.0,1242.0,1243.0,0.8627450980392157,0.0953995769000031,0.2823529411764706,0.3721568627450984,0.1444719923995789,118.4862745098039,42.612903225806456,0.967741935483871,18.0,226.0,41.28125,55.11308509272095,5.954659664765751,0.0,1579.0,1579.0,0.5725490196078431,0.0311962150281265,0.0478431372549021,0.1729411764705878,0.0831853923451466,49.25882352941176,0.9578199997446896,0.1107207747272088,1.3333333333333333,192,256,747,997
sciver_test_476,1,256,32,6.483870967741936,145.0,6.3125,-145.0,77.83252754311657,51.09677419354839,0.7096774193548387,29.0,203.0,49.53125,47.7493353193267,5.720141163134423,1.0,925.0,926.0,0.8429200926056784,0.0556815347023852,0.1372112961083047,0.2121234459063351,0.1066924121191312,51.50541959970637,44.61290322580645,0.8064516129032258,21.0,157.0,43.21875,56.035554770498166,5.650618130588984,0.0,875.0,875.0,0.5088691244715625,0.0533669814344602,0.2039046463786417,0.2427777455921958,0.0924548454223326,46.69610875515271,0.0449299424724772,0.1220655259835193,36.91935483870968,151.0,35.78125,0.0,37.149810207287736,38.40322580645161,0.8064516129032258,22.0,153.0,37.21875,38.00060392201024,5.374860817034781,1.0,686.0,687.0,0.6627450980392158,0.0578631452581032,0.1666666666666666,0.3,0.1166756958251466,39.69411764705882,1.4838709677419355,0.6451612903225806,10.0,8.0,1.4375,2.290435275226087,4.053143337530082,0.0,135.0,135.0,0.3254901960784314,0.0191430646332607,0.0352941176470588,0.0729411764705882,0.0379882021412462,2.5843137254901967,0.9843887061403508,0.0619556178078851,1.6842105263157894,152,256,1756,2956
sciver_test_477,1,256,32,-24.74193548387096,182.0,-23.9375,-283.0,141.42355211827342,78.87096774193549,0.5483870967741935,31.0,264.0,76.4375,70.56067313844164,6.224110273167419,1.0,1307.0,1308.0,0.945587828074382,0.0588087996841436,0.1684487335331324,0.2365429861178841,0.1012506205882879,76.86310118717579,103.61290322580648,0.8064516129032258,20.0,321.0,100.375,122.19982354733578,6.400697952495454,0.0,1575.0,1575.0,0.7288518631624956,0.0682049621329701,0.2177643474325199,0.3285301999190118,0.1094624662942005,107.42281535942804,0.0630878082593777,0.1324818609133287,53.983870967741936,244.0,51.90625,-189.0,100.58123563039727,96.69354838709675,0.4516129032258064,29.0,246.0,93.90625,71.40787744316098,6.0080157834635965,1.0,1067.0,1068.0,0.8901960784313725,0.0920227134902695,0.2784313725490196,0.4509803921568627,0.1572152489163444,98.18823529411765,42.70967741935484,0.9032258064516128,17.0,235.0,42.0,59.34433418617147,5.684010718345096,0.0,964.0,964.0,1.0,0.0473598568057928,0.1086274509803923,0.3164705882352934,0.1037731196262583,45.6549019607843,0.935340625,0.1747466825602829,1.024,250,256,529,542
sciver_test_481,1,256,32,-19.483870967741936,203.0,-18.84375,-304.0,121.11902961936865,49.225806451612904,0.5483870967741935,25.0,209.0,47.71875,64.35508642242274,6.088940334233034,1.0,824.0,825.0,0.6426166547814967,0.059694480597343,0.1424281650022927,0.199801421486623,0.0742129217880753,49.1882520122107,68.70967741935483,0.8064516129032258,17.0,325.0,66.5625,99.87771820456253,6.095203466816109,0.0,932.0,932.0,0.4932616730861892,0.0749696873948606,0.2244132753098109,0.2879039126839581,0.0957977425287471,69.87174865201013,0.1137869380855065,0.1574089292870152,55.016129032258064,220.0,53.3125,-9.0,73.65817906892622,62.40322580645161,0.6451612903225806,23.0,220.0,60.46875,73.37275736564287,5.72529809948365,1.0,668.0,669.0,0.7607843137254902,0.0948632147469766,0.2952941176470591,0.3411764705882353,0.1274832967032057,63.368627450980384,7.38709677419355,0.9032258064516128,11.0,41.0,7.15625,13.188795848655024,4.704258148154,0.0,273.0,273.0,0.2156862745098039,0.0334123392946922,0.1333333333333333,0.1686274509803921,0.0535189380140083,9.121568627450978,0.9478657692915876,0.1098750381710857,4.129032258064516,62,256,232,957
sciver_test_483,1,256,32,-0.1612903225806392,299.0,-0.125,-405.0,196.36314413606237,99.61290322580643,0.6129032258064516,29.0,345.0,96.53125,105.09013523370068,6.288532684154191,1.0,1061.0,1062.0,0.7658586845831199,0.0935067078340007,0.250944052102362,0.3265500860633388,0.1212924251629512,99.21061701187476,99.77419354838707,0.8387096774193548,18.0,430.0,96.65625,147.40857534735724,6.534753275321592,0.0,1458.0,1458.0,0.4343148554220395,0.0690795228464206,0.2098158235510317,0.2485775290301073,0.088030449009918,100.71794431008136,0.0977131187647286,0.1594081791475622,108.82258064516128,374.0,105.46875,-106.0,150.4503623240486,147.04838709677418,0.5806451612903225,31.0,381.0,142.5,124.12317470964076,6.350506007428207,1.0,1185.0,1186.0,0.8392156862745098,0.1255696202531645,0.3529411764705882,0.4705882352941176,0.1647930648925302,148.8,38.2258064516129,0.9032258064516128,16.0,157.0,37.03125,57.85622501889922,5.737930744728004,0.0,754.0,754.0,0.5137254901960784,0.0558901544702761,0.1909803921568629,0.2615686274509806,0.0851082323654647,42.141176470588235,0.9345587092112964,0.1515091090968833,1.9104477611940296,134,256,645,1234
sciver_test_484,1,256,32,10.451612903225788,207.0,10.15625,-221.0,80.27223577263499,70.2258064516129,0.5483870967741935,27.0,237.0,68.0625,64.57841043065399,5.579437467759263,1.0,728.0,729.0,0.9999903885985708,0.0968325832811733,0.4044731538595167,0.4277315003771611,0.1605147601790476,70.49412062869418,59.7741935483871,0.935483870967742,19.0,257.0,57.90625,69.59137849574113,6.027153185266768,0.0,999.0,999.0,0.8673533994744406,0.062087193164304,0.1857664047816042,0.26533629048025,0.1005064213067573,62.02510597113976,0.0713637938794863,0.2030915282398993,82.77419354838709,188.0,79.96875,-18.0,65.28997069563977,98.96774193548389,0.8709677419354839,26.0,220.0,95.90625,70.1259400003843,5.583527713235474,1.0,671.0,672.0,0.8352941176470589,0.1489494754682797,0.5333333333333333,0.6058823529411765,0.2200105151979572,99.94509803921568,16.193548387096776,0.967741935483871,13.0,49.0,15.9375,12.81829137404826,4.120729545944084,0.0,317.0,317.0,1.0,0.0573761365745036,0.1349019607843138,0.4258823529411764,0.1570926466790332,18.188235294117643,0.5121485920011781,0.4873363822441828,1.098712446351931,233,256,1511,1662
sciver_test_487,1,256,32,9.99999999999999,77.0,9.71875,-198.0,68.45857980149384,51.87096774193547,0.7741935483870968,29.0,117.0,50.28125,40.233874390089504,5.627890687590907,1.0,668.0,669.0,0.8285087504695183,0.0773140182284027,0.2194572354386799,0.2920581928352427,0.1228745549973239,51.64576417657305,41.870967741935495,0.9032258064516128,19.0,200.0,40.5625,55.05107713523869,6.0454747485583376,0.0,899.0,899.0,0.4652636167330287,0.0487102615439921,0.1290994915080822,0.1949188335536342,0.0683960910921256,43.79052512804891,0.0899822823800549,0.1420091761719989,66.59677419354838,188.0,64.53125,-9.0,61.18414029335952,71.24193548387096,0.8387096774193548,26.0,196.0,69.03125,61.33488219143736,5.580660586693696,1.0,661.0,662.0,0.807843137254902,0.1068671946842276,0.3490196078431372,0.4509803921568627,0.164131825521394,70.6392156862745,4.645161290322582,0.967741935483871,11.0,49.0,4.5,10.854146673046206,5.1874144052492355,0.0,349.0,349.0,0.2235294117647058,0.0191134333389516,0.0470588235294118,0.0666666666666667,0.0284376800085358,6.670588235294116,0.956400665487714,0.1009641185376133,3.240506329113924,79,256,415,1349
sciver_test_488,1,256,32,8.77419354838711,355.0,8.53125,-385.0,181.9357689500267,102.90322580645162,0.5806451612903225,27.0,362.0,99.71875,115.43023714970656,6.517857717652364,1.0,1877.0,1878.0,0.8745539358637296,0.052977272978835,0.1445364095988998,0.2557373073593341,0.097592391458815,99.43834138127332,94.12903225806453,0.8709677419354839,19.0,461.0,91.1875,148.71353281981436,6.98864896363869,0.0,2469.0,2469.0,0.4533345496890404,0.0431418721505386,0.139408377898781,0.1948572716116473,0.0654636598532966,106.51728233967998,0.0958386543903315,0.1365473948541429,69.30645161290325,316.0,67.15625,0.0,93.07460360344008,102.53225806451611,0.6451612903225806,23.0,331.0,99.34375,109.57891259698418,6.288215901788437,1.0,1412.0,1413.0,0.9607843137254902,0.0729822807309892,0.203921568627451,0.413529411764706,0.1259898888054773,103.05098039215684,33.225806451612904,0.8064516129032258,16.0,139.0,32.1875,49.32509344897382,6.313686694645773,0.0,1327.0,1327.0,0.3098039215686274,0.0314641606454186,0.0980392156862745,0.1556862745098041,0.0537189803297464,41.75294117647058,0.9431307203825586,0.1080150477980034,1.7902097902097902,143,256,1050,1878
sciver_test_489,1,256,32,-7.967741935483879,584.0,-7.6875,-467.0,317.63062642596356,146.93548387096774,0.3870967741935484,25.0,588.0,142.375,186.42621697336455,6.567780997694353,1.0,1198.0,1199.0,0.8168473392613559,0.1218673010629974,0.2971288761952991,0.3819406674126943,0.1290211471409471,145.99702667347088,154.90322580645162,0.7419354838709677,21.0,471.0,150.0625,178.71939204728176,6.7022933152547655,0.0,1413.0,1413.0,0.5021843680540238,0.1115035244765469,0.300070466560101,0.3496360666565445,0.1175611110371211,157.55448008536078,0.2292371887641837,0.2486719652519073,108.75806451612902,577.0,105.375,-98.0,185.8607930011061,132.9193548387097,0.6129032258064516,22.0,577.0,128.78125,175.95182834639002,6.349874964887792,1.0,1050.0,1051.0,0.6784313725490196,0.1264761904761904,0.3101960784313726,0.4509803921568627,0.1453758474511124,132.79999999999998,24.16129032258065,0.967741935483871,12.0,143.0,23.40625,40.7299485751885,5.669205275879376,0.0,663.0,663.0,0.3058823529411765,0.0410433856800638,0.1411764705882353,0.188235294117647,0.0621050567917656,27.21176470588235,0.9120390198605216,0.1416466006944146,2.6391752577319587,97,256,278,732
sciver_test_491,1,256,32,-38.41935483870968,333.0,-37.1875,-367.0,190.06289049614605,99.29032258064514,0.4193548387096774,28.0,336.0,96.21875,91.35909039847922,6.180798198632607,1.0,1059.0,1060.0,0.9538509717787254,0.094287196590995,0.2076497780582384,0.3764846014163731,0.1470366941893893,99.8501411898637,137.70967741935485,0.8387096774193548,20.0,438.0,133.40625,164.68053531288237,6.547051879707031,0.0,1291.0,1291.0,0.6518427278328455,0.1080411698437715,0.3024389029074228,0.3605531299347382,0.1214625205196544,139.48115026830908,0.0881109962184286,0.1850873700457059,29.499999999999982,302.0,28.59375,-170.0,133.08734429290226,114.01612903225806,0.3870967741935484,31.0,317.0,110.46875,93.42543295825554,6.08314521904162,1.0,1102.0,1103.0,0.9647058823529412,0.1042845450339845,0.2976470588235292,0.5607843137254902,0.1758560984884386,114.921568627451,84.51612903225806,0.8064516129032258,25.0,236.0,81.875,86.7567540598425,5.98411622043489,0.0,1090.0,1090.0,0.6941176470588235,0.0814858787551717,0.2823529411764706,0.4492156862745096,0.1356494243273748,88.81960784313725,0.7714791750989387,0.2824146605466272,1.1743119266055049,218,256,403,473
sciver_test_493,1,256,32,-49.483870967741936,213.0,-47.90625,-336.0,165.42301067547254,91.64516129032256,0.4193548387096774,30.0,254.0,88.8125,68.69927105690424,6.0854516344739045,1.0,1452.0,1453.0,0.9869123375735196,0.0613680015826444,0.1705533634653933,0.2806875304126113,0.1277253825404005,89.10633829799976,141.12903225806454,0.7741935483870968,26.0,383.0,136.71875,140.83927771909902,6.446257505159787,0.0,1532.0,1532.0,0.7867241265516371,0.0938433224542132,0.3033612828461466,0.4078895712356583,0.1348056832409553,143.76796999985473,0.0679461768284233,0.1556256903555254,76.85483870967742,203.0,74.65625,-40.0,66.22717029994185,115.88709677419357,0.3548387096774194,30.0,205.0,112.46875,53.951357938772034,5.811372338710804,1.0,1132.0,1133.0,1.0,0.1037171759163029,0.3176470588235294,0.6880392156862747,0.2067455887719536,117.4078431372549,39.03225806451614,0.967741935483871,22.0,124.0,37.8125,38.86630730787272,5.069715775207781,0.0,589.0,589.0,0.6627450980392157,0.074749492326642,0.2917647058823532,0.5058823529411764,0.1534955862903405,44.02745098039215,0.9612600780443756,0.1304844834255779,1.3473684210526315,190,256,593,797
sciver_test_494,1,256,32,-54.90322580645162,259.0,-53.15625,-410.0,176.4040301011785,72.09677419354838,0.3870967741935484,28.0,266.0,69.875,70.3392449134905,5.936917745868453,1.0,905.0,906.0,0.9632240190699144,0.0792791935450769,0.1938044630348254,0.346997787569463,0.1324799832641441,71.74767015829465,127.0,0.8064516129032258,22.0,424.0,123.03125,142.77615442866326,6.353581655114456,0.0,1124.0,1124.0,0.6175803967565604,0.1141811343444454,0.30979849436523,0.3941525946270414,0.1325882966715444,128.33959500315666,0.0804284472513216,0.1616130514912993,64.56451612903226,195.0,62.6875,-61.0,73.6645426494321,82.24193548387096,0.3548387096774194,31.0,195.0,79.8125,55.00649819566775,5.525888485144632,1.0,661.0,662.0,1.0,0.1248553884488742,0.4235294117647058,0.6627450980392157,0.2084429758523756,82.52941176470588,17.67741935483871,0.967741935483871,12.0,79.0,17.125,29.591753496540218,5.239446106811121,0.0,660.0,660.0,0.388235294117647,0.033749257278669,0.1219607843137255,0.2276470588235293,0.0717036673165749,22.274509803921564,0.9545562959558822,0.131351302655915,1.28,200,256,1297,1664
sciver_test_495,1,256,32,-53.064516129032256,228.0,-51.375,-422.0,200.91458850715645,103.0,0.3225806451612903,31.0,232.0,99.8125,77.1441173632183,6.2215273617001845,1.0,1223.0,1224.0,0.9121157741430218,0.0837375095903186,0.2179481948294449,0.3475182499542973,0.1373942100398233,102.41097422895972,156.06451612903226,0.7741935483870968,23.0,459.0,151.1875,163.20892237788348,6.592429682686315,0.0,1525.0,1525.0,0.6429643675275623,0.1052306682332141,0.2955382741837595,0.3653179170271265,0.1298777940023192,160.47676905565152,0.0780728523728027,0.1638197296101815,99.85483870967742,183.0,97.03125,-48.0,67.95425132717968,126.46774193548389,0.5161290322580645,30.0,207.0,122.8125,55.15627655806726,5.871421488405221,1.0,963.0,964.0,1.0,0.1332355995357644,0.4188235294117649,0.805882352941176,0.230432657875064,128.30588235294118,26.612903225806456,0.967741935483871,19.0,100.0,25.78125,27.9505527393914,5.063942501404449,0.0,805.0,805.0,0.7019607843137254,0.0396541225185726,0.0941176470588235,0.2203921568627443,0.1138788342823153,31.92156862745097,0.9571470558917348,0.1344695207732751,1.2248803827751196,209,256,1354,1660
sciver_test_496,1,256,32,3.322580645161249,360.0,3.25,-613.0,254.45259872911495,162.80645161290323,0.6774193548387096,30.0,485.0,157.75,142.62538343506742,6.752304040539805,1.0,1992.0,1993.0,0.9644813617190668,0.0814424554702195,0.2085063789488586,0.3920430121094176,0.133115352879547,162.23337129667732,159.48387096774195,0.8709677419354839,25.0,659.0,154.5,213.83317095343276,6.948501779761116,0.0,2293.0,2293.0,0.8090473887340195,0.0719634761369835,0.202140523795176,0.2629615271953264,0.1037597990680513,165.01225078210337,0.0966021126000307,0.1544108378475121,164.27419354838707,643.0,159.21875,-633.0,298.5142097094165,237.40322580645164,0.6774193548387096,31.0,649.0,230.0625,217.67793547750767,6.7868000335112475,1.0,1955.0,1956.0,0.9372549019607844,0.1203028935359309,0.3607843137254902,0.4941176470588235,0.168134308346197,235.1921568627451,73.12903225806453,0.9032258064516128,23.0,676.0,70.84375,160.0586043795756,7.210089663415976,0.0,2374.0,2374.0,0.2901960784313725,0.0346168458958983,0.0862745098039215,0.1254901960784313,0.0433301831493882,82.18039215686274,0.9076113001170618,0.1436408388795997,1.27363184079602,201,256,1560,1983
sciver_test_499,1,256,32,-7.129032258064527,301.0,-6.875,-298.0,182.25853032162857,88.29032258064515,0.3870967741935484,28.0,309.0,85.5625,100.75029078742156,5.989812904912533,1.0,731.0,732.0,0.9331432367967916,0.1192364813571135,0.2923692234999135,0.3962121463190315,0.141965785439921,87.16186787204997,95.4193548387097,0.8064516129032258,25.0,313.0,92.4375,113.58502803516843,6.135389842355801,0.0,858.0,858.0,0.8435638345317562,0.1132909722529131,0.3108762302403628,0.3588535654291078,0.129943855387712,97.20365419299948,0.0977272278050457,0.2063134768206919,53.112903225806434,293.0,51.46875,-168.0,114.77096332887297,92.82258064516132,0.4838709677419355,26.0,293.0,89.9375,94.78097696136076,5.793590257071157,1.0,687.0,688.0,0.7607843137254903,0.1351428489882124,0.4329411764705881,0.5505882352941172,0.1753226500559423,92.84313725490196,39.70967741935484,0.935483870967742,16.0,195.0,38.46875,55.23811205533278,5.8640210286964605,0.0,792.0,792.0,0.5019607843137255,0.0550703109526638,0.1799999999999999,0.2509803921568627,0.0866325844486472,43.615686274509805,0.7281817267922794,0.2667292780244822,1.3333333333333333,192,256,480,640
sciver_test_500,1,256,32,-13.870967741935488,149.0,-13.40625,-242.0,100.72358815559292,70.1290322580645,0.6451612903225806,31.0,236.0,67.96875,58.29048184255728,6.029815360498814,1.0,844.0,845.0,0.9812747557624774,0.0827489766140796,0.2156058276075165,0.2934115923533313,0.1122702621814065,69.84013626228318,83.99999999999999,0.8064516129032258,24.0,274.0,81.375,89.25586465325402,6.232020137293259,0.0,1111.0,1111.0,0.678458948425997,0.0773819019627755,0.216833809540157,0.2975203919150694,0.1061775279956741,85.9712930806436,0.0744365740688818,0.1487487575644013,66.2741935483871,249.0,64.21875,0.0,73.64642488564873,72.69354838709677,0.8064516129032258,22.0,252.0,70.4375,74.91534284610863,5.804924828224594,1.0,738.0,739.0,0.7294117647058824,0.0992188745416865,0.2941176470588235,0.3647058823529411,0.1377697690286624,73.2235294117647,6.41935483870968,0.967741935483871,12.0,54.0,6.21875,13.726649206470602,5.193209613706493,0.0,409.0,409.0,0.2980392156862744,0.0220815954743755,0.0745098039215685,0.1003921568627449,0.0356799319575174,9.031372549019606,0.9725513677186204,0.0802001542572373,1.868613138686131,137,256,877,1644
sciver_test_501,1,256,32,5.306451612903219,69.0,5.1875,-164.0,37.05269684854262,27.435483870967737,0.8387096774193548,21.0,85.0,26.625,29.370212375806886,5.777940193330242,1.0,694.0,695.0,0.5421679660333287,0.0381271628416564,0.1109988670191469,0.1506512108638893,0.0568874555285941,26.4602510121096,22.129032258064523,0.967741935483871,12.0,185.0,21.4375,40.979367903251024,5.977917683984829,0.0,798.0,798.0,0.2919380156470756,0.0308805429402833,0.0761993413789533,0.1225027966321249,0.0429862258532595,24.642673266346087,0.0796457574634093,0.1204488550244663,33.08064516129031,125.0,32.125,-156.0,54.80576497960776,41.11290322580645,0.7741935483870968,21.0,137.0,39.90625,46.173151949347144,5.589402511617392,1.0,659.0,660.0,0.6196078431372549,0.0616323008717902,0.1843137254901961,0.2941176470588235,0.1025261365367161,40.6156862745098,8.032258064516133,0.935483870967742,11.0,184.0,7.78125,31.926413804834077,5.886124380917696,0.0,499.0,499.0,0.0705882352941176,0.0141773743565562,0.0313725490196078,0.0392156862745097,0.0124533222016708,7.074509803921576,0.901936865755074,0.1206612708908493,4.491228070175438,57,256,944,4234
sciver_test_503,1,256,32,-1.6129032258064626,153.0,-1.53125,-295.0,100.1785856530102,53.354838709677416,0.4193548387096774,28.0,156.0,51.71875,49.76333638772123,5.732885002459244,1.0,1059.0,1060.0,0.9103641880804912,0.0516651253754657,0.1724662197088965,0.264590616056944,0.1080689840912732,54.7133677726182,54.967741935483886,0.967741935483871,21.0,317.0,53.25,76.09944152226086,6.117239305969462,0.0,1106.0,1106.0,0.5743105253066754,0.0513937564285262,0.1730209389063794,0.2495576083393222,0.0833262182594608,56.841494609950075,0.0684567765359815,0.1417361937909711,56.50000000000001,178.0,54.75,-5.0,59.7923490088824,65.62903225806451,0.967741935483871,27.0,202.0,63.59375,60.73912421938186,5.564942462012312,1.0,705.0,706.0,0.807843137254902,0.0876373244333194,0.2941176470588235,0.4266666666666664,0.1474648163469857,61.784313725490186,9.129032258064518,0.9032258064516128,13.0,39.0,8.84375,13.581028530177676,4.996522910325087,0.0,403.0,403.0,0.4666666666666667,0.0314893202938743,0.0886274509803921,0.1796078431372547,0.0618494321119087,12.69019607843137,0.9699349197686888,0.0907480624543536,2.0,128,256,830,1661
sciver_test_504,1,256,32,-16.806451612903224,149.0,-16.25,-185.0,103.12946960010994,60.35483870967743,0.3225806451612903,28.0,150.0,58.5,50.50433149740723,5.5323389828190805,1.0,602.0,603.0,0.92857982011307,0.0994864832670644,0.2560653044637974,0.5086545895319173,0.1544014038994901,59.8908629267728,77.16129032258064,0.7741935483870968,22.0,209.0,74.75,80.80957554646602,5.788175774960631,0.0,727.0,727.0,0.6015302997490715,0.1072550108298072,0.3269568408160591,0.421634511904728,0.1397902809181821,77.97439287326986,0.0848905781332098,0.1792003727654215,58.30645161290323,141.0,56.5,0.0,45.87687325875642,75.62903225806453,0.3548387096774194,29.0,141.0,73.28125,48.50337254704563,5.34099213034709,1.0,533.0,534.0,0.9137254901960784,0.1422580289151307,0.5058823529411764,0.6705882352941177,0.220120987621654,75.8235294117647,17.322580645161292,0.9032258064516128,16.0,45.0,16.78125,17.714285151749703,4.227861090674048,0.0,296.0,296.0,0.580392156862745,0.0654080551139374,0.2823529411764706,0.4794117647058823,0.1462408820136703,19.36078431372549,0.9597190308415032,0.1263978941214436,2.6666666666666665,96,256,623,1661
sciver_test_505,1,256,32,20.741935483870968,203.0,20.125,-67.0,46.81462778875851,42.19354838709678,0.967741935483871,26.0,238.0,40.90625,47.44098924914509,5.3899473661354715,1.0,790.0,791.0,0.9509949952778466,0.046078796676803,0.1312562919444672,0.1969929865506885,0.11211342675861,36.40224937467439,21.451612903225808,0.8387096774193548,17.0,99.0,20.78125,30.76293871588831,5.913781112561708,0.0,841.0,841.0,0.3088079291395122,0.0329612674138099,0.0911351894060055,0.1519569490064533,0.0530648941355197,27.720425895014166,0.0443165407057723,0.1008537347203678,47.322580645161295,129.0,46.0,-21.0,44.31774475308959,52.12903225806451,0.6451612903225806,20.0,132.0,50.65625,45.69915848172152,5.377535780840672,1.0,617.0,618.0,0.9215686274509804,0.0845075793688625,0.2752941176470586,0.3788235294117639,0.1538823499528718,52.14117647058822,4.806451612903229,0.935483870967742,10.0,67.0,4.65625,13.579877979477578,5.288228199051318,0.0,309.0,309.0,0.1999999999999999,0.0186052414493305,0.0392156862745097,0.0549019607843137,0.0220857117977075,5.749019607843142,0.9442371323529412,0.0844865576970005,2.327272727272727,110,256,300,700
sciver_test_506,1,256,32,38.41935483870964,288.0,37.25,-378.0,175.01642780036394,140.83870967741936,0.4193548387096774,28.0,296.0,136.46875,104.33389441326102,6.271780982202855,1.0,1156.0,1157.0,0.8613664197785216,0.1215436221374711,0.3627188069847775,0.498313370550194,0.1650817467796562,140.50442719091666,102.41935483870968,0.9032258064516128,22.0,379.0,99.21875,115.06838574707432,6.561384426087509,0.0,1525.0,1525.0,0.5690710144804465,0.0695399118116595,0.1944379582752718,0.2795441098734572,0.0952511267363582,106.04836551278072,0.1524448427212116,0.1903576813561526,95.2741935483871,270.0,92.3125,0.0,96.08148803879963,104.69354838709678,0.8064516129032258,23.0,289.0,101.4375,102.4313604017344,6.095649678862649,1.0,1059.0,1060.0,0.7568627450980392,0.1011386991057046,0.3419607843137257,0.4552941176470585,0.1466497652493424,107.10588235294117,9.41935483870968,0.967741935483871,13.0,51.0,9.125,14.115040736746034,5.073274591042464,0.0,470.0,470.0,0.396078431372549,0.025857321652065,0.0627450980392156,0.1080392156862742,0.0573497425309775,12.152941176470584,0.9416031558608844,0.1033268450729475,1.868613138686131,137,256,890,1661
sciver_test_507,1,256,32,-73.61290322580646,293.0,-71.28125,-321.0,192.36200157109383,94.80645161290322,0.2580645161290322,28.0,304.0,91.875,85.57735900926133,6.18873010935291,1.0,989.0,990.0,0.9849282761448522,0.0958907105029324,0.2125719223549056,0.3329737058463661,0.1350886421275608,94.83591268740022,168.41935483870964,0.6774193548387096,27.0,375.0,163.15625,141.12961891799148,6.284567901504345,0.0,1268.0,1268.0,0.8367510949770899,0.1343156112582019,0.4300462120361725,0.5252071982283919,0.1812502946478071,170.3121950754001,0.0980577379427416,0.2115199861473115,75.9032258064516,233.0,74.5625,-8.0,75.42626262615694,110.67741935483872,0.1935483870967742,31.0,233.0,108.25,56.076398778808894,5.673311920903997,1.0,825.0,826.0,1.0,0.1374117647058823,0.2862745098039216,0.9215686274509804,0.2464111583532809,113.36470588235294,34.7741935483871,0.8709677419354839,21.0,64.0,33.6875,26.617002906976584,4.5897350352021835,0.0,568.0,568.0,0.792156862745098,0.0678887047776857,0.2188235294117654,0.5919607843137252,0.1790313939481088,38.56078431372548,0.9438371740448755,0.1763360330353466,1.3195876288659794,194,256,503,664
sciver_test_508,1,256,32,-15.612903225806452,291.0,-15.09375,-316.0,174.4513469736978,100.90322580645164,0.3870967741935484,30.0,293.0,97.78125,91.29784169649083,6.298713195197385,1.0,1059.0,1060.0,0.9254478913206606,0.0949603835092778,0.2368474573245788,0.3048796621422772,0.1189419155327095,100.5630461363252,116.51612903225808,0.7741935483870968,21.0,361.0,112.875,132.6559813012591,6.432874089162058,0.0,1426.0,1426.0,0.5590925972594131,0.0840704774574594,0.2683900239652175,0.3608892047348144,0.117310524381578,119.88450085433716,0.0837433399601333,0.1662956857107863,75.01612903225805,227.0,72.6875,-78.0,83.51288729142347,88.6290322580645,0.5161290322580645,26.0,227.0,85.875,77.79771445871658,6.046411455120884,1.0,924.0,925.0,0.8156862745098039,0.096243952126305,0.2615686274509805,0.3725490196078431,0.1359357561540026,88.92941176470589,13.61290322580646,0.967741935483871,10.0,118.0,13.1875,28.825376732143503,5.5101439086353174,0.0,648.0,648.0,0.3019607843137255,0.0283648027112079,0.0784313725490196,0.1554901960784313,0.050901614383036,18.38039215686274,0.9630738720219272,0.1064722480683014,1.3763440860215057,186,256,1208,1661
sciver_test_511,1,256,32,-16.258064516129046,183.0,-15.71875,-318.0,139.89577244662362,81.35483870967742,0.6451612903225806,29.0,194.0,78.84375,64.70370419023551,6.2083150163226035,1.0,1268.0,1269.0,0.961095660670476,0.0639019163993992,0.1648152202742541,0.2689764766827699,0.1106496541609217,81.02762999443823,97.61290322580643,0.8709677419354839,21.0,331.0,94.5625,115.13414390939812,6.563245999421321,0.0,1459.0,1459.0,0.5577297534147403,0.0698599476236379,0.206355636259873,0.2702921105716935,0.0918473080686389,101.92566358288772,0.1190733118330871,0.1776103902673291,63.241935483870975,239.0,61.28125,0.0,81.78486808962585,72.59677419354838,0.8387096774193548,18.0,260.0,70.34375,87.73240898286961,6.0731475317960175,1.0,1019.0,1020.0,0.5607843137254902,0.0716273162847081,0.2047058823529413,0.3611764705882349,0.1108116085821165,72.98823529411763,9.35483870967742,0.967741935483871,12.0,62.0,9.0625,15.964682701200172,5.667397778437655,0.0,579.0,579.0,0.2156862745098039,0.024023840969894,0.059607843137255,0.1023529411764706,0.0353463050113485,13.909803921568628,0.9642284517973858,0.0804279435456468,2.5098039215686274,102,256,600,1500
sciver_test_513,1,256,32,8.95161290322581,110.0,8.71875,-46.0,38.566690918945845,24.82258064516129,0.4838709677419355,23.0,119.0,24.09375,28.82420789783303,4.980512865222263,1.0,413.0,414.0,0.567372619960067,0.0569958538015198,0.1786077908864538,0.3298374994661986,0.1006677787240648,23.53928762002769,15.870967741935484,0.7741935483870968,18.0,47.0,15.375,16.79052932459248,4.483949207122746,0.0,329.0,329.0,0.69311724538165,0.0534995964711393,0.210091849680565,0.3098308705012697,0.1142840190361237,17.60136723900483,0.0730481047952908,0.1752083929579535,-8.612903225806448,21.0,-8.84375,-138.0,27.442108809956643,7.161290322580645,0.0,11.0,53.0,7.78125,12.09786751611622,3.810959663185044,1.0,172.0,173.0,0.3137254901960784,0.0276561787505699,0.0831372549019609,0.2078431372549019,0.0636073682117442,4.756862745098038,15.774193548387094,0.6451612903225806,21.0,139.0,16.625,26.83019520987501,4.712718563239251,0.0,413.0,413.0,0.7568627450980392,0.0367279115035844,0.0352941176470588,0.184313725490196,0.0980640507437164,15.168627450980392,0.1481386898113675,0.2672249562086878,1.620253164556962,158,256,321,520
sciver_test_514,1,256,32,-102.19354838709675,603.0,-98.96875,-1234.0,381.30487181969954,108.0967741935484,0.8387096774193548,27.0,866.0,104.75,165.03181511454088,7.038317494816562,1.0,2111.0,2112.0,0.8252350497590825,0.048857162956467,0.1267463363834794,0.1733463590880924,0.0670980319282901,103.1374710011019,210.29032258064515,0.9032258064516128,19.0,1241.0,203.71875,322.9643202405453,7.299299805614699,0.0,2807.0,2807.0,0.5666532364779706,0.0763960658408894,0.1727973301972711,0.3101951759540962,0.0937711720516686,214.44375681537664,0.0657273742379777,0.1479830531383502,50.887096774193544,364.0,49.3125,-71.0,87.81992851141476,73.43548387096773,0.8709677419354839,25.0,396.0,71.15625,93.32507345798074,6.718328860812385,1.0,1713.0,1714.0,0.6745098039215687,0.0430983368245138,0.1058823529411764,0.1372549019607842,0.0687994287770363,73.82745098039214,22.548387096774203,0.6129032258064516,16.0,199.0,21.84375,39.277943377135976,6.662300536157524,0.0,2026.0,2026.0,0.4117647058823529,0.0162592183961442,0.0313725490196078,0.0549019607843137,0.0381906126523155,32.94117647058821,0.935739550687078,0.1454603438869337,1.0491803278688523,244,256,665,698
sciver_test_515,1,256,32,-30.322580645161295,189.0,-29.34375,-351.0,155.9368079894465,72.32258064516131,0.5161290322580645,30.0,200.0,70.09375,71.68479588404713,6.28955657224569,1.0,1104.0,1105.0,0.8101787522033044,0.0656719662766726,0.1858117099059359,0.2560920421583196,0.0904063232101516,72.50185076944663,102.64516129032258,0.9032258064516128,21.0,353.0,99.4375,130.3092325729455,6.610141268272022,0.0,1454.0,1454.0,0.6475230310166976,0.0724851325382238,0.2146779319372616,0.2725944100418297,0.0928267256457601,105.39338271057746,0.127362264766891,0.1657713382676819,74.30645161290322,247.0,72.0,-16.0,82.09179313427134,88.27419354838709,0.6129032258064516,24.0,248.0,85.53125,82.89827515357301,6.103231339998051,1.0,911.0,912.0,0.7058823529411764,0.0969931770732442,0.2862745098039215,0.3490196078431373,0.1271437477355463,88.36078431372547,13.967741935483875,0.967741935483871,13.0,115.0,13.53125,26.79200484169671,5.692554133288132,0.0,666.0,666.0,0.3647058823529412,0.0312842254018724,0.092156862745098,0.1372549019607842,0.0522360331844181,20.83529411764706,0.9407816128095976,0.1181914172043845,3.3684210526315788,76,256,495,1661
sciver_test_517,1,256,32,-23.903225806451616,222.0,-23.125,-231.0,145.06975692748645,91.70967741935485,0.4516129032258064,30.0,259.0,88.875,67.56466809657249,6.152868218607436,1.0,1048.0,1049.0,0.9632141429520724,0.0867321792388809,0.2043235451344683,0.2857371496283233,0.1362550319889478,90.8953238423472,115.61290322580643,0.7096774193548387,20.0,295.0,112.0,120.32300278832804,6.303381408907269,0.0,1233.0,1233.0,0.6245837118375116,0.0968614795142108,0.3166789647333188,0.4040129656801153,0.1322455465181184,119.43020424102194,0.0910633777265894,0.169209000431513,67.62903225806451,150.0,65.53125,-12.0,52.412417645415864,90.1774193548387,0.5483870967741935,30.0,177.0,87.375,56.25430539078764,5.825151596166133,1.0,902.0,903.0,0.8980392156862745,0.1017260119125255,0.2980392156862745,0.5523529411764698,0.1746615275153872,91.75686274509803,22.548387096774196,0.967741935483871,18.0,70.0,21.84375,23.426893433349203,4.871724469933312,0.0,580.0,580.0,0.6588235294117647,0.0449357674104124,0.0784313725490196,0.3694117647058816,0.1161835962241119,26.062745098039212,0.9535829001186462,0.1213530891833259,1.6305732484076434,157,256,503,822
sciver_test_518,1,256,32,-43.93548387096776,495.0,-42.53125,-667.0,390.9603547975645,196.67741935483872,0.4516129032258064,31.0,558.0,190.5625,193.2495047697406,6.828195405747516,1.0,2044.0,2045.0,0.9930961643591596,0.0962013538017956,0.2639296940532789,0.3255065227228434,0.1380074368876241,196.63556717087033,240.6129032258065,0.7741935483870968,22.0,693.0,233.09375,261.885991341533,7.015955753746113,0.0,2406.0,2406.0,0.5854928815364036,0.101465355420947,0.3164916133052866,0.3863295075844311,0.1305983356437693,244.12564514279853,0.2158089118291032,0.2496435582439279,227.7258064516129,460.0,220.75,-46.0,155.30876504563415,261.2096774193548,0.4838709677419355,31.0,505.0,253.1875,161.17390404079066,6.528422058799545,1.0,1727.0,1728.0,1.0,0.1533044949305721,0.5333333333333333,0.6380392156862738,0.2314048793443483,264.75686274509803,33.48387096774194,0.967741935483871,20.0,126.0,32.4375,29.93110578896142,5.5644303814250025,0.0,975.0,975.0,0.596078431372549,0.0401689291101055,0.1027450980392158,0.2847058823529408,0.0929883133523892,39.16470588235293,0.8882758561170948,0.2010201651987413,1.8028169014084507,142,256,923,1661
sciver_test_519,1,256,32,-16.06451612903226,208.0,-15.53125,-276.0,143.74282251103008,73.1935483870968,0.4516129032258064,25.0,223.0,70.9375,71.29206543332856,5.769236415105002,1.0,727.0,728.0,0.9836638981795566,0.1007736644027074,0.2663767962922571,0.3830819886000435,0.1553561558876626,73.26245402076832,89.25806451612901,0.7741935483870968,24.0,288.0,86.46875,102.13532211452365,6.021480974431703,0.0,887.0,887.0,0.8436392882073815,0.1027578496058292,0.2964707873616105,0.3743827496516813,0.134724851596342,91.14621260037056,0.1391838604406605,0.2210568500165971,48.0483870967742,208.0,46.5625,-76.0,79.1240866850923,73.01612903225805,0.5483870967741935,23.0,210.0,70.75,73.84823965403643,5.642585687411746,1.0,675.0,676.0,0.7058823529411764,0.1096877269426288,0.3490196078431373,0.527450980392156,0.1635804414846543,74.0392156862745,24.967741935483875,0.935483870967742,16.0,111.0,24.1875,37.045105530285646,5.503414689157527,0.0,656.0,656.0,0.4313725490196078,0.0433046389287422,0.1568627450980392,0.2156862745098039,0.0727350370410814,28.407843137254893,0.8898157456341913,0.1664321883699948,2.0,128,256,399,797
sciver_test_520,1,256,32,-39.67741935483871,247.0,-38.40625,-384.0,188.0714391153997,98.93548387096774,0.4193548387096774,31.0,272.0,95.875,86.62950926214462,6.235581375771006,1.0,1070.0,1071.0,0.9862524943586682,0.0926447415066,0.2422981065674999,0.3390439337086253,0.1360338092386546,99.12987341206204,138.61290322580643,0.8064516129032258,25.0,431.0,134.28125,156.1676251610349,6.502366807550435,0.0,1420.0,1420.0,0.715512965904332,0.0990139486659993,0.3118842346696519,0.3766201054730019,0.1270499539540036,140.5998071057191,0.0823211027027118,0.166020955120875,104.61290322580643,261.0,101.53125,-59.0,89.45633864314759,141.06451612903226,0.3548387096774194,31.0,262.0,136.84375,79.73475927058098,6.045996312861238,1.0,1027.0,1028.0,1.0,0.1386219141989804,0.4431372549019607,0.6972549019607832,0.2157093995018906,142.36470588235292,36.45161290322581,0.967741935483871,20.0,116.0,35.3125,38.292001041340214,5.174082730612172,0.0,719.0,719.0,0.6470588235294117,0.0582235675911532,0.2125490196078433,0.4635294117647061,0.1320603724556474,41.862745098039206,0.951749387254902,0.1426891669568474,1.6,160,256,1038,1661
sciver_test_522,1,256,32,-113.06451612903228,286.0,-109.5,-430.0,235.43735897261504,103.83870967741936,0.1612903225806451,25.0,288.0,100.625,92.60188645486656,6.332367516903301,1.0,1821.0,1822.0,0.9986260196526364,0.0564173539987005,0.1567473840055435,0.2285146733154207,0.1190642302471603,102.73600163163364,216.9032258064516,0.7419354838709677,27.0,451.0,210.125,165.28795895345797,6.469649735563648,0.0,1741.0,1741.0,0.8510763547233862,0.1259443888976551,0.4417609663984321,0.5488477755594685,0.1895373879836315,219.26918107081764,0.1291943139714846,0.2525508904181648,86.53225806451611,315.0,86.53125,1.0,70.38997814630645,111.8387096774194,0.935483870967742,31.0,367.0,111.0625,69.3789131779246,5.952557610774123,1.0,1543.0,1544.0,1.0,0.0741285756039291,0.1482352941176468,0.3294117647058823,0.1894769529498904,114.38039215686273,25.306451612903228,0.967741935483871,26.0,64.0,24.53125,14.972859561135945,4.72831405971285,0.0,817.0,817.0,0.9882352941176472,0.0382124943000455,0.0274509803921568,0.1458823529411762,0.1406898715422469,31.219607843137247,0.9127316621480996,0.2289877557038233,1.4301675977653632,179,256,1159,1661
sciver_test_523,1,256,32,-29.258064516129032,171.0,-28.3125,-377.0,136.26363177220105,59.87096774193548,0.5806451612903225,30.0,204.0,58.03125,52.106552116192645,5.918840300292541,1.0,853.0,854.0,0.9645211348046387,0.0694793811206687,0.178549071520803,0.2798305345119717,0.1114360705602474,59.26591209593041,89.12903225806456,0.967741935483871,18.0,379.0,86.34375,117.46611462859194,6.346552023187223,0.0,1124.0,1124.0,0.4293980982958403,0.0807383618885009,0.2518860641192502,0.3122416081890342,0.1015813479164245,90.74991876267508,0.1156584925457027,0.1709383101325208,42.98387096774193,204.0,41.65625,0.0,58.276608394256264,46.854838709677416,0.7419354838709677,20.0,204.0,45.40625,58.769602780157534,5.69049460497493,1.0,635.0,636.0,0.607843137254902,0.0714404817044928,0.2180392156862746,0.3188235294117645,0.102935920752054,45.364705882352936,3.8709677419354858,0.967741935483871,7.0,33.0,3.75,9.21276288634414,5.843905014615191,0.0,609.0,609.0,0.1686274509803921,0.0153836247142535,0.0313725490196078,0.0509803921568627,0.021113732689143,9.36862745098039,0.9584955162620604,0.0881934574035449,4.063492063492063,63,256,408,1660
sciver_test_524,1,256,32,-49.483870967741936,213.0,-47.90625,-336.0,165.42301067547254,91.64516129032256,0.4193548387096774,30.0,254.0,88.8125,68.69927105690424,6.0854516344739045,1.0,1452.0,1453.0,0.9869123375735196,0.0613680015826444,0.1705533634653933,0.2806875304126113,0.1277253825404005,89.10633829799976,141.12903225806454,0.7741935483870968,26.0,383.0,136.71875,140.83927771909902,6.446257505159787,0.0,1532.0,1532.0,0.7867241265516371,0.0938433224542132,0.3033612828461466,0.4078895712356583,0.1348056832409553,143.76796999985473,0.0679461768284233,0.1556256903555254,76.85483870967742,203.0,74.65625,-40.0,66.22717029994185,115.88709677419357,0.3548387096774194,30.0,205.0,112.46875,53.951357938772034,5.811372338710804,1.0,1132.0,1133.0,1.0,0.1037171759163029,0.3176470588235294,0.6880392156862747,0.2067455887719536,117.4078431372549,39.03225806451614,0.967741935483871,22.0,124.0,37.8125,38.86630730787272,5.069715775207781,0.0,589.0,589.0,0.6627450980392157,0.074749492326642,0.2917647058823532,0.5058823529411764,0.1534955862903405,44.02745098039215,0.9612600780443756,0.1304844834255779,1.3473684210526315,190,256,593,797
sciver_test_525,1,256,32,25.741935483870964,192.0,24.96875,-299.0,118.65535290680104,97.70967741935485,0.4516129032258064,31.0,196.0,94.6875,62.705381298178864,6.279333681108924,1.0,1527.0,1528.0,0.92054026006785,0.0624960077592841,0.1900684278528407,0.3101010628002954,0.1122591059763496,95.43140384842684,71.96774193548387,0.9032258064516128,22.0,314.0,69.71875,97.31078896215722,6.687435546703494,0.0,1881.0,1881.0,0.4586160176446844,0.0427435877268494,0.1274025819375261,0.1809086958380753,0.0667370682285662,80.40068851420384,0.0988072286767761,0.1617808639286427,97.8548387096774,240.0,94.8125,-13.0,82.77546341609934,103.33870967741936,0.8064516129032258,28.0,248.0,100.125,82.91967121859565,6.1191540801925735,1.0,1242.0,1243.0,0.792156862745098,0.0839821919105806,0.2627450980392157,0.4549019607843137,0.1416904479877466,104.30588235294115,5.483870967741938,0.967741935483871,12.0,57.0,5.3125,12.347665518226512,6.115165026512095,0.0,797.0,797.0,0.2313725490196078,0.0153024823480207,0.0313725490196078,0.0588235294117646,0.0225162874629066,12.196078431372545,0.9465256218228032,0.1227628256435998,1.8962962962962964,135,256,1230,2324
sciver_test_527,1,256,32,31.516129032258057,319.0,30.5625,-177.0,164.59874268581154,116.58064516129032,0.3225806451612903,31.0,324.0,112.96875,108.1687005257875,6.0764663810101815,1.0,1031.0,1032.0,0.9483595075972476,0.1119118934345969,0.3620926236232169,0.49775549590593,0.1625321333891526,115.38116213106946,85.06451612903226,0.6774193548387096,22.0,203.0,82.40625,82.8567511488201,6.192230296115961,0.0,1135.0,1135.0,0.6965590532789321,0.0774059001604234,0.254861506965819,0.324888217129975,0.1122229478522823,87.85569668208055,0.1281248462863747,0.2039615367275877,73.82258064516127,337.0,71.53125,-260.0,130.84126460500715,89.72580645161291,0.6451612903225806,17.0,337.0,86.9375,117.0950301838212,6.044748554693551,1.0,999.0,1000.0,0.5215686274509803,0.0908202319967025,0.3145098039215688,0.3847058823529409,0.1297637889692013,90.72941176470589,15.90322580645162,0.935483870967742,10.0,295.0,15.40625,52.22479019524636,6.245608665647787,0.0,748.0,748.0,0.196078431372549,0.0197493970850372,0.0392156862745098,0.0509803921568627,0.019845485262577,14.77254901960785,0.8919795806836249,0.1043535625205237,1.383783783783784,185,256,886,1225
sciver_test_529,1,256,32,-10.096774193548397,460.0,-9.75,-675.0,280.53497999358297,131.67741935483872,0.6129032258064516,27.0,493.0,127.59375,144.96828519002872,6.671791802332838,1.0,1623.0,1624.0,0.8331352033748095,0.0805464961488756,0.2113463415415095,0.287758659013547,0.1141783586746408,130.7269632496252,141.7741935483871,0.8709677419354839,17.0,714.0,137.34375,231.93514844873664,7.0841179238480745,0.0,2217.0,2217.0,0.5348750491142251,0.0649278340577933,0.1756083353427005,0.2190486312652313,0.0777492049521657,143.94500810612777,0.1231829387457046,0.1612459489038415,49.62903225806452,397.0,48.09375,-196.0,129.65347068604643,119.91935483870968,0.7096774193548387,28.0,431.0,116.1875,109.64671606459538,6.490415521885071,1.0,1501.0,1502.0,0.8470588235294118,0.0803830126321014,0.2549019607843137,0.3333333333333333,0.1226089045709444,120.6549019607843,70.29032258064515,0.8064516129032258,22.0,364.0,68.09375,100.17495925098996,6.819796589825181,0.0,1819.0,1819.0,0.3725490196078431,0.037816511981373,0.0980392156862745,0.1764705882352941,0.0540592724079513,68.78823529411764,0.865174936933838,0.1623057268338691,1.4970760233918128,171,256,553,826
sciver_test_530,1,256,32,-13.741935483870972,115.0,-13.28125,-185.0,89.02255134760799,50.774193548387096,0.3225806451612903,30.0,120.0,49.21875,38.75543056705086,5.529352997528062,1.0,1176.0,1177.0,0.9718710407520644,0.0430506467638774,0.1185217077284802,0.2579280222690894,0.1114541713941024,50.62756059431992,64.51612903225806,0.967741935483871,24.0,189.0,62.5,61.5995129850878,5.964361502567004,0.0,1178.0,1178.0,0.6038479828743923,0.0583108848501599,0.203985812590064,0.3263000386474012,0.1079507353546863,68.69022235348844,0.1086282058515626,0.1855156408155779,72.91935483870971,219.0,71.4375,-47.0,57.33178519591031,92.14516129032258,0.935483870967742,31.0,255.0,90.0625,50.27545219836416,5.871110633480203,1.0,1454.0,1455.0,1.0,0.063319578175149,0.1137254901960784,0.3660784313725487,0.1642089902175255,92.06666666666663,19.225806451612904,0.5806451612903225,19.0,86.0,18.625,24.545557133624,5.815999592000388,0.0,818.0,818.0,0.4784313725490196,0.0267606309027278,0.0521568627450983,0.118235294117647,0.0508028213606465,21.890196078431373,0.8076503442659959,0.2385194639704982,1.6842105263157894,152,256,3532,5934
sciver_test_531,1,256,32,-5.483870967741945,154.0,-5.28125,-297.0,113.4623380176766,55.41935483870968,0.3870967741935484,31.0,154.0,53.71875,51.10603827765854,5.813138409609446,1.0,726.0,727.0,0.996443251679662,0.0760193505938126,0.2154771566643153,0.317489282755856,0.113640518521846,55.19004853110799,60.903225806451616,0.9032258064516128,17.0,314.0,59.0,90.46649932433552,6.268788180605824,0.0,1079.0,1079.0,0.3833235308412737,0.057485141863905,0.1600619721389159,0.2172170883589988,0.0737830159542482,62.026468071153545,0.0715534289924445,0.1552497749525229,21.983870967741947,155.0,21.3125,-182.0,57.82594438269037,54.11290322580645,0.4516129032258064,26.0,163.0,52.4375,45.436038490938,5.715245336106892,1.0,731.0,732.0,0.8784313725490196,0.0738338563879724,0.196078431372549,0.3450980392156863,0.1229681281076395,53.97254901960784,32.12903225806451,0.5161290322580645,19.0,239.0,31.125,45.00052083031929,5.508060774083749,0.0,775.0,775.0,0.5058823529411764,0.042201138519924,0.0941176470588235,0.2784313725490196,0.0902523641125728,32.705882352941174,0.9092263056538404,0.189089983114048,1.924812030075188,133,256,978,1882
sciver_test_532,1,256,32,4.741935483870968,210.0,4.625,-270.0,142.72323523168888,86.12903225806451,0.5483870967741935,31.0,266.0,83.46875,80.78210831265486,5.911511880863889,1.0,803.0,804.0,0.8706362583376651,0.1059580164413442,0.2945095444358592,0.3844807010610773,0.1478320903998028,85.08428720239945,81.38709677419355,0.7741935483870968,19.0,294.0,78.84375,101.15492739326888,6.121009756403703,0.0,957.0,957.0,0.5438800727394522,0.0869791538973981,0.2538795694458786,0.3012748881191804,0.1089172094683852,83.23905027981004,0.097023343325534,0.1749658610531897,83.30645161290323,301.0,80.71875,-103.0,121.78137028477508,107.95161290322582,0.6451612903225806,26.0,304.0,104.59375,106.02825666272882,5.919651799343727,1.0,801.0,802.0,0.8196078431372549,0.1358693789625713,0.3999999999999999,0.5058823529411764,0.1763152680726057,108.83137254901962,24.645161290322587,0.9032258064516128,12.0,144.0,23.875,46.487733597154424,5.500594744664052,0.0,602.0,602.0,0.4078431372549019,0.0466028271773825,0.1686274509803921,0.207843137254902,0.0706587456928307,28.05490196078431,0.905131654617154,0.1556377743508216,1.4301675977653632,179,256,698,997
sciver_test_537,1,256,32,-25.387096774193548,187.0,-24.5625,-291.0,144.64027306995104,78.03225806451614,0.4516129032258064,29.0,221.0,75.625,72.36528432197306,5.8303789285437215,1.0,928.0,929.0,0.986933471759437,0.0767037049884188,0.2416782963334751,0.4048737185555683,0.1339680920133414,71.18103822925266,103.4193548387097,0.7419354838709677,24.0,321.0,100.1875,113.8665440054716,6.219385858406861,0.0,1169.0,1169.0,0.5738261498122281,0.0942218659957672,0.3117091415326871,0.3775376520353921,0.1320818769341988,110.14536134905188,0.0700485774294133,0.1502899349574711,35.46774193548385,191.0,34.40625,-385.0,121.2203209488306,71.46774193548387,0.5161290322580645,31.0,194.0,69.28125,59.97928516110792,5.602429725080307,1.0,760.0,761.0,0.9411764705882352,0.0963209494324045,0.3454901960784315,0.5064705882352936,0.1663354380832403,73.20392156862745,36.00000000000003,0.935483870967742,16.0,451.0,34.875,98.97498105582036,6.2483431524989745,0.0,868.0,868.0,0.4784313725490196,0.0446869070208728,0.0705882352941177,0.0823529411764706,0.059606764125046,38.788235294117655,0.9247757257199756,0.1105990566137236,2.0,128,256,370,740
sciver_test_538,1,256,32,-87.64516129032258,237.0,-84.875,-372.0,211.3064643474023,92.09677419354836,0.1935483870967742,29.0,240.0,89.25,83.37752994662291,6.201345420942827,1.0,1126.0,1127.0,0.9940085466089918,0.0821757609553764,0.1923186335850564,0.2844146773830549,0.135249430949319,92.52990683575392,179.74193548387098,0.6451612903225806,26.0,398.0,174.125,151.8425891342742,6.31151806707285,0.0,1287.0,1287.0,0.7765425806910713,0.1414566548226224,0.4524838366276994,0.5354113034446069,0.1883497067507929,182.0547147567151,0.0909788496543436,0.1974150817507693,67.32258064516128,181.0,66.6875,-41.0,56.20633722054836,94.09677419354838,0.0967741935483871,28.0,181.0,92.625,41.605100348394785,5.495920517824844,1.0,839.0,840.0,1.0,0.1140573511883895,0.2517647058823531,0.9333333333333332,0.2404262792355702,95.69411764705882,26.774193548387103,0.967741935483871,21.0,86.0,25.9375,20.05607373715005,4.58151923298859,0.0,621.0,621.0,0.8862745098039215,0.050405733952196,0.0588235294117647,0.5882352941176471,0.1570935172996458,31.301960784313714,0.9465070370931878,0.1661779005160031,1.3195876288659794,194,256,554,730
sciver_test_539,1,256,32,-24.354838709677423,185.0,-23.5625,-296.0,157.23051101408404,90.83870967741932,0.3225806451612903,30.0,189.0,88.03125,63.28876498587644,5.826568794291822,1.0,905.0,906.0,0.9988253079510788,0.1007992652220575,0.3008075697052882,0.478050244213555,0.1707817158820563,91.22333502596206,115.19354838709675,0.7419354838709677,24.0,337.0,111.59375,120.7333993182396,6.236893894047691,0.0,1064.0,1064.0,0.7207061845138089,0.1108610417195199,0.3115558095227787,0.3710020695233988,0.1360975387613751,117.9561483895692,0.0549639609367593,0.1475110938483506,83.11290322580645,161.0,80.75,-103.0,71.74695115473548,107.08064516129032,0.5161290322580645,30.0,167.0,103.96875,47.76536688268499,5.47862663769895,1.0,693.0,694.0,1.0,0.1564892623716153,0.5670588235294123,0.8345098039215685,0.261612441287281,108.44705882352945,23.96774193548388,0.935483870967742,19.0,160.0,23.21875,38.33465662344584,5.4300897458226505,0.0,830.0,830.0,0.4784313725490196,0.0338199858256555,0.0509803921568626,0.2905882352941172,0.0808473532729848,28.070588235294107,0.9431212328681472,0.1196744229189585,1.3061224489795915,196,256,2462,3216
sciver_test_540,1,256,32,2.161290322580644,464.0,2.125,-539.0,238.0061383136998,132.51612903225805,0.6451612903225806,30.0,540.0,128.40625,133.0147687700035,6.59053847095256,1.0,1551.0,1552.0,0.8722117149487674,0.085085786594509,0.2169947927572676,0.3424889056943552,0.1308807739623764,131.9680550080835,130.35483870967744,0.8387096774193548,21.0,555.0,126.28125,178.57075530007006,6.685456546143461,0.0,1751.0,1751.0,0.4893994544735186,0.0765046565060963,0.235198992824649,0.2583131228908426,0.0979068911688708,133.9596535421746,0.0828223123629771,0.1509493854266747,84.14516129032259,462.0,81.53125,0.0,128.19662251181776,87.3709677419355,0.8064516129032258,18.0,462.0,84.65625,127.81837929631834,6.401991202406331,1.0,1396.0,1397.0,0.5725490196078431,0.0647086914995224,0.1980392156862745,0.2833333333333333,0.1006456716539769,90.33333333333331,3.225806451612904,0.9032258064516128,6.0,34.0,3.125,8.91890548217661,5.034439391893816,0.0,353.0,353.0,0.1294117647058823,0.0139087929789479,0.0352941176470588,0.0776470588235292,0.0237885696002123,4.909803921568624,0.9774635863459968,0.0620903270451819,0.75,256,192,4000,3000
sciver_test_541,1,256,32,-23.67741935483873,161.0,-22.90625,-542.0,159.8894851481407,73.41935483870967,0.8064516129032258,31.0,174.0,71.15625,55.69566263128126,6.1236493804687715,1.0,1046.0,1047.0,0.9788654709832164,0.0677401859401512,0.1805007362767902,0.2730847742792032,0.114800811908614,70.85623449339825,97.09677419354838,0.9032258064516128,23.0,547.0,94.0625,138.74750842357494,6.6018407402455015,0.0,1360.0,1360.0,0.6400754712693266,0.0734704801034592,0.1648978321515283,0.2416957157246332,0.0887473185894684,99.91985294070454,0.1011754614074035,0.183984766605871,27.0483870967742,150.0,26.21875,-325.0,80.2031539182687,48.69354838709677,0.7419354838709677,20.0,161.0,47.1875,55.211206686233545,5.853449063839627,1.0,894.0,895.0,0.6352941176470588,0.0540860639557836,0.1478431372549021,0.281372549019606,0.0983632231635897,48.35294117647058,21.645161290322573,0.8064516129032258,12.0,391.0,20.96875,68.19800417488403,6.197316263433137,0.0,997.0,997.0,0.2431372549019608,0.0170511534603811,0.0352941176470588,0.0666666666666666,0.0284978680546502,16.999999999999986,0.9282889899380806,0.1083850940337054,2.694736842105263,95,256,4217,11400
sciver_test_542,1,256,32,-80.03225806451614,163.0,-77.5,-375.0,205.93157237296083,94.80645161290322,0.4838709677419355,30.0,279.0,91.875,73.14230564454473,6.328301198876434,1.0,1240.0,1241.0,0.9690658462499572,0.0773574226457653,0.1814440651918343,0.2911301571170403,0.1197166874159915,95.92320408074906,174.83870967741936,0.7096774193548387,22.0,430.0,169.375,172.91449295822488,6.601200332500956,0.0,1549.0,1549.0,0.6907725734047222,0.1144870033544983,0.3425226586752901,0.4213421846634611,0.1423022140289781,177.34036819611802,0.0862784533266018,0.1711760638096931,89.09677419354836,180.0,86.9375,-86.0,69.43924390249364,124.51612903225806,0.4516129032258064,30.0,197.0,121.25,46.19388487668038,5.883037915153046,1.0,977.0,978.0,1.0,0.1285969454311919,0.3349019607843135,0.7333333333333333,0.2230088246988628,125.63921568627453,35.41935483870968,0.967741935483871,22.0,136.0,34.3125,37.74705079539327,5.227439052175608,0.0,777.0,777.0,0.7647058823529411,0.0534786887728064,0.1450980392156863,0.389019607843137,0.1295883413736469,41.55294117647058,0.948836487720088,0.1512168393978009,1.3061224489795915,196,256,583,761
sciver_test_544,1,256,32,-45.0,120.0,-43.5625,-274.0,113.54650410184368,64.48387096774195,0.5161290322580645,29.0,203.0,62.5,57.15384938917063,5.984232461655984,1.0,792.0,793.0,0.6466950102002923,0.0808647898107436,0.2366971227690314,0.3290007585624388,0.1042429058080379,64.044913530109,109.48387096774192,0.7741935483870968,22.0,313.0,106.0625,115.6303208235193,6.189893691666963,0.0,1083.0,1083.0,0.6335560434727445,0.1024880313326333,0.3230883897846437,0.415471117005155,0.1368522341870196,110.99453793324196,0.062634985147076,0.1416073125618089,67.69354838709678,194.0,65.59375,0.0,60.74941325591137,75.08064516129033,0.5806451612903225,26.0,194.0,72.75,63.32604124686779,5.751067504554298,1.0,697.0,698.0,0.6941176470588235,0.1094438349227782,0.3333333333333333,0.4745098039215686,0.147436569891448,76.28235294117647,7.387096774193551,0.967741935483871,15.0,32.0,7.15625,10.47052223805002,5.163992848611626,0.0,511.0,511.0,0.3568627450980391,0.0219561797321668,0.0431372549019607,0.1098039215686275,0.0490843390711759,11.219607843137249,0.9697759501527884,0.0979585240456199,1.6623376623376624,154,256,997,1661
sciver_test_546,1,256,32,0.7419354838709651,177.0,0.75,-216.0,119.22510222264437,72.6774193548387,0.4193548387096774,31.0,190.0,70.4375,62.03775941916342,5.721424530831385,1.0,651.0,652.0,0.9031684039107885,0.1110738172985152,0.3039822279930496,0.4366896085033469,0.156783253146295,72.30905506133345,71.93548387096774,0.7419354838709677,23.0,237.0,69.6875,83.82960302751052,5.921961298876588,0.0,809.0,809.0,0.7936179285031739,0.0903559452543634,0.2713481042377444,0.3173813506795314,0.119690146703896,73.09795971078003,0.0770898596204844,0.1676172277592936,80.37096774193549,203.0,77.875,-22.0,74.42309369409472,104.758064516129,0.4838709677419355,31.0,213.0,101.5,69.26669473852495,5.670158947237983,1.0,697.0,698.0,0.9372549019607844,0.1526317270093116,0.524705882352941,0.6909803921568625,0.2243260293576731,106.38431372549022,24.387096774193548,0.7419354838709677,24.0,74.0,23.625,24.334581874361433,5.189950566607483,0.0,501.0,501.0,0.5960784313725489,0.0535556338303784,0.172549019607843,0.2431372549019608,0.1006455560477627,26.831372549019605,0.9268324110243056,0.1660065204009429,1.3333333333333333,192,256,1123,1495
sciver_test_547,1,256,32,-2.5483870967742206,284.0,-2.4375,-729.0,218.93277185873748,123.4516129032258,0.4193548387096774,29.0,289.0,119.625,101.87515337411767,6.504143767301063,1.0,1897.0,1898.0,0.8260477561227829,0.0660102825088167,0.2224932140905478,0.3518605785807199,0.1184470694002102,125.22150591922528,126.00000000000004,0.967741935483871,21.0,734.0,122.0625,172.78381317053402,7.002446257318381,0.0,2318.0,2318.0,0.4560963459825944,0.0561040260895281,0.1675207915793049,0.2381601760484311,0.0786244116331681,130.0491324755263,0.1217518519912181,0.1703216612997425,112.98387096774192,374.0,109.46875,0.0,117.12172737557069,126.8225806451613,0.8064516129032258,24.0,384.0,122.875,122.82577854424534,6.357986263323788,1.0,1488.0,1489.0,0.7058823529411764,0.0845825426944971,0.3058823529411765,0.4143137254901955,0.1372440211367581,125.85882352941177,13.83870967741936,0.967741935483871,14.0,121.0,13.40625,25.8733204466976,6.035005450447069,0.0,822.0,822.0,0.3529411764705883,0.026692428796336,0.0666666666666666,0.1056862745098036,0.0409693858543441,21.94117647058824,0.9524207903964508,0.099540808522022,1.868613138686131,137,256,886,1661
sciver_test_549,1,256,32,-2.1612903225806437,180.0,-2.0625,-116.0,94.37622101859132,49.64516129032257,0.3548387096774194,18.0,186.0,48.125,56.63244984105844,5.535444947081636,1.0,488.0,489.0,0.9538598317465026,0.1007114115093573,0.2363735884510069,0.2980554873837779,0.138556182924543,49.14716881656637,51.80645161290322,0.6129032258064516,24.0,125.0,50.1875,50.98065656452455,5.089522184016998,0.0,378.0,378.0,0.6089706543624749,0.1383467844224862,0.4430345359747687,0.4870838462900332,0.1821608116450189,52.29508451169981,0.0678751674981307,0.1997367809700538,-16.0483870967742,1.0,-18.4375,-186.0,46.66699683662963,1.0161290322580645,0.0,1.0,2.0,1.03125,0.1739926363384381,-0.0,1.0,1.0,2.0,0.0039215686274509,0.0039215686274509,0.0039215686274509,0.0039215686274509,0.0,0.0039215686274509,17.064516129032256,0.0,8.0,188.0,19.46875,46.7793920806748,5.4092189865327285,0.0,477.0,477.0,0.2392156862745098,0.0323919924363875,0.0941176470588235,0.1192156862745097,0.0450824929547944,15.45098039215686,0.007428906501125,0.0317625046675876,0.953125,256,244,1744,1661
sciver_test_550,1,256,32,6.064516129032256,68.0,5.90625,-41.0,27.858301472586227,22.80645161290322,0.5161290322580645,21.0,70.0,22.125,19.72268680986442,4.4026681998102655,1.0,281.0,282.0,0.7418799067688578,0.0786598355386707,0.176760162516688,0.5851139012175786,0.1632380188455799,22.103413786366488,16.741935483870968,0.8064516129032258,17.0,63.0,16.21875,21.286343002909167,4.607619703862882,0.0,277.0,277.0,0.4739270599918928,0.0624031639175198,0.207715058550385,0.3033615163535929,0.100763213245856,17.285676405152998,0.0778724652536899,0.1455083249622852,10.43548387096774,65.0,10.125,-4.0,17.32366517224343,19.306451612903228,0.6129032258064516,21.0,66.0,18.71875,19.60745134986952,4.423291712335694,1.0,247.0,248.0,0.6235294117647059,0.0787489084702706,0.2549019607843137,0.5058823529411764,0.1454215181965494,19.45098039215686,8.870967741935486,0.8064516129032258,15.0,31.0,8.59375,12.10851811484378,3.829433272613096,0.0,152.0,152.0,0.3803921568627451,0.0624097007223942,0.2862745098039215,0.3507843137254901,0.1138721378249734,9.486274509803922,0.9153676884605192,0.1292445976719106,3.4594594594594597,74,256,203,706
sciver_test_555,1,256,32,8.419354838709676,120.0,8.1875,-137.0,73.91060373011439,48.677419354838705,0.6451612903225806,28.0,150.0,47.1875,48.24639721005082,5.919661027850287,1.0,1138.0,1139.0,0.6099442116844135,0.0424336807195781,0.0973897446025233,0.1771860291584009,0.0874824033758543,48.28952865887989,40.25806451612903,0.8064516129032258,18.0,168.0,39.0,55.769615383289135,5.647700583301082,0.0,987.0,987.0,0.5264083853769118,0.0427251883989491,0.1381936771186592,0.2438439384156706,0.0868518064215718,42.16976094976276,0.1357125238234862,0.1784001579014919,34.7258064516129,140.0,33.71875,-62.0,49.91069172469462,54.56451612903226,0.6451612903225806,30.0,145.0,52.9375,41.442684441889135,5.440260263043515,1.0,890.0,891.0,1.0,0.0619960343688037,0.1847058823529412,0.4509803921568628,0.1394864405572881,55.1764705882353,19.83870967741936,0.9032258064516128,20.0,104.0,19.21875,30.50382596392623,5.474918256428042,0.0,567.0,567.0,0.5607843137254902,0.0388491198948715,0.0784313725490195,0.1439215686274506,0.0680209334162447,22.027450980392157,0.8289402447622884,0.2217891453677349,1.7534246575342465,146,256,410,717
sciver_test_556,1,256,32,-10.419354838709676,284.0,-10.0625,-343.0,172.7033108940011,89.6451612903226,0.4838709677419355,30.0,289.0,86.875,89.88038926818241,6.2593830332143305,1.0,1256.0,1257.0,0.8805363815097791,0.0711562593376119,0.2006031596697209,0.2874313554010481,0.112975447973461,89.3722617280406,100.06451612903228,0.7741935483870968,20.0,386.0,96.9375,133.33813630672208,6.514352544825129,0.0,1527.0,1527.0,0.5779604464037367,0.0684867557800712,0.2180849428648635,0.2634895360717034,0.0946421334387207,104.57927607616875,0.1478784916052614,0.1844191722859922,59.14516129032256,215.0,57.3125,-77.0,81.98225322440217,86.72580645161288,0.6129032258064516,25.0,229.0,84.03125,86.76350196619256,6.051505634879964,1.0,1134.0,1135.0,0.8,0.077884981152955,0.2470588235294117,0.396078431372549,0.1322552109729872,88.32156862745097,27.580645161290324,0.967741935483871,16.0,113.0,26.71875,37.60587917384063,5.5195749340055675,0.0,762.0,762.0,0.4470588235294117,0.0410117852915444,0.136862745098039,0.2309803921568621,0.079908527709179,31.25098039215686,0.916018865478884,0.1476372651898747,0.40625,256,104,2933,1193
sciver_test_558,1,256,32,-19.000000000000004,158.0,-18.375,-210.0,118.31809614340489,76.35483870967741,0.2903225806451612,30.0,163.0,74.0,57.22870783094792,5.707812986111909,1.0,598.0,599.0,0.990032367980214,0.1268866684114605,0.2945580761355318,0.4709629566811692,0.1743969130218975,75.87822771005342,95.35483870967742,0.7096774193548387,23.0,250.0,92.375,92.81694012948284,5.875980215786219,0.0,702.0,702.0,0.6555132128892375,0.1373773034459302,0.3820291106970555,0.459397087933493,0.1592284191069126,96.438867019043,0.0887345319677526,0.1942822146437386,43.322580645161295,156.0,42.0625,-105.0,71.76913399052548,87.74193548387098,0.3548387096774194,30.0,168.0,85.09375,49.7068653300276,5.502993000204052,1.0,682.0,683.0,1.0,0.1289805071588753,0.4815686274509803,0.7450980392156863,0.2195868312746054,87.96470588235294,44.41935483870968,0.967741935483871,25.0,134.0,43.03125,43.15559376763921,5.353918756654711,0.0,623.0,623.0,0.8352941176470589,0.0759512793881597,0.2470588235294117,0.4231372549019607,0.1456808953663051,47.31764705882353,0.8575237199371937,0.2507874992092812,2.0,128,256,900,1800
sciver_test_562,1,256,32,-14.58064516129033,197.0,-14.09375,-242.0,126.49835951876015,64.51612903225805,0.4838709677419355,29.0,223.0,62.53125,65.33709913546438,5.7964399542846,1.0,775.0,776.0,0.8794301385880998,0.0830625481547564,0.2517985532982741,0.3380571414449217,0.1228268201740146,64.37347481993625,79.09677419354837,0.7419354838709677,22.0,264.0,76.625,90.66550818806456,5.975062104195155,0.0,850.0,850.0,0.5238436195194677,0.0941303987535829,0.2901826481645457,0.3576964182607769,0.1205055648569261,80.01083894054551,0.0775264780782674,0.1619154622132407,68.19354838709678,197.0,66.15625,-26.0,67.89334898160128,89.29032258064517,0.4516129032258064,30.0,201.0,86.59375,58.77598328345941,5.494399063439111,1.0,648.0,649.0,0.996078431372549,0.1388525780682643,0.5058823529411764,0.7109803921568626,0.2257597057172591,89.97647058823529,21.09677419354839,0.967741935483871,17.0,61.0,20.4375,22.80342285162471,4.7481732465911595,0.0,419.0,419.0,0.6823529411764706,0.0573353923908465,0.2282352941176469,0.3921568627450981,0.1213331571396901,24.0235294117647,0.8939700149065475,0.1897820201307045,1.4970760233918128,171,256,600,900
sciver_test_563,1,256,32,-62.19354838709679,394.0,-60.21875,-660.0,251.8951585450532,114.03225806451611,0.2903225806451612,30.0,398.0,110.5,117.8637985133688,6.395022459298522,1.0,1675.0,1676.0,0.9388376059060136,0.0689214549116853,0.2032644712974953,0.3034343093765989,0.1283290341640349,115.4434369770729,176.22580645161293,0.967741935483871,24.0,669.0,170.71875,172.62825564906083,6.749024469407934,0.0,1969.0,1969.0,0.6725679020059763,0.0895203354930881,0.3058694985250049,0.4107433466690554,0.1328841239210837,176.26554058589048,0.0622173687594574,0.1667614195078849,95.62903225806448,257.0,92.65625,-279.0,107.62597542386084,131.20967741935485,0.3225806451612903,30.0,257.0,127.125,77.23047892509796,5.883736291964407,1.0,1437.0,1438.0,0.9333333333333332,0.0944205657210692,0.2721568627450983,0.7223529411764709,0.2102556116708946,135.68235294117645,35.580645161290334,0.967741935483871,16.0,355.0,34.46875,65.53767255127008,6.004211112858685,0.0,1220.0,1220.0,0.6431372549019607,0.0357634201221472,0.0435294117647064,0.0864705882352939,0.0886822870404584,43.631372549019645,0.9466906459553518,0.1220832554110662,1.1082251082251082,231,256,1496,1661
sciver_test_564,1,256,32,-96.80645161290322,261.0,-93.75,-416.0,178.67410976411776,80.16129032258065,0.1290322580645161,30.0,261.0,77.6875,67.04077001161308,6.114881188083573,1.0,1331.0,1332.0,0.9802777620685026,0.0583448301917376,0.161679443033303,0.2325616562030641,0.1121727876195637,77.65696898520278,176.9677419354839,0.8387096774193548,27.0,426.0,171.4375,131.6132918581934,6.44805731979177,0.0,1550.0,1550.0,0.8521583451431956,0.1183008690257213,0.3975441318294892,0.5298663579309418,0.1766712925994236,183.36634698986813,0.0673453602465039,0.1742906331813084,41.516129032258064,167.0,42.84375,-11.0,38.825820479901004,69.83870967741936,0.0,29.0,167.0,70.28125,29.747094789869816,5.227814221056813,1.0,767.0,768.0,1.0,0.0894598256512513,0.1701960784313725,0.7764705882352941,0.2183249188862403,68.61568627450978,28.322580645161292,0.6129032258064516,25.0,63.0,27.4375,18.304605807009334,4.962354216625647,0.0,961.0,961.0,0.9176470588235294,0.0367223684478994,0.0235294117647059,0.1333333333333334,0.1327285273738086,35.290196078431364,0.955715762867647,0.154738614124933,1.0,256,256,664,664
sciver_test_565,1,256,32,-15.225806451612906,74.0,-14.71875,-265.0,99.60272159151828,58.74193548387097,0.7419354838709677,29.0,172.0,56.9375,48.85945245037034,6.007134539988272,1.0,792.0,793.0,0.9579748864435016,0.0736329781052535,0.1870619486118755,0.2659267756813682,0.0985188922740542,58.31731865936078,73.96774193548386,0.8387096774193548,23.0,299.0,71.65625,96.44869406030078,6.01254183667055,0.0,841.0,841.0,0.6220462004649356,0.0895457586248345,0.2405926341436972,0.3220217301474751,0.1124107899193117,75.30798300348587,0.083405849703483,0.1604535729513554,53.88709677419356,166.0,52.21875,0.0,56.16311866730248,60.91935483870968,0.7419354838709677,26.0,172.0,59.03125,58.18316142525688,5.698143360319985,1.0,596.0,597.0,0.8313725490196078,0.1031122516120542,0.2647058823529411,0.4235294117647059,0.1320180060913044,61.45490196078431,7.032258064516131,0.9032258064516128,11.0,34.0,6.8125,11.907029173979543,4.704507843248986,0.0,301.0,301.0,0.396078431372549,0.0282457168914077,0.0823529411764705,0.1294117647058823,0.0541262366090893,8.501960784313722,0.958948435143288,0.1122619950031648,2.4615384615384617,104,256,506,1246
sciver_test_571,1,256,32,-40.741935483870975,228.0,-39.4375,-386.0,199.9712381662673,104.22580645161293,0.4193548387096774,30.0,278.0,101.0,84.96543414824643,6.034160996367618,1.0,914.0,915.0,0.9601443320046592,0.1134831981154367,0.2998174577143835,0.4129988022112809,0.1657662576282465,103.72364307750914,144.96774193548384,0.7096774193548387,24.0,443.0,140.4375,158.41005679485755,6.294175589021687,0.0,1187.0,1187.0,0.590507726303926,0.1239718430844364,0.3806927535874924,0.4340109787133266,0.1550589221089187,147.154577741226,0.0769364421089804,0.1810742129089883,90.62903225806453,160.0,88.53125,1.0,43.960198173319235,106.91935483870968,0.3548387096774194,31.0,172.0,104.3125,40.39758462767298,5.520664794870249,1.0,745.0,746.0,1.0,0.1450664561126463,0.6360784313725496,0.8180392156862741,0.2574734174964171,108.07450980392156,16.29032258064516,0.935483870967742,21.0,35.0,15.78125,12.07459723707172,4.685414747848334,0.0,599.0,599.0,0.7411764705882353,0.0336835902975547,0.0400000000000001,0.1611764705882353,0.1064125301131601,20.176470588235286,0.9541257173601148,0.1545509663990029,1.248780487804878,205,256,232,290
sciver_test_573,1,256,32,-7.870967741935489,195.0,-7.59375,-235.0,114.08518182015358,61.96774193548387,0.4838709677419355,30.0,208.0,60.0625,60.77414000831275,5.801411107798243,1.0,768.0,769.0,0.9948389060558004,0.0784718556853684,0.2117817146837179,0.3112761431599447,0.1252633626141761,60.266385166362994,69.83870967741936,0.8064516129032258,24.0,251.0,67.65625,86.41311003509537,5.976011112293802,0.0,877.0,877.0,0.7593784337149098,0.0828992962363442,0.2583659808444999,0.3141841205265479,0.1137276616814756,72.7026827992739,0.1453193676530451,0.22116406830405,62.758064516129025,197.0,60.84375,1.0,62.25909038797065,77.43548387096774,0.5806451612903225,26.0,199.0,75.0625,67.26994941093683,5.56587836934221,1.0,617.0,618.0,1.0,0.1260495121873709,0.456470588235294,0.5686274509803921,0.1856855742523472,77.77254901960785,14.677419354838712,0.8709677419354839,19.0,48.0,14.21875,18.266660845307772,4.938872117457423,0.0,433.0,433.0,0.392156862745098,0.0389530408006158,0.1247058823529412,0.257254901960784,0.0772650355903204,16.866666666666664,0.8924624970470116,0.2006370064567595,3.0843373493975905,83,256,459,1412
sciver_test_576,1,256,32,-43.06451612903227,204.0,-41.6875,-435.0,195.9429823794412,103.1290322580645,0.4838709677419355,29.0,280.0,99.9375,85.84758932986995,6.364306063295539,1.0,1048.0,1049.0,0.9361363654152008,0.098906116796132,0.2407827145473918,0.3365749099316726,0.1175454666481944,103.6536104023464,146.1935483870968,0.8387096774193548,25.0,452.0,141.625,155.01305388579377,6.587015063178301,0.0,1339.0,1339.0,0.7522177194145857,0.110302444756223,0.2874043523037934,0.3664463021067384,0.1283687087666878,147.6949735285827,0.1396431037652104,0.2189381143483718,68.91935483870968,331.0,66.78125,-119.0,116.98283377674478,89.08064516129032,0.7096774193548387,20.0,333.0,86.3125,109.80392681388948,6.28227564514341,1.0,969.0,970.0,0.596078431372549,0.0931989720552823,0.2313725490196078,0.3396078431372545,0.1085439809500951,90.30980392156862,20.161290322580648,0.9032258064516128,11.0,192.0,19.53125,45.57616178922376,5.90448934573253,0.0,649.0,649.0,0.3333333333333333,0.0352518202966856,0.0941176470588235,0.131764705882353,0.0419452275532488,22.878431372549016,0.9489481209150328,0.1055560372256951,2.0317460317460316,126,256,690,1401
sciver_test_577,1,256,32,-6.677419354838709,212.0,-6.4375,-308.0,138.7668767889153,57.70967741935483,0.6451612903225806,30.0,221.0,55.9375,69.83817790972213,5.926526137725171,1.0,922.0,923.0,0.9928722341326744,0.0615606303026659,0.1819782337719707,0.2373732659406219,0.099667119346974,56.758901139058025,64.38709677419355,0.8387096774193548,17.0,315.0,62.375,102.3168332924744,6.1966434990325165,0.0,1032.0,1032.0,0.8948352740807464,0.0648139102676094,0.2000907846792357,0.2469712747859011,0.0870428312713283,66.88795539617298,0.1088202130214428,0.162573064306851,57.435483870967744,230.0,55.84375,-84.0,80.97650483898092,87.19354838709677,0.5806451612903225,29.0,246.0,84.6875,74.78570948884553,5.862161235457128,1.0,891.0,892.0,1.0,0.0977619330560506,0.2901960784313725,0.4843137254901961,0.1576463419913687,87.10588235294117,29.758064516129036,0.967741935483871,20.0,119.0,28.84375,36.5967120919011,5.34732270304238,0.0,603.0,603.0,0.4470588235294117,0.05513608428446,0.2188235294117649,0.3215686274509803,0.0976796777102324,33.24705882352941,0.8819937859654732,0.202106367843585,2.782608695652174,92,256,363,1009
sciver_test_578,1,256,32,-5.483870967741932,329.0,-5.28125,-222.0,168.38501907366197,88.06451612903228,0.3225806451612903,25.0,338.0,85.34375,105.85473813645518,5.959986411522438,1.0,791.0,792.0,0.9795313028178816,0.1105437926008943,0.266245155934623,0.3589409626478668,0.1483401244987698,87.44013994730746,93.5483870967742,0.6774193548387096,24.0,242.0,90.625,91.74548694622533,5.774188946524411,0.0,787.0,787.0,0.641680720175293,0.1212619455534756,0.4094335098187299,0.4495863539353926,0.1672948594783408,95.43315115058527,0.111952700451336,0.2272300026258644,44.53225806451613,228.0,43.15625,-29.0,70.33096285376378,59.62903225806451,0.5806451612903225,22.0,235.0,57.78125,71.16386652253726,5.6208642271271945,1.0,681.0,682.0,0.7215686274509804,0.0899311853963318,0.2823529411764706,0.4156862745098039,0.140859947110691,61.24313725490196,15.096774193548388,0.967741935483871,14.0,53.0,14.625,19.403205276448528,4.506801852241858,0.0,311.0,311.0,0.4313725490196078,0.0537671016959838,0.2117647058823529,0.3529411764705882,0.1050795267217267,16.721568627450978,0.9645697582894946,0.1056379254257582,2.0813008130081303,123,256,799,1660
sciver_test_579,1,256,32,0.9999999999999968,129.0,1.0,-250.0,87.60136985230311,69.45161290322581,0.5483870967741935,29.0,172.0,67.3125,46.09598511530045,5.535717040365153,1.0,843.0,844.0,0.984532004454278,0.0819934419150767,0.2096574525806664,0.5552860108437858,0.1681103185295534,69.12047153440969,68.4516129032258,0.9032258064516128,27.0,268.0,66.3125,73.64757187952635,5.825398932121377,0.0,1095.0,1095.0,0.8548822528828904,0.0646860492473626,0.177703727879231,0.3070856192509297,0.1301542697500371,70.83122392586209,0.075469213758631,0.1474725418477342,56.887096774193544,186.0,55.125,-44.0,70.03247014778216,70.79032258064517,0.8064516129032258,20.0,203.0,68.59375,76.97599438095945,5.722922900678733,1.0,735.0,736.0,0.6235294117647059,0.0980979058289982,0.3160784313725491,0.432549019607843,0.1446261526514862,72.10196078431372,13.903225806451616,0.967741935483871,15.0,100.0,13.46875,24.96620763026495,5.521194359596111,0.0,749.0,749.0,0.2980392156862745,0.0242833582030943,0.0666666666666666,0.1098039215686274,0.0508818882721039,18.18823529411764,0.97140522875817,0.081229098736553,1.8962962962962964,135,256,363,687
sciver_test_580,1,256,32,-8.903225806451616,174.0,-8.59375,-160.0,98.06243526925844,54.77419354838708,0.3870967741935484,28.0,179.0,53.09375,49.006606298921575,5.541851932147928,1.0,1014.0,1015.0,0.991885110657682,0.0527995256194495,0.15106012693228,0.3023375804564967,0.1222251708960085,53.538718978121835,63.67741935483872,0.7096774193548387,22.0,183.0,61.6875,68.50339293604368,5.608314230341364,0.0,975.0,975.0,0.7282405379074962,0.066539056817807,0.2649128210347843,0.3807057500510743,0.1275936999352491,64.87558039736189,0.0689423107767642,0.1876364152831251,61.596774193548384,145.0,60.09375,1.0,34.96369489824409,70.35483870967742,0.2580645161290322,26.0,146.0,68.625,31.91859763523454,5.1953111408702215,1.0,826.0,827.0,1.0,0.0862602668185918,0.2666666666666667,0.7264705882352942,0.2106341618849594,71.25098039215686,8.758064516129036,0.967741935483871,19.0,35.0,8.53125,8.392646986350611,4.24888636896657,0.0,355.0,355.0,1.0,0.0302016017674675,0.0470588235294118,0.0705882352941176,0.0996388362552692,10.721568627450978,0.6173547212180961,0.4688463656472211,1.4301675977653632,179,256,568,814
sciver_test_581,1,256,32,24.03225806451612,246.0,23.3125,-516.0,203.44846360626565,121.93548387096774,0.6451612903225806,29.0,289.0,118.15625,82.18770793699932,6.3117437571065445,1.0,1198.0,1199.0,0.9938345771439804,0.1002129989341205,0.2764039044540558,0.3989464209990273,0.1437904017975259,120.0551727230764,97.90322580645162,0.8709677419354839,19.0,528.0,94.84375,158.30866001560844,6.715956401879817,0.0,1701.0,1701.0,0.6147875549727819,0.059492612911298,0.1655217743545606,0.2114393355219905,0.0770282345967172,101.19693456211805,0.1051739824207046,0.1735307267123919,79.03225806451611,289.0,78.8125,-82.0,94.20703181689782,112.9516129032258,0.5806451612903225,31.0,296.0,111.8125,90.59781919974677,6.203748129701056,1.0,1136.0,1137.0,1.0,0.099485639326153,0.3019607843137254,0.4156862745098039,0.1497670383160441,113.0156862745098,33.91935483870968,0.8709677419354839,25.0,121.0,33.0,43.30704330706496,5.9368703054554555,0.0,934.0,934.0,0.3372549019607842,0.0405424696645253,0.1490196078431372,0.188235294117647,0.0642927859948799,37.86666666666666,0.8897927759465855,0.2398760806660536,1.471264367816092,174,256,909,1341
sciver_test_583,1,256,32,4.12903225806452,483.0,4.03125,-452.0,284.3651354745119,148.96774193548387,0.4193548387096774,31.0,487.0,144.34375,157.93147433598378,6.4482442189314995,1.0,1312.0,1313.0,0.9889632462130374,0.1137287077004845,0.3010852533688075,0.396041953032523,0.1530327029164234,149.21206450303572,144.83870967741936,0.7419354838709677,21.0,489.0,140.3125,179.09973434863045,6.630288836956887,0.0,1668.0,1668.0,0.7924849523315883,0.0892843706455411,0.2838971089324459,0.3446767806325881,0.1185647372703038,148.92633023676268,0.1788154625460652,0.2357611694009172,113.79032258064515,483.0,110.25,-59.0,172.4818831066034,156.30645161290326,0.5161290322580645,27.0,486.0,151.4375,159.78988889710763,6.370973053241023,1.0,1299.0,1300.0,0.8431372549019608,0.1222569397273921,0.3576470588235296,0.4784313725490196,0.1713578569724939,158.81176470588235,42.51612903225808,0.7741935483870968,16.0,129.0,41.1875,52.006873043377645,5.5942470452200155,0.0,926.0,926.0,0.4862745098039216,0.0515139965273366,0.1999999999999999,0.3323529411764706,0.1052772884896497,47.70196078431371,0.9011264845703382,0.1734168197307686,1.7181208053691277,149,256,350,600
sciver_test_584,1,256,32,-71.6774193548387,234.0,-69.40625,-470.0,209.83905430338152,103.87096774193547,0.4193548387096774,31.0,279.0,100.65625,90.19306007635788,6.499093325401471,1.0,1218.0,1219.0,0.9044187241301388,0.0838037138493385,0.1771215592650146,0.2735424550105947,0.1156775290508097,102.07292346849434,175.54838709677418,0.8064516129032258,24.0,516.0,170.0625,189.24536610905432,6.662125322727128,0.0,1610.0,1610.0,0.6226910628909615,0.1105884338859774,0.3203232862431425,0.398778870959255,0.1339948752873222,178.04737855642375,0.0758956951309269,0.1564403659283609,81.37096774193549,269.0,78.84375,-144.0,110.97440847302364,113.01612903225804,0.5161290322580645,27.0,269.0,109.5,91.8225190244746,6.213485933926293,1.0,1042.0,1043.0,0.8392156862745098,0.1102216702419931,0.2784313725490195,0.5017647058823527,0.1566602874545777,114.85098039215686,31.645161290322584,0.967741935483871,15.0,173.0,30.65625,49.56095323878971,5.665855120421609,0.0,956.0,956.0,0.4509803921568627,0.0396628107309869,0.1254901960784313,0.2127450980392157,0.0802743687041551,37.91764705882352,0.9634380074882716,0.113853109332953,1.5705521472392638,163,256,1054,1660
sciver_test_585,1,256,32,-71.58064516129033,377.0,-69.3125,-624.0,292.3100277851412,194.8709677419355,0.935483870967742,31.0,473.0,188.8125,119.5435165274554,6.961043018907936,1.0,2381.0,2382.0,0.9858796234805426,0.0811572757633421,0.1890209543587694,0.2998441652293817,0.1359126164956638,193.2354735925176,266.4516129032258,0.7741935483870968,23.0,705.0,258.125,266.0797284180063,7.136625635022082,0.0,2940.0,2940.0,0.6939347238048769,0.0911254814757555,0.3053456611760156,0.3925192678650475,0.1319135380652288,267.9089155387214,0.0829874857836127,0.1676796175901271,165.14516129032256,361.0,160.0,-496.0,162.2170613714846,228.53225806451613,0.935483870967742,30.0,424.0,221.40625,132.69557720940628,6.823705680740905,1.0,2049.0,2050.0,0.9529411764705882,0.1115972401649776,0.2901960784313725,0.5278431372548998,0.1716184569388597,228.6627450980392,63.38709677419357,0.967741935483871,20.0,689.0,61.40625,122.16020715002696,6.8091015318200965,0.0,2742.0,2742.0,0.580392156862745,0.0311022439610417,0.0392156862745097,0.0743137254901953,0.0769654620222024,85.28235294117644,0.9460583256740196,0.1211987812017647,1.0,256,256,1661,1661
sciver_test_586,1,256,32,-34.96774193548388,152.0,-33.84375,-528.0,183.8226232973991,77.61290322580646,0.4193548387096774,29.0,164.0,75.21875,56.14141428960888,6.067830211240533,1.0,1102.0,1103.0,0.7668323342321619,0.0703118359821589,0.2027243669104352,0.3526192413261321,0.1206900655128028,77.48364325233919,112.58064516129036,0.9032258064516128,22.0,533.0,109.0625,158.3459301458361,6.668523727078377,0.0,1394.0,1394.0,0.5760717041835172,0.0830422101053955,0.1977014219670922,0.2456096280492931,0.0909146633527329,115.7608408869214,0.0594822412196709,0.1342068421338478,46.596774193548384,179.0,45.15625,-175.0,78.4857110303366,63.24193548387097,0.8387096774193548,21.0,197.0,61.28125,67.63146197175912,5.856285066940995,1.0,851.0,852.0,0.6313725490196078,0.0747356051703877,0.2470588235294117,0.3862745098039215,0.1205284632206364,63.599999999999994,16.645161290322587,0.967741935483871,10.0,190.0,16.125,41.50207073147074,5.78088541749959,0.0,644.0,644.0,0.2627450980392157,0.032170259408111,0.0862745098039216,0.1092156862745099,0.0420962374840674,20.717647058823523,0.9813873291015626,0.0594478858606882,1.0,256,256,2700,2700
sciver_test_588,1,256,32,-6.35483870967742,172.0,-6.125,-157.0,99.396852943139,53.77419354838708,0.3225806451612903,29.0,174.0,52.125,52.72377902806285,5.421797966615701,1.0,513.0,514.0,0.988969065235076,0.1040128712757085,0.3024609400911576,0.4324400964468005,0.1562634756173655,53.3586029644385,60.12903225806451,0.7096774193548387,22.0,174.0,58.25,63.714205637361594,5.51368141402243,0.0,615.0,615.0,0.6206679430987816,0.0997558579580635,0.3304084950951089,0.4134649466050427,0.141679548616428,61.34985264420909,0.0590933341050829,0.1576401998139004,41.435483870967744,128.0,40.15625,-8.0,42.6094981892242,56.08064516129033,0.4838709677419355,29.0,134.0,54.34375,40.24270848163056,5.141549410785888,1.0,491.0,492.0,0.976470588235294,0.1155145561279501,0.4313725490196078,0.6627450980392158,0.2020205654534536,56.71764705882352,14.64516129032258,0.7419354838709677,19.0,46.0,14.1875,15.571282662324258,4.276361976881865,0.0,269.0,269.0,0.5568627450980392,0.0603250965813834,0.1937254901960785,0.4376470588235294,0.1286662468756875,16.227450980392153,0.9575369312127024,0.1303528525907235,1.391304347826087,184,256,1122,1562
sciver_test_591,1,256,32,-20.000000000000007,269.0,-19.34375,-314.0,144.38611631987857,70.29032258064515,0.5806451612903225,30.0,285.0,68.125,78.09959586963302,6.0891013165580565,1.0,1096.0,1097.0,0.96473437680267,0.0628067290402921,0.1435949233734217,0.2331040482258897,0.1081985015970881,68.8361750281602,90.29032258064515,0.8387096774193548,21.0,370.0,87.46875,123.89788748577396,6.28320940851006,0.0,1319.0,1319.0,0.4465178600732431,0.0714255432527313,0.2458908767231875,0.2903307057943148,0.100633230726871,94.2102915503526,0.0513740213701703,0.1127647586290471,55.96774193548387,227.0,54.3125,-14.0,65.61080203556423,68.83870967741935,0.5483870967741935,26.0,228.0,66.78125,64.17346335080802,5.733810149085441,1.0,835.0,836.0,0.996078431372549,0.0840342843724316,0.2196078431372549,0.4219607843137252,0.1497113838372827,70.16862745098038,12.870967741935488,0.8387096774193548,14.0,49.0,12.46875,17.29700908936282,5.136670079802691,0.0,586.0,586.0,0.4509803921568627,0.0283945660175332,0.0705882352941176,0.1754901960784314,0.0648838043411685,16.639215686274504,0.9719489777618364,0.0903436392439157,1.248780487804878,205,256,2400,3000
sciver_test_593,1,256,32,-13.935483870967747,854.0,-13.46875,-827.0,491.1335093672977,261.0322580645161,0.4838709677419355,30.0,874.0,252.90625,283.33740480377367,7.106378958554977,1.0,3027.0,3028.0,0.9835905176293852,0.0878401422039712,0.2534650120204883,0.3433831750923909,0.1382356263010528,265.892110451421,274.9677419354839,0.7741935483870968,20.0,931.0,266.375,339.1258754135402,7.405405666172282,0.0,3544.0,3544.0,0.4868275294159246,0.0805996088650907,0.2650780137918668,0.319287151585579,0.1073411817779183,285.6450138178815,0.1232375724324164,0.1841092750416258,176.88709677419357,620.0,171.375,0.0,215.76560633011,205.43548387096777,0.6774193548387096,24.0,664.0,199.03125,228.50704097125217,6.818861523310309,1.0,2188.0,2189.0,0.7058823529411764,0.0954565006989998,0.3098039215686274,0.415686274509804,0.141535669199405,208.85882352941175,28.548387096774203,0.967741935483871,13.0,137.0,27.65625,45.3463128152389,6.289191347105788,0.0,1551.0,1551.0,0.2980392156862745,0.025231033741672,0.0823529411764705,0.1686274509803921,0.0491223788260038,39.13333333333332,0.9577700090452848,0.0973154894021705,0.984375,256,252,6157,6050
sciver_test_598,1,256,32,-41.40322580645162,260.0,-40.0625,-304.0,176.53079361332402,107.37096774193547,0.1612903225806451,30.0,262.0,104.0625,74.06075947321901,6.218382580622691,1.0,971.0,972.0,0.9970889762608413,0.1113859836985993,0.2678019530263584,0.3892875548062146,0.1464043785210746,108.15579017134,148.7741935483871,0.7096774193548387,26.0,358.0,144.125,134.76362407934866,6.418724591900962,0.0,1196.0,1196.0,0.7382805875052227,0.12536675641556,0.3433859060410177,0.4258696025416154,0.1481742460013232,149.9386406730098,0.1421855433703787,0.2429201636097572,64.99999999999999,215.0,66.34375,-60.0,81.2186898807011,129.6774193548387,0.0,30.0,215.0,129.0,55.024994320763,5.7097358365087025,1.0,888.0,889.0,1.0,0.1476108461402578,0.6,0.814313725490196,0.2588664298659524,131.078431372549,64.67741935483872,0.6451612903225806,28.0,141.0,62.65625,41.32841741389936,5.451362054587399,0.0,809.0,809.0,0.9686274509803922,0.0842385903681621,0.2941176470588235,0.5199999999999996,0.1714229428195829,68.14901960784314,0.6935418114096031,0.3469931153248587,2.015748031496063,127,256,445,896
sciver_test_599,1,256,32,-0.6774193548387104,28.0,-0.625,-27.0,18.261554561427676,11.290322580645164,0.3225806451612903,27.0,29.0,10.96875,9.101800560191371,3.9168715834938217,1.0,191.0,192.0,0.8244574183992612,0.0554588451490418,0.1975458366818093,0.3232955718835906,0.1224542739003007,10.592639423466984,11.96774193548387,0.8709677419354839,20.0,29.0,11.59375,11.426010280824189,4.012850185014023,0.0,125.0,125.0,0.5716886275301859,0.0962587823512471,0.2823897010903321,0.4077173545948835,0.1340875174828488,12.032347793905888,0.0348468447277266,0.1445377635469316,7.919354838709676,18.0,7.53125,-13.0,9.093213042566417,12.999999999999998,0.8064516129032258,26.0,20.0,12.65625,5.211821748438831,3.401170861057317,1.0,110.0,111.0,0.9568627450980391,0.1107664884135472,0.3654901960784317,0.7523529411764704,0.2296447078937094,12.184313725490195,5.080645161290324,0.8387096774193548,11.0,26.0,5.125,6.771955035290769,3.599152289733994,0.0,132.0,132.0,1.0,0.0430184194890077,0.0854901960784314,0.2470588235294117,0.1088136949557749,5.67843137254902,0.5757413925285754,0.3374100433020202,1.2132701421800949,211,256,478,581
sciver_test_604,1,256,32,-3.3870967741935485,139.0,-3.25,-123.0,58.158726774233976,24.129032258064516,0.6451612903225806,29.0,150.0,23.40625,34.52884607017008,5.246474685730595,1.0,459.0,460.0,0.7978815700447398,0.0497316974242644,0.1393296386186518,0.1908871434926718,0.084108719684292,22.82684911773739,27.516129032258064,0.8709677419354839,18.0,129.0,26.65625,41.4084905054205,5.353467107518532,0.0,533.0,533.0,0.6506403732099515,0.0535416835337075,0.168581070774019,0.2242030567719372,0.084395303162086,28.537717323466115,0.0507210070494542,0.1348052332808516,26.17741935483871,105.0,25.46875,-9.0,35.050841979009576,38.69354838709677,0.6129032258064516,28.0,109.0,37.59375,32.64760651161889,4.9322689413241205,1.0,391.0,392.0,1.0,0.0972268191163933,0.3137254901960785,0.5352941176470587,0.1709330970259012,38.01568627450981,12.516129032258064,0.7741935483870968,19.0,45.0,12.125,16.38358553552915,4.690268022458353,0.0,299.0,299.0,0.3411764705882353,0.0468752049314709,0.1764705882352941,0.2749019607843136,0.0809889714676801,14.015686274509804,0.9596411166210672,0.1440708476210243,1.4883720930232558,172,256,1625,2418
sciver_test_605,1,256,32,-0.8709677419354862,139.0,-0.8125,-143.0,66.11847203127127,44.096774193548384,0.5483870967741935,31.0,151.0,42.75,41.06549646601146,5.26769729686949,1.0,655.0,656.0,0.9557128229602344,0.0668531010499938,0.155583477759907,0.3754393988807488,0.1405900196189905,43.78878118774594,44.96774193548387,0.935483870967742,24.0,160.0,43.5625,55.30649684937566,5.617343445514285,0.0,786.0,786.0,0.8347663978757757,0.0598807808452989,0.1873191089810483,0.2669929648072193,0.1062247004825951,47.066293744404966,0.0511101211766743,0.1189734598198721,37.33870967741935,118.0,36.1875,-29.0,38.27159316973883,49.20967741935484,0.4838709677419355,30.0,118.0,47.6875,37.55033080746426,5.040428312749302,1.0,513.0,514.0,0.9490196078431372,0.0976340633719374,0.4094117647058825,0.589019607843137,0.1888007283933702,50.086274509803914,11.870967741935486,0.967741935483871,16.0,57.0,11.5,15.75396775418815,4.619474930723682,0.0,302.0,302.0,0.403921568627451,0.0460199974029346,0.1172549019607844,0.2666666666666667,0.0860856640869754,13.898039215686271,0.9679451736749388,0.1061285413567177,2.0,128,256,830,1661
sciver_test_606,1,256,32,44.32258064516129,596.0,42.96875,-705.0,328.9276596357283,223.0322580645161,0.6129032258064516,30.0,747.0,216.09375,218.05466048891847,7.053745192758159,1.0,2303.0,2304.0,0.9797353750213004,0.0966490074877762,0.2642207349041848,0.3240054878724105,0.1217878425218234,222.58266424434868,178.70967741935482,0.8709677419354839,21.0,746.0,173.125,234.3950658077085,7.119867815782512,0.0,2739.0,2739.0,0.5662111887894608,0.0665361525297458,0.1924462874825457,0.2637649128617215,0.0907129211905457,182.24252177897392,0.1076618934649527,0.1781651607489525,241.4032258064516,540.0,233.9375,1.0,178.8821080872819,277.0483870967742,0.6774193548387096,31.0,608.0,268.46875,194.70714938963465,6.72655131074851,1.0,1890.0,1891.0,1.0,0.1487311961821766,0.4274509803921568,0.5882352941176471,0.2003329032426258,281.10196078431375,35.64516129032258,0.8064516129032258,22.0,114.0,34.53125,37.65383809703202,5.72932815124023,0.0,1004.0,1004.0,0.5058823529411764,0.0405319896883056,0.1411764705882353,0.2352941176470588,0.0819200929061385,40.69411764705882,0.9445180626598464,0.1405804111962147,0.8984375,256,230,800,720
sciver_test_608,1,256,32,-18.322580645161295,239.0,-17.71875,-261.0,162.06793220263378,91.1290322580645,0.3548387096774194,30.0,246.0,88.3125,81.03334093908506,6.133322306983018,1.0,1017.0,1018.0,0.9095139136889464,0.0888154653531088,0.2103635228218026,0.2801147529543871,0.1311333548459498,90.3253282641117,109.4516129032258,0.8064516129032258,21.0,284.0,106.03125,109.77376860360356,6.067541405347436,0.0,1142.0,1142.0,0.6929312143817107,0.0983232429991102,0.3517589660826475,0.4739676732056119,0.1528294508713968,112.28514350498384,0.1075512592482703,0.1962780253465778,46.62903225806451,203.0,45.1875,-68.0,64.13629895581752,61.91935483870968,0.4838709677419355,26.0,203.0,60.0,60.92002954693965,5.725131192151767,1.0,784.0,785.0,0.8823529411764706,0.0803721488595438,0.192156862745098,0.3831372549019601,0.1371379467691733,63.01176470588234,15.290322580645164,0.967741935483871,16.0,86.0,14.8125,20.2043273520798,4.661601985124592,0.0,367.0,367.0,0.4823529411764705,0.0477854357001656,0.1270588235294132,0.3258823529411763,0.1011162993934915,17.53725490196078,0.9543856663035586,0.1203336326566099,1.5802469135802468,162,256,542,856
sciver_test_609,1,256,32,-67.19354838709681,493.0,-65.0625,-949.0,349.4108378309837,140.19354838709677,0.3870967741935484,30.0,500.0,135.84375,146.97578656342515,6.8329394431452135,1.0,2081.0,2082.0,0.9881053487249432,0.0698694947214311,0.2077329276706738,0.2561515101772789,0.1045402145548235,145.39841851529826,207.38709677419357,0.967741935483871,23.0,955.0,200.90625,256.28028593892566,7.2950087624977105,0.0,2447.0,2447.0,0.5548214224277019,0.0901661956385369,0.2407439820637696,0.3141994616283116,0.0990134105557492,220.6366807275,0.1386581222625985,0.2101681816891673,50.306451612903224,324.0,48.75,-230.0,113.81838603670325,79.08064516129033,0.7096774193548387,16.0,324.0,76.625,107.87224793708528,6.399811341353601,1.0,1292.0,1293.0,0.4862745098039216,0.0612851332483457,0.1525490196078435,0.2523529411764711,0.0890793069609853,79.18039215686275,28.77419354838711,0.935483870967742,9.0,282.0,27.875,62.91201693635326,6.632995957498013,0.0,1457.0,1457.0,0.2156862745098039,0.0238739284320454,0.0627450980392156,0.0949019607843139,0.0333691756163551,34.78431372549019,0.9621014469384244,0.0772712953830868,1.4970760233918128,171,256,2400,3600
sciver_test_612,1,256,32,-4.19354838709678,147.0,-4.03125,-497.0,173.62198240268282,96.96774193548386,0.6774193548387096,31.0,201.0,93.96875,59.63455603454678,6.274750081381127,1.0,1288.0,1289.0,0.9866168251165074,0.0743037710235712,0.2038658868213175,0.2935845183869056,0.1251587347236087,95.70325707835973,101.16129032258068,0.9032258064516128,20.0,523.0,98.0,152.54077323784614,6.750235641597344,0.0,1634.0,1634.0,0.5614857802517029,0.0633157080690474,0.1671213177279855,0.2196411622018365,0.0781692032053913,103.45786698482353,0.179197439391293,0.2112097472459586,52.14516129032258,111.0,50.53125,0.0,37.2332045818984,90.91935483870968,0.6129032258064516,25.0,192.0,88.09375,68.1007339236333,6.109636532834261,1.0,1336.0,1337.0,0.7960784313725491,0.0686890924034284,0.2470588235294118,0.3411764705882353,0.1276414825183299,91.7686274509804,38.7741935483871,0.5483870967741935,21.0,113.0,37.5625,39.71298394417121,6.080013394286309,0.0,1126.0,1126.0,0.3921568627450981,0.0355866680597638,0.103921568627451,0.2225490196078431,0.0639908433982156,40.070588235294125,0.7832604225584465,0.2244739619260593,2.4615384615384617,104,256,800,1977
sciver_test_613,1,256,32,-4.000000000000002,121.0,-3.84375,-201.0,97.12720698103853,55.967741935483865,0.5806451612903225,27.0,135.0,54.25,45.88913270045534,5.636070643854547,1.0,553.0,554.0,0.9821620094349586,0.0987775852940206,0.2385500046706682,0.362695614228548,0.1364431014819504,54.62400466759344,59.96774193548388,0.8064516129032258,20.0,215.0,58.09375,75.06886812079625,5.820164157011488,0.0,641.0,641.0,0.7426889443800615,0.0946226475066899,0.2464471675129298,0.3132767493722905,0.1101699828494188,60.653117051788264,0.1232310295921017,0.2069051917004882,58.87096774193547,147.0,57.125,-35.0,56.85988810224656,81.16129032258064,0.5806451612903225,30.0,166.0,78.71875,52.29139172404479,5.510677516232047,1.0,568.0,569.0,1.0,0.1448287765810549,0.5058823529411764,0.606470588235294,0.209268217514231,82.2627450980392,22.290322580645164,0.9032258064516128,20.0,75.0,21.59375,27.91377278222168,4.830406434830581,0.0,349.0,349.0,0.5215686274509803,0.0699028035282881,0.2556862745098038,0.3607843137254902,0.1162719679217734,24.396078431372544,0.7939612623895712,0.2753162848017578,2.8131868131868134,91,256,477,1341
sciver_test_615,1,256,32,-51.7741935483871,194.0,-50.125,-439.0,194.61046830784824,90.3548387096774,0.5483870967741935,27.0,233.0,87.5625,78.29349330404156,6.41318706297988,1.0,1408.0,1409.0,0.8884959430725675,0.0624610106268867,0.1815826178366119,0.2499168238521238,0.0967278883746639,87.94510296265648,142.1290322580645,0.8387096774193548,22.0,462.0,137.6875,163.29850686319824,6.772842588291766,0.0,1881.0,1881.0,0.6375665678820869,0.0796753669721543,0.2646596833398338,0.3205733361609277,0.1092359327631666,149.86936527462228,0.1855963047018419,0.2132264088449908,52.79032258064517,234.0,51.15625,-119.0,90.84743714567573,85.75806451612905,0.6774193548387096,25.0,248.0,83.09375,81.50818953293896,6.273851458461531,1.0,1199.0,1200.0,0.6000000000000001,0.0711311714010041,0.2156862745098038,0.2945098039215683,0.1062036065654932,85.28627450980392,32.96774193548388,0.967741935483871,20.0,157.0,31.9375,44.774391048343695,6.215793947821426,0.0,1174.0,1174.0,0.5411764705882354,0.0351003774593312,0.0980392156862745,0.1503921568627447,0.0613488652861546,41.2078431372549,0.7804043458781362,0.2489745775255027,2.752688172043011,93,256,1311,3597
sciver_test_617,1,256,32,-75.70967741935488,478.0,-73.3125,-1371.0,503.5628956185613,223.0,0.6774193548387096,30.0,722.0,216.0625,219.72353900697576,7.412264702055934,1.0,2952.0,2953.0,0.9565768123520418,0.0751460891316092,0.1852643714350247,0.2465477759308511,0.0914880967243629,221.83125511651065,298.7096774193549,0.9032258064516128,21.0,1413.0,289.375,453.3925417064114,7.739079007388741,0.0,4236.0,4236.0,0.5913442692256496,0.0718192774518111,0.1867024981554763,0.247183288257668,0.0841284541040447,304.22645928587195,0.1524004569410256,0.1615149640929348,188.1451612903226,568.0,182.28125,-243.0,226.39225284544852,303.30645161290323,0.7419354838709677,30.0,852.0,293.84375,268.639873875673,7.387580092037611,1.0,2820.0,2821.0,0.9098039215686274,0.1085676540119593,0.2745098039215686,0.3254901960784313,0.1196153601374404,306.16078431372546,115.16129032258068,0.967741935483871,22.0,407.0,111.5625,148.05972981790154,6.888898353433261,0.0,2089.0,2089.0,0.5254901960784314,0.0607495846591389,0.1843137254901961,0.2392156862745097,0.0845514007768317,126.90588235294118,0.8915153119671781,0.1654791064053944,1.391304347826087,184,256,1191,1660
sciver_test_618,1,256,32,-27.70967741935484,191.0,-26.8125,-309.0,159.4313013299145,99.87096774193547,0.4516129032258064,30.0,254.0,96.78125,77.60385556425338,6.238998949613352,1.0,1211.0,1212.0,0.9636375775278184,0.0817736867799654,0.1935836851536064,0.324770988536611,0.1340602677832107,99.0279346905382,127.58064516129032,0.7741935483870968,22.0,345.0,123.59375,126.27001311054616,6.285340034285172,0.0,1245.0,1245.0,0.6033795574855373,0.1040495956142149,0.3297103414843797,0.4237607517804784,0.1433342514334961,129.54174653969756,0.0989182577566767,0.1833091639466899,52.91935483870966,205.0,51.28125,-96.0,74.23284076766495,80.79032258064517,0.5483870967741935,24.0,218.0,78.28125,70.34345846230124,5.810363196492142,1.0,1058.0,1059.0,0.7372549019607844,0.0787019533711405,0.2925490196078437,0.4907843137254901,0.1503491194156229,83.26666666666665,27.870967741935488,0.967741935483871,16.0,146.0,27.0,40.63249930782009,5.173333752349002,0.0,519.0,519.0,0.5137254901960784,0.0585590690997015,0.1341176470588234,0.3529411764705882,0.1072406678426183,30.39215686274509,0.9183765357408784,0.1490640590956844,1.080168776371308,237,256,1538,1660
sciver_test_622,1,256,32,-10.387096774193536,549.0,-10.03125,-612.0,330.9785193535035,167.38709677419354,0.5806451612903225,27.0,643.0,162.1875,205.03588672169076,6.971558740652348,1.0,1993.0,1994.0,0.8391896599936798,0.0836914675755821,0.1935388005975543,0.2709129933043245,0.1038317168666117,166.79709487813517,177.7741935483871,0.8064516129032258,21.0,630.0,172.21875,225.69680081569055,6.848300827420916,0.0,2206.0,2206.0,0.5812188488792002,0.0831552613976002,0.2779265673051768,0.3269431649004885,0.1164735059677932,183.44050664310623,0.0980695018806561,0.1618499134874709,83.82258064516127,583.0,81.21875,-39.0,162.88717996956512,93.30645161290322,0.8064516129032258,16.0,585.0,90.40625,161.81468169154954,6.737076784034913,1.0,1764.0,1765.0,0.4745098039215686,0.054339513583211,0.1439215686274511,0.2111764705882349,0.07676539247257,95.8549019607843,9.48387096774194,0.967741935483871,7.0,91.0,9.1875,24.078566065071232,5.34543423671363,0.0,457.0,457.0,0.1999999999999999,0.0273737503754236,0.0941176470588235,0.1176470588235294,0.0400674742440233,12.509803921568626,0.972809316597733,0.0659269897695953,1.0,256,256,1661,1661
sciver_test_623,1,256,32,5.967741935483867,104.0,5.8125,-209.0,77.86865443649324,57.193548387096776,0.4838709677419355,30.0,124.0,55.4375,36.51963299035192,5.635751594693419,1.0,800.0,801.0,0.8434584872891425,0.0701773383598295,0.2219422808452136,0.3409543350813874,0.1265629919313059,56.14187068786361,51.2258064516129,0.9032258064516128,23.0,231.0,49.625,61.96306863769741,5.886360208299893,0.0,942.0,942.0,0.6776981116752607,0.0566815871176325,0.1779763375171034,0.2644656033270561,0.0936592430653535,53.39405506480985,0.0554337375865296,0.1203124296266628,36.66129032258064,141.0,35.53125,-47.0,48.066350219644306,45.7258064516129,0.6774193548387096,18.0,144.0,44.3125,48.99198754643457,5.456778857842243,1.0,602.0,603.0,0.5725490196078431,0.0757931079408507,0.2623529411764704,0.3954901960784306,0.120949304417205,45.62745098039215,9.06451612903226,0.967741935483871,11.0,82.0,8.78125,17.70722729389048,5.052035181923236,0.0,374.0,374.0,0.3333333333333333,0.0305441962881409,0.0850980392156862,0.1294117647058823,0.0482778365218985,11.423529411764704,0.981140619625043,0.0593764752940214,1.4970760233918128,171,256,1107,1661
sciver_test_625,1,256,32,-36.774193548387096,251.0,-35.59375,-274.0,157.03261193439246,73.9032258064516,0.3225806451612903,30.0,255.0,71.625,73.83374482579087,5.85017875390721,1.0,988.0,989.0,0.9002106582998746,0.0744485706743626,0.1980768109981578,0.3424298313012797,0.1335905857729001,73.55518782627027,110.67741935483872,0.6774193548387096,22.0,298.0,107.21875,112.39432102396232,6.063710875230709,0.0,1086.0,1086.0,0.6439591444478614,0.1040717422523896,0.3458260937929174,0.4162561510387236,0.1491767027799685,113.02191208609518,0.0638911502259517,0.1571899170617375,73.1774193548387,202.0,71.15625,-34.0,65.8834716445445,102.66129032258064,0.1935483870967742,30.0,202.0,99.71875,51.280621568361475,5.547972735550373,1.0,815.0,816.0,1.0,0.1276651028509563,0.4886274509803922,0.8101960784313722,0.2393517299356716,104.0470588235294,29.483870967741936,0.967741935483871,19.0,76.0,28.5625,25.12087963726589,4.540267362231723,0.0,450.0,450.0,0.7215686274509804,0.0721655773420479,0.2654901960784328,0.5882352941176471,0.1738522971477685,32.47450980392156,0.9305425506791256,0.1416844005888016,1.3333333333333333,192,256,598,797
sciver_test_626,1,256,32,-34.935483870967744,288.0,-33.8125,-345.0,188.79046544714592,92.90322580645162,0.3548387096774194,30.0,290.0,90.03125,89.90880253588911,6.117319003658759,1.0,1017.0,1018.0,0.8862849509115873,0.0906505279706183,0.2506486047210701,0.3642138115697597,0.1347414132559444,92.19158694611887,127.83870967741936,0.8064516129032258,21.0,366.0,123.84375,140.69095328391765,6.388858160016395,0.0,1263.0,1263.0,0.7706749483697518,0.1021970249689421,0.2942849082032016,0.3637790223510416,0.1288903955356073,129.07484253577394,0.089392426273177,0.1784967239968629,101.11290322580643,264.0,98.25,-28.0,90.13219458107076,143.40322580645164,0.2258064516129032,31.0,269.0,139.21875,74.86226284609289,5.900129659953213,1.0,963.0,964.0,1.0,0.1510679453505182,0.5639215686274512,0.8431372549019608,0.2473545391787677,145.47843137254904,42.29032258064515,0.5161290322580645,24.0,140.0,40.96875,36.98097853542413,5.294761789105217,0.0,788.0,788.0,0.6274509803921569,0.0582810789290335,0.1725490196078432,0.4966666666666666,0.1340991364731937,45.92549019607843,0.8302143238580347,0.2621610732507329,1.4301675977653632,179,256,1163,1661
sciver_test_627,1,256,32,6.935483870967741,90.0,6.75,-113.0,44.96109429273269,31.516129032258064,0.6451612903225806,29.0,104.0,30.5625,28.516374133995367,5.383631254143182,1.0,480.0,481.0,0.8338476872550603,0.0642325119266501,0.1755792446111809,0.2593549738606192,0.0967211167760881,30.831605724792084,24.580645161290324,0.9032258064516128,18.0,133.0,23.8125,38.446746855228206,5.382361282381071,0.0,535.0,535.0,0.5683631196118788,0.0478554473289988,0.1388288994567919,0.1870266154503277,0.0777670840761576,25.60266432101441,0.0279432348451916,0.0882072263612966,20.596774193548384,112.0,19.96875,0.0,31.383200497041408,21.758064516129032,0.8064516129032258,17.0,112.0,21.09375,32.244533814857675,5.305728868721209,1.0,449.0,450.0,0.4627450980392157,0.048744486658806,0.1529411764705882,0.2219607843137253,0.0722077773483097,21.88627450980392,1.161290322580646,0.967741935483871,4.0,19.0,1.125,3.7645550865938993,4.08976741732943,0.0,97.0,97.0,0.1215686274509804,0.0193652718819486,0.0509803921568627,0.056470588235294,0.0213372333872905,1.878431372549019,0.991702544504644,0.0366574358646882,1.6842105263157894,152,256,857,1440
sciver_test_629,1,256,32,-11.12903225806452,147.0,-10.75,-165.0,89.61305708433342,57.90322580645161,0.3870967741935484,30.0,165.0,56.125,50.67220021866033,5.709904563418995,1.0,533.0,534.0,0.9653875802374032,0.1065129097552645,0.2559931253359097,0.3305850312549362,0.1287528914772827,56.77138089955599,69.03225806451614,0.6774193548387096,26.0,185.0,66.875,65.82066070011756,5.8594491342745245,0.0,648.0,648.0,0.7372743869687974,0.1073195785685044,0.2911962302465825,0.3642125455912812,0.1232359115476039,69.54308691239088,0.0325938531824431,0.117468208260316,-45.661290322580655,1.0,-49.125,-314.0,75.61735498547935,1.887096774193548,0.0,4.0,20.0,2.15625,3.873865761419722,2.843450370146538,1.0,23.0,24.0,0.0901960784313725,0.0351236146632566,0.0666666666666666,0.084313725490196,0.0262297658455212,0.807843137254902,47.54838709677419,0.0,16.0,334.0,51.28125,77.62418855252209,5.797872552830565,0.0,759.0,759.0,0.5137254901960784,0.0578573458368854,0.188235294117647,0.2313725490196078,0.0848380443490216,43.913725490196065,0.0077922190002761,0.0402036793416094,0.83203125,256,213,978,813
sciver_test_631,1,256,32,-4.354838709677434,223.0,-4.1875,-274.0,144.75182155589616,86.54838709677419,0.5806451612903225,29.0,243.0,83.875,77.49667331569788,6.302545111833748,1.0,1501.0,1502.0,0.7703102588984783,0.0586721254735244,0.1592373306356802,0.2397406228746178,0.1098418896055275,88.06686033576017,90.90322580645162,0.8709677419354839,16.0,347.0,88.0625,128.12687498628068,6.569087537561134,0.0,1734.0,1734.0,0.5124245667871272,0.0544475702965085,0.175252126582525,0.2312093996148064,0.081319254322531,94.41208689414574,0.0616982362273589,0.1348611330381211,-12.016129032258064,201.0,-11.625,-252.0,115.24206859910144,77.24193548387096,0.5161290322580645,28.0,240.0,74.84375,65.83412364372674,6.054329961431085,1.0,1392.0,1393.0,0.8705882352941177,0.0564824205544286,0.1450980392156862,0.2941176470588235,0.1254494677737503,78.62352941176471,89.25806451612904,0.7741935483870968,24.0,317.0,86.46875,105.25890234767556,6.388135032691805,0.0,1477.0,1477.0,0.5215686274509803,0.0618450223691372,0.1843137254901961,0.2988235294117648,0.0978848968251191,91.34509803921569,0.9034499224494486,0.1831674144219069,1.0,256,256,781,781
sciver_test_632,1,256,32,-15.41935483870967,303.0,-14.90625,-488.0,247.3062826960478,140.22580645161293,0.5806451612903225,28.0,381.0,135.875,140.83961401182552,6.618840531899668,1.0,1481.0,1482.0,0.7533623364162387,0.0948058663923373,0.2761414669507587,0.3997199278561818,0.1262575908829703,140.40748812705158,155.6451612903226,0.8064516129032258,23.0,495.0,150.78125,179.840855754296,6.886616568301638,0.0,1902.0,1902.0,0.4787418156572105,0.0836732985930379,0.2364815150540936,0.27263458097199,0.0983413512848028,159.14661392395814,0.147958978525929,0.1904331209948424,131.0806451612903,466.0,127.0,-114.0,157.92660478842694,141.3064516129032,0.7741935483870968,27.0,474.0,136.90625,153.6864420205553,6.366104296634007,1.0,1349.0,1350.0,0.8117647058823529,0.1051410630968473,0.3686274509803922,0.4509803921568627,0.1525760886385783,141.83529411764707,10.225806451612907,0.967741935483871,12.0,154.0,9.90625,28.40814075115617,5.996691694188151,0.0,784.0,784.0,0.2196078431372549,0.0208933573429371,0.0509803921568627,0.0862745098039215,0.0309453310305757,16.38039215686274,0.942445108251634,0.1121550591120068,2.1333333333333333,120,256,718,1536
sciver_test_633,1,256,32,-3.4838709677419373,83.0,-3.34375,-115.0,57.080321354539514,48.870967741935495,0.4838709677419355,28.0,100.0,47.375,30.360078639555596,5.376500718045007,1.0,621.0,622.0,0.9453145243850094,0.0771429726756972,0.2325388462572335,0.3517179675055782,0.1430155460865805,47.905786031608,52.354838709677416,0.7741935483870968,24.0,152.0,50.71875,51.66613638000717,5.528823581504123,0.0,606.0,606.0,0.6654688556911004,0.0887067315533211,0.3019733105094667,0.3677302114276787,0.1307032460998889,53.75627932131259,0.0507689013234261,0.1306622432652545,48.338709677419345,101.0,46.875,-50.0,36.4758053372369,65.56451612903226,0.4516129032258064,29.0,106.0,63.5625,32.00775052623973,5.324497965137404,1.0,577.0,578.0,1.0,0.1156692833112447,0.3521568627450978,0.6752941176470586,0.2012156233211728,66.74117647058823,17.22580645161291,0.935483870967742,20.0,79.0,16.6875,19.73328010620637,4.68109932923212,0.0,435.0,435.0,0.6549019607843137,0.0449312598602659,0.1090196078431375,0.3474509803921565,0.108404743876398,19.545098039215688,0.9021227684485958,0.1427455357650558,1.7297297297297298,148,256,961,1661
sciver_test_634,1,256,32,0.0161290322580645,1.0,0.03125,0.0,0.1739926363384381,0.0161290322580645,1.0,1.0,1.0,0.03125,0.1739926363384381,0.0,1.0,0.0,1.0,0.0,0.0,0.0,0.0,0.0,0.0,0.0,0.0,0.0,0.0,0.0,0.0,0.0,0.0,0.0,0.0,0.0,0.0,0.0,0.0,0.0,0.0,0.0,0.0,1.0,1.0,1.0,1.0,0.0,1.0,0.0,0.0,1.0,1.0,0.0,0.0,1.0,0.0,1.0,0.0,0.0,0.0,0.0,0.0,0.0,0.0,0.0,0.0,0.0,0.0,0.0,0.0,0.0,0.0,0.0,0.0,0.0,0.0,0.0,0.0,0.0,0.0,0.0,0.7734375,256,198,1719,1329
sciver_test_639,1,256,32,4.935483870967742,207.0,4.8125,-171.0,110.46901078469924,67.3225806451613,0.5161290322580645,27.0,223.0,65.25,62.78236217282685,5.6611592871416505,1.0,1156.0,1157.0,0.8848256992226367,0.0561406539823733,0.1590466517417658,0.2661207846660398,0.1318919902113029,64.89859600362354,62.38709677419355,0.7741935483870968,17.0,206.0,60.4375,78.63322194689722,5.881237922974778,0.0,1086.0,1086.0,0.648518832403864,0.058989949018125,0.2228249871274739,0.3017319743724337,0.1020625210836799,64.06308463368381,0.0656113352948314,0.1526241646450417,59.24193548387097,215.0,57.40625,-48.0,87.58633575471404,93.0483870967742,0.5483870967741935,26.0,225.0,90.15625,79.18455869636138,5.981561140184398,1.0,1240.0,1241.0,0.807843137254902,0.0770936116382036,0.2705882352941176,0.4237254901960782,0.1502819755607256,95.59607843137256,33.806451612903224,0.8064516129032258,17.0,113.0,32.75,43.69782603288177,5.411344016187365,0.0,595.0,595.0,0.4823529411764705,0.0626000988630746,0.2258823529411765,0.3109803921568626,0.1023985414355006,37.2470588235294,0.928729966727624,0.1595757898144605,1.3264248704663213,193,256,1938,2571
sciver_test_640,1,256,32,-6.1612903225806495,182.0,-5.9375,-201.0,112.41717437184587,62.87096774193548,0.4838709677419355,29.0,213.0,60.9375,67.41102353287629,5.709804025007557,1.0,627.0,628.0,0.7870742329027716,0.0991924261251954,0.23107558679226,0.3978512869277873,0.1364916664952133,62.193651180497525,69.03225806451614,0.7419354838709677,23.0,233.0,66.875,78.07838609371994,5.787754768609853,0.0,744.0,744.0,0.6019216328125552,0.0946078604474855,0.2982852347415445,0.3608979637853194,0.1269265649478204,70.38824817292925,0.0533872984392479,0.1412344472267855,54.37096774193549,156.0,52.6875,0.0,54.36131293254422,67.27419354838709,0.5161290322580645,30.0,163.0,65.1875,55.47039610233552,5.423785831792902,1.0,557.0,558.0,0.9529411764705884,0.1228077586510367,0.3686274509803921,0.6047058823529395,0.1909434553415548,68.40392156862745,12.903225806451614,0.6774193548387096,13.0,32.0,12.5,13.68849882200382,4.477517062222012,0.0,410.0,410.0,0.5411764705882354,0.0362505978000956,0.0866666666666667,0.2727450980392155,0.0947598070863442,14.862745098039207,0.975231853809232,0.0948977743280459,1.3333333333333333,192,256,726,968
sciver_test_641,1,256,32,4.193548387096763,198.0,4.09375,-213.0,105.2602012202974,107.1290322580645,0.7419354838709677,29.0,380.0,103.8125,75.39912031151292,6.328375521155186,1.0,1225.0,1226.0,0.9820085318771884,0.08739774049162,0.26033238772786,0.2966761137650018,0.1326262606048946,107.06223210223447,102.93548387096772,0.8064516129032258,25.0,352.0,99.71875,110.74837311869416,6.321219437434289,0.0,1466.0,1466.0,0.7020713989774612,0.0710542846191125,0.2267244547322728,0.306998614737699,0.1115491095304199,104.16558125161902,0.1178436962110744,0.224394039158209,82.16129032258065,199.0,80.34375,1.0,46.66008021786397,96.38709677419357,0.7096774193548387,31.0,219.0,94.125,55.187039918807024,5.844982268942912,1.0,1175.0,1176.0,1.0,0.0866416353775552,0.3137254901960784,0.3423529411764704,0.1742652053257796,101.80392156862746,14.225806451612904,0.967741935483871,22.0,49.0,13.78125,13.399473811963665,4.519060463498519,0.0,486.0,486.0,0.6862745098039216,0.0338820301783264,0.0470588235294118,0.2343137254901961,0.1025910150139819,16.46666666666666,0.9242462834807124,0.1939742532645345,1.673202614379085,153,256,458,764
sciver_test_644,1,256,32,13.3548387096774,191.0,12.96875,-284.0,132.98860016346325,78.09677419354837,0.5806451612903225,30.0,210.0,75.6875,69.85987649395038,5.987053402479157,1.0,915.0,916.0,0.9665482760210524,0.0842121168303101,0.2483408725784849,0.3625467139251295,0.1285442734434752,77.05408689973379,64.74193548387098,0.935483870967742,18.0,289.0,62.71875,93.6016273813522,6.40809433135354,0.0,1185.0,1185.0,0.451978287496992,0.0568471481726904,0.1620877824450936,0.2102993398667676,0.0718574143629986,67.36387058463814,0.1379647295300427,0.1781873245274484,44.080645161290306,151.0,42.71875,-139.0,60.33253391361497,56.14516129032258,0.8064516129032258,23.0,155.0,54.40625,56.23714262778204,5.9028460833317205,1.0,981.0,982.0,0.7058823529411764,0.0558014031300593,0.176470588235294,0.3058823529411764,0.1026592951200743,54.74117647058823,12.064516129032263,0.967741935483871,19.0,156.0,11.6875,27.390050086664683,6.021275186868522,0.0,697.0,697.0,0.3450980392156862,0.0240639153796382,0.0549019607843137,0.0627450980392156,0.0297095052903197,16.772549019607844,0.8262073098470157,0.23504507639069,2.8131868131868134,91,256,500,1400
sciver_test_646,1,256,32,65.48387096774192,573.0,63.46875,-592.0,278.89536393320975,182.12903225806448,0.7096774193548387,30.0,676.0,176.46875,203.4041519326425,6.904857209829904,1.0,1610.0,1611.0,0.9955007737731684,0.1119718532581807,0.2798337619286891,0.3213306160041252,0.1178207785067151,180.27468374567093,116.64516129032258,0.8709677419354839,18.0,623.0,113.0,189.9054040831909,6.964438453165255,0.0,2000.0,2000.0,0.5437270727940103,0.0599254189124279,0.1670856571133987,0.2117427391466154,0.072282241258228,119.85083782485594,0.1539090436057125,0.1968160784997752,215.8870967741935,489.0,210.125,1.0,174.21820907987777,271.0161290322581,0.6451612903225806,31.0,563.0,263.65625,183.6191046322182,6.671347856789737,1.0,1633.0,1634.0,1.0,0.1612814139740403,0.4549019607843136,0.4799999999999995,0.1934385347744377,263.37254901960785,55.12903225806451,0.7096774193548387,27.0,94.0,53.53125,29.68689144113105,6.80860826485326,0.0,1900.0,1900.0,0.596078431372549,0.0391826625386997,0.0980392156862745,0.1647058823529411,0.0652930710975892,74.44705882352943,0.746322974389031,0.3213420618945442,1.855072463768116,138,256,898,1661
sciver_test_648,1,256,32,19.451612903225808,144.0,18.875,-255.0,111.89413244223309,81.58064516129032,0.4193548387096774,28.0,148.0,79.0625,50.83793951125478,5.794162002752649,1.0,851.0,852.0,0.7507814274200265,0.0944659846484813,0.3242382085235984,0.4828349145054916,0.1522250564191034,80.39055293585764,62.12903225806451,0.9032258064516128,19.0,265.0,60.1875,86.01832562744987,6.035874011374499,0.0,967.0,967.0,0.5188457272626537,0.064688969178009,0.1965758539292559,0.2538939076532677,0.0897777064214293,62.55423319513472,0.0643123211257874,0.1484325945510621,92.24193548387098,178.0,89.6875,-71.0,63.889767128625536,102.69354838709675,0.6129032258064516,29.0,180.0,99.8125,54.59363372912633,5.831273881749279,1.0,789.0,790.0,0.7803921568627451,0.1296503392231417,0.4400000000000001,0.6000000000000001,0.187307447982141,102.2941176470588,10.451612903225808,0.935483870967742,15.0,82.0,10.125,18.704528195065492,5.113418763757093,0.0,385.0,385.0,0.2745098039215686,0.0313521772345301,0.1043137254901961,0.1403921568627449,0.0486399310444633,12.070588235294114,0.9578106578865724,0.1339549857437608,1.620253164556962,158,256,3164,5137
sciver_test_650,1,256,32,-83.03225806451614,184.0,-80.40625,-277.0,120.26711400435906,69.58064516129033,0.6774193548387096,29.0,249.0,67.4375,67.00370208988456,6.446429517993014,1.0,1927.0,1928.0,0.8950080388704337,0.0364576625069313,0.1111294446779605,0.1578123370552201,0.0717357544718754,70.2539156508567,152.61290322580646,0.8709677419354839,27.0,303.0,147.84375,97.83727222248942,6.311414003920017,0.0,2073.0,2073.0,0.8350298544180313,0.0769752363657745,0.2660212265266307,0.484155049068601,0.1612950916436458,159.5696649862507,0.087091427447783,0.1729542420995738,53.95161290322581,223.0,52.28125,0.0,63.59797283276803,66.56451612903227,0.935483870967742,25.0,241.0,64.5,68.70589494359272,6.706922552873973,1.0,2216.0,2217.0,0.7411764705882353,0.0344252141289729,0.0784313725490196,0.1450980392156862,0.071877757590905,76.28627450980395,12.612903225806452,0.8387096774193548,16.0,63.0,12.21875,21.082774922611588,5.661239851436555,0.0,780.0,780.0,0.396078431372549,0.0238964303670185,0.0549019607843137,0.1296078431372547,0.0491748507973367,18.639215686274497,0.9567199038706392,0.1195480958316745,1.6623376623376624,154,256,899,1495
sciver_test_652,1,256,32,35.96774193548386,282.0,34.875,-148.0,136.18708409757514,87.67741935483868,0.4193548387096774,26.0,283.0,84.96875,92.37846217294104,5.638248971322975,1.0,553.0,554.0,0.8604721799526598,0.1583625530690898,0.4698171878743381,0.537306327515719,0.1861074731916305,87.5744918472067,51.70967741935483,0.7741935483870968,19.0,154.0,50.09375,58.69111909767525,5.551561636816061,0.0,759.0,759.0,0.5100412526983719,0.0700595856526163,0.2794600299664785,0.3843975962996588,0.1188897323864638,53.17522551033578,0.0920329617661866,0.2022473519512011,42.016129032258064,194.0,40.71875,0.0,61.01753558148264,48.30645161290323,0.5806451612903225,20.0,199.0,46.8125,60.381825442346475,5.3337526940246045,1.0,496.0,497.0,0.6823529411764706,0.1004664769133459,0.3098039215686274,0.3813725490196079,0.145878138462324,49.831372549019605,6.290322580645161,0.7419354838709677,14.0,21.0,6.09375,8.001403685447947,3.466851593741381,0.0,120.0,120.0,0.4470588235294117,0.0571895424836601,0.2788235294117647,0.3531372549019607,0.1159569043817601,6.862745098039214,0.9610464058670344,0.1137878060872656,1.3333333333333333,192,256,480,640
sciver_test_655,1,256,32,6.064516129032239,254.0,5.90625,-367.0,139.5085927853102,84.45161290322581,0.1935483870967742,30.0,254.0,81.84375,68.95383844237752,6.3777163603149605,1.0,1373.0,1374.0,0.9657622371709113,0.06106584987048,0.1596391072425598,0.2493034034481195,0.1005485679915566,83.8434118721691,78.38709677419357,0.935483870967742,22.0,399.0,75.9375,99.40854386696348,6.521997974247579,0.0,2032.0,2032.0,0.6077038129518975,0.0403169339747329,0.0989905340227669,0.1994268003101844,0.0826092456105335,81.92400983665743,0.1510527066115102,0.2502464279571975,22.306451612903206,171.0,21.625,-243.0,74.8489103127093,45.435483870967744,0.7741935483870968,25.0,187.0,44.03125,46.38054843830008,6.109324787142336,1.0,1098.0,1099.0,0.788235294117647,0.0418336369156041,0.0941176470588235,0.1607843137254902,0.0827925713702927,45.93333333333334,23.129032258064523,0.8387096774193548,13.0,266.0,22.40625,55.26688620627636,6.640724778703802,0.0,1396.0,1396.0,0.4941176470588235,0.0220209000505646,0.0666666666666666,0.0784313725490196,0.0313919317526916,30.74117647058823,0.8885109106627146,0.1810068786352219,1.9844961240310075,129,256,432,854
sciver_test_656,1,256,32,13.064516129032253,275.0,12.6875,-291.0,173.78119099531455,124.4516129032258,0.4193548387096774,31.0,304.0,120.59375,98.46124217649044,6.393355486719089,1.0,1872.0,1873.0,0.9684872327755024,0.0663805042291275,0.2240976851393894,0.3087364273367148,0.1234243855285442,124.26430391692676,111.38709677419354,0.7741935483870968,24.0,312.0,107.90625,117.0975446409424,6.523854193239753,0.0,1803.0,1803.0,0.7328380806553567,0.0637447270203637,0.2085922323321299,0.2877266157606322,0.1039906249354007,114.93174281771589,0.1046548910511816,0.1816698970173711,103.53225806451611,366.0,100.3125,-84.0,101.208151073666,123.08064516129032,0.935483870967742,26.0,428.0,119.25,110.43380370158404,6.464190136211677,1.0,1776.0,1777.0,0.7960784313725491,0.0703055997173644,0.2607843137254902,0.342156862745098,0.1280096859111892,124.8627450980392,19.5483870967742,0.967741935483871,15.0,119.0,18.9375,28.978372862360647,5.1192127082729595,0.0,434.0,434.0,0.4392156862745098,0.0520014457395861,0.1843137254901961,0.289019607843137,0.0871879607416331,22.568627450980387,0.9620150046901476,0.1005438224313775,1.5802469135802468,162,256,1051,1661
sciver_test_658,1,256,32,-5.225806451612915,74.0,-4.9375,-375.0,95.36703357948176,53.451612903225815,0.8709677419354839,29.0,257.0,51.90625,57.23327232421278,6.261776643411535,1.0,1021.0,1022.0,0.7488322147559644,0.0517058341803829,0.1365198758807491,0.1762488816391455,0.0687188883448342,52.79165669817098,58.67741935483873,0.935483870967742,19.0,453.0,56.84375,111.2840142874865,6.809037760722265,0.0,1713.0,1713.0,0.819103168105215,0.0365785114385333,0.0861503992287697,0.1199514052918236,0.0525103468654667,62.65899009420763,0.0584071121323303,0.1732180103088061,82.11290322580648,245.0,79.53125,-2.0,68.48584907437083,106.61290322580646,0.8387096774193548,27.0,307.0,103.3125,95.5593524661506,6.366701741498878,1.0,1072.0,1073.0,0.9411764705882352,0.0968759145449224,0.2235294117647058,0.3176470588235294,0.1211905193095449,103.85098039215686,24.500000000000004,0.967741935483871,19.0,155.0,23.78125,38.629436941761135,5.978441737064507,0.0,824.0,824.0,1.0,0.0355891871311631,0.0745098039215685,0.1019607843137254,0.06691219930022,29.325490196078434,0.7642808093064811,0.401080067698505,1.2610837438423643,203,256,1159,1461
sciver_test_660,1,256,32,-0.7419354838709893,226.0,-0.6875,-553.0,185.80945170725303,109.45161290322584,0.6774193548387096,30.0,282.0,106.0625,95.27195859092014,6.5311029092842325,1.0,1703.0,1704.0,0.9839634996664706,0.0643877127793388,0.1877053723901264,0.2714353004088699,0.1078632343307997,109.65227486321406,110.1935483870968,0.967741935483871,23.0,591.0,106.75,157.66776779037622,6.972763965523615,0.0,2428.0,2428.0,0.5477690935690984,0.0464854764771944,0.1431681999880448,0.1955499110572005,0.0716291880859601,112.86673688662808,0.0770209084405107,0.1322001328235666,132.8870967741935,315.0,128.75,0.0,108.98652439636746,159.0806451612903,0.6774193548387096,31.0,350.0,154.125,117.42757076172528,6.4471449840804045,1.0,1516.0,1517.0,0.9882352941176472,0.1061720730508562,0.3450980392156862,0.4862745098039215,0.1656389701406928,160.95686274509805,26.19354838709678,0.967741935483871,19.0,197.0,25.375,47.609577555361696,6.347431169002781,0.0,1162.0,1162.0,0.3333333333333333,0.0270831224055887,0.0627450980392156,0.0980392156862745,0.0425065765558822,31.470588235294112,0.9530734592013888,0.1077409531605829,1.3333333333333333,192,256,1471,1961
sciver_test_662,1,256,32,-61.22580645161294,333.0,-59.28125,-877.0,301.29690862741603,214.6451612903226,0.7419354838709677,31.0,595.0,207.96875,162.39794571803395,7.118874164090748,1.0,3424.0,3425.0,0.9953592317805644,0.0609590363408002,0.1639992161558782,0.283126085945049,0.1106504997051507,208.72374043090008,275.8709677419355,0.8709677419354839,24.0,938.0,267.25,299.40858371128905,7.433854700266252,0.0,4432.0,4432.0,0.8056498443886028,0.067166240486708,0.2121618649984472,0.3288546357034684,0.112371395767656,297.68077783709003,0.1046908250140188,0.1684540308617199,221.9193548387097,503.0,215.875,1.0,151.4844773400892,283.6290322580645,0.6774193548387096,31.0,571.0,275.65625,160.12546045503663,6.828110633651409,1.0,2450.0,2451.0,1.0,0.1167987194877951,0.3764705882352941,0.5647058823529412,0.1936662079740108,286.156862745098,61.70967741935485,0.967741935483871,18.0,237.0,59.78125,84.27623270197536,6.680332697772907,0.0,2210.0,2210.0,0.5294117647058824,0.0373720166799751,0.1254901960784313,0.2296078431372538,0.0721196727558422,82.5921568627451,0.896411013135723,0.2339641089382454,1.0,256,256,1661,1661
sciver_test_664,1,256,32,20.709677419354833,90.0,20.09375,-59.0,32.62606260242722,39.774193548387096,0.5483870967741935,27.0,102.0,38.5625,29.354447597425505,5.003540978301131,1.0,397.0,398.0,0.933863257976015,0.0992697074393738,0.2602167931899465,0.4659824550785461,0.1772184653244566,39.4100738534314,19.064516129032263,0.935483870967742,19.0,81.0,18.46875,21.693870642130697,5.18328380673519,0.0,415.0,415.0,0.5126450218337789,0.0486593256755052,0.1339339711113546,0.202016359590771,0.0738749710485511,20.193620155334685,0.0531749109169379,0.1350004867037091,40.04838709677419,99.0,38.8125,0.0,35.82722210484648,40.596774193548384,0.7419354838709677,24.0,100.0,39.34375,36.34178842513808,4.994694171351022,1.0,408.0,409.0,0.8470588235294118,0.100913110342176,0.3619607843137255,0.4939215686274507,0.1724364693462549,41.172549019607835,0.5483870967741935,0.8064516129032258,5.0,3.0,0.53125,0.9677414104501264,2.7434156614960923,0.0,62.0,62.0,0.2196078431372549,0.0125237191650853,0.0149019607843136,0.0270588235294117,0.0381502237895061,0.7764705882352931,0.9788952566320648,0.0789147603950353,3.011764705882353,85,256,360,1080
sciver_test_665,1,256,32,8.967741935483877,83.0,8.71875,-93.0,40.677262056799,42.774193548387096,0.6774193548387096,26.0,122.0,41.46875,31.397635634510763,5.276383590201638,1.0,1018.0,1019.0,0.9486699233537628,0.0403305649077911,0.0831687425534742,0.2211815025654063,0.1176563581135488,41.0565150761314,33.80645161290322,0.8064516129032258,22.0,147.0,32.75,45.92929348465966,5.914577168743009,0.0,1055.0,1055.0,0.7324456726842008,0.0395634623989697,0.119185233219561,0.1816864136698344,0.0792655738609599,41.73945283091304,0.1221711269052731,0.2100994389115125,36.145161290322584,114.0,35.03125,0.0,36.12606778266215,37.435483870967744,0.7419354838709677,22.0,114.0,36.28125,36.46936589025781,5.185986576789796,1.0,670.0,671.0,0.7647058823529411,0.0579923909862452,0.1886274509803922,0.3694117647058816,0.1310083144081199,38.854901960784304,1.2903225806451617,0.4516129032258064,18.0,6.0,1.25,1.600781059358212,5.647447113007335,0.0,434.0,434.0,0.1921568627450981,0.0087557603686635,0.0156862745098039,0.0196078431372549,0.012813545710616,3.799999999999998,0.8743299194677873,0.2092083787666221,2.4380952380952383,105,256,340,828
sciver_test_668,1,256,32,-68.3225806451613,517.0,-66.15625,-638.0,337.3995322106086,144.25806451612902,0.4193548387096774,28.0,521.0,139.78125,152.5409236842281,6.6367550174899534,1.0,1584.0,1585.0,0.8208478060639076,0.0876962733256438,0.2378264102320821,0.3360202427553431,0.1240055888042337,138.91089694781994,212.5806451612903,0.8064516129032258,21.0,684.0,205.9375,254.2579813766915,7.041530252572802,0.0,2331.0,2331.0,0.5645649107430688,0.0936958759475995,0.2870941606509937,0.3462489439352157,0.1173042129128123,218.40508683385448,0.1026904879727491,0.192530129856268,86.29032258064517,370.0,83.09375,-165.0,138.8471190228213,179.6451612903226,0.2903225806451612,31.0,371.0,175.8125,99.31812444740386,6.204499279804816,1.0,1100.0,1101.0,0.996078431372549,0.1638288770053475,0.5376470588235294,0.6941176470588235,0.2270308057504563,180.21176470588233,93.35483870967742,0.5806451612903225,27.0,239.0,92.71875,77.43191944177478,6.495932841182748,0.0,1622.0,1622.0,1.0,0.061816687217427,0.1643137254901964,0.2509803921568627,0.1057449493374363,100.26666666666664,0.2546883544254354,0.3957422406790528,0.98046875,256,251,424,415
sciver_test_670,1,256,32,-11.612903225806456,174.0,-11.21875,-220.0,117.46189126026152,63.41935483870968,0.4193548387096774,29.0,176.0,61.46875,55.79761664656923,5.741308852742003,1.0,710.0,711.0,0.7133709165797978,0.0890455872924635,0.2505815354903775,0.3669579257106078,0.1291641887677798,63.22236697764912,75.03225806451614,0.7741935483870968,19.0,251.0,72.6875,90.53536515500448,5.989037108548944,0.0,824.0,824.0,0.5429616236095751,0.0937247428961526,0.2872383569056838,0.3424481006591039,0.1166001325838782,77.22918814642975,0.1206966601227051,0.187593694018128,38.725806451612904,191.0,37.53125,-40.0,62.38638892769399,60.33870967741936,0.5161290322580645,27.0,195.0,58.46875,57.30345996043781,5.4527691334006025,1.0,649.0,650.0,0.8901960784313725,0.093791353213088,0.3105882352941178,0.4886274509803923,0.1601870998429873,60.87058823529412,21.612903225806456,0.7096774193548387,20.0,91.0,20.9375,25.443488238643695,5.387751114408084,0.0,586.0,586.0,0.5490196078431373,0.0430435655490865,0.0823529411764706,0.2666666666666666,0.0813419112726771,25.2235294117647,0.8494233242942567,0.1756115080327562,1.8156028368794328,141,256,317,574
sciver_test_671,1,256,32,4.903225806451611,132.0,4.78125,-132.0,76.35514650917447,52.22580645161291,0.5806451612903225,30.0,155.0,50.625,42.10756315675368,5.518698273563376,1.0,723.0,724.0,0.9043571420984496,0.0695293634744209,0.1815424732736807,0.3061953553926315,0.1348373393448338,50.26972979200633,47.322580645161295,0.8064516129032258,23.0,156.0,45.84375,54.94264587674587,5.583577439894027,0.0,714.0,714.0,0.8788627294410369,0.0702209025396448,0.1985757256915814,0.2675397052933412,0.1253278562394529,50.13772441330639,0.140473349168615,0.2380641444671848,30.17741935483871,137.0,29.25,-47.0,44.83372056834008,40.40322580645162,0.6774193548387096,20.0,139.0,39.15625,44.31711673763874,5.289413144947421,1.0,631.0,632.0,0.615686274509804,0.0648643609583294,0.203921568627451,0.403921568627451,0.1260338584952085,40.929411764705875,10.225806451612906,0.967741935483871,14.0,68.0,9.90625,17.247027597168735,4.9695914112637904,0.0,322.0,322.0,0.2549019607843137,0.035464620630861,0.1058823529411765,0.1723529411764706,0.0543447335428905,11.419607843137255,0.8821514907332797,0.1886460001329146,1.7534246575342465,146,256,452,794
sciver_test_673,1,256,32,22.290322580645153,122.0,21.625,-112.0,40.92504581549054,39.03225806451613,0.8064516129032258,29.0,145.0,37.84375,32.49529713570104,5.680505518012849,1.0,1173.0,1174.0,0.975806750706463,0.0340795211462555,0.1088818976409315,0.1509214846548902,0.0879021446994626,39.97527830455771,16.74193548387097,0.967741935483871,22.0,123.0,16.21875,25.44323875683872,6.147926841758434,0.0,1372.0,1372.0,0.5719129118271274,0.0176474598452238,0.0286792931350868,0.071950731898894,0.0440178077459115,24.212314907647073,0.0946793642183401,0.1537621417652755,17.629032258064512,163.0,17.09375,-88.0,41.38943054618534,22.370967741935488,0.9032258064516128,16.0,168.0,21.6875,38.73664084236009,5.395094770873069,1.0,671.0,672.0,0.5137254901960784,0.035802577364776,0.0980392156862745,0.1176470588235293,0.0743833845490905,24.02352941176471,4.7419354838709715,0.935483870967742,8.0,106.0,4.59375,18.58739387158673,6.2398771914372135,0.0,644.0,644.0,0.0352941176470588,0.0072281086347582,0.0156862745098039,0.0196078431372548,0.0055008854693966,4.654901960784317,0.9125079501737404,0.105650976095768,3.240506329113924,79,256,871,2839
sciver_test_675,1,256,32,54.51612903225805,370.0,52.84375,-233.0,178.47375671492293,157.16129032258067,0.2903225806451612,29.0,376.0,152.28125,115.47625144780852,6.0585782250484295,1.0,1007.0,1008.0,0.9594786377577352,0.1559378309339635,0.6464519339630846,0.7988165539073467,0.2383590348239516,157.0293957505013,102.6451612903226,0.967741935483871,25.0,256.0,99.4375,97.10527067955684,6.077564913192287,0.0,1478.0,1478.0,0.6651344008719636,0.0718091187256258,0.3184836152854532,0.4680150211973946,0.1424278046476986,106.133877476475,0.1215669363278536,0.2232728084166842,-126.51612903225806,1.0,-128.375,-373.0,102.85783574915428,7.241935483870966,0.0,14.0,132.0,9.09375,22.52825916349286,4.886384793627165,1.0,280.0,281.0,0.2235294117647058,0.0176890756302521,0.0435294117647059,0.0747058823529412,0.0290944298662417,4.9529411764705875,133.75806451612902,0.0,23.0,505.0,137.46875,116.53727525318884,6.057513267965547,0.0,1795.0,1795.0,0.7607843137254902,0.0727773226282156,0.1184313725490207,0.6509803921568628,0.174760202001782,130.63529411764705,0.0902393063389739,0.1917725299992715,0.85546875,256,219,1528,1307
sciver_test_677,1,256,32,-74.83870967741936,388.0,-72.46875,-776.0,338.41311517646227,192.61290322580643,0.3225806451612903,31.0,405.0,186.625,137.81549033036887,6.757054255322132,1.0,1582.0,1583.0,0.960969624611162,0.120407524260924,0.2977396054091787,0.4436521750374304,0.1526982611806143,190.4847033807818,267.4516129032258,0.8387096774193548,25.0,858.0,259.09375,292.6353703176318,7.266308894152903,0.0,2602.0,2602.0,0.6717062958374068,0.1040470473869911,0.2677171456379911,0.3495785731730724,0.1169468209150542,270.73041730095093,0.1515854653633897,0.2027043282970527,207.22580645161293,471.0,201.6875,-143.0,157.1526800399853,274.1935483870967,0.2580645161290322,31.0,473.0,266.5625,126.29972721170066,6.563506511483392,1.0,1522.0,1523.0,1.0,0.1807709154621112,0.592156862745098,0.7647058823529411,0.2437036692040514,275.1333333333333,66.96774193548389,0.967741935483871,22.0,252.0,64.875,79.41927898816509,6.447038807125908,0.0,1617.0,1617.0,0.5490196078431373,0.0477184813319267,0.1529411764705882,0.2313725490196078,0.0814452544261571,77.16078431372547,0.8723941206917549,0.226110213217459,1.590062111801242,161,256,1042,1661
sciver_test_678,1,256,32,-10.774193548387103,187.0,-10.40625,-241.0,118.41158605025734,64.5806451612903,0.4516129032258064,29.0,190.0,62.59375,56.65678433283608,5.814286886114854,1.0,905.0,906.0,0.9275899097645796,0.0711907424095726,0.1914472806817819,0.2731265550256749,0.1305121159263884,64.42762188066327,75.35483870967742,0.8387096774193548,19.0,271.0,73.0,97.69371781235476,6.175851909559337,0.0,1020.0,1020.0,0.6245225443092437,0.0757734594473686,0.2253389881075526,0.2934492044962044,0.0995595607350633,77.28892863631603,0.0702880915210119,0.149646003605691,53.69354838709677,225.0,52.0625,-76.0,79.19198882304951,84.46774193548387,0.4193548387096774,29.0,225.0,81.875,66.06519034256996,5.882764294972062,1.0,930.0,931.0,0.9529411764705882,0.0925152856841661,0.2627450980392157,0.4196078431372548,0.1548194311291941,86.0392156862745,30.774193548387103,0.9032258064516128,17.0,117.0,29.8125,39.99096577666011,5.394535182836064,0.0,582.0,582.0,0.5411764705882354,0.0577993396671383,0.1607843137254901,0.3088235294117634,0.0991029552873811,33.639215686274504,0.9066161669982002,0.1762028382485445,1.2367149758454106,207,256,1342,1661
sciver_test_680,1,256,32,-20.870967741935488,107.0,-20.1875,-67.0,51.47841629022789,15.64516129032258,0.1290322580645161,11.0,107.0,15.1875,29.99941405677784,4.7439941891937885,1.0,176.0,177.0,0.2913754750013446,0.0839606967188395,0.1875593276466511,0.2095776605620468,0.0737479515118956,14.777082622515769,36.516129032258064,0.6774193548387096,20.0,68.0,35.375,27.57574794996502,4.483212864770305,0.0,197.0,197.0,0.7434109448849787,0.1868880175774148,0.5951797815376079,0.6558586024175306,0.2373413198443965,36.81693946275072,0.0194121126539202,0.1150916919035731,-8.85483870967742,1.0,-10.375,-116.0,29.14377077524458,1.3387096774193543,0.0,6.0,8.0,1.4375,1.248436522214886,1.421393200696908,1.0,10.0,11.0,0.1254901960784313,0.0258823529411764,0.076078431372549,0.1007843137254901,0.0392235286276078,0.2588235294117647,10.193548387096776,0.0,10.0,124.0,11.8125,29.933715835993365,4.901631446363158,0.0,286.0,286.0,0.5450980392156862,0.0318661730426436,0.0862745098039215,0.1127450980392156,0.0520458795411615,9.11372549019608,0.0070326861213235,0.0516243736041596,1.3333333333333333,192,256,506,675
sciver_test_683,1,256,32,4.322580645161298,819.0,4.21875,-994.0,562.3875851211844,313.8709677419355,0.3870967741935484,31.0,830.0,304.09375,286.28355255050457,7.163846595181064,1.0,2775.0,2776.0,0.9222816321967614,0.1135884833641014,0.3409925385398927,0.4423849315791438,0.1513969053343427,315.2080413353816,309.5483870967742,0.8064516129032258,24.0,1068.0,299.875,376.40393445738584,7.623713645882168,0.0,4287.0,4287.0,0.5444763260229188,0.0766510380968888,0.2347562368223724,0.2945141931861114,0.1008001388662668,328.60300032136234,0.1487719237740042,0.205374501075319,155.3709677419355,695.0,150.53125,-202.0,253.337223919892,191.27419354838713,0.6451612903225806,19.0,695.0,185.3125,232.47868685913983,6.983893030146525,1.0,2142.0,2143.0,0.5647058823529412,0.0901869244429798,0.2627450980392157,0.3294117647058824,0.1112724376629315,193.18039215686275,35.90322580645163,0.967741935483871,11.0,313.0,34.78125,80.11660813113284,6.978695982406284,0.0,2443.0,2443.0,0.192156862745098,0.0207250808632908,0.0666666666666666,0.1137254901960784,0.0346953465808934,50.63137254901959,0.9412063846461332,0.1114302146647475,1.098712446351931,233,256,2132,2342
sciver_test_685,1,256,32,-60.45161290322583,260.0,-58.53125,-409.0,224.60172867419675,127.74193548387096,0.1935483870967742,31.0,260.0,123.78125,86.65835734906068,6.312767786704795,1.0,1261.0,1262.0,0.9879273752300096,0.1012355819199945,0.2568360754103935,0.3791062102326086,0.1573255704931494,127.6580688011131,188.19354838709677,0.6774193548387096,24.0,467.0,182.3125,169.98243245626884,6.5984157048015355,0.0,1712.0,1712.0,0.705113072689343,0.1117895979322751,0.3623273807565971,0.4449873070503766,0.153044561824101,191.383791660055,0.1109262299518669,0.2194648365242119,105.3064516129032,256.0,103.84375,-145.0,100.66625221958698,146.79032258064518,0.2580645161290322,30.0,256.0,144.03125,61.620047658513705,5.886414593417679,1.0,1136.0,1137.0,1.0,0.1314588511460922,0.496078431372549,0.7803921568627451,0.2416718118242092,149.33725490196076,41.48387096774195,0.8709677419354839,22.0,220.0,40.1875,50.24902828662461,5.483073631574369,0.0,936.0,936.0,0.6274509803921569,0.048743086978381,0.1137254901960784,0.3411764705882353,0.1161570740518333,45.62352941176469,0.9245598658277744,0.1937958446017103,1.3195876288659794,194,256,289,382
sciver_test_692,1,256,32,10.129032258064504,53.0,9.84375,-107.0,33.2594999351689,29.32258064516129,0.7741935483870968,30.0,75.0,28.4375,17.968614129921093,5.108388097386909,1.0,493.0,494.0,0.9877843249449982,0.0576048181460775,0.1538998501092737,0.219176436567308,0.115647840470433,28.399175346016236,19.19354838709678,0.935483870967742,21.0,112.0,18.59375,29.20387321807674,5.180198426667342,0.0,586.0,586.0,0.6382359383267346,0.034333646410186,0.0951463610041989,0.1543403257308655,0.0759591192267537,20.119516796369012,0.0745497811450899,0.1732092762515222,32.99999999999999,82.0,32.375,1.0,25.947964756412013,37.564516129032256,0.7419354838709677,26.0,86.0,36.8125,26.440307179569604,5.051730922931917,1.0,573.0,574.0,0.992156862745098,0.0653868528214078,0.2156862745098039,0.3835294117647057,0.146508337606818,37.46666666666667,4.564516129032259,0.935483870967742,21.0,23.0,4.4375,4.485654216499529,5.316935940071306,0.0,552.0,552.0,0.4745098039215686,0.0135691957942597,0.0196078431372549,0.0549019607843137,0.0341740441150267,7.490196078431365,0.9334039581741788,0.1919414948483336,3.324675324675325,77,256,1288,4305
sciver_test_694,1,256,32,2.2096774193548394,56.0,2.1875,-20.0,12.045324559761768,6.854838709677422,0.8387096774193548,11.0,62.0,6.6875,13.210879749282409,4.190745192829369,1.0,123.0,124.0,0.2764927970980571,0.0487466407576946,0.1208638582563913,0.1484004393302153,0.0563570051611645,5.995836813196445,4.645161290322582,0.9032258064516128,8.0,39.0,4.5,9.614442261514704,3.717092129232822,0.0,111.0,111.0,0.8782889293521984,0.0433649635696289,0.1055626843602622,0.1296647062665012,0.0913658345328302,4.813510956228818,0.0435715798017078,0.1703371584200615,7.096774193548389,40.0,6.84375,-3.0,13.40034835134893,8.225806451612906,0.8387096774193548,7.0,41.0,8.0,13.534677683639163,3.853516480583598,1.0,108.0,109.0,0.2862745098039215,0.0713870733478576,0.207843137254902,0.2117647058823529,0.0930384129561854,7.709803921568627,1.129032258064516,0.0,4.0,4.0,1.15625,0.7545435292281023,0.9200736492420368,0.0,17.0,17.0,1.0,0.0715109573241061,0.028235294117647,0.2282352941176463,0.2322818696603553,1.215686274509804,0.7718584331880901,0.4118031385835136,1.8962962962962964,135,256,877,1661
sciver_test_696,1,256,32,-16.612903225806452,101.0,-16.0625,-166.0,81.63904454211846,37.58064516129032,0.1935483870967742,26.0,101.0,36.4375,31.784368701454493,5.343757099430132,1.0,343.0,344.0,0.9954501031074254,0.1068267094765189,0.1918206052869025,0.3129595672657926,0.1289416837641223,36.64156135044598,54.193548387096776,0.8064516129032258,20.0,182.0,52.5,62.690210559544305,5.5406732224182065,0.0,524.0,524.0,0.5324895516155904,0.1048310733704356,0.2987184518122265,0.3771746410353079,0.1284065458683079,54.931482446108305,0.1134255338528075,0.2133933953923123,8.790322580645167,100.0,8.53125,-151.0,53.90326078668618,24.75806451612903,0.6129032258064516,20.0,100.0,24.0,31.28897569432403,5.227635738500572,1.0,365.0,366.0,0.6470588235294117,0.0692237442922374,0.1552941176470589,0.2227450980392157,0.096486617982341,25.266666666666666,15.967741935483865,0.7419354838709677,9.0,186.0,15.46875,45.18917484793786,5.916376299932478,0.0,540.0,540.0,0.2549019607843137,0.028315177923021,0.0470588235294118,0.0549019607843137,0.0287179238715532,15.290196078431368,0.9090250744905806,0.1336331583474398,5.019607843137255,51,256,1200,6000
sciver_test_698,1,256,32,-5.806451612903231,114.0,-5.59375,-160.0,71.4238490347412,32.25806451612903,0.5806451612903225,27.0,121.0,31.28125,32.28702755655125,5.346217055504361,1.0,688.0,689.0,0.8032454711952751,0.0457220775940414,0.122040485825524,0.2188873606260692,0.0973866930870449,31.45678938470051,38.06451612903226,0.935483870967742,17.0,162.0,36.875,55.14455435489528,5.7816553904631025,0.0,699.0,699.0,0.5058073067828667,0.0591060057086005,0.1684804060474855,0.2317123006334526,0.0815704514133109,41.31509799031176,0.1070052829648847,0.2050121478343148,29.661290322580644,120.0,28.75,-65.0,39.39781085288877,35.95161290322581,0.6774193548387096,25.0,120.0,34.84375,34.72400950261217,5.246490561968468,1.0,596.0,597.0,0.6627450980392157,0.0595538886695617,0.1862745098039215,0.3509803921568627,0.1165534917560726,35.49411764705882,6.290322580645164,0.967741935483871,12.0,77.0,6.09375,15.040277954130367,5.350297159690978,0.0,394.0,394.0,0.2078431372549019,0.0215387677913805,0.0627450980392156,0.0705882352941176,0.0288922480491316,8.486274509803922,0.7427021521327829,0.2764431054066855,1.4970760233918128,171,256,2400,3600
sciver_test_699,1,256,32,-0.4838709677419361,142.0,-0.4375,-142.0,73.80842495101761,38.80645161290321,0.5161290322580645,30.0,154.0,37.625,43.07388274813405,5.240921395806453,1.0,442.0,443.0,0.9604024997459344,0.0859022168544423,0.2079161281838649,0.3459267685146155,0.1292439141522416,37.96877984966352,39.29032258064517,0.7741935483870968,21.0,153.0,38.0625,50.60443255041993,5.2935554312173965,0.0,484.0,484.0,0.7935185861127284,0.0837007425716334,0.2575503747916135,0.3196335278299134,0.1251541028715741,40.51115940467059,0.0907467172194328,0.2111196114280311,34.435483870967744,123.0,33.375,-7.0,40.068496041154326,47.758064516129025,0.4516129032258064,29.0,123.0,46.28125,37.38000332313389,4.973221918971609,1.0,380.0,381.0,0.9215686274509804,0.1257688338493292,0.4117647058823529,0.6394117647058823,0.2017284105650165,47.7921568627451,13.322580645161292,0.8387096774193548,19.0,38.0,12.90625,14.40563990031335,4.398943552054036,0.0,272.0,272.0,0.4823529411764705,0.0539504036908881,0.192156862745098,0.3449019607843133,0.1069159009024488,14.674509803921566,0.7794702173632612,0.3354327547161438,1.3473684210526315,190,256,618,831
sciver_test_702,1,256,32,-10.387096774193548,162.0,-10.03125,-145.0,92.31958228586988,54.483870967741936,0.1935483870967742,25.0,162.0,52.8125,51.5627272722264,5.448313379518739,1.0,457.0,458.0,0.9556141076520738,0.1189118396066756,0.2510273743273959,0.3150074079182661,0.1645016569847613,54.34271070025079,64.87096774193549,0.7741935483870968,24.0,163.0,62.84375,56.52936702226109,5.348689633563683,0.0,473.0,473.0,0.7092928687306103,0.1391040561764604,0.5077016052029745,0.5754202945531735,0.1880357607402375,65.79621857146577,0.0431399528402355,0.139706978663766,17.66129032258064,130.0,17.125,-220.0,59.815732671263,36.49999999999999,0.4193548387096774,24.0,130.0,35.375,37.036932580871216,5.182777130515223,1.0,511.0,512.0,0.7686274509803921,0.0730670350331913,0.184313725490196,0.388235294117647,0.1390299830437631,37.337254901960776,18.838709677419363,0.935483870967742,12.0,238.0,18.25,43.526572343799366,5.384986946620899,0.0,472.0,472.0,0.4627450980392157,0.0422648720505151,0.0666666666666666,0.1878431372549018,0.0723600698332879,19.949019607843148,0.938745436325572,0.0872020726122414,1.3333333333333333,192,256,1245,1660
sciver_test_704,1,256,32,-3.8387096774193656,191.0,-3.6875,-348.0,137.124359045904,71.32258064516128,0.4838709677419355,27.0,194.0,69.125,66.68008979448064,6.23744167464865,1.0,1289.0,1290.0,0.6817235027094797,0.0551130169011576,0.1560136114071434,0.242944784127837,0.0919684619627387,71.04067878559218,75.16129032258064,0.935483870967742,18.0,352.0,72.8125,109.58884452237828,6.553440379263572,0.0,1508.0,1508.0,0.6825410608731415,0.0520059706746106,0.1537193866917262,0.2149445050300241,0.0726165874642752,78.42500377731281,0.1004489934865097,0.1522781592760608,53.53225806451612,182.0,51.875,-132.0,74.72898952213926,77.17741935483872,0.6129032258064516,25.0,206.0,74.78125,74.46800251408318,6.097832271515374,1.0,1156.0,1157.0,0.7411764705882353,0.0680507497116493,0.2039215686274509,0.3480392156862745,0.1159832136889156,78.66666666666666,23.645161290322587,0.967741935483871,16.0,165.0,22.90625,35.58999102188002,5.879748221900269,0.0,794.0,794.0,0.4156862745098039,0.0346421692102533,0.0823529411764706,0.1333333333333333,0.0559693555823396,27.50588235294117,0.8938408253372272,0.180004712971777,1.8156028368794328,141,256,1667,3025
sciver_test_706,1,256,32,-69.41935483870971,430.0,-67.21875,-644.0,328.09028238952385,156.29032258064518,0.4516129032258064,29.0,459.0,151.4375,132.79258674244582,6.747176493659044,1.0,2837.0,2838.0,0.918345652728988,0.0546428419892806,0.173231918893101,0.2545747473453402,0.1146374829525475,155.02174272358928,225.7096774193548,0.8064516129032258,22.0,713.0,218.65625,274.3236693869807,7.425248761370906,0.0,3944.0,3944.0,0.5456818927858162,0.0609754652282912,0.1980820499312948,0.2717855731040031,0.0907110000259014,240.48723486038057,0.1202069541467091,0.1776006171290829,132.72580645161293,442.0,128.59375,-335.0,209.78692454711637,232.5645161290323,0.935483870967742,29.0,763.0,225.3125,178.02131850918866,7.064034154161182,1.0,3454.0,3455.0,0.8823529411764706,0.0671446575155829,0.2274509803921569,0.3568627450980391,0.1303512568092873,231.91764705882352,99.83870967741936,0.967741935483871,19.0,455.0,96.71875,145.73825732606213,7.083261632850382,0.0,3873.0,3873.0,0.5058823529411764,0.0325805096115389,0.0784313725490196,0.2156862745098039,0.0714200725292584,126.1843137254902,0.9222745196869072,0.145307369888778,1.3763440860215057,186,256,1006,1382
sciver_test_708,1,256,32,-31.322580645161324,93.0,-30.3125,-682.0,170.30220152349764,45.32258064516129,0.8387096774193548,28.0,194.0,43.9375,61.080345396453026,6.341452018832715,1.0,1307.0,1308.0,0.514236290122217,0.0367828827299505,0.0859570979183345,0.156851080946895,0.0629641689637497,48.07522772804532,76.64516129032262,0.935483870967742,16.0,720.0,74.25,176.1418107662119,6.980207334189991,0.0,1840.0,1840.0,0.4911244641467394,0.0435487063791165,0.1003996612771752,0.1356942998856981,0.0476529086413183,80.12961973757453,0.0823079891050596,0.1812361712977183,50.22580645161289,262.0,48.59375,-92.0,67.00879577292447,65.1290322580645,0.9032258064516128,28.0,297.0,63.15625,67.07696576275272,5.748153816676399,1.0,895.0,896.0,0.8313725490196079,0.0723715631503998,0.192156862745098,0.4521568627450978,0.1386140500611512,64.77254901960784,14.90322580645162,0.967741935483871,21.0,128.0,14.5625,25.822637234604834,5.691902071866238,0.0,836.0,836.0,0.9686274509803922,0.0229618163054695,0.0666666666666666,0.0901960784313725,0.0513269676950763,19.196078431372545,0.8453349992340686,0.3187141502452645,2.0,128,256,706,1412
sciver_test_709,1,256,32,-50.516129032258064,182.0,-48.90625,-468.0,200.84234479047865,75.29032258064515,0.5806451612903225,30.0,231.0,72.96875,68.13657441813098,6.177277962246246,1.0,1201.0,1202.0,0.7953136695331657,0.0625273897795169,0.19152568985229,0.2597316248325846,0.0962959800976467,75.09539512519981,125.80645161290325,0.8387096774193548,22.0,477.0,121.875,164.99767990793083,6.552989885382193,0.0,1454.0,1454.0,0.7852987832766465,0.0883609602126955,0.2480406111992925,0.3067595792595861,0.1132009153120918,128.47683614925936,0.2620292406052769,0.2957577840887995,45.41935483870968,247.0,44.125,-135.0,113.79305503852156,104.3225806451613,0.4516129032258064,30.0,261.0,101.1875,82.36103352769439,5.892110315057643,1.0,945.0,946.0,0.9450980392156862,0.1101525054466231,0.3568627450980392,0.509019607843137,0.1780267079325807,104.09411764705882,58.90322580645162,0.7741935483870968,27.0,189.0,57.0625,64.04438768346529,5.7836885590749905,0.0,968.0,968.0,0.996078431372549,0.0648638794360719,0.2090196078431375,0.3358823529411764,0.1289114204140563,62.78823529411765,0.7840304564448732,0.2910353811119103,2.098360655737705,122,256,661,1387
sciver_test_710,1,256,32,-8.145161290322598,116.0,-7.84375,-346.0,98.61101275180933,53.98387096774193,0.7096774193548387,28.0,180.0,52.34375,50.70417227346779,5.969891261149991,1.0,1373.0,1374.0,0.9999980776679804,0.0403629150698423,0.1022217743701263,0.2069709125849156,0.0965848216571712,55.41828239089348,62.12903225806453,0.967741935483871,20.0,350.0,60.1875,94.70230907295766,6.528953630183626,0.0,1526.0,1526.0,0.4931570081268497,0.0440340903020194,0.1278754152428256,0.1783237402280127,0.0635680267527093,67.19602180088162,0.0662655469517342,0.1579609332247864,66.95161290322581,170.0,65.0625,-106.0,59.46897168902452,76.5483870967742,0.6451612903225806,30.0,173.0,74.375,55.381489461732606,5.729147558178553,1.0,951.0,952.0,1.0,0.0805591637285829,0.3058823529411764,0.4098039215686274,0.1554637531035168,76.61176470588235,9.596774193548391,0.967741935483871,18.0,135.0,9.3125,23.894870657737403,5.618006957170437,0.0,613.0,613.0,0.3176470588235294,0.0235677957969484,0.0627450980392156,0.0705882352941176,0.037252441016041,14.447058823529408,0.8710324754901962,0.3034847858776796,1.3061224489795915,196,256,1749,2279
sciver_test_713,1,256,32,-16.677419354838715,209.0,-16.125,-274.0,144.54492165067578,78.5806451612903,0.4516129032258064,30.0,233.0,76.15625,69.02450170727421,5.8704104219799405,1.0,1052.0,1053.0,0.988542118379057,0.075127423974821,0.2015886890734311,0.3084533245803341,0.1447467199248419,79.03405002151177,95.25806451612904,0.7741935483870968,28.0,291.0,92.28125,100.70819057275084,6.147371527460765,0.0,1078.0,1078.0,0.5434735163491017,0.0904692784884751,0.2821333328937593,0.3562674854391448,0.1234274886974762,97.52588221057616,0.1150560710178015,0.2086025607996277,65.58064516129033,234.0,64.625,-56.0,84.22393884757469,98.61290322580648,0.3225806451612903,31.0,236.0,96.625,63.58397498584058,5.610051868078079,1.0,845.0,846.0,1.0,0.1176888270100939,0.3607843137254901,0.7043137254901957,0.2223515028230496,99.44705882352942,33.032258064516135,0.7419354838709677,23.0,77.0,32.0,31.619811827397076,4.855689390588989,0.0,460.0,460.0,0.615686274509804,0.0787894288150042,0.4,0.4901960784313726,0.1542417611322152,36.24313725490196,0.924852255869453,0.1878645254228054,1.6842105263157894,152,256,527,885
sciver_test_714,1,256,32,-28.93548387096775,64.0,-28.0,-160.0,80.62257748298549,55.9032258064516,0.5161290322580645,29.0,142.0,54.1875,42.98723466041983,5.574363591127794,1.0,582.0,583.0,0.8222380183278655,0.0953967928078795,0.2357343826540771,0.4452029349600199,0.1401346739857893,55.52093341418589,84.83870967741935,0.7419354838709677,22.0,198.0,82.1875,75.80708966679832,5.839624156898153,0.0,745.0,745.0,0.6949459091241986,0.1158714966592466,0.3622439760983567,0.4435042441947392,0.1516340458767342,86.32426501113872,0.0992373642603024,0.1578072406765963,29.532258064516128,151.0,28.625,-10.0,41.4380184733778,36.854838709677416,0.7096774193548387,19.0,154.0,35.71875,44.09169024246519,5.333882199975838,1.0,461.0,462.0,0.4784313725490196,0.0797839309259495,0.2705882352941177,0.388235294117647,0.1147317408401978,36.780392156862746,7.322580645161294,0.967741935483871,11.0,55.0,7.09375,13.872993942819264,4.7498960386397755,0.0,268.0,268.0,0.2784313725490196,0.0341527655838454,0.0913725490196079,0.1790196078431372,0.0537032580196769,9.15294117647059,0.9677480660232844,0.0761824824519453,2.6666666666666665,96,256,452,1202
sciver_test_716,1,256,32,-262.741935483871,301.0,-254.5,-712.0,340.1101843520714,128.29032258064515,0.8387096774193548,29.0,367.0,124.3125,110.4407186854106,6.7038823722213845,1.0,1945.0,1946.0,0.9980348340823478,0.0653093881152508,0.1700301980621039,0.2625267636767223,0.1144275955981471,127.02675988416284,391.0322580645161,0.6451612903225806,26.0,739.0,378.8125,280.0964607840485,7.1271651917533045,0.0,2587.0,2587.0,0.7478183588187914,0.1532302465933533,0.4993358658096172,0.6100746872797783,0.1955743749487121,396.4066479370052,0.0848260718316986,0.1977603406085197,105.01612903225804,313.0,102.40625,-168.0,93.48023165855707,144.1774193548387,0.2580645161290322,28.0,314.0,140.34375,72.31640952050579,6.024403771272199,1.0,1380.0,1381.0,1.0,0.1062517760727479,0.2509803921568627,0.8117647058823529,0.2259134062680417,146.62745098039215,39.161290322580655,0.8387096774193548,21.0,397.0,37.9375,70.61866675143337,6.55929037185486,0.0,2041.0,2041.0,0.807843137254902,0.0249243450442401,0.0431372549019607,0.0627450980392156,0.0683349680370757,50.87058823529412,0.9074599274470744,0.188734509432125,1.0199203187250996,251,256,1302,1329
sciver_test_717,1,256,32,-70.45161290322581,171.0,-68.21875,-578.0,231.84190927965872,140.54838709677418,0.6774193548387096,31.0,268.0,136.1875,76.94090163073214,6.541395458934353,1.0,1364.0,1365.0,0.9385562969027396,0.1024729423861024,0.2810992735733763,0.3995940735172894,0.1369623888441684,139.77309341464368,211.0,0.8387096774193548,29.0,633.0,204.40625,212.20389065928433,6.846251338344747,0.0,1930.0,1930.0,0.8214865674437519,0.1103984379181354,0.3109498136342762,0.4275117471355531,0.1413979738852873,213.06898518200143,0.0879707604897417,0.1824055591233321,106.8548387096774,227.0,104.6875,-323.0,112.13787203148632,203.56451612903223,0.6129032258064516,31.0,361.0,198.375,88.73617850121786,6.482922413863812,1.0,1457.0,1458.0,0.996078431372549,0.1413783358230045,0.4509803921568627,0.603921568627451,0.2032189317919585,205.9882352941177,96.70967741935485,0.8709677419354839,31.0,439.0,93.6875,82.7278812961507,6.58617094165122,0.0,1683.0,1683.0,0.9176470588235294,0.0632647117076182,0.1764705882352941,0.2898039215686269,0.1036662932185017,106.47450980392156,0.8974908908876051,0.2014926204699108,1.1428571428571428,224,256,700,800
sciver_test_721,1,256,32,2.4838709677419364,250.0,2.4375,-228.0,125.65054155772668,74.64516129032256,0.5483870967741935,31.0,267.0,72.34375,72.10998950171536,6.099565582383365,1.0,1496.0,1497.0,0.9817796606383682,0.0497017994341759,0.1437098979263396,0.2304840894422016,0.1087369753398579,74.35389195352718,72.16129032258064,0.8387096774193548,23.0,266.0,69.90625,96.19718010907336,6.651893743877904,0.0,2280.0,2280.0,0.5580553798409286,0.0347384145709007,0.1113199938814451,0.1888514252639044,0.0663617881834553,79.20358522165365,0.09250827138201,0.1477188403529903,67.20967741935482,225.0,65.125,-252.0,95.87842236395008,100.2741935483871,0.5483870967741935,31.0,228.0,97.15625,76.13192061111752,5.924217196685133,1.0,1120.0,1121.0,0.9607843137254902,0.0900910364145658,0.3184313725490198,0.5060784313725488,0.1670058008047982,100.90196078431372,33.06451612903227,0.967741935483871,16.0,289.0,32.03125,58.84751713910707,5.681939962526332,0.0,928.0,928.0,0.4941176470588235,0.0387423935091277,0.0717647058823531,0.2692156862745097,0.0828739358434147,35.95294117647058,0.9275781744149272,0.1229974185314854,1.6516129032258065,155,256,521,859
sciver_test_722,1,256,32,-22.58064516129032,51.0,-21.84375,-87.0,49.28749167828994,21.258064516129032,0.3225806451612903,23.0,80.0,20.625,24.635784440524723,4.990334667978816,1.0,188.0,189.0,0.4263190972875373,0.1088785560279974,0.1909753432292917,0.233358046598192,0.0740739165519871,20.469168533263524,43.83870967741935,0.5161290322580645,22.0,88.0,42.46875,33.80272213058439,4.530438321453397,0.0,189.0,189.0,0.6731019835464643,0.2325828012788738,0.5558082073588602,0.5871241443376682,0.2481770721871126,43.95814944170716,0.0125333423885929,0.0846021951409687,-14.548387096774192,1.0,-16.9375,-183.0,37.96868569953403,1.0,0.0,0.0,1.0,1.0,0.0,0.0,1.0,0.0,1.0,0.0,0.0,0.0,0.0,0.0,0.0,15.548387096774192,0.0,11.0,184.0,17.9375,37.96868569953403,4.759494534154113,0.0,281.0,281.0,0.403921568627451,0.0476030981787732,0.1490196078431372,0.1686274509803921,0.0665658574374537,13.376470588235296,0.0024538650687547,0.0243180101623176,1.6623376623376624,154,256,598,997
sciver_test_724,1,256,32,-213.5161290322581,578.0,-206.8125,-1932.0,722.6561006756602,269.19354838709677,0.6129032258064516,31.0,853.0,260.8125,256.59031517917816,7.533108174215114,1.0,3336.0,3337.0,0.9964128741706506,0.0807278953293447,0.1912140121690029,0.26288336927784,0.1027561240856479,269.30825881869407,482.7096774193548,0.9032258064516128,20.0,2003.0,467.625,684.1108165896809,8.274878375669356,0.0,6273.0,6273.0,0.5383989693761727,0.0777784326409947,0.1892167022613949,0.2416888447789912,0.079452192304832,487.90410795695976,0.1961686371913278,0.1749413695775131,190.0483870967742,812.0,184.125,-604.0,304.77304568317714,318.0161290322581,0.6774193548387096,28.0,924.0,308.09375,289.1741861939573,7.41705054229595,1.0,2941.0,2942.0,0.8862745098039215,0.1082118260428959,0.2901960784313725,0.3568627450980391,0.1262471928847905,318.25098039215686,127.96774193548389,0.8387096774193548,21.0,954.0,123.96875,214.40404094474871,7.539482949295973,0.0,3137.0,3137.0,0.2862745098039216,0.0431297542925362,0.1137254901960783,0.1490196078431372,0.0477667847069712,135.2980392156863,0.7941172697527287,0.1730094938117448,1.2610837438423643,203,256,1317,1661
sciver_test_726,1,256,32,40.870967741935495,366.0,39.625,-169.0,145.9956656034692,132.96774193548387,0.2580645161290322,29.0,372.0,128.84375,105.55955350387524,6.187774967108141,1.0,835.0,836.0,0.9025733249363238,0.1575241953228118,0.4378151023379538,0.533767536563248,0.1736196118467401,131.53270309454786,92.0967741935484,0.7741935483870968,25.0,179.0,89.21875,72.83360075155903,6.4215253862437045,0.0,1125.0,1125.0,0.6962085951567067,0.082419307376518,0.2273045884166625,0.3045637703734781,0.1001233633633262,92.72172079858282,0.1909216781962437,0.2585238916049538,244.80645161290323,332.0,239.78125,1.0,57.45364129833287,245.25806451612905,0.6774193548387096,26.0,332.0,240.21875,56.965304339022886,5.967353239747773,1.0,534.0,535.0,1.0,0.4573621208783139,0.9725490196078432,0.976470588235294,0.3404881994099379,244.2313725490196,0.4516129032258068,0.967741935483871,5.0,11.0,0.4375,1.9354828209002528,5.943371990651041,0.0,470.0,470.0,0.0901960784313725,0.0129662077596996,0.0235294117647059,0.0274509803921568,0.0092481269812351,6.094117647058825,0.908348392323031,0.2061624556419882,0.23046875,256,59,6690,1545
sciver_test_728,1,256,32,-17.629032258064516,195.0,-17.03125,-251.0,107.6752885923112,40.79032258064517,0.6129032258064516,29.0,209.0,39.5625,53.86321651878952,5.565610948141124,1.0,683.0,684.0,0.9129138586970784,0.0586847909553883,0.1418013307846187,0.2326743837591471,0.1080859941498846,40.08171222253022,58.41935483870968,0.8709677419354839,18.0,256.0,56.59375,85.46521930550169,5.8296555812578505,0.0,675.0,675.0,0.8003859621133741,0.0889432352616547,0.2211158735224273,0.2638187771069677,0.1076643732420112,60.03668380161692,0.0636177624079134,0.1431719030074832,50.08064516129033,182.0,48.5625,1.0,49.97995692024954,52.758064516129025,0.6129032258064516,26.0,182.0,51.15625,50.12678262104501,5.317154889523993,1.0,534.0,535.0,0.9529411764705882,0.0982007784387163,0.3439215686274509,0.5072549019607842,0.1631782100879395,52.43921568627451,2.6774193548387095,0.8064516129032258,15.0,15.0,2.59375,4.03778540012963,4.782382238308363,0.0,299.0,299.0,0.2392156862745098,0.0127352613286117,0.0274509803921568,0.0549019607843137,0.0266723806227853,3.807843137254899,0.9376815207292066,0.1603518012223411,1.673202614379085,153,256,590,988
sciver_test_730,1,256,32,9.225806451612897,129.0,8.96875,-254.0,109.45361014346445,72.1935483870968,0.7096774193548387,28.0,172.0,69.96875,55.42251594286838,6.083926727347353,1.0,2373.0,2374.0,0.9351125808964283,0.0308588936947859,0.0694348038364051,0.1415453374228111,0.0956208389075639,73.22815473772712,62.96774193548387,0.8709677419354839,23.0,276.0,61.0,90.01458215200468,6.697659776980482,0.0,2310.0,2310.0,0.5688910683598541,0.0349639951702714,0.0889550098526388,0.1832324021393875,0.0700202131471337,80.76682884332715,0.1021937716431028,0.1539244445371027,79.96774193548386,225.0,77.5,1.0,53.78254828473638,92.67741935483872,0.967741935483871,31.0,233.0,89.8125,59.75336679844911,6.056898888891521,1.0,1728.0,1729.0,0.9803921568627452,0.0538398692810457,0.1070588235294116,0.2549019607843137,0.1423149538517404,93.03529411764706,12.709677419354838,0.6451612903225806,18.0,61.0,12.3125,17.366342267443653,6.234634705940162,0.0,1097.0,1097.0,0.3019607843137255,0.0177274920907287,0.0274509803921568,0.0807843137254907,0.0321013416935347,19.447058823529403,0.9083456051619544,0.1618658600823095,1.4143646408839778,181,256,780,1105
sciver_test_732,1,256,32,-50.80645161290323,134.0,-49.1875,-362.0,151.3209415241327,47.838709677419345,0.6129032258064516,27.0,176.0,46.375,49.42971651749583,5.971642788785223,1.0,770.0,771.0,0.5707088629661076,0.0604675969459483,0.1512338986641628,0.2320270351730284,0.081366678115544,46.560049648380215,98.6451612903226,0.8387096774193548,19.0,372.0,95.5625,131.84648684644577,6.268359625090589,0.0,1002.0,1002.0,0.5516759989721342,0.0993659077671885,0.2705335494744532,0.3133122059013503,0.1137849124221219,99.56463958272296,0.0605047210923945,0.1430274631525867,10.112903225806448,102.0,11.40625,-46.0,32.046703589253916,40.17741935483871,0.0,28.0,102.0,40.53125,28.172442624619897,5.488147873445401,1.0,655.0,656.0,0.7019607843137254,0.0626732525071097,0.131764705882353,0.3474509803921565,0.1200754982065735,41.05098039215686,30.064516129032256,0.6451612903225806,26.0,96.0,29.125,22.77574093196531,5.400898052495306,0.0,704.0,704.0,0.9098039215686274,0.0465853386809269,0.1243137254901962,0.2425490196078432,0.1042136296793842,32.79607843137254,0.9316944795496322,0.1944731353272266,1.3333333333333333,192,256,480,640
sciver_test_733,1,256,32,-7.806451612903254,182.0,-7.53125,-485.0,163.84824998588633,97.90322580645164,0.7741935483870968,30.0,347.0,94.875,86.38711926554792,6.593104676612817,1.0,1836.0,1837.0,0.84266968941254,0.0535512195344368,0.1304702824803524,0.191641068408145,0.098528951994785,98.32003906522606,105.70967741935486,0.9032258064516128,17.0,509.0,102.40625,148.32520423359443,6.799254614680686,0.0,2483.0,2483.0,0.4936698708256064,0.0447198557833203,0.144657603360428,0.200824614875079,0.0770156317008691,111.03940190998443,0.10407053960877,0.1598393866765863,104.16129032258064,412.0,100.96875,-73.0,119.67834087017374,132.3548387096774,0.8064516129032258,30.0,418.0,128.28125,119.58449794366116,6.540762233035987,1.0,1838.0,1839.0,0.9333333333333332,0.0726364974716763,0.2117647058823529,0.2790196078431367,0.1316414612201052,133.50588235294117,28.19354838709679,0.967741935483871,14.0,215.0,27.3125,60.50952275262134,6.405746875630944,0.0,1254.0,1254.0,0.4078431372549019,0.0269600025017981,0.0823529411764706,0.1058823529411764,0.0397963921539989,33.807843137254906,0.9188004493464051,0.1388590090935282,1.7066666666666668,150,256,907,1549
sciver_test_734,1,256,32,-6.032258064516144,255.0,-5.8125,-240.0,136.20835085907913,89.32258064516125,0.4838709677419355,30.0,269.0,86.5625,82.87111133410725,6.3168312014152965,1.0,1251.0,1252.0,0.9338271897091818,0.0709040776317704,0.1679000387091834,0.2710409360897615,0.1114327354278829,88.7010011173448,95.35483870967744,0.8709677419354839,19.0,286.0,92.375,106.62192258161544,6.2560723772801765,0.0,1411.0,1411.0,0.5951857465371214,0.0695333221707356,0.2653848116593611,0.3592495767425369,0.1153635517781337,98.11151758290804,0.104973721746679,0.1844743303878939,70.04838709677418,231.0,67.875,-287.0,96.57631373685786,94.62903225806448,0.5483870967741935,26.0,234.0,91.6875,79.44394151695899,6.108625866771204,1.0,1171.0,1172.0,0.8235294117647058,0.0817635337653421,0.2117647058823529,0.3627450980392156,0.1375298371569805,95.74509803921566,24.580645161290334,0.967741935483871,15.0,323.0,23.8125,57.9964640624754,6.03622823289405,0.0,799.0,799.0,0.4392156862745098,0.0355444305381727,0.07921568627451,0.1376470588235291,0.0518809538702894,28.39999999999999,0.946075283709374,0.124010044178476,1.7534246575342465,146,256,1587,2787
sciver_test_737,1,256,32,7.93548387096774,158.0,7.71875,-147.0,83.94203147671314,55.87096774193549,0.5483870967741935,28.0,179.0,54.15625,50.4158391374923,5.343526790676588,1.0,519.0,520.0,0.9852508924402236,0.1060758151056734,0.3014083353010437,0.4877974173246999,0.1675767209578754,55.05334803984452,47.93548387096775,0.8064516129032258,20.0,180.0,46.4375,60.39657352656688,5.587993604049695,0.0,642.0,642.0,0.5575063470375351,0.0766481366981136,0.2517763762479197,0.3155338595713202,0.1094221999824399,49.20810376018897,0.0611552456422979,0.1328205502005926,56.29032258064516,157.0,55.0,-101.0,63.07436087666684,85.83870967741933,0.4516129032258064,29.0,172.0,83.625,45.41183078229725,5.386364381483073,1.0,529.0,530.0,1.0,0.1630082656881278,0.5552941176470587,0.7184313725490195,0.2393762228645301,86.2313725490196,29.548387096774192,0.7741935483870968,22.0,150.0,28.625,33.55755317361503,5.297609379071433,0.0,492.0,492.0,0.4705882352941176,0.0630001594133588,0.203921568627451,0.3015686274509803,0.1007068783554789,30.996078431372545,0.9384651631120284,0.1382414956240314,1.4970760233918128,171,256,440,660
sciver_test_739,1,256,32,-4.22580645161291,127.0,-4.0625,-225.0,97.91863251572704,51.16129032258063,0.4838709677419355,26.0,133.0,49.59375,45.82225126439665,5.7533395496883415,1.0,769.0,770.0,0.8625944666748809,0.0659724453966988,0.2035496597308046,0.2741344380191475,0.1061812014148606,50.732810510061384,55.38709677419355,0.967741935483871,18.0,226.0,53.65625,77.38120305305094,6.176830235801043,0.0,916.0,916.0,0.5499401542714428,0.0625281055986647,0.1742416374663033,0.2378965261272823,0.0774580829225911,57.27574472837693,0.1326583121481045,0.1700522081256686,43.01612903225806,175.0,41.6875,-101.0,71.51592370759117,62.62903225806451,0.4838709677419355,29.0,175.0,60.6875,60.36008485539099,5.601202124296645,1.0,707.0,708.0,0.8705882352941177,0.0884432981113237,0.3113725490196077,0.4109803921568616,0.1439050581681847,62.52941176470587,19.61290322580646,0.8709677419354839,16.0,116.0,19.0,30.96267914764483,5.893505966171501,0.0,775.0,775.0,0.3490196078431372,0.0265300442757748,0.0611764705882353,0.1094117647058817,0.0443512145956507,20.560784313725495,0.8083173581932774,0.1700857206825832,3.657142857142857,70,256,456,1661
sciver_test_740,1,256,32,11.935483870967737,448.0,11.59375,-498.0,279.0534065567692,190.3870967741935,0.3548387096774194,28.0,458.0,184.46875,168.70073065472332,6.867779851629161,1.0,1738.0,1739.0,0.9718657491225718,0.1097537227266473,0.2853068692500498,0.3664583224677785,0.1282883537788509,190.75197009891315,178.4516129032258,0.8064516129032258,23.0,527.0,172.875,194.4143047077555,6.740557029543205,0.0,1883.0,1883.0,0.5740953507443388,0.0969523600757873,0.3102432531221381,0.3570129173528239,0.1273437472976215,182.56129402270767,0.1601083964740994,0.213676991309915,150.3709677419355,499.0,145.6875,0.0,181.37089717964676,154.4677419354839,0.7741935483870968,19.0,500.0,149.65625,182.77865872671651,6.551629879355624,1.0,1380.0,1381.0,0.596078431372549,0.1122136970730321,0.2941176470588236,0.396078431372549,0.1324022162132313,154.85490196078433,4.096774193548388,0.967741935483871,9.0,33.0,3.96875,9.211013703035078,6.341463358291215,0.0,1100.0,1100.0,0.1529411764705882,0.0079251336898395,0.0156862745098039,0.0235294117647059,0.0152270200042984,8.717647058823516,0.9483438026284136,0.0986785170892139,0.63671875,256,163,1827,1163
sciver_test_741,1,256,32,-1.483870967741958,365.0,-1.40625,-444.0,239.9075159534138,142.51612903225802,0.5161290322580645,31.0,385.0,138.09375,130.04022439590568,6.4862037478042085,1.0,1701.0,1702.0,0.9753442188895824,0.0846412988257776,0.2581329250900276,0.3895540553906339,0.1388772242287289,143.97484930264773,144.0,0.8709677419354839,22.0,493.0,139.5,188.11748323853368,6.986283786814207,0.0,2255.0,2255.0,0.5807134026241354,0.06598476858124,0.1950126595929821,0.2484024189802091,0.0861077039562092,148.79565315069624,0.0848159745659983,0.147061520182315,180.82258064516125,420.0,175.40625,-207.0,173.8060807651375,223.37096774193543,0.5161290322580645,31.0,423.0,216.625,144.8582820379974,6.426275567698514,1.0,1489.0,1490.0,1.0,0.15178235162433,0.4941176470588235,0.6674509803921561,0.2212332590670998,226.00392156862745,42.5483870967742,0.967741935483871,20.0,273.0,41.21875,69.48549056052997,6.047235937782357,0.0,1182.0,1182.0,0.5019607843137255,0.0435287482167147,0.1490196078431372,0.2429411764705884,0.0784504654745855,51.45098039215685,0.915033772229822,0.1761630644150018,0.83984375,256,215,1881,1578
sciver_test_743,1,256,32,7.387096774193548,172.0,7.1875,-56.0,63.60740793138799,52.483870967741936,0.1290322580645161,23.0,175.0,50.875,43.101442841278526,5.000930725572342,1.0,393.0,394.0,0.9881731329303624,0.1322279682376,0.3290233276446987,0.9206245794758792,0.2352744870987096,51.96559151737683,45.09677419354839,0.7741935483870968,29.0,82.0,43.6875,27.92561268352048,4.722170357239719,0.0,377.0,377.0,0.8231650584107778,0.1227406848451936,0.5612597178244912,0.6977575407934918,0.2207496794056813,46.27323818663802,0.0458004057947412,0.1717062459449539,-33.25806451612904,1.0,-36.8125,-295.0,58.519461239403086,1.467741935483871,0.0,4.0,16.0,1.6875,2.7092146002116553,3.1990901759676307,1.0,28.0,29.0,0.0156862745098039,0.0056022408963585,0.0117647058823529,0.0117647058823529,0.0032182423790129,0.1568627450980393,34.72580645161291,0.0,15.0,311.0,38.5,60.87281823605672,5.02028198725586,0.0,633.0,633.0,0.5215686274509804,0.0508874639903354,0.0549019607843137,0.4799999999999999,0.124905773363078,32.21176470588235,0.0167489469590231,0.0793480676639062,1.532934131736527,167,256,531,814
sciver_test_746,1,256,32,-82.77419354838709,371.0,-80.15625,-377.0,226.73898944808212,112.93548387096776,0.1935483870967742,30.0,373.0,109.4375,105.87726901346672,6.210045784205655,1.0,1121.0,1122.0,0.9728009228532464,0.101485593126827,0.2566717876059778,0.3502340464511594,0.1564718489760497,113.76534989517307,195.70967741935488,0.6129032258064516,27.0,412.0,189.59375,154.23680238820273,6.34067670761981,0.0,1225.0,1225.0,0.7673697758631807,0.1610847403620185,0.5011507197854546,0.6186447977605595,0.2031452771757055,197.32880694347267,0.1045496337521562,0.2266449626362711,88.85483870967741,249.0,87.9375,1.0,68.3149587846615,123.75806451612904,0.0967741935483871,30.0,249.0,121.75,51.92121435405763,5.692448436594585,1.0,894.0,895.0,1.0,0.1419528885379655,0.4886274509803936,0.9529411764705882,0.2627217225037928,126.90588235294116,34.903225806451616,0.967741935483871,22.0,66.0,33.8125,22.282893522834954,4.420374116325632,0.0,468.0,468.0,0.8470588235294118,0.0818669348081112,0.2745098039215686,0.7123529411764705,0.2100892396209482,38.31372549019607,0.9396813070147844,0.1895993204454591,1.3689839572192513,187,256,359,491
sciver_test_747,1,256,32,8.548387096774182,304.0,8.3125,-408.0,171.4625391849485,92.87096774193547,0.4838709677419355,31.0,307.0,90.0,91.346866393982,6.041904375469333,1.0,1041.0,1042.0,0.809677192161545,0.0889413127088345,0.2647358506822925,0.3921021689077513,0.1422423803393048,92.5879065298968,84.32258064516131,0.967741935483871,17.0,412.0,81.6875,117.9913761414367,6.541102197129255,0.0,1405.0,1405.0,0.437124597281293,0.0613263071498318,0.1911625021455288,0.262907677726004,0.0829020513877832,86.1634615455138,0.0929080956292901,0.159854412607753,32.08064516129031,246.0,31.09375,-150.0,86.81710638426911,59.62903225806451,0.5483870967741935,24.0,247.0,57.78125,69.0161821490982,5.855535323712145,1.0,826.0,827.0,0.6980392156862745,0.0730237857855006,0.2235294117647058,0.2980392156862745,0.1171850264793903,60.317647058823525,27.5483870967742,0.8709677419354839,15.0,193.0,26.6875,45.53325536078,5.727515367002097,0.0,688.0,688.0,0.4274509803921569,0.0451550387596899,0.09921568627451,0.2509803921568627,0.075969668815267,31.066666666666663,0.936280435988264,0.1281861897099585,1.868613138686131,137,256,889,1661
sciver_test_749,1,256,32,14.193548387096753,149.0,13.78125,-314.0,126.1186778333705,75.87096774193549,0.7096774193548387,31.0,177.0,73.53125,42.37480411090416,6.249880144325415,1.0,1357.0,1358.0,0.9246685008121068,0.0555247818342579,0.1443804596752191,0.2046884759862108,0.1022535308179685,75.34712894908802,61.67741935483872,0.935483870967742,17.0,332.0,59.75,110.16294749143198,6.73899020057393,0.0,2223.0,2223.0,0.4583483493949413,0.0305849910774404,0.0986018080027145,0.1481284423037159,0.0529860781002876,67.99043516515005,0.1236253150095049,0.1929967911500982,18.596774193548384,110.0,17.15625,-85.0,43.408027321424086,58.5483870967742,0.7096774193548387,29.0,163.0,57.65625,46.65807096245514,5.77832841175927,1.0,846.0,847.0,1.0,0.0688545867519584,0.2196078431372549,0.2666666666666667,0.1203334162368103,58.25098039215686,39.95161290322581,0.0,28.0,115.0,40.5,27.437428815397407,5.945841281931026,0.0,1099.0,1099.0,0.9372549019607844,0.0371425003122268,0.0941176470588235,0.1337254901960781,0.0852836302532432,40.819607843137256,0.5086932722929937,0.3837899561639338,1.6305732484076434,157,256,1179,1919
sciver_test_750,1,256,32,31.38709677419354,352.0,30.4375,-214.0,122.2379691165965,70.77419354838709,0.7419354838709677,19.0,363.0,68.59375,106.91347534776662,6.653098914858555,1.0,2576.0,2577.0,0.9771510668761348,0.0280642116786076,0.0852360648826391,0.1390248210111378,0.0617700407049289,72.29340928409329,39.38709677419356,0.9032258064516128,11.0,276.0,38.15625,80.01957158056709,6.891126490578545,0.0,2598.0,2598.0,0.8926247304184716,0.0193050311051014,0.0561492342399862,0.0947820869584711,0.0370443760666579,50.15447081105358,0.0741922034102339,0.1782403116257607,89.62903225806451,381.0,87.125,-62.0,138.37240286632303,98.3548387096774,0.7419354838709677,19.0,382.0,96.03125,132.9601642351479,6.48238382992724,1.0,1793.0,1794.0,0.4823529411764705,0.0556193475717113,0.196078431372549,0.2901960784313726,0.0942272143170294,99.7254901960784,8.725806451612902,0.064516129032258,12.0,64.0,8.90625,15.61921768007284,5.505106573861653,0.0,582.0,582.0,0.992156862745098,0.0199717000202142,0.0549019607843137,0.0745098039215686,0.0485329905635469,11.623529411764702,0.8290390114379085,0.3495853601353746,0.99609375,256,255,1834,1827
sciver_test_752,1,256,32,5.838709677419352,52.0,5.6875,-79.0,28.201770223693405,27.064516129032256,0.7419354838709677,29.0,75.0,26.25,22.338307903688676,5.105757164782556,1.0,416.0,417.0,0.9686925287224104,0.0628994964050153,0.1498608565144938,0.2383833337018883,0.1144254297894706,26.166190504486373,21.225806451612904,0.935483870967742,19.0,97.0,20.5625,31.151783155222432,5.27698314078146,0.0,498.0,498.0,0.8790166002114552,0.0451296793207037,0.1316837351216517,0.1785950369016252,0.0784933388503785,22.47458030171047,0.0802702061508243,0.1519629942530047,29.532258064516128,67.0,28.6875,0.0,21.385505459305843,32.37096774193549,0.8387096774193548,30.0,72.0,31.4375,22.52073697173341,4.956085263778734,1.0,389.0,390.0,0.992156862745098,0.0828872423005191,0.2462745098039214,0.3984313725490195,0.1514753286907028,32.24313725490196,2.838709677419355,0.935483870967742,18.0,12.0,2.75,3.3166247903554,4.229580817265239,0.0,204.0,204.0,0.5176470588235293,0.0194925028835063,0.0313725490196078,0.1098039215686275,0.0470746989829298,3.9764705882352938,0.9201621273509404,0.1931349551098313,5.224489795918367,49,256,317,1661
sciver_test_753,1,256,32,21.99999999999999,207.0,21.34375,-166.0,100.22618463224818,62.06451612903225,0.5806451612903225,28.0,217.0,60.15625,64.39725798461842,5.434614991916678,1.0,523.0,524.0,0.7442921143406885,0.1171640033836275,0.4152230254629149,0.4723303183069917,0.1611347433361457,61.27677376963721,40.064516129032256,0.8709677419354839,21.0,168.0,38.8125,55.93268135669879,5.617332829587555,0.0,665.0,665.0,0.5597100841914349,0.0624801056813816,0.2127163449512632,0.269264098889243,0.0910207543164055,41.54927027811881,0.1056829365242727,0.1702676022944129,52.75806451612903,187.0,51.125,0.0,56.956534963075136,55.24193548387096,0.6129032258064516,28.0,188.0,53.53125,55.868139609597705,5.277087393640851,1.0,464.0,465.0,0.976470588235294,0.1215686274509803,0.3870588235294117,0.4739215686274509,0.1789877571684445,56.4078431372549,2.483870967741936,0.967741935483871,13.0,13.0,2.40625,3.847559088240231,3.475072911766227,0.0,110.0,110.0,0.3098039215686274,0.0285918003565062,0.0474509803921569,0.2307843137254901,0.0636901763215279,3.145098039215685,0.9425124351211072,0.1322652043934187,3.011764705882353,85,256,252,756
sciver_test_755,1,256,32,-45.1935483870968,304.0,-43.75,-689.0,263.0171097096157,116.41935483870968,0.5483870967741935,31.0,349.0,112.8125,102.9242553713652,6.503079364947472,1.0,1217.0,1218.0,0.9914487557322595,0.0948986585468215,0.2363726767992912,0.3319987375526968,0.1216991651380445,115.49166745148182,161.61290322580646,0.9032258064516128,26.0,705.0,156.5625,217.75931918921404,7.137665693419781,0.0,2126.0,2126.0,0.5891564715157942,0.0761890295770919,0.1889600692098534,0.2575997500984925,0.0840667782603444,161.9778768808975,0.1313975114204054,0.181630586868919,81.8870967741936,658.0,79.34375,-407.0,247.29039222326753,175.50000000000003,0.5806451612903225,27.0,736.0,170.03125,199.83156725962368,6.74368794222344,1.0,1448.0,1449.0,0.8745098039215686,0.1222213194670133,0.2913725490196077,0.4260784313725485,0.1416439590405955,176.97647058823532,93.61290322580646,0.7419354838709677,19.0,491.0,90.6875,133.82438060290062,6.726846512542874,0.0,1338.0,1338.0,0.4274509803921569,0.0723643717576716,0.1764705882352941,0.2235294117647058,0.0729373199760928,96.8235294117647,0.8782978816526611,0.1801442463325183,2.4380952380952383,105,256,513,1246
sciver_test_757,1,256,32,6.225806451612905,53.0,6.0625,-27.0,17.231761191184145,14.806451612903228,0.5806451612903225,26.0,59.0,14.375,12.628712325490673,4.939842263925737,1.0,680.0,681.0,0.9793413707666132,0.0215116285525908,0.0366738696131751,0.1297946984808425,0.0681525168064623,14.627907415761785,8.580645161290322,0.8387096774193548,16.0,34.0,8.3125,9.025787708006431,3.9697353068481114,0.0,428.0,428.0,0.8638981643938457,0.0233337301563933,0.0313710414125515,0.1121662513319514,0.0911377594964087,9.986836506936353,0.0660382876513126,0.1719999540185055,-33.9032258064516,9.0,-33.03125,-198.0,53.87571599002189,2.7419354838709675,0.0,13.0,23.0,3.03125,4.268228372228927,3.772541790518642,1.0,95.0,96.0,0.196078431372549,0.0164293085655314,0.0235294117647059,0.0627450980392156,0.0307328735455975,1.5607843137254909,36.645161290322584,0.4193548387096774,24.0,199.0,36.0625,52.965163964156666,5.798204311354833,0.0,685.0,685.0,1.0,0.0532703592385859,0.1098039215686274,0.1247058823529409,0.0896081576761666,36.490196078431374,0.1063403132992327,0.2608278637770804,2.226086956521739,115,256,420,931
sciver_test_758,1,256,32,3.774193548387099,115.0,3.6875,-148.0,80.5168606178234,52.70967741935484,0.5483870967741935,29.0,138.0,51.09375,39.73848840780811,5.320893438240551,1.0,413.0,414.0,0.999898274381118,0.126246236495043,0.3041074519879488,0.4198195697410489,0.1739991165763345,52.13969567245277,48.93548387096774,0.8064516129032258,21.0,171.0,47.40625,60.561879189284575,5.54487046165014,0.0,455.0,455.0,0.6495572863004099,0.1073981800438606,0.2789146539782386,0.3166663639273288,0.1166982349991936,48.866171919956585,0.0546156436743964,0.1686721092363592,24.854838709677413,111.0,24.46875,-36.0,36.800971773004854,64.91935483870968,0.4516129032258064,31.0,127.0,63.28125,33.849145460964,5.281428332227819,1.0,489.0,490.0,0.9882352941176472,0.1299089779060908,0.4313725490196078,0.6431372549019602,0.2100945150246403,63.52549019607844,40.06451612903226,0.6129032258064516,27.0,72.0,38.8125,24.70126198699168,5.156896660716164,0.0,544.0,544.0,0.8666666666666667,0.0836577277970011,0.2815686274509802,0.4705882352941176,0.1651038384524025,45.50980392156863,0.651217671313317,0.4055127129492568,1.3333333333333333,192,256,1774,2370
sciver_test_759,1,256,32,-96.45161290322582,542.0,-93.40625,-770.0,320.3353574161577,91.99999999999996,0.5483870967741935,31.0,561.0,89.15625,132.8298040197963,6.792600735833444,1.0,1358.0,1359.0,0.6954164592711141,0.0669419644490792,0.1388828440361018,0.192216357374311,0.0671361984106457,90.90718772184958,188.45161290322585,0.8387096774193548,17.0,780.0,182.5625,264.3138448771649,6.920525291084489,0.0,1862.0,1862.0,0.5176863552685484,0.1028423930219581,0.2748467379013042,0.3121478105871995,0.110495588534197,191.4925358068861,0.066727998426958,0.1535975430712968,3.854838709677432,449.0,3.75,-194.0,110.97437767340712,70.17741935483873,0.6774193548387096,22.0,622.0,68.0,125.14641425146787,6.54652085304735,1.0,1277.0,1278.0,0.5764705882352941,0.0519323782762909,0.1372549019607842,0.196078431372549,0.0679741387873679,66.31764705882352,66.3225806451613,0.8387096774193548,18.0,224.0,64.25,71.6593504017445,6.532491220984355,0.0,1843.0,1843.0,0.388235294117647,0.0406817528964922,0.1443137254901958,0.192156862745098,0.0684703396618764,74.97647058823526,0.9207293807260896,0.1732972204351245,1.1179039301310043,229,256,1488,1660
sciver_test_760,1,256,32,24.90322580645161,173.0,24.15625,-170.0,102.47289561604816,74.16129032258063,0.4516129032258064,26.0,180.0,71.875,65.75463386712757,5.6670403742784226,1.0,596.0,597.0,0.9183512707288772,0.123706144344031,0.3792828415336106,0.5101618969838375,0.1650989188400375,73.72886202904252,49.25806451612904,0.8387096774193548,20.0,175.0,47.71875,59.72553598283987,5.757596747578679,0.0,707.0,707.0,0.5296321373775542,0.0712562921308617,0.2103627387822339,0.2640250462534192,0.0953768269112477,50.378198536519264,0.1286865956320899,0.2056157443326706,62.20967741935483,197.0,60.28125,-4.0,70.28434853107412,65.56451612903226,0.5806451612903225,22.0,197.0,63.53125,70.43657802191629,5.5125932576896,1.0,565.0,566.0,0.7019607843137254,0.1172930765226444,0.3843137254901961,0.4894117647058821,0.1630511388970141,66.27058823529411,3.3548387096774204,0.967741935483871,12.0,20.0,3.25,5.612486080160912,4.245876777069237,0.0,207.0,207.0,0.3294117647058824,0.0208771431277825,0.0509803921568627,0.1254901960784313,0.0447570322457127,4.321568627450978,0.9509764975905616,0.113237344158792,4.338983050847458,59,256,348,1522
sciver_test_762,1,256,32,-38.61290322580647,276.0,-37.375,-674.0,238.12769027351692,88.51612903225808,0.6451612903225806,25.0,301.0,85.78125,101.65466491232706,6.58239271095935,1.0,1388.0,1389.0,0.7666212634559861,0.0642090942600528,0.1498490832491499,0.2176607251262982,0.0911283512310105,89.12222283295337,127.12903225806453,0.935483870967742,16.0,695.0,123.15625,209.1668158096248,6.991396656311958,0.0,1943.0,1943.0,0.4002272046992997,0.0671237858230028,0.1784793333502188,0.2298431362330874,0.0755661373740156,130.42151585409454,0.1213649931670454,0.1427604895684334,49.758064516129025,217.0,48.21875,-114.0,81.54857999031927,88.46774193548387,0.6774193548387096,24.0,298.0,85.71875,99.03352790059284,6.422872964630521,1.0,1304.0,1305.0,0.6392156862745098,0.068428966678696,0.1764705882352941,0.2582352941176467,0.0999828189299152,89.23137254901962,38.70967741935485,0.8387096774193548,16.0,197.0,37.5,53.035954785409494,6.611982106962211,0.0,1156.0,1156.0,0.3137254901960784,0.0352194857181627,0.0803921568627451,0.1137254901960783,0.0361641969531412,40.71372549019608,0.8882659313725491,0.1451295351504647,2.3063063063063063,111,256,1680,3864
sciver_test_764,1,256,32,-146.32258064516134,308.0,-141.71875,-450.0,202.29267695207727,105.80645161290325,0.1290322580645161,29.0,308.0,102.53125,90.49481489807856,6.884417373054484,1.0,2751.0,2752.0,0.9930543678211652,0.0401535549250219,0.1205845004430183,0.1617966269628746,0.0812194400604019,110.46242959873544,252.1290322580645,0.935483870967742,27.0,468.0,244.25,154.67970939977874,6.821743331113224,0.0,3447.0,3447.0,0.8434393331245279,0.0786300372932693,0.3048810277710071,0.5491359683926939,0.1684636215014374,271.0377385498993,0.0688190243545682,0.1593774868280729,57.46774193548387,287.0,55.6875,-516.0,139.5883316891136,112.40322580645162,0.9032258064516128,29.0,586.0,108.90625,123.82153472210518,6.658471688840054,1.0,1921.0,1922.0,0.9137254901960784,0.0567902746731175,0.1568627450980392,0.2274509803921568,0.1001072709023535,109.09411764705884,54.93548387096774,0.935483870967742,16.0,753.0,53.21875,181.0895383461935,7.295841334004644,0.0,2072.0,2072.0,0.4549019607843138,0.028469225528049,0.0588235294117647,0.0627450980392156,0.0255050864324318,58.98823529411763,0.9097036324295344,0.1355882834922892,1.0,256,256,1661,1661
sciver_test_766,1,256,32,8.322580645161285,205.0,8.09375,-291.0,155.6001203757166,95.51612903225806,0.4838709677419355,30.0,213.0,92.5625,70.16762853160994,5.975123831478161,1.0,779.0,780.0,0.9805524523972206,0.1215182047512453,0.3153228990291993,0.4604235805514124,0.1599026894376013,94.6626815012201,87.19354838709675,0.8064516129032258,19.0,313.0,84.46875,113.50357493681642,6.20419854931266,0.0,908.0,908.0,0.6034051836080087,0.097279086756269,0.2598682671292195,0.3329363932390835,0.1103080303545137,88.32941077469226,0.1500206666922248,0.2213097787755907,40.887096774193544,180.0,39.625,-136.0,82.8604813828643,83.01612903225804,0.5806451612903225,26.0,203.0,80.4375,77.03689761244283,5.890849003732851,1.0,857.0,858.0,0.7764705882352941,0.0983778342141991,0.2956862745098039,0.4439215686274507,0.1492458006321634,84.30980392156863,42.12903225806453,0.935483870967742,18.0,165.0,40.8125,53.03326638771178,6.045455262923139,0.0,931.0,931.0,0.4470588235294117,0.0483098502558918,0.1490196078431372,0.2215686274509803,0.0726113225946695,44.9764705882353,0.7809993315508023,0.1955568896456767,2.585858585858586,99,256,642,1661
sciver_test_768,1,256,32,-118.29032258064515,345.0,-114.5625,-824.0,355.9946398385094,111.64516129032258,0.4838709677419355,31.0,363.0,108.1875,124.21891902504224,6.6438476368388315,1.0,1469.0,1470.0,0.911001220907166,0.0764759426763317,0.1755455480793836,0.2489586630583464,0.106604565793173,112.34315979153128,229.93548387096777,0.8064516129032258,20.0,852.0,222.75,304.7567677673459,7.128578250958185,0.0,2206.0,2206.0,0.8441172762956412,0.1057987228506151,0.2657467851112862,0.3104487583846298,0.1098533604549257,233.391982608457,0.0977206066091896,0.198246768024719,62.0,356.0,60.0,-200.0,165.1923121697859,139.20967741935482,0.4516129032258064,31.0,377.0,134.90625,121.09019349616013,6.3888561469930245,1.0,1319.0,1320.0,1.0,0.1070061989921063,0.2431372549019608,0.440392156862744,0.1629796250511618,141.14117647058822,77.20967741935483,0.8709677419354839,26.0,249.0,74.90625,80.56028774115383,6.19122698206299,0.0,1258.0,1258.0,1.0,0.0650799588515851,0.203921568627451,0.3378431372549014,0.1135635466729481,81.87058823529411,0.7657683747569275,0.3719554798220221,0.9453125,256,242,923,872
sciver_test_770,1,256,32,-17.774193548387107,84.0,-17.1875,-191.0,60.98075387981031,34.48387096774193,0.5483870967741935,31.0,106.0,33.4375,29.826516621120877,5.3737004129147445,1.0,742.0,743.0,0.7479090357687521,0.0459888917870842,0.1217073254967951,0.190819514568187,0.1001414015598177,34.123757706016505,52.25806451612903,0.967741935483871,23.0,211.0,50.625,61.19168141994466,5.661372290433614,0.0,630.0,630.0,0.7463620023994866,0.0870705130507649,0.2451649213177877,0.3388204871536917,0.1208289797916383,54.8544232219819,0.0363009031997862,0.088516934512443,29.20967741935484,107.0,28.59375,-4.0,26.90708477218407,36.983870967741936,0.4516129032258064,27.0,109.0,36.125,25.923866899056552,4.864658961068956,1.0,555.0,556.0,1.0,0.0661791202967673,0.1607843137254902,0.5462745098039214,0.1596393042182984,36.72941176470588,7.7741935483871,0.967741935483871,17.0,39.0,7.53125,9.959243115694084,4.8327360353973585,0.0,449.0,449.0,0.8313725490196078,0.0225162670858989,0.0313725490196078,0.0470588235294117,0.0710120256558703,10.10980392156863,0.9146129276178556,0.1184390119731012,0.91796875,256,235,523,480
sciver_test_772,1,256,32,-29.903225806451623,329.0,-28.9375,-504.0,253.46313063984277,123.38709677419354,0.4193548387096774,30.0,336.0,119.5625,107.82130398835844,6.418531421073373,1.0,1440.0,1441.0,0.9717494724369272,0.0857632170199354,0.2570922041235589,0.3445582841523411,0.1311191363464349,123.49903250870705,153.29032258064515,0.8387096774193548,21.0,531.0,148.5,189.8887832390318,6.8712944613820754,0.0,1892.0,1892.0,0.5922478174322736,0.0823944962938822,0.2268280781312787,0.2880885526068372,0.0994703767617275,155.89038698802517,0.147890693422624,0.1993321989809001,70.11290322580646,317.0,67.9375,-167.0,140.83898996282954,139.46774193548387,0.4838709677419355,27.0,327.0,135.125,118.44665202106812,6.468136482144922,1.0,1674.0,1675.0,0.8705882352941177,0.0842926417878979,0.3019607843137255,0.392156862745098,0.1395612397058944,141.10588235294117,69.35483870967742,0.7741935483870968,18.0,273.0,67.1875,87.70242210879925,6.373100067716901,0.0,1362.0,1362.0,0.5490196078431372,0.0542339696524718,0.1525490196078435,0.2625490196078432,0.0872908276638463,73.86666666666666,0.9037884051258298,0.1597260174292779,2.015748031496063,127,256,1168,2356
sciver_test_774,1,256,32,4.806451612903217,180.0,4.6875,-141.0,94.5692330715968,67.3225806451613,0.4193548387096774,30.0,193.0,65.25,54.90218574883882,5.546503565314649,1.0,583.0,584.0,0.9557211182629204,0.1146651114296745,0.3293724447986196,0.560414265615996,0.1700151530083546,66.84975996350025,62.51612903225806,0.7419354838709677,23.0,188.0,60.5625,68.30718186069456,5.822350920638351,0.0,695.0,695.0,0.67656345676182,0.0938630484090093,0.2830168320980619,0.3417364437377958,0.1192809775344075,65.23481864426151,0.0623267084833085,0.1454069527704868,41.693548387096754,187.0,40.40625,-123.0,61.52075837420651,62.69354838709677,0.5161290322580645,24.0,187.0,60.75,57.42876021646297,5.460354793755496,1.0,630.0,631.0,0.7450980392156863,0.1009337068160597,0.3650980392156863,0.4901960784313725,0.1639758088918666,63.588235294117645,21.000000000000007,0.935483870967742,17.0,171.0,20.34375,33.76537554859267,4.923486587370591,0.0,481.0,481.0,0.4352941176470588,0.0433410786351962,0.1254901960784313,0.3098039215686274,0.0940727442761352,20.84705882352941,0.9102015788040362,0.1200921374028147,1.4970760233918128,171,256,800,1200
sciver_test_777,1,256,32,72.19354838709683,1643.0,69.96875,-217.0,312.9418360868957,159.87096774193552,0.967741935483871,30.0,1786.0,154.90625,305.28607069589253,6.655536876439442,1.0,3562.0,3563.0,0.9946682058400116,0.0330592796754878,0.0628053419003041,0.1630567626010447,0.1002489552989856,117.75715420408756,87.67741935483872,0.7741935483870968,25.0,287.0,84.9375,102.91195797257964,7.416803086167146,0.0,4071.0,4071.0,0.895880127369035,0.0332826718803363,0.0637662120302223,0.156751773199861,0.0678442362821945,135.4937572248494,0.0737307305674539,0.1428753209981178,145.5483870967742,702.0,141.1875,-44.0,152.81554189201438,170.2258064516129,0.967741935483871,31.0,823.0,165.09375,156.39860121157574,6.5144691440314295,1.0,2695.0,2696.0,1.0,0.0612957910436902,0.1294117647058823,0.3945098039215665,0.1502824751439907,165.1921568627451,24.67741935483871,0.967741935483871,20.0,121.0,23.90625,39.9103365174675,6.633828779498734,0.0,1647.0,1647.0,0.3686274509803922,0.0292558067550031,0.0392156862745097,0.1203921568627444,0.0528187549961075,48.18431372549021,0.9554504192828815,0.126743207332631,1.4382022471910112,178,256,1020,1466
sciver_test_779,1,256,32,9.25806451612902,793.0,9.0,-471.0,317.34720732976365,179.99999999999997,0.4193548387096774,30.0,797.0,174.40625,208.8857132762734,6.721960761626373,1.0,1719.0,1720.0,0.8430552843893775,0.1046119175057066,0.2901531234167708,0.4037206116753759,0.1403273867502589,179.82788619230965,170.74193548387098,0.7096774193548387,19.0,577.0,165.40625,199.8527363108584,6.8549427639923834,0.0,2237.0,2237.0,0.5423902129207917,0.0789264767128156,0.2542725128316566,0.3384179051339969,0.1116312074174969,176.5585284065685,0.1889911632881364,0.2206613765742946,148.9193548387097,632.0,144.28125,0.0,180.6303605389678,182.3387096774194,0.6451612903225806,21.0,647.0,176.65625,209.66977151210304,6.620893734035485,1.0,1742.0,1743.0,0.6392156862745098,0.1064068796290043,0.3764705882352941,0.4431372549019607,0.1485360571957495,185.3607843137255,33.41935483870968,0.7419354838709677,16.0,165.0,32.375,50.61172665499568,6.80115639997572,0.0,2037.0,2037.0,0.3333333333333333,0.0212885154061624,0.0549019607843137,0.1019607843137254,0.0366301242643076,43.36470588235293,0.9225270510335918,0.1234663917102759,1.9844961240310075,129,256,752,1494
sciver_test_781,1,256,32,13.838709677419343,668.0,13.4375,-607.0,297.70202567962144,151.25806451612905,0.6129032258064516,28.0,684.0,146.5625,189.1495667289513,6.973762835879546,1.0,2903.0,2904.0,0.8237604812672054,0.0533971071807297,0.1521930023882274,0.2324262890116805,0.0973828834382911,155.01180214565852,137.4193548387097,0.967741935483871,20.0,630.0,133.125,215.1256536887221,7.320276867171776,0.0,3300.0,3300.0,0.4603399471305531,0.0442441929095654,0.1384450400403015,0.1884622106738565,0.0616906876006768,146.00583660156607,0.1100318984558378,0.1685083725719897,203.06451612903223,613.0,196.8125,-25.0,202.8309698831764,234.93548387096772,0.6129032258064516,30.0,635.0,227.6875,211.4900171255135,6.804903182692417,1.0,2390.0,2391.0,0.996078431372549,0.0986758552793502,0.3258823529411762,0.4901960784313726,0.1636486312204793,235.83529411764707,31.87096774193549,0.967741935483871,15.0,206.0,30.875,46.46689009391526,6.209095562229207,0.0,1298.0,1298.0,0.4274509803921569,0.0338711139309344,0.0745098039215685,0.1725490196078432,0.0636755472150941,43.96470588235294,0.9274541894326902,0.1660992084345949,1.0118577075098814,253,256,1476,1496
sciver_test_782,1,256,32,-33.6612903225807,318.0,-32.5625,-1523.0,376.10470097268126,141.2741935483871,0.7741935483870968,30.0,453.0,136.90625,155.16913340267612,7.324909480130553,1.0,2985.0,2986.0,0.9990124071722664,0.0466332494254092,0.1158990181116768,0.1738963907775715,0.0678622966446717,139.2002495348465,174.9354838709678,0.935483870967742,19.0,1530.0,169.46875,361.1419375030232,7.73513346814647,0.0,3894.0,3894.0,0.5271509884291123,0.0456608989624315,0.1053798236756694,0.1398244077448046,0.0539231652652163,177.8035405597084,0.1188290476719611,0.1376995607135875,86.17741935483873,634.0,84.5625,-314.0,193.4819012046088,211.01612903225808,0.6129032258064516,31.0,848.0,205.5,223.35202036247625,7.362379688449413,1.0,3040.0,3041.0,1.0,0.0694117647058823,0.1686274509803922,0.2588235294117647,0.0940845960199635,211.0117647058823,124.83870967741936,0.7096774193548387,29.0,558.0,120.9375,144.30586818889245,7.5268000262356125,0.0,3103.0,3103.0,0.3215686274509803,0.0410583053717781,0.0980392156862745,0.1294117647058823,0.0452994228386457,127.40392156862744,0.7542581753095976,0.2300024501563629,1.3473684210526315,190,256,3761,5080
sciver_test_784,1,256,32,26.58064516129032,66.0,25.78125,-11.0,21.895682187077433,46.74193548387096,0.5806451612903225,25.0,85.0,45.3125,18.812292357658063,4.578841226832527,1.0,302.0,303.0,0.9864298290213684,0.1539200091287793,0.7573765361675652,0.9392454905811276,0.2762034328590791,46.48384275689134,20.161290322580644,0.8709677419354839,24.0,52.0,19.53125,15.029105876182388,4.6390588494672755,0.0,296.0,296.0,0.5916459172414735,0.0695981735633959,0.2253819343169336,0.3449539291877672,0.1188879139510371,20.601059374765192,0.0202849367552643,0.0949381847232563,-37.37096774193549,1.0,-39.8125,-232.0,41.26169341835112,1.2419354838709675,0.0,3.0,6.0,1.3125,1.0135796712641785,2.095343456317939,1.0,13.0,14.0,0.0666666666666666,0.0147812971342383,0.0298039215686274,0.0454901960784313,0.0170003050420577,0.192156862745098,38.61290322580645,0.0,22.0,238.0,41.125,42.0243604948368,4.493070120006339,0.0,362.0,362.0,0.807843137254902,0.1030440905644025,0.3721568627450982,0.7607843137254902,0.2208667100258992,37.30196078431372,0.0079718305591467,0.0517801559268964,1.4065934065934067,182,256,428,602
sciver_test_787,1,256,32,-41.17741935483874,89.0,-39.84375,-459.0,130.39893341564377,54.1774193548387,0.7419354838709677,31.0,162.0,52.53125,31.715517076621975,5.817385451067707,1.0,1219.0,1220.0,0.9909867715338674,0.0458309123965621,0.0929042217640069,0.2113568501239544,0.1138076206259605,55.867882211409295,95.35483870967744,0.967741935483871,21.0,508.0,92.375,131.415788149674,6.660502501829324,0.0,1873.0,1873.0,0.6985346487732712,0.0529282133783944,0.1575075434922148,0.2156544961263359,0.0852150685538964,99.1345436577328,0.0550078365328957,0.1589707614802644,10.854838709677418,192.0,10.96875,-186.0,54.295191071010144,48.983870967741936,0.032258064516129,23.0,198.0,47.90625,32.62702041157758,5.217072380405718,1.0,781.0,782.0,1.0,0.0588787627727147,0.1333333333333333,0.2196078431372549,0.1576379157678172,45.98431372549019,38.12903225806452,0.2903225806451612,28.0,256.0,36.9375,53.31975331666492,6.224239568844883,0.0,1074.0,1074.0,0.9647058823529412,0.0388980173074816,0.0890196078431374,0.1229411764705878,0.068140976701029,41.77647058823528,0.3703129882431059,0.427195964558723,1.0199203187250996,251,256,1850,1889
sciver_test_789,1,256,32,-37.193548387096776,228.0,-36.0,-358.0,166.1422583209943,60.48387096774193,0.5483870967741935,31.0,242.0,58.625,66.76345838106351,5.966441120624932,1.0,1224.0,1225.0,0.7000844378174547,0.0490418377018491,0.1419358224154543,0.2049702605117086,0.0942729709584489,60.0272093470633,97.6774193548387,0.9032258064516128,19.0,370.0,94.625,127.32457294253926,6.400095501336727,0.0,1775.0,1775.0,0.5863858748354611,0.0563595586071758,0.1754568776548784,0.2935207118405253,0.0973127791061653,100.03821652773706,0.0827432628019709,0.1799702437263885,31.032258064516125,122.0,30.3125,-88.0,47.145013986104615,66.67741935483872,0.3870967741935484,31.0,133.0,64.84375,36.391198605397705,5.696148962465405,1.0,1077.0,1078.0,0.9882352941176472,0.0617874633604602,0.184313725490196,0.3780392156862739,0.1365981115874342,66.54509803921569,35.645161290322584,0.7096774193548387,26.0,138.0,34.53125,30.80176981015052,5.861423843449257,0.0,1600.0,1600.0,0.5607843137254902,0.0277230392156862,0.0313725490196078,0.0903921568627449,0.0821824390073081,44.356862745098034,0.8036533128509618,0.3162749809823799,1.2018779342723005,213,256,400,480
sciver_test_791,1,256,32,10.774193548387096,172.0,10.46875,-169.0,89.46856444269964,53.25806451612904,0.5161290322580645,28.0,174.0,51.625,51.09779227129094,5.338376220629762,1.0,460.0,461.0,0.9964916549702146,0.1147645105517306,0.3042433343864495,0.5081024820596762,0.1655244754175344,52.79167485379611,42.48387096774193,0.8064516129032258,17.0,200.0,41.15625,66.15800658981118,5.619991847625769,0.0,636.0,636.0,0.6783681773277911,0.067500016308536,0.2149150089812843,0.2549016330959394,0.0927230261027234,42.9300103722289,0.0845998567782912,0.1808806504515983,34.532258064516114,158.0,33.46875,-16.0,50.21639695794094,62.177419354838705,0.4838709677419355,29.0,182.0,60.25,52.76540059546596,5.401332465971353,1.0,571.0,572.0,0.9450980392156862,0.1085951718690979,0.3529411764705882,0.5196078431372548,0.1771963868927692,62.007843137254895,27.64516129032258,0.6774193548387096,23.0,67.0,26.78125,24.32685549834791,4.912641189177453,0.0,405.0,405.0,0.611764705882353,0.0734059549745824,0.3309803921568631,0.3913725490196077,0.1291369647695568,29.72941176470588,0.8257576027984009,0.2858273976314479,2.4854368932038833,103,256,251,623
sciver_test_793,1,256,32,-29.03225806451616,99.0,-28.09375,-747.0,158.39258177369766,64.83870967741936,0.935483870967742,28.0,176.0,62.84375,47.50599263185119,6.137085211528895,1.0,1212.0,1213.0,0.98822595596422,0.0518943207934474,0.1200194347183943,0.1713946305150721,0.1085834476670046,62.89591680165825,93.87096774193552,0.967741935483871,24.0,760.0,90.9375,157.48470907916743,6.793655422915729,0.0,1970.0,1970.0,0.7224511792028785,0.0503268416493222,0.1081890438676268,0.2148025113659441,0.0820558529929809,99.14387804916475,0.058997282326041,0.1384726491886463,31.32258064516128,325.0,31.03125,-350.0,124.52170603327558,78.12903225806453,0.4838709677419355,29.0,341.0,76.375,72.13041574121142,6.047139768604058,1.0,1258.0,1259.0,1.0,0.0624738925776988,0.1215686274509803,0.1731372549019603,0.1434960417994909,78.5921568627451,46.80645161290324,0.5806451612903225,25.0,411.0,45.34375,97.29035453701204,6.321761538352559,0.0,1093.0,1093.0,0.8901960784313725,0.0469332472238666,0.1019607843137254,0.1176470588235294,0.0747877137314669,51.29803921568627,0.9221242758467024,0.1774999047779519,1.7902097902097902,143,256,423,756
sciver_test_795,1,256,32,-12.516129032258078,155.0,-12.09375,-501.0,146.66721672186154,72.61290322580645,0.6451612903225806,30.0,176.0,70.375,61.15234562140687,6.2174984919582705,1.0,1327.0,1328.0,0.8729412631368955,0.0542035872781076,0.160089435812589,0.2579712674536664,0.0970982349082505,71.92816031804884,85.12903225806454,0.967741935483871,18.0,506.0,82.46875,131.64202985155424,6.694536786473514,0.0,1518.0,1518.0,0.4440975032270075,0.058080814127468,0.1664097389084568,0.2157064577084898,0.0732629594180465,88.16667584549653,0.1081000665967915,0.1580630616916574,58.56451612903226,173.0,56.75,-114.0,71.53801436998374,73.82258064516128,0.7741935483870968,22.0,201.0,71.53125,75.33590792867302,5.993599456369056,1.0,924.0,925.0,0.6823529411764706,0.0804770393005687,0.2498039215686276,0.371960784313725,0.121533202155616,74.36078431372547,15.258064516129036,0.967741935483871,13.0,168.0,14.78125,31.763515209080683,5.846072549291026,0.0,656.0,656.0,0.3294117647058824,0.0323888091822094,0.0823529411764706,0.130392156862745,0.0451125777414909,21.247058823529407,0.9559978868884002,0.0950577577778273,2.392523364485981,107,256,1500,3600
sciver_test_798,1,256,32,-21.387096774193573,253.0,-20.6875,-512.0,235.463032860256,122.16129032258064,0.3548387096774194,31.0,255.0,118.375,86.77692305561428,6.553703434252236,1.0,1930.0,1931.0,0.9841776431303096,0.0626891222704888,0.2097471831725854,0.2884579365206299,0.1092937337916098,120.99000598204344,143.5483870967742,0.8709677419354839,22.0,535.0,139.0625,188.88305533782008,6.881436936674804,0.0,2215.0,2215.0,0.5533700160169712,0.0662835394697653,0.1949786701690795,0.2834369368840522,0.0946081416581988,146.81803992553017,0.1204761303920246,0.1886080891474793,102.0967741935484,238.0,99.09375,-78.0,78.47147546043404,158.38709677419357,0.5483870967741935,31.0,250.0,153.625,71.28540786865149,6.4070811234212055,1.0,1582.0,1583.0,1.0,0.1008700825462928,0.2976470588235297,0.5017647058823522,0.1708467000191991,159.57647058823528,56.29032258064517,0.967741935483871,27.0,145.0,54.53125,43.0747782749662,5.97225687058797,0.0,1112.0,1112.0,0.6823529411764706,0.0561750599520383,0.1529411764705882,0.3019607843137255,0.1066539419728183,62.466666666666654,0.9026656257382472,0.2066985697062109,1.5421686746987953,166,256,1707,2634
sciver_test_799,1,256,32,-22.258064516129032,139.0,-21.53125,-230.0,114.80581005958496,58.25806451612903,0.3870967741935484,28.0,140.0,56.46875,47.79251011861064,5.8475528904185055,1.0,809.0,810.0,0.6779678074507531,0.0722189611810305,0.2024270407918643,0.2933643658297635,0.1107912549393568,58.42513959545374,80.51612903225808,0.8387096774193548,20.0,254.0,78.0,95.462361692973,6.116881113993843,0.0,922.0,922.0,0.5065629517046231,0.0884690963020826,0.2629020700766084,0.3168814487385813,0.1086477079749261,81.56850679052016,0.0874485550612657,0.1611537453789864,66.30645161290322,133.0,64.25,-50.0,50.858258916325475,82.9516129032258,0.6774193548387096,28.0,149.0,80.375,55.4480331030777,5.850973710908083,1.0,790.0,791.0,0.8431372549019608,0.1057830727227599,0.3137254901960784,0.4588235294117647,0.1590091113784608,83.56862745098039,16.645161290322584,0.967741935483871,17.0,83.0,16.125,22.012425468357637,4.795126821216369,0.0,381.0,381.0,0.5058823529411764,0.0505583860840924,0.1490196078431371,0.3450980392156862,0.1002099426661965,19.26274509803921,0.9591381377819944,0.1128488095681634,2.752688172043011,93,256,2160,5959
sciver_test_800,1,256,32,17.193548387096772,193.0,16.6875,-208.0,117.07381151969898,94.12903225806453,0.4516129032258064,30.0,213.0,91.21875,59.3415613077167,5.82456542998548,1.0,961.0,962.0,0.9356854582249028,0.0972987612355871,0.2682953834325116,0.5617127595010308,0.1753115727315687,93.50410954739922,76.93548387096776,0.8709677419354839,22.0,227.0,74.53125,84.65185481392301,5.972391324813109,0.0,1050.0,1050.0,0.6128940171514681,0.0759997873142709,0.2805349334183195,0.3521708582100238,0.119637897399855,79.7997766799845,0.1536438396615959,0.237377795121617,81.75806451612902,222.0,79.21875,0.0,76.6141853603985,86.88709677419354,0.6451612903225806,25.0,225.0,84.1875,77.75901776482262,5.85605284853496,1.0,1050.0,1051.0,0.792156862745098,0.0841792717086834,0.2941176470588235,0.5001960784313724,0.1534509097957105,88.38823529411764,5.129032258064519,0.6774193548387096,14.0,43.0,4.96875,9.901023858041148,5.091962149751801,0.0,394.0,394.0,0.3215686274509803,0.0157659002687369,0.0274509803921568,0.0588235294117647,0.0327708188367359,6.211764705882354,0.861299473493101,0.2023748162074586,1.8962962962962964,135,256,1694,3220
sciver_test_801,1,256,32,-27.903225806451612,242.0,-27.0,-525.0,231.04233919349068,114.38709677419357,0.4516129032258064,30.0,255.0,110.84375,92.76890284970229,6.285413034969341,1.0,866.0,867.0,0.9676113023790376,0.1314116007933709,0.3346837754392238,0.4128513070658566,0.1356367241553574,113.8024462870592,142.29032258064515,0.8064516129032258,22.0,576.0,137.84375,197.8255401507538,6.8106393221105685,0.0,1415.0,1415.0,0.5658785683209535,0.1016560462042474,0.2417292860355504,0.2857639035850269,0.0945963936072245,143.84330537901008,0.1423476604073935,0.1881357238131456,50.435483870967744,178.0,48.875,-61.0,67.22989941238943,85.01612903225805,0.7741935483870968,20.0,254.0,82.375,89.39615134333245,6.151876837681154,1.0,787.0,788.0,0.6196078431372549,0.108782420210778,0.2705882352941177,0.3176470588235294,0.1117777176636962,85.61176470588235,34.58064516129033,0.967741935483871,16.0,153.0,33.5,50.95586325438909,5.804433261361693,0.0,573.0,573.0,0.3764705882352941,0.0653115696540396,0.1756862745098041,0.2117647058823529,0.072811265602105,37.423529411764704,0.9321995725373484,0.1244557766899635,3.047619047619047,84,256,545,1660
sciver_test_804,1,256,32,71.19354838709678,450.0,69.0,-321.0,187.6830772872184,212.64516129032253,0.6451612903225806,31.0,601.0,206.03125,168.1990049716035,6.87024346594284,1.0,2000.0,2001.0,0.9924934692092924,0.1056408918393906,0.2828221621432069,0.3800831237489126,0.1410519616615715,211.28178367878132,141.45161290322582,0.8064516129032258,27.0,473.0,137.03125,149.68017662148017,6.926994865787893,0.0,2663.0,2663.0,0.7045770014253785,0.055467875383391,0.1722361516526375,0.2495584176240752,0.0926538972815041,147.71095214597025,0.0957835459129552,0.1729423736257535,280.1774193548388,530.0,272.53125,1.0,157.56902939168438,301.1129032258064,0.5806451612903225,30.0,535.0,292.8125,169.12780624057655,6.594664682170891,1.0,1805.0,1806.0,1.0,0.1717799141817391,0.5098039215686274,0.6941176470588235,0.2454746605771986,310.06274509803916,20.93548387096774,0.7096774193548387,26.0,60.0,20.28125,22.38056407773271,5.817739548830095,0.0,948.0,948.0,0.3411764705882353,0.0255150161330354,0.0705882352941176,0.1319607843137254,0.0515812768961472,24.18823529411764,0.890675036077515,0.2273244812570941,1.1962616822429906,214,256,1248,1495
sciver_test_807,1,256,32,-63.61290322580646,517.0,-61.59375,-407.0,231.4376075985437,95.7741935483871,0.3870967741935484,31.0,524.0,92.8125,135.53722678198045,6.397765036339866,1.0,1047.0,1048.0,0.8950272325411034,0.0909291163407909,0.1700014711483812,0.2016513721834925,0.1112038513937542,95.2027848088081,159.38709677419357,0.7096774193548387,21.0,444.0,154.40625,163.78737347835303,6.260617961959703,0.0,1261.0,1261.0,0.6041518002104087,0.1285566076818948,0.4316454993841011,0.4840176306232852,0.1736522139765955,162.1098822868694,0.0733751838671896,0.1733438812721889,51.596774193548384,262.0,50.0,0.0,64.38895479816395,61.983870967741936,0.4838709677419355,28.0,271.0,60.0625,65.74949500756641,5.7517006721791955,1.0,801.0,802.0,0.9333333333333332,0.0769185576852463,0.1568627450980392,0.4,0.1357521003699834,61.61176470588235,10.38709677419355,0.9032258064516128,15.0,27.0,10.0625,9.781799105992722,4.289343556298251,0.0,532.0,532.0,0.6431372549019607,0.0246646026831785,0.0078431372549019,0.0937254901960783,0.0925694293439448,13.121568627450973,0.9651511989931107,0.1156777907768301,0.72265625,256,185,950,686
sciver_test_809,1,256,32,1.0967741935483857,170.0,1.09375,-211.0,108.98318659746327,65.90322580645159,0.4838709677419355,27.0,195.0,63.875,66.3427416904065,5.795952226337505,1.0,716.0,717.0,0.8738659473539038,0.0924580260310562,0.2384744690505017,0.302721787491972,0.1251517552906974,66.19994663823624,64.80645161290323,0.7096774193548387,21.0,235.0,62.78125,77.55833867765284,5.857449889269054,0.0,827.0,827.0,0.6431297420063257,0.0789508926400075,0.2208192728619628,0.299839893323126,0.111928640106099,65.29238821328623,0.064250170527469,0.1494486231408291,69.85483870967742,135.0,67.6875,0.0,48.028271296706066,81.8225806451613,0.6451612903225806,28.0,147.0,79.28125,54.104201763241086,5.348062696177161,1.0,564.0,565.0,0.8823529411764706,0.1477471839799749,0.5137254901960784,0.6882352941176479,0.2278713538905185,83.32941176470587,11.967741935483872,0.967741935483871,17.0,32.0,11.59375,12.14459595612386,3.787607339446382,0.0,176.0,176.0,0.6274509803921569,0.0743761140819964,0.4274509803921569,0.4549019607843136,0.1537553729545607,13.09019607843137,0.9716422286688112,0.1018258629477938,2.0,128,256,830,1661
sciver_test_811,1,256,32,-14.645161290322584,227.0,-14.15625,-241.0,140.00739029043254,64.48387096774194,0.4193548387096774,27.0,229.0,62.5,69.02852671178779,5.930138189489499,1.0,1044.0,1045.0,0.836379973953834,0.0607228252491343,0.1790523267522012,0.2905040436761657,0.1055692080329868,63.394629560096206,79.12903225806451,0.8064516129032258,18.0,244.0,76.65625,92.9356663823825,6.18224498014802,0.0,1373.0,1373.0,0.5091225419761324,0.0605598944103859,0.2127764560771706,0.3050910470051123,0.1016722497381835,83.14873502545984,0.1217314164619059,0.1786374632658418,35.14516129032258,186.0,34.0625,-122.0,69.8954297057397,58.56451612903226,0.5806451612903225,23.0,202.0,56.75,62.533990757027496,6.100533300059534,1.0,1610.0,1611.0,0.7372549019607844,0.0394543904518329,0.1137254901960784,0.1864705882352939,0.0935430862268916,63.521568627450975,23.419354838709683,0.967741935483871,14.0,187.0,22.6875,39.08759194104953,5.827606107469476,0.0,730.0,730.0,0.3803921568627451,0.0424496373892022,0.1145098039215688,0.2117647058823529,0.0658606624572572,30.988235294117644,0.9445578752334268,0.1032079261530786,2.0317460317460316,126,256,817,1659
sciver_test_812,1,256,32,-0.7419354838709715,121.0,-0.6875,-180.0,96.00762909139044,62.548387096774185,0.5161290322580645,28.0,172.0,60.625,54.0409277770099,5.786761003606629,1.0,692.0,693.0,0.782354525909986,0.0908323480639005,0.2574895096889845,0.2955378867069279,0.1188651933096457,62.855984860219145,63.29032258064515,0.8064516129032258,23.0,202.0,61.3125,68.82742799022785,5.636667016186015,0.0,888.0,888.0,0.6668278198003138,0.0734968526686891,0.2663394278242561,0.393688486269706,0.1313946546653054,65.26520516979593,0.0708864381060351,0.1678642710590702,43.935483870967744,167.0,42.59375,-24.0,56.52038314570682,57.96774193548387,0.5161290322580645,27.0,167.0,56.1875,51.31242387326874,5.497947281189388,1.0,611.0,612.0,0.7215686274509804,0.0971278200314495,0.2941176470588235,0.4647058823529412,0.1522303870775165,59.345098039215685,14.03225806451613,0.967741935483871,15.0,49.0,13.59375,17.82354372557545,4.516975405415195,0.0,306.0,306.0,0.4549019607843138,0.0520825323593489,0.188235294117647,0.3372549019607843,0.10344638544798,15.93725490196078,0.9648824454912176,0.1182375823667809,1.3333333333333333,192,256,480,640
sciver_test_814,1,256,32,-0.2580645161290351,88.0,-0.21875,-103.0,63.89822688023119,40.67741935483871,0.5161290322580645,29.0,102.0,39.4375,33.73049204725599,5.153957113541965,1.0,399.0,400.0,0.8875141118592076,0.0999325709079874,0.2606386070568722,0.4105825957456477,0.1530451246335087,39.873095792287,40.935483870967744,0.7419354838709677,22.0,127.0,39.65625,46.34153737132056,5.3905145995689665,0.0,445.0,445.0,0.5496084603268525,0.0958316017971897,0.2901123384472659,0.3515131543871421,0.1210637504798254,42.645062799749425,0.054559590922444,0.1271590944873755,29.983870967741925,113.0,29.0625,-141.0,50.52965558709064,45.75806451612904,0.5483870967741935,26.0,115.0,44.34375,38.19490261720142,5.026280661510363,1.0,359.0,360.0,0.8588235294117648,0.1283521765252061,0.4243137254901959,0.5305882352941172,0.1875039033211706,46.07843137254901,15.774193548387103,0.935483870967742,13.0,163.0,15.28125,31.150074613674683,5.136467798137433,0.0,407.0,407.0,0.4745098039215686,0.0371248253601194,0.0705882352941176,0.192156862745098,0.0672007889756325,15.109803921568622,0.878032123282384,0.108453176664625,2.015748031496063,127,256,826,1660
sciver_test_815,1,256,32,-8.41935483870969,159.0,-8.125,-265.0,110.09051673509394,51.29032258064515,0.5483870967741935,29.0,160.0,49.71875,49.80351040275675,5.932821453950062,1.0,797.0,798.0,0.704174093724089,0.0631345922836172,0.1762851432638966,0.2511813271160051,0.0901629103623304,50.31827005004297,59.709677419354854,0.9032258064516128,16.0,291.0,57.84375,94.36236980882528,6.392181825789134,0.0,1263.0,1263.0,0.3896579183269926,0.0489169610367656,0.1409773656202308,0.1950585702600578,0.0666807217169285,61.78212178943502,0.1084151646336196,0.158886090030531,22.048387096774174,164.0,21.4375,-58.0,61.386550593350655,62.43548387096773,0.4838709677419355,30.0,179.0,60.5625,53.53674993637548,5.732136160490112,1.0,798.0,799.0,0.8117647058823529,0.0782888594034104,0.2325490196078433,0.3764705882352941,0.1366262603082612,62.47450980392156,40.38709677419356,0.6451612903225806,30.0,100.0,39.125,36.94738657875547,5.717623255065146,0.0,821.0,821.0,0.4980392156862744,0.0517971865969286,0.1490196078431372,0.2980392156862745,0.0939430788218824,42.52549019607843,0.7678426077221012,0.2879815205454064,3.1604938271604937,81,256,290,913
sciver_test_816,1,256,32,13.258064516129028,143.0,12.875,-140.0,76.67412780723365,70.96774193548387,0.2903225806451612,30.0,148.0,68.78125,45.42282904484814,5.438271902418901,1.0,585.0,586.0,0.9843798503819708,0.1191498071092001,0.3436970861788203,0.6093675785710926,0.1919591373884769,69.70263715888208,57.70967741935484,0.9032258064516128,24.0,154.0,55.90625,50.7237366618184,5.596001700652494,0.0,599.0,599.0,0.6323875624139976,0.0998092007512455,0.3126842801715578,0.4297850435115184,0.1387867572322791,59.78571124999609,0.2118736511909309,0.269837484199419,64.88709677419357,135.0,62.875,-10.0,54.46429449648641,67.01612903225806,0.5483870967741935,24.0,135.0,64.9375,53.11305012659318,5.328742277778071,1.0,525.0,526.0,0.7607843137254902,0.1269169000933706,0.523921568627451,0.584313725490196,0.1929628488189438,66.6313725490196,2.129032258064518,0.967741935483871,7.0,41.0,2.0625,7.619619002942339,5.045639561263535,0.0,272.0,272.0,0.1058823529411764,0.0151239907727796,0.0392156862745097,0.0627450980392156,0.0195781321732483,4.113725490196077,0.8076259586495889,0.2428001275781555,4.129032258064516,62,256,369,1522
sciver_test_818,1,256,32,5.354838709677418,99.0,5.21875,-69.0,49.87091736109834,31.54838709677419,0.3548387096774194,30.0,100.0,30.59375,30.2209151240908,4.743688177433628,1.0,298.0,299.0,0.9684972380576088,0.1040545503130705,0.2881342912731019,0.4111721734737316,0.173758625444458,31.008255993295037,26.193548387096776,0.7741935483870968,20.0,82.0,25.375,29.209106028771235,4.8897221702907325,0.0,313.0,313.0,0.5210548946506351,0.0853116083649902,0.2905920751900208,0.3691481052967679,0.1210062688575492,26.702533418241956,0.1071495755854563,0.1928768918902484,21.95161290322581,99.0,21.28125,0.0,28.8803938414541,27.403225806451616,0.5483870967741935,20.0,99.0,26.5625,29.30330346138469,4.6387344504762265,1.0,242.0,243.0,0.6470588235294117,0.1132555501539458,0.3482352941176471,0.5398039215686271,0.1648642903302144,27.407843137254897,5.451612903225806,0.7741935483870968,13.0,25.0,5.28125,8.004820325122857,3.9925210222461303,0.0,139.0,139.0,0.3058823529411765,0.0444350402031316,0.1772549019607843,0.216470588235294,0.0707704244176664,6.1764705882352935,0.9132130124777184,0.1477081828834923,4.654545454545454,55,256,184,851
sciver_test_819,1,256,32,-8.193548387096772,118.0,-7.90625,-202.0,101.04341869185494,56.64516129032258,0.5161290322580645,26.0,143.0,54.90625,45.05923835283393,5.354591736526454,1.0,562.0,563.0,0.9370250469480668,0.0995550667288075,0.3207227229014316,0.4415451328070894,0.1641460803907247,55.94994750158982,64.83870967741936,0.7419354838709677,21.0,222.0,62.8125,75.60813344971558,5.678646530691057,0.0,640.0,640.0,0.5801273697738515,0.1031942113169955,0.3346771673755162,0.3943875995384177,0.132963695737732,66.04429524287713,0.0714942533647424,0.1535819400100545,58.951612903225794,168.0,57.125,-39.0,68.0517955310512,73.91935483870968,0.6129032258064516,26.0,170.0,71.625,59.35894519783855,5.426915169384241,1.0,560.0,561.0,0.8470588235294118,0.1331302521008403,0.4431372549019607,0.5921568627450979,0.1957068957754248,74.55294117647058,14.967741935483874,0.967741935483871,13.0,68.0,14.5,23.07866980568854,4.759120580729958,0.0,334.0,334.0,0.4,0.0511799929552659,0.1803921568627451,0.2694117647058821,0.0902496981200617,17.094117647058823,0.917623949579832,0.1499250197573024,1.4628571428571429,175,256,794,1163
sciver_test_821,1,256,32,13.903225806451612,130.0,13.5,-140.0,72.03384621134707,52.25806451612904,0.6774193548387096,27.0,154.0,50.65625,50.96666151453811,5.463004343079038,1.0,596.0,597.0,0.9860589172704366,0.0874926348838663,0.2199045556820618,0.3480890951166843,0.1475593699860555,52.14561039078434,38.354838709677416,0.9032258064516128,19.0,157.0,37.15625,52.30446286826297,5.665157320828893,0.0,655.0,655.0,0.4909032357281815,0.0593744734698035,0.1957987507405921,0.2432145869427845,0.0833740653597338,38.89028012272136,0.0672485615363991,0.1288838279291528,60.85483870967741,160.0,59.03125,1.0,52.75858009307586,69.46774193548386,0.6774193548387096,28.0,170.0,67.375,56.9707984409557,5.34007748694116,1.0,528.0,529.0,1.0,0.1312908496732026,0.4156862745098039,0.628627450980392,0.2043085428285868,69.32156862745097,8.612903225806452,0.9032258064516128,12.0,31.0,8.34375,12.24134739060615,4.209969427908035,0.0,166.0,166.0,0.3568627450980391,0.0572879754311363,0.1999999999999999,0.2470588235294117,0.0861431619361205,9.509803921568626,0.9657283604231166,0.0977300391252276,0.37109375,256,95,2201,816
sciver_test_824,1,256,32,-13.451612903225811,175.0,-13.0,-209.0,115.20172524749792,60.258064516129025,0.3548387096774194,29.0,176.0,58.40625,53.97676547309499,5.6290683320640085,1.0,706.0,707.0,0.8953357325070145,0.0839824196698541,0.2264984548670821,0.346384273650978,0.1389026608272004,59.29158828691702,73.70967741935483,0.7741935483870968,20.0,235.0,71.40625,84.04718145742605,5.835026051596152,0.0,769.0,769.0,0.612016055527146,0.0971119011853783,0.3135648864215568,0.3711344378938865,0.1297368231870526,74.67905201155594,0.1039594584813054,0.1815002527071837,51.935483870967744,187.0,50.34375,-50.0,62.52929782060166,81.38709677419354,0.3225806451612903,30.0,187.0,78.875,53.97786004465164,5.585464358911929,1.0,727.0,728.0,0.9882352941176472,0.1138981039458424,0.3607843137254902,0.5674509803921566,0.1927858290644178,82.80392156862744,29.451612903225804,0.967741935483871,19.0,82.0,28.53125,28.205700194065383,4.885306330107823,0.0,406.0,406.0,0.6352941176470588,0.0779677388196657,0.3137254901960784,0.4254901960784314,0.1399233269945269,31.65490196078431,0.87762040969405,0.1948048073910587,2.206896551724138,116,256,310,685
sciver_test_826,1,256,32,-2.9032258064516245,83.0,-2.78125,-153.0,70.49367630105199,31.354838709677413,0.6451612903225806,26.0,93.0,30.40625,29.929980135935608,5.580348312366745,1.0,815.0,816.0,0.827587398643203,0.0381100265464733,0.1053050945226394,0.1626570222907596,0.0778644132001159,31.059671635375764,34.25806451612904,0.8387096774193548,14.0,166.0,33.1875,57.30752432054625,5.7132860986373135,0.0,889.0,889.0,0.4429239839394456,0.0411239510467675,0.1395864452707025,0.2233833667009199,0.0729859631769711,36.55919248057636,0.1068650981198344,0.1695046712852662,-13.516129032258064,83.0,-11.78125,-174.0,58.21229164392603,31.967741935483875,0.0,28.0,157.0,33.4375,27.061200892606372,4.977966122950766,1.0,516.0,517.0,0.8980392156862745,0.0592339261285909,0.1764705882352941,0.3039215686274509,0.1287491440736812,30.564705882352943,45.48387096774193,0.2580645161290322,30.0,206.0,45.21875,55.97864234185659,6.489750416019493,0.0,1228.0,1228.0,0.6941176470588235,0.0384716101424283,0.0980392156862745,0.1333333333333333,0.0505921107082583,47.24313725490195,0.2253585693536673,0.3035297554023801,3.1604938271604937,81,256,525,1661
sciver_test_828,1,256,32,2.096774193548376,197.0,2.0625,-190.0,97.16607480880351,51.74193548387096,0.5161290322580645,28.0,202.0,50.15625,53.659289372274586,5.613992439443528,1.0,880.0,881.0,0.9077738810296164,0.057094287046209,0.1725118331530352,0.2925115791930171,0.1112999894271336,50.24297260066393,49.645161290322584,0.8387096774193548,19.0,207.0,48.09375,69.1991507241057,5.892954531254249,0.0,872.0,872.0,0.6392407059343483,0.0602660068589286,0.1967088645540344,0.2471323486994706,0.089530643289536,52.551957980985755,0.0842590599460992,0.1705688911057947,43.59677419354837,189.0,42.25,-42.0,59.922345581594186,61.30645161290322,0.5161290322580645,30.0,190.0,59.40625,55.731420320475415,5.523711982511006,1.0,816.0,817.0,0.8823529411764706,0.0768069973087274,0.2352941176470588,0.4450980392156862,0.1508839945446988,62.674509803921566,17.70967741935484,0.967741935483871,22.0,66.0,17.15625,19.920324694580156,4.914825981644612,0.0,506.0,506.0,0.4980392156862745,0.0392311865457645,0.0666666666666666,0.3205882352941176,0.090575708748555,19.85098039215686,0.8363653273809525,0.2603439014087155,1.6623376623376624,154,256,1800,3000
sciver_test_835,1,256,32,14.645161290322577,207.0,14.21875,-297.0,128.8632352474417,96.51612903225808,0.6774193548387096,30.0,253.0,93.53125,88.54976862441539,6.201900136035224,1.0,1272.0,1273.0,0.9915491992749038,0.0756988869849962,0.2226540911752473,0.3497393888436148,0.127062088683171,96.28898424491518,81.87096774193549,0.8709677419354839,23.0,401.0,79.3125,123.20091251183976,6.467794575059344,0.0,1546.0,1546.0,0.8351813546458596,0.0549219137208418,0.1611002968608886,0.2100263426945693,0.0832606553519097,84.90927861242145,0.0967647772110739,0.1449476962622968,111.74193548387096,240.0,108.4375,1.0,81.73200776776501,129.85483870967744,0.5161290322580645,28.0,240.0,126.0,93.67663796272794,6.035872555092913,1.0,1050.0,1051.0,1.0,0.1266479925303454,0.4082352941176471,0.6143137254901956,0.1934298229563734,132.98039215686276,18.112903225806456,0.8387096774193548,18.0,57.0,17.5625,22.452641130833584,5.165878196061413,0.0,708.0,708.0,0.4509803921568627,0.0303644621690484,0.0862745098039216,0.1894117647058821,0.0744356056441832,21.498039215686266,0.939423551538671,0.1374581494560461,1.7777777777777777,144,256,932,1662
sciver_test_836,1,256,32,-8.548387096774198,246.0,-8.25,-320.0,158.5534215966341,114.83870967741936,0.5806451612903225,31.0,354.0,111.28125,95.27172795975468,6.461472263575182,1.0,1329.0,1330.0,0.9716616018159304,0.0849080285062012,0.2391600945319926,0.2976273698330636,0.1174583594360758,112.8427698847414,123.38709677419357,0.7741935483870968,21.0,367.0,119.53125,141.96037835761604,6.600461285853211,0.0,1606.0,1606.0,0.66628164666687,0.0793939267729339,0.2537372386728356,0.3202517141142664,0.1078815720952523,127.50664639733192,0.0769233088909584,0.1526346010808152,102.01612903225808,242.0,98.875,1.0,68.58559888927121,119.3709677419355,0.6451612903225806,29.0,273.0,115.6875,78.54355380137825,6.025574859237274,1.0,938.0,939.0,1.0,0.1288557213930348,0.3737254901960787,0.5103921568627451,0.1816406219465021,120.86666666666666,17.35483870967742,0.967741935483871,18.0,73.0,16.8125,20.010056065638597,5.10027858211978,0.0,666.0,666.0,0.580392156862745,0.033197903786139,0.0549019607843137,0.238235294117647,0.0857754707405483,22.10980392156862,0.9640840418198532,0.1080843507286695,1.3333333333333333,192,256,1394,1859
sciver_test_839,1,256,32,47.096774193548384,315.0,45.65625,-228.0,130.348717239325,110.41935483870968,0.6774193548387096,30.0,367.0,107.0,99.34944640006808,6.221835164227992,1.0,1362.0,1363.0,0.9703454644581732,0.0811143487967962,0.2246340178979668,0.365633514733209,0.1454202871481108,110.47774306123644,63.322580645161295,0.8709677419354839,21.0,314.0,61.34375,96.75891734583176,6.520252070945279,0.0,1633.0,1633.0,0.55372506749514,0.0419083339345176,0.132006240493973,0.1802342755723253,0.0659943475344751,68.43630931506729,0.1171270188667754,0.1850305532472861,127.1451612903226,463.0,123.1875,0.0,144.4200551992347,136.56451612903223,0.7096774193548387,26.0,468.0,132.3125,145.05827223481603,6.3044126433299255,1.0,1242.0,1243.0,0.8666666666666667,0.1124846073695178,0.3254901960784313,0.4196078431372548,0.1606736352494078,139.7058823529412,9.41935483870968,0.967741935483871,11.0,95.0,9.125,22.664330455585933,5.712474309302669,0.0,549.0,549.0,0.384313725490196,0.0207721704346583,0.0509803921568627,0.0666666666666666,0.0319803461758949,11.403921568627444,0.9210983455882352,0.1675768299957017,1.8285714285714283,140,256,839,1530
sciver_test_841,1,256,32,-9.806451612903228,190.0,-9.46875,-256.0,137.15570175329023,76.64516129032259,0.4516129032258064,31.0,193.0,74.28125,67.4074524695712,6.132650831001481,1.0,1182.0,1183.0,0.9308369011365504,0.0645416929110138,0.1713570974756167,0.2654778039770551,0.1123449445288525,76.28828102081835,86.45161290322582,0.9032258064516128,18.0,282.0,83.75,108.18502669038816,6.42440092218797,0.0,1514.0,1514.0,0.6990215632372897,0.0599302094245332,0.2005160899113806,0.2776149860405901,0.0931835173152768,90.73433706874336,0.07560208335043,0.1567219018578677,58.11290322580645,235.0,56.3125,-12.0,82.28017588550719,74.75806451612901,0.6774193548387096,22.0,240.0,72.4375,81.7281842068573,5.917748532117282,1.0,937.0,938.0,0.7137254901960784,0.0802477661288634,0.2431372549019608,0.367058823529411,0.1279181452644296,75.1921568627451,16.645161290322584,0.8709677419354839,14.0,89.0,16.125,28.755162579961183,5.513024095776961,0.0,665.0,665.0,0.2980392156862745,0.0302226153619342,0.1137254901960784,0.1686274509803921,0.0545312603644826,20.09803921568627,0.9538174019607842,0.1074842413973101,0.99609375,256,255,1335,1328
sciver_test_843,1,256,32,2.4516129032258074,72.0,2.40625,-66.0,32.05157891489123,27.483870967741936,0.6774193548387096,26.0,101.0,26.65625,22.042018644795217,4.941527584420252,1.0,518.0,519.0,0.9800004955595332,0.0525989742804273,0.115603489366296,0.2400694541049178,0.1251306339344594,27.246268677261384,25.032258064516128,0.8387096774193548,22.0,86.0,24.25,26.95946030617082,4.9178411605318555,0.0,507.0,507.0,0.8120569013321709,0.0523647906171625,0.1544816173863905,0.2415767326522148,0.1178148841577393,26.548948842901417,0.0641651057347156,0.1586967234826707,28.661290322580644,98.0,27.78125,0.0,27.76321124145224,33.24193548387097,0.7419354838709677,23.0,102.0,32.21875,30.68869333219484,5.007189733668479,1.0,432.0,433.0,0.7215686274509804,0.0782044299201161,0.2568627450980398,0.384313725490196,0.141537044734361,33.78431372549019,4.580645161290324,0.8387096774193548,16.0,22.0,4.4375,5.8786557774715815,4.359360444309297,0.0,171.0,171.0,0.3294117647058824,0.0316248136681573,0.1019607843137254,0.1352941176470588,0.0471106739516348,5.407843137254901,0.9359616481141066,0.1385730078049154,1.7777777777777777,144,256,1457,2587
sciver_test_844,1,256,32,-22.64516129032258,242.0,-21.90625,-358.0,184.51886071872843,109.48387096774196,0.3548387096774194,31.0,249.0,106.09375,80.50208047583304,6.293080383284549,1.0,1235.0,1236.0,0.8906165935601121,0.0875778355959508,0.2420491031109097,0.3817400076355755,0.1330781299087853,108.1586269609993,132.1290322580645,0.9032258064516128,23.0,372.0,128.0,142.85438390193002,6.531637060668849,0.0,1516.0,1516.0,0.6787286623928106,0.0900416191336855,0.2721479494134798,0.3416948463153739,0.1181980696061568,136.50309460666733,0.0975697482448001,0.1714603751350948,84.14516129032256,235.0,81.53125,-103.0,89.76426919124056,118.5,0.4193548387096774,30.0,240.0,114.8125,78.71326027900254,5.971173593253406,1.0,1020.0,1021.0,0.9372549019607844,0.1173663975394079,0.3925490196078433,0.584313725490196,0.1919185717171154,119.71372549019608,34.35483870967742,0.967741935483871,18.0,131.0,33.28125,38.05114516591452,5.1848423042565654,0.0,586.0,586.0,0.615686274509804,0.0654353208860336,0.2156862745098039,0.45,0.1282541498375084,38.345098039215685,0.9519162126446966,0.127505042701823,1.5421686746987953,166,256,518,797
sciver_test_846,1,256,32,-89.32258064516131,99.0,-86.5,-441.0,161.34357749845515,61.064516129032256,0.6129032258064516,29.0,330.0,59.1875,84.1640650381741,6.25277420727183,1.0,911.0,912.0,0.7534926675350251,0.0666243643690761,0.1447944123486189,0.2106784729754086,0.0756512275690379,60.69479594022836,150.38709677419357,0.8387096774193548,18.0,447.0,145.6875,169.8010669688209,6.455990696235694,0.0,1280.0,1280.0,0.5589710385946898,0.1189448870176302,0.3126149539012869,0.4085704834430391,0.1391517257910905,152.24945538256668,0.0594367588216453,0.1322758994448225,60.306451612903224,271.0,58.4375,-17.0,78.09686993567668,66.69354838709678,0.6451612903225806,26.0,271.0,64.625,77.09602373015096,5.884595076180783,1.0,700.0,701.0,0.7372549019607844,0.0945658263305322,0.2313725490196078,0.3570588235294116,0.1160711309255936,66.19607843137254,6.38709677419355,0.935483870967742,9.0,36.0,6.1875,11.32043920305215,5.911396629692858,0.0,893.0,893.0,0.3058823529411764,0.0153349581713984,0.0156862745098039,0.0509803921568627,0.0333089345632554,13.694117647058812,0.9719900765184124,0.0916717492202992,0.80078125,256,205,3000,2400
sciver_test_847,1,256,32,9.870967741935456,138.0,9.59375,-707.0,161.63304492255753,71.35483870967742,0.8709677419354839,30.0,248.0,69.15625,66.30144671074305,6.272092015043242,1.0,1064.0,1065.0,0.9715285723335416,0.0659064251258886,0.1572082766305313,0.2458456823361768,0.1013315930650421,70.12443633394551,61.48387096774197,0.967741935483871,15.0,713.0,59.5625,153.68838958668934,7.102436008012198,0.0,1997.0,1997.0,0.3517825373473451,0.0318032858567183,0.0712596500582304,0.0961051382436881,0.0363781141727868,63.51116185586658,0.1481303361850393,0.1918993037328958,0.4354838709677407,289.0,0.4375,-242.0,109.37148208628244,53.46774193548386,0.2580645161290322,30.0,291.0,51.8125,71.03803448681558,6.308122974280996,1.0,1020.0,1021.0,0.9294117647058824,0.0527566320645905,0.1176470588235294,0.1490196078431372,0.0797328334310098,53.811764705882354,53.032258064516135,0.3548387096774194,24.0,290.0,51.375,74.79168987929073,5.889663544849068,0.0,693.0,693.0,0.6039215686274509,0.0770053475935828,0.1725490196078431,0.3058823529411765,0.1034040575028051,53.364705882352936,0.5455279181985293,0.3061100209830227,3.2,80,256,475,1522
sciver_test_851,1,256,32,-64.6451612903226,290.0,-62.59375,-668.0,241.4577938500588,139.2258064516129,0.3870967741935484,30.0,323.0,134.90625,105.75601619263794,6.722473289827173,1.0,2929.0,2930.0,0.9880857977925817,0.0477257160044291,0.1570749743833388,0.1976842171221957,0.1069116449986825,139.7886221769731,203.87096774193552,0.967741935483871,26.0,673.0,197.5,174.38660355658058,6.75299521762297,0.0,3118.0,3118.0,0.7578592552042543,0.0678290289823553,0.2891081819582995,0.4259334025647623,0.1369480535404488,211.49091236698388,0.0967537857601053,0.1992149805624217,101.0483870967742,298.0,100.9375,-165.0,78.02521127014012,137.75806451612902,0.9032258064516128,30.0,339.0,136.53125,65.2744132370219,6.365019594172736,1.0,2444.0,2445.0,1.0,0.0571371265363755,0.1725490196078431,0.2352941176470588,0.1521315447369099,139.64313725490194,36.70967741935484,0.967741935483871,24.0,213.0,35.59375,34.008141833059625,5.266341869732388,0.0,951.0,951.0,0.984313725490196,0.0463743015607925,0.0588235294117647,0.1470588235294117,0.1440323489654222,44.10196078431372,0.9371057598039216,0.1824095140949538,1.024,250,256,436,447
sciver_test_858,1,256,32,2.0967741935483817,107.0,2.0625,-122.0,60.36810907880087,33.41935483870966,0.5483870967741935,29.0,118.0,32.40625,35.12198330017113,5.290507078120081,1.0,512.0,513.0,0.8226386042502214,0.0629573331667291,0.2004661498180503,0.2701322190646054,0.1017987779339419,32.23415458136533,31.32258064516129,0.8387096774193548,20.0,127.0,30.34375,42.78405761422705,5.398355043629763,0.0,515.0,515.0,0.6724369695959556,0.0641583316712126,0.1929981402679813,0.2464502532092147,0.0952636326560791,33.04154081067453,0.0535980467481138,0.1430581418420987,28.27419354838708,127.0,27.40625,-46.0,44.10418019799824,43.37096774193549,0.5161290322580645,28.0,127.0,42.03125,39.21135388427056,5.191072891622342,1.0,504.0,505.0,0.8980392156862745,0.0867102396514161,0.2745098039215686,0.3909803921568624,0.1506064238275025,43.70196078431372,15.096774193548388,0.967741935483871,19.0,60.0,14.625,19.23985122083848,4.509548146342952,0.0,259.0,259.0,0.4549019607843136,0.0623514270573094,0.2282352941176471,0.3454901960784313,0.1076035411543833,16.149019607843137,0.844598277984903,0.2270097484526437,1.2018779342723005,213,256,1384,1661
sciver_test_860,1,256,32,-0.6774193548387126,140.0,-0.625,-158.0,82.28789020870568,41.87096774193547,0.3870967741935484,29.0,140.0,40.59375,45.38161754430421,5.6669436898824745,1.0,776.0,777.0,0.958928203041515,0.0542291711047344,0.159614969055535,0.2350551482767353,0.0978742094756591,42.08183677727395,42.5483870967742,0.967741935483871,18.0,164.0,41.21875,49.27203464885025,5.783960443312244,0.0,793.0,793.0,0.5030001727542368,0.056784754068173,0.1907948702067879,0.2857879053383882,0.091460343645474,45.03030997606124,0.1221336871166308,0.2157952382442503,37.177419354838705,141.0,36.03125,0.0,41.140372791669016,41.8225806451613,0.6451612903225806,21.0,141.0,40.53125,43.563878654654935,5.394147892165282,1.0,580.0,581.0,0.6470588235294117,0.0703583502366463,0.2513725490196079,0.3417647058823524,0.1179596935613303,40.8078431372549,4.645161290322581,0.5806451612903225,14.0,31.0,4.5,7.524958471646205,5.0206357565218465,0.0,365.0,365.0,0.2862745098039215,0.0173301101262422,0.0352941176470588,0.0690196078431373,0.0342101522720994,6.325490196078429,0.8590713958776282,0.1923552209889461,3.0843373493975905,83,256,1123,3479
sciver_test_861,1,256,32,9.7741935483871,108.0,9.5,-154.0,70.4769465853906,53.193548387096776,0.5483870967741935,30.0,120.0,51.5625,35.84161120471567,5.566961774065373,1.0,867.0,868.0,0.8409521395980696,0.0578359767610872,0.1612731238180098,0.2976136488133531,0.1184974485031832,50.14379185186265,43.41935483870968,0.8709677419354839,20.0,168.0,42.0625,57.64814475549061,5.822507482982728,0.0,891.0,891.0,0.6667833809570906,0.0542391911627343,0.1662547924542334,0.2250062101583015,0.093376750601374,48.32711932599629,0.1243228591193118,0.227352586477011,49.49999999999999,126.0,47.96875,0.0,44.37446082418918,57.14516129032259,0.6129032258064516,25.0,127.0,55.375,46.691641382585814,5.386710665072284,1.0,667.0,668.0,0.788235294117647,0.0877267248728577,0.3231372549019607,0.4498039215686271,0.1571725438476255,58.51372549019608,7.645161290322582,0.935483870967742,16.0,37.0,7.40625,12.226659843861691,5.01413741498002,0.0,366.0,366.0,0.2352941176470587,0.0271831136826315,0.0980392156862745,0.1392156862745098,0.0455438912224547,9.949019607843136,0.8591521434294871,0.2491458617878517,2.4615384615384617,104,256,673,1661
sciver_test_862,1,256,32,14.774193548387093,65.0,14.34375,-162.0,50.26157166203122,46.548387096774185,0.7096774193548387,29.0,79.0,45.125,24.778708097881132,5.439194079339096,1.0,813.0,814.0,0.9817140655818468,0.0557829023515272,0.2036723876298869,0.283223178114433,0.1166068047773408,45.351499611791674,31.774193548387103,0.967741935483871,18.0,191.0,30.78125,45.89780385200908,6.174403873319352,0.0,1222.0,1222.0,0.4547201826051528,0.0313835808538019,0.0885376961143325,0.1402951016892021,0.0569683755461476,38.35073580334594,0.0806686541844719,0.1452004469016417,48.54838709677419,82.0,47.09375,-37.0,30.19867482088411,56.87096774193549,0.8387096774193548,30.0,110.0,55.15625,29.179519117653395,5.315601382990881,1.0,800.0,801.0,1.0,0.0698823529411764,0.2823529411764705,0.4278431372549016,0.1586067317232881,55.90588235294118,8.322580645161292,0.967741935483871,24.0,44.0,8.0625,10.908533070491192,5.615401947253711,0.0,585.0,585.0,0.3019607843137254,0.0145198592257415,0.0313725490196078,0.0431372549019608,0.0283875038912373,8.494117647058822,0.7877690853473173,0.1805810848150678,0.50390625,256,129,3306,1660
sciver_test_865,1,256,32,13.548387096774189,68.0,13.15625,-88.0,40.100739842769734,38.2258064516129,0.5161290322580645,30.0,73.0,37.0625,22.99176143208693,5.0191951471868474,1.0,357.0,358.0,0.769236967542523,0.1046569819809739,0.3675156275658218,0.4425273880889974,0.1497043532228606,37.3625425672077,24.67741935483871,0.967741935483871,20.0,93.0,23.90625,27.79653685151263,5.149326211106635,0.0,362.0,362.0,0.474505009834546,0.0695849765260182,0.2270169562142362,0.2833392129528975,0.0935906979694415,25.18976150241862,0.0258492465950227,0.08572413061263,27.532258064516128,75.0,26.6875,-69.0,34.660349734963724,34.01612903225807,0.7419354838709677,26.0,76.0,32.96875,24.964330021803107,4.720280882806518,1.0,345.0,346.0,0.7176470588235294,0.0990281329923273,0.403921568627451,0.5372549019607843,0.1749227131138609,34.16470588235293,6.4838709677419395,0.935483870967742,6.0,105.0,6.28125,22.624978418497996,5.211110950939826,0.0,271.0,271.0,0.192156862745098,0.0262643802908617,0.0549019607843137,0.0647058823529411,0.0257310954413522,7.1176470588235325,0.9485053893716576,0.05989051787012,1.4545454545454546,176,256,1142,1661
sciver_test_867,1,256,32,-1.774193548387102,95.0,-1.6875,-220.0,93.30040109104569,60.645161290322584,0.6129032258064516,31.0,143.0,58.78125,42.434312748499885,5.685011951436235,1.0,692.0,693.0,0.9609584677311176,0.0867900073743176,0.2709051074909838,0.363184546172749,0.1311189335440154,60.058685103027784,62.41935483870968,0.8387096774193548,22.0,234.0,60.46875,74.60394777381087,5.762346875003385,0.0,798.0,798.0,0.7368573266005113,0.0794499231466481,0.2262512067328851,0.3165600635464667,0.1283981823054959,63.401038671025226,0.1946821440360268,0.2781900664209253,63.40322580645161,181.0,61.4375,-23.0,63.98238893437787,77.62903225806451,0.6129032258064516,28.0,181.0,75.21875,58.140849653556835,5.518202822594506,1.0,693.0,694.0,0.8627450980392157,0.1117392411510058,0.4509803921568628,0.5741176470588234,0.1866165829222788,77.43529411764705,14.225806451612907,0.967741935483871,16.0,70.0,13.78125,22.037942245987946,5.2955278450772925,0.0,448.0,448.0,0.2627450980392156,0.034891456582633,0.127843137254902,0.1568627450980392,0.0522839157164692,15.631372549019607,0.7772461945304437,0.3115183226008287,2.694736842105263,95,256,617,1660
sciver_test_871,1,256,32,-9.93548387096776,428.0,-9.59375,-492.0,222.4533461446186,109.41935483870968,0.5483870967741935,27.0,433.0,106.03125,124.63734501920965,6.495366668611788,1.0,1443.0,1444.0,0.8114087084159407,0.0755763350918097,0.1962555155332375,0.2895144890209545,0.1083136512369122,109.05665153748149,119.35483870967742,0.8709677419354839,17.0,511.0,115.625,170.7552616319626,6.627720852787329,0.0,1737.0,1737.0,0.424371232925278,0.0701185819171289,0.2313953188390743,0.2855523664515245,0.0955873757955366,121.7959767900529,0.0773872741325257,0.1577243873052234,93.46774193548384,382.0,90.5625,-79.0,130.14629688834793,135.37096774193546,0.4838709677419355,30.0,384.0,131.15625,116.38060120113448,6.258348432112828,1.0,1300.0,1301.0,0.9254901960784314,0.10510407239819,0.3176470588235294,0.5137254901960784,0.1678284341441732,136.63529411764705,41.903225806451616,0.8709677419354839,21.0,137.0,40.59375,50.97355893929224,5.43134799553456,0.0,736.0,736.0,0.5529411764705883,0.0627450980392156,0.2431372549019608,0.3549019607843137,0.1165693749227664,46.18039215686274,0.9510244656655034,0.1378515955436439,1.0847457627118644,236,256,651,706
sciver_test_873,1,256,32,13.258064516129028,57.0,12.875,-37.0,26.24017673339873,27.258064516129032,0.4838709677419355,30.0,58.0,26.4375,17.253509606743783,5.081538940860799,1.0,356.0,357.0,0.968545271181855,0.0732018236753887,0.1644601628282909,0.2777196965919402,0.1217448087143991,26.059849228438384,14.000000000000002,0.8709677419354839,17.0,54.0,13.5625,18.0674733637551,4.780811301122373,0.0,329.0,329.0,0.3700289357993847,0.0447152774365854,0.1468990727873585,0.2150567827192643,0.0739628985187222,14.711326276636626,0.0466437351992673,0.1390557168712817,21.82258064516129,77.0,21.15625,-26.0,20.268678692443174,24.080645161290324,0.3870967741935484,27.0,77.0,23.34375,18.570153094078144,4.753033919575859,1.0,381.0,382.0,0.8705882352941177,0.0611085379033503,0.1843137254901959,0.3999999999999999,0.1303291980093204,23.282352941176462,2.258064516129031,0.8064516129032258,14.0,47.0,2.1875,8.125721121845125,5.846741012764735,0.0,501.0,501.0,0.1490196078431372,0.0098782826503854,0.0196078431372548,0.0235294117647059,0.0126012935405002,4.949019607843133,0.8787059625251971,0.2229862172914812,2.392523364485981,107,256,685,1644
sciver_test_874,1,256,32,-12.48387096774194,238.0,-12.0625,-502.0,201.94351584972964,134.35483870967744,0.7096774193548387,31.0,443.0,130.1875,97.43762026932924,6.764003666081379,1.0,1990.0,1991.0,0.9541227118170116,0.0670651448262553,0.1698362035367505,0.2836166727700518,0.1105083500710583,133.45963820424822,146.83870967741933,0.9032258064516128,26.0,553.0,142.25,188.91218197882316,7.163309831627533,0.0,2840.0,2840.0,0.67507562619187,0.0534592759615694,0.1557325453299999,0.2204395792073088,0.0785036177875159,151.82434373085724,0.1119024586267419,0.1668077610881476,152.3709677419355,442.0,148.34375,-121.0,139.6150084551711,212.14516129032256,0.7096774193548387,31.0,487.0,206.25,130.4762909497354,6.706460475002313,1.0,1914.0,1915.0,1.0,0.1124408384043272,0.3333333333333333,0.5098039215686274,0.1769738875572145,215.21176470588233,59.774193548387096,0.967741935483871,22.0,256.0,57.90625,77.1951096957411,6.713545080922213,0.0,1658.0,1658.0,0.6549019607843138,0.0396863691194209,0.0941176470588235,0.1574509803921563,0.0604194765210323,65.79999999999998,0.9003296489050168,0.181234308685499,0.6015625,256,154,1993,1196
sciver_test_876,1,256,32,-2.032258064516151,160.0,-1.9375,-496.0,151.8679396507044,82.64516129032258,0.6774193548387096,30.0,205.0,80.09375,71.23041808762251,6.289832965703574,1.0,1201.0,1202.0,0.9592509552512134,0.0685116779579382,0.1776342027197049,0.2532396110871999,0.1085693798904012,82.28252522748383,84.67741935483872,0.9032258064516128,21.0,527.0,82.03125,141.18593334124154,6.762753259612268,0.0,1603.0,1603.0,0.6171449034663757,0.0538989834947824,0.1320928549475956,0.1740217878978069,0.0659073966535644,86.40007054213632,0.0916359899931235,0.141322215769192,65.79032258064515,250.0,63.75,-11.0,78.33980469722911,79.9516129032258,0.7741935483870968,25.0,261.0,77.46875,87.82795126517242,6.168400835803615,1.0,1086.0,1087.0,0.7843137254901961,0.0750406239844003,0.2019607843137254,0.3186274509803921,0.1163793263134953,81.49411764705881,14.161290322580648,0.8709677419354839,13.0,97.0,13.71875,27.830103277521268,5.807792717422313,0.0,656.0,656.0,0.2117647058823528,0.0249163079866092,0.0745098039215687,0.0990196078431372,0.033089789969857,16.345098039215685,0.9514132801558124,0.0946524693093989,2.2857142857142856,112,256,2612,5954
sciver_test_877,1,256,32,-7.2580645161290445,217.0,-7.0,-336.0,142.59207551613798,73.61290322580645,0.6774193548387096,28.0,274.0,71.34375,73.82183339593713,6.405610479961153,1.0,1245.0,1246.0,0.9980334638226296,0.0591550519919728,0.1411912432713273,0.1981330193942748,0.0886197202034219,73.64803973000622,80.87096774193549,0.9032258064516128,17.0,381.0,78.34375,128.0858133672012,6.792496452401588,0.0,1855.0,1855.0,0.4155646977369164,0.0453053430976422,0.1287787726627544,0.1742771013875441,0.0614146022969097,84.0414114461263,0.1357569437339347,0.1668292866733952,-27.258064516129025,43.0,-27.90625,-175.0,53.09270157881872,56.46774193548387,0.8709677419354839,31.0,102.0,55.28125,27.5921573719327,5.809973959160347,1.0,814.0,815.0,0.8549019607843137,0.0690514043455219,0.1937254901960787,0.3058823529411764,0.1173281787904167,56.2078431372549,83.7258064516129,0.3225806451612903,30.0,229.0,83.1875,53.524198674524776,6.462292427832724,0.0,1482.0,1482.0,0.7098039215686275,0.056227673255537,0.1525490196078434,0.2784313725490196,0.0912538305268016,83.32941176470588,0.5577906934832756,0.387065796877944,3.011764705882353,85,256,300,900
sciver_test_880,1,256,32,-1.4838709677419384,174.0,-1.40625,-142.0,89.80877580135196,56.225806451612904,0.3870967741935484,30.0,175.0,54.5,51.811557590946826,5.40880376272441,1.0,521.0,522.0,0.945864474181991,0.1063787506690905,0.3425047007462809,0.4727464719949704,0.1609431769184203,55.42332909859615,57.70967741935485,0.8064516129032258,20.0,171.0,55.90625,64.5137385441078,5.6854187094269,0.0,643.0,643.0,0.5162921613034812,0.0914579940987337,0.2941068512967174,0.3488467897454202,0.1197113089284718,58.80749020548581,0.0550337730961155,0.1455478228898472,53.91935483870967,157.0,52.28125,-3.0,47.99624619110853,68.88709677419355,0.4838709677419355,30.0,157.0,66.78125,46.46082649326742,5.222653529212272,1.0,458.0,459.0,0.9647058823529412,0.1512972001027485,0.5827450980392157,0.6549019607843136,0.2233111531887249,69.29411764705883,14.967741935483875,0.8709677419354839,14.0,45.0,14.5,17.872814551715127,4.3455687445693805,0.0,332.0,332.0,0.5058823529411764,0.0512402551381998,0.258823529411766,0.370392156862745,0.1162079358974422,17.01176470588235,0.9737225518862516,0.100471064331549,1.4970760233918128,171,256,800,1200
sciver_test_882,1,256,32,7.548387096774188,198.0,7.34375,-157.0,110.72759631608328,74.74193548387098,0.3225806451612903,30.0,204.0,72.4375,61.16368280074378,5.72869923121706,1.0,1055.0,1056.0,0.9962301118218044,0.0707730673007756,0.2082069482163796,0.3429412495231878,0.1511306892617009,74.66558600231825,67.19354838709677,0.7096774193548387,23.0,189.0,65.09375,67.17391577790816,5.70340125024824,0.0,833.0,833.0,0.7952666151730516,0.0835272893000815,0.305316436919372,0.3946835359885914,0.1393655569248638,69.57823198696792,0.1256994957400392,0.2285336779614531,56.11290322580645,187.0,54.375,-96.0,70.48259980307196,72.46774193548386,0.5483870967741935,26.0,191.0,70.21875,62.95769133662304,5.541035344546679,1.0,820.0,821.0,0.7803921568627451,0.0901626016260162,0.3458823529411767,0.4862745098039215,0.1651242063165427,73.93333333333332,16.354838709677423,0.967741935483871,14.0,128.0,15.84375,27.48193653907053,4.99152432703103,0.0,369.0,369.0,0.5137254901960785,0.0520218927679472,0.1490196078431372,0.2674509803921566,0.0887673639936356,19.196078431372545,0.8713574378319037,0.1919479987002287,1.3333333333333333,192,256,500,665
sciver_test_883,1,256,32,-36.83870967741935,173.0,-35.65625,-336.0,130.27725467608497,69.03225806451613,0.8709677419354839,28.0,186.0,66.90625,57.91230405481637,6.1630783710740005,1.0,969.0,970.0,0.8568384410325234,0.0696962678313776,0.1748210176848866,0.2382201578148391,0.0988250166805801,67.53568352860492,105.87096774193552,0.935483870967742,24.0,337.0,102.5625,94.30864803266984,6.089924236851767,0.0,929.0,929.0,0.7538399186024132,0.1178353045508238,0.3504813728326758,0.5054683091093649,0.1605695903678926,109.46899792771536,0.0789113988686566,0.164095579463694,31.048387096774196,114.0,30.09375,-87.0,44.935620179736034,36.37096774193549,0.5806451612903225,18.0,114.0,35.25,41.512046444375635,5.606979957570724,1.0,580.0,581.0,0.580392156862745,0.0610682893847193,0.1533333333333334,0.2315686274509801,0.091770940915627,35.41960784313725,5.322580645161294,0.967741935483871,10.0,99.0,5.15625,17.17394351736083,5.04529145717853,0.0,289.0,289.0,0.3372549019607842,0.0265825361286383,0.0509803921568627,0.0588235294117647,0.0385076367500269,7.682352941176468,0.9790280981673716,0.0649223508883954,1.673202614379085,153,256,590,990
sciver_test_884,1,256,32,-2.7580645161290316,412.0,-2.625,-339.0,200.46270694321177,110.79032258064515,0.5161290322580645,30.0,446.0,107.375,138.551152557458,6.393574347710796,1.0,1226.0,1227.0,0.8341714017872671,0.0901965042897081,0.1902957853602241,0.3236791494215628,0.1257255968776335,110.5809142591822,113.5483870967742,0.8064516129032258,25.0,399.0,110.0,138.3417417123263,6.293985111722894,0.0,1431.0,1431.0,0.7789589687275605,0.0808348613853381,0.2728364848709015,0.3655510941746107,0.122615861634647,115.67468664241883,0.1036127072208343,0.2090531169638927,77.08064516129032,402.0,74.6875,-3.0,114.36685421812562,100.53225806451614,0.5806451612903225,27.0,406.0,97.40625,117.42839823031522,6.096358920295228,1.0,1138.0,1139.0,0.8431372549019608,0.0920293600744339,0.2952941176470591,0.4594117647058818,0.1464350485114439,104.72941176470586,23.451612903225804,0.7741935483870968,15.0,74.0,22.71875,30.79492082206902,5.128824432399241,0.0,464.0,464.0,0.6549019607843137,0.0551386071670047,0.1870588235294117,0.2817647058823528,0.0929836301694278,25.58431372549019,0.954385806362294,0.1324590755529354,0.93359375,256,239,888,830
sciver_test_886,1,256,32,7.806451612903219,78.0,7.59375,-243.0,80.73910893078707,56.935483870967744,0.8387096774193548,28.0,131.0,55.1875,34.5429420251084,5.517486251460053,1.0,673.0,674.0,0.9255701124128444,0.0835988529497829,0.2063379728635097,0.4331546354673545,0.155635969106705,56.2620280352039,49.12903225806452,0.9032258064516128,23.0,259.0,47.59375,68.7431175532322,5.9242819593066205,0.0,808.0,808.0,0.6780889396404194,0.0622356092400774,0.1428960547660757,0.2263244656433852,0.0886207655327379,50.28637226598258,0.0345707708794607,0.1112893320597031,-83.80645161290322,19.0,-86.1875,-321.0,67.09295673727608,7.225806451612903,0.0,7.0,37.0,7.59375,12.517136690853064,4.393432201080037,1.0,122.0,123.0,0.1843137254901961,0.051205400192864,0.1215686274509804,0.1631372549019604,0.0475711402887921,6.247058823529412,91.03225806451611,0.0,29.0,358.0,93.78125,70.39475050341112,5.7013960363737155,0.0,878.0,878.0,1.0,0.1002992540979945,0.2286274509803924,0.6125490196078425,0.1933806272560728,88.0627450980392,0.01969416102115,0.0840652049106115,1.4382022471910112,178,256,572,824
sciver_test_889,1,256,32,2.258064516129028,47.0,2.21875,-60.0,30.203201791159493,19.967741935483872,0.4838709677419355,26.0,50.0,19.375,16.942457761493756,4.488038898073922,1.0,147.0,148.0,0.970230942825769,0.1262597143992415,0.2932976397528102,0.4047182478311855,0.14099220347692,18.56017801668851,17.709677419354843,0.967741935483871,19.0,62.0,17.15625,19.645466040221596,4.615478746068177,0.0,185.0,185.0,0.543942178041875,0.100773056384505,0.2619633381589378,0.408774870994299,0.1212758243892822,18.643015431133435,0.0531175618949661,0.1529982141372698,19.306451612903228,46.0,18.71875,0.0,13.372626833853548,22.435483870967747,0.4838709677419355,21.0,48.0,21.75,14.164215474215297,3.822672451325066,1.0,63.0,64.0,0.8627450980392157,0.342296918767507,0.7145098039215687,0.7333333333333334,0.2625665912300318,21.564705882352943,3.129032258064516,0.7096774193548387,12.0,10.0,3.03125,3.86073483128536,2.6809229680691637,0.0,23.0,23.0,0.4784313725490196,0.1413469735720375,0.3011764705882352,0.372549019607843,0.1336262679539979,3.2509803921568623,0.8512351125635439,0.2316609201275227,1.3333333333333333,180,240,180,240
sciver_test_891,1,256,32,-146.93548387096777,488.0,-142.3125,-854.0,406.4743563175295,150.93548387096772,0.4193548387096774,29.0,504.0,146.25,159.75,6.79770243723334,1.0,1438.0,1439.0,0.8217496028843652,0.1046172749366316,0.2299224750091366,0.3213092203461731,0.113791454639436,150.4396413588763,297.8709677419355,0.7741935483870968,23.0,875.0,288.5625,329.7302815844338,7.109537452100145,0.0,2135.0,2135.0,0.635649499191187,0.1412072703858855,0.3526631770002641,0.4055178562714931,0.1420304085083188,301.47752227386565,0.1058064232318214,0.189471338997399,98.9516129032258,349.0,95.875,-22.0,123.12614212668242,130.75806451612902,0.6129032258064516,26.0,391.0,126.6875,132.56518149103104,6.405992432041794,1.0,1176.0,1177.0,0.7764705882352941,0.1118047218887555,0.2745098039215686,0.438235294117647,0.1465975548998477,131.48235294117646,31.806451612903228,0.8387096774193548,16.0,96.0,30.8125,37.79917120453833,5.987099895346643,0.0,1561.0,1561.0,0.5058823529411764,0.0263154589189935,0.0588235294117647,0.1647058823529411,0.0667487891668235,41.07843137254899,0.9573856707317072,0.1122752995064973,1.248780487804878,205,256,1329,1661
sciver_test_892,1,256,32,-44.774193548387096,476.0,-43.34375,-510.0,294.65632622758585,155.2258064516129,0.3548387096774194,29.0,492.0,150.40625,150.09285862737607,6.459122476489927,1.0,1534.0,1535.0,0.9401871621539216,0.1003677003421469,0.2796278995384523,0.3791994400799,0.158329219394921,153.96405232485336,199.99999999999997,0.6774193548387096,24.0,565.0,193.75,206.23727233456128,6.645510374321029,0.0,1694.0,1694.0,0.6964308834280746,0.1199442319097757,0.3611838767137227,0.4396733482674816,0.153819331090074,203.18552885516013,0.0997409505043176,0.2018148369383781,152.62903225806454,395.0,147.90625,-34.0,125.95816750388798,190.56451612903223,0.3548387096774194,31.0,396.0,184.65625,113.6756925905336,6.164854740229895,1.0,1344.0,1345.0,1.0,0.1444269374416433,0.615686274509804,0.7372549019607844,0.2414845356201832,194.1098039215686,37.935483870967744,0.967741935483871,20.0,123.0,36.75,41.35139054493815,5.117056207178679,0.0,590.0,590.0,0.6627450980392157,0.071345962113659,0.2509803921568627,0.4627450980392157,0.142643130497563,42.09411764705882,0.9364303846538616,0.1701814486848374,1.0448979591836736,245,256,1574,1644
sciver_test_894,1,256,32,-30.41935483870968,359.0,-29.4375,-412.0,232.8266438656667,142.3225806451613,0.4516129032258064,30.0,406.0,137.90625,121.31038686335766,6.501534957801819,1.0,1527.0,1528.0,0.8845001142525867,0.0931301550046239,0.2791464070432244,0.3733004825631033,0.1360967981320641,142.20974669206075,172.74193548387098,0.7419354838709677,22.0,530.0,167.34375,193.11632009215975,6.793813454995185,0.0,1871.0,1871.0,0.7245399639455716,0.0947635307826521,0.2721174146986026,0.3405592842161321,0.1201463378209508,177.30256609434215,0.1123294933738757,0.2075055417504641,130.59677419354838,331.0,126.53125,-71.0,121.79721476059088,172.33870967741933,0.5161290322580645,29.0,332.0,166.96875,109.22753898828584,6.2957749145444595,1.0,1362.0,1363.0,0.8901960784313725,0.1283233998445193,0.438823529411765,0.5294117647058824,0.1920568581849696,174.7764705882353,41.741935483870975,0.967741935483871,19.0,200.0,40.4375,61.71909018893587,5.653206889119604,0.0,741.0,741.0,0.6,0.0645762218517636,0.2156862745098039,0.3176470588235294,0.1036825616855967,47.850980392156856,0.9181637471164936,0.184099119170215,1.003921568627451,255,256,1567,1576
sciver_test_897,1,256,32,31.790322580645164,157.0,30.84375,-145.0,80.9753470874778,95.59677419354836,0.4516129032258064,30.0,164.0,92.65625,52.37819762016922,5.4723581638907355,1.0,635.0,636.0,0.9971848890889744,0.1493747290896015,0.5174246640790503,0.7449677123487383,0.2385723758892496,94.852952971897,63.80645161290323,0.8709677419354839,27.0,168.0,61.8125,45.883301360625744,5.8096853209672155,0.0,838.0,838.0,0.7467704942500757,0.0781183258296177,0.2358260964673874,0.3393113187777246,0.121177601544034,65.46315704521969,0.1008200762536842,0.2040580414916154,128.4516129032258,191.0,126.25,1.0,51.906165337077255,135.09677419354838,0.6129032258064516,31.0,199.0,132.6875,47.44235811750929,5.384016727520651,1.0,600.0,601.0,1.0,0.2289477124183006,0.8784313725490196,0.996078431372549,0.3468705814347123,137.3686274509804,6.645161290322584,0.8387096774193548,18.0,35.0,6.4375,9.093051949153264,4.854933453154317,0.0,333.0,333.0,0.3215686274509804,0.0261437908496731,0.0619607843137255,0.1309803921568626,0.0491469816614333,8.705882352941174,0.944175767733564,0.1609656810590948,2.5098039215686274,102,256,1800,4500
sciver_test_899,1,256,32,-0.3870967741935556,118.0,-0.34375,-278.0,116.29236039369697,72.74193548387093,0.5161290322580645,29.0,157.0,70.5,54.73116114244243,5.650590880524967,1.0,662.0,663.0,0.7286342250509157,0.1067400537690219,0.3916787608556986,0.4927636557821412,0.156195950737037,70.66191559509255,73.12903225806451,0.935483870967742,23.0,279.0,70.84375,79.06765669942104,6.120312837669346,0.0,828.0,828.0,0.6490076110663798,0.0911271222204594,0.2502505559312785,0.3043202739589555,0.1045989524529119,75.45325719854044,0.1263666388506843,0.1940680809460925,50.53225806451613,160.0,48.96875,-122.0,63.25567384383396,58.53225806451614,0.6129032258064516,24.0,160.0,56.71875,53.98508727822434,5.340649867027197,1.0,503.0,504.0,0.7019607843137254,0.1152535765797372,0.407843137254902,0.4588235294117647,0.1648012326485323,57.97254901960784,8.000000000000005,0.967741935483871,9.0,129.0,7.75,25.168184280952808,5.236021011701395,0.0,334.0,334.0,0.2196078431372549,0.0319596101913819,0.0823529411764706,0.0901960784313725,0.0377661630644663,10.67450980392157,0.949218137254902,0.1143570781554438,3.4133333333333336,75,256,485,1660
sciver_test_901,1,256,32,-7.064516129032287,259.0,-6.8125,-519.0,202.62302397247456,120.41935483870968,0.5161290322580645,29.0,287.0,116.6875,96.86764084951176,6.59037995383399,1.0,1798.0,1799.0,0.9257215846269812,0.06600018147063,0.1882716387885516,0.3075994190719838,0.1114396708865562,118.66832628419289,127.48387096774196,0.935483870967742,21.0,581.0,123.5,175.628692132009,7.178649170736684,0.0,2659.0,2659.0,0.4208952519388526,0.0498598613056039,0.1414180673750902,0.1965888700844743,0.0680319039885937,132.57737121160102,0.1108621059995713,0.1582801920563708,113.64516129032256,326.0,110.125,-259.0,147.34096299060897,166.51612903225805,0.6129032258064516,27.0,357.0,161.34375,131.16225861861903,6.577833482479553,1.0,1668.0,1669.0,0.8705882352941177,0.1003291484459491,0.3294117647058823,0.4809803921568622,0.1542533843314889,167.34901960784316,52.870967741935495,0.967741935483871,21.0,363.0,51.21875,85.18536199628139,6.825271807844989,0.0,1599.0,1599.0,0.392156862745098,0.0358042403953451,0.0901960784313725,0.1298039215686272,0.0443185687317903,57.25098039215686,0.919820967397026,0.1383813630803252,1.7181208053691277,149,256,967,1660
sciver_test_903,1,256,32,17.77419354838709,274.0,17.25,-328.0,147.97846127055112,87.09677419354838,0.7419354838709677,28.0,339.0,84.40625,104.38865460833136,6.384514799134415,1.0,1189.0,1190.0,0.9999942330593716,0.0730037512664454,0.2036776983029219,0.2690475414935076,0.0988132416089649,86.80146025580362,69.32258064516131,0.8709677419354839,15.0,386.0,67.15625,123.14678979144158,6.533412818728362,0.0,1295.0,1295.0,0.348604407932255,0.05605567248892,0.1539824425265088,0.2037467316670979,0.0661510089426247,72.59209587315145,0.0933393566681731,0.1588315313958184,-61.32258064516131,97.0,-58.46875,-273.0,97.39416832355776,74.29032258064517,0.4838709677419355,31.0,211.0,72.90625,57.71338632360347,6.294578677324909,1.0,1428.0,1429.0,1.0,0.05251002361729,0.1384313725490194,0.2378431372549014,0.1016187177476743,74.98431372549018,135.61290322580646,0.5806451612903225,27.0,394.0,131.375,124.7957706615092,6.6386361177545705,0.0,2037.0,2037.0,0.5450980392156862,0.0660178848171571,0.2329411764705885,0.3411764705882353,0.1088998827203375,134.478431372549,0.5764406728005339,0.3272700182268314,1.3403141361256543,191,256,1518,2032
sciver_test_904,1,256,32,-0.1290322580645346,223.0,-0.09375,-166.0,63.83492352104371,26.387096774193537,0.7741935483870968,15.0,229.0,25.59375,51.408814525696855,5.524560520979328,1.0,341.0,342.0,0.2918985567076119,0.0758685290299294,0.1481507391082765,0.2037946771907061,0.0590741605139978,25.871168399205935,26.51612903225807,0.9032258064516128,8.0,203.0,25.6875,57.17923437533945,5.38849374414709,0.0,282.0,282.0,0.227387597735468,0.0986191272808806,0.1648924900943316,0.1856270448331427,0.0618705515494696,27.810593893208345,0.0385171687295953,0.1402684266032498,20.645161290322573,133.0,20.03125,1.0,34.20387804675809,20.999999999999996,0.7419354838709677,10.0,133.0,20.375,34.51335792124551,5.028171697289876,1.0,198.0,199.0,0.3098039215686274,0.1073876015052485,0.2494117647058824,0.2549019607843137,0.0753642867040921,21.26274509803921,0.3548387096774194,0.8709677419354839,3.0,2.0,0.34375,0.6896273903348097,0.6655035440134903,0.0,2.0,2.0,0.2274509803921568,0.1843137254901961,0.2188235294117647,0.2231372549019607,0.0431372549019607,0.3686274509803922,0.8637085681063845,0.3306605340281074,1.324468085106383,188,249,188,249
sciver_test_907,1,256,32,15.032258064516132,191.0,14.59375,-185.0,104.00837086954829,79.77419354838709,0.4838709677419355,31.0,215.0,77.3125,63.8682420593365,5.746046054012454,1.0,807.0,808.0,0.9985643279003288,0.0964708004798382,0.2919623430253504,0.4913691551281594,0.1558517637917792,77.85193598722944,64.74193548387098,0.7741935483870968,20.0,228.0,62.71875,77.98647093206296,5.953120039564689,0.0,971.0,971.0,0.5685840806383077,0.0714193166345515,0.2526915793031811,0.3151133582912133,0.1073127951402497,69.34815645214951,0.1211255737756807,0.1982186461287101,60.72580645161292,199.0,58.84375,-5.0,69.9728114051272,74.95161290322582,0.5806451612903225,26.0,201.0,72.625,67.71851205541952,5.573596688548029,1.0,658.0,659.0,0.8196078431372549,0.1150008939746111,0.384313725490196,0.4941176470588235,0.1711448045200862,75.6705882352941,14.225806451612902,0.8064516129032258,13.0,62.0,13.78125,22.74276584845168,4.988097520186681,0.0,394.0,394.0,0.5450980392156862,0.0430178162635612,0.1647058823529411,0.207843137254902,0.0727228942801724,16.949019607843134,0.9472633950732192,0.12930325770815,3.240506329113924,79,256,326,1061
sciver_test_909,1,256,32,-66.19354838709678,214.0,-64.09375,-368.0,199.1775839820774,68.32258064516125,0.2580645161290322,21.0,216.0,66.21875,84.22467511624785,5.647811319206696,1.0,507.0,508.0,0.9419136336841664,0.1331944387928414,0.3304602722958792,0.3632670511138421,0.1451906952786539,67.52958046797062,134.51612903225805,0.6451612903225806,24.0,375.0,130.3125,138.1037738215361,6.080315226280993,0.0,773.0,773.0,0.6733027871043095,0.1754577369174678,0.4414796129214209,0.4842063418403787,0.1743677738029641,135.6288306372026,0.0593552852191701,0.1772928929697573,-47.580645161290334,10.0,-53.6875,-487.0,108.03455393414646,4.629032258064515,0.0,8.0,20.0,4.8125,6.43932013103868,2.9643663194823437,1.0,28.0,29.0,0.2705882352941176,0.126890756302521,0.2337254901960784,0.2494117647058823,0.0964305801995456,3.552941176470588,52.20967741935485,0.0,14.0,507.0,58.5,108.92916276186098,5.872501932178422,0.0,953.0,953.0,0.6039215686274509,0.0496059913997078,0.196078431372549,0.2352941176470588,0.0836474042053416,47.274509803921575,0.0198791696556671,0.0782926607286098,1.248780487804878,205,256,864,1080
sciver_test_912,1,256,32,1.2096774193548403,264.0,1.25,-259.0,125.55178214585406,58.01612903225808,0.6451612903225806,29.0,282.0,56.28125,74.70242397966415,5.966884275388621,1.0,1098.0,1099.0,0.9412729301124404,0.0536082299056048,0.1529952861830667,0.2375758959953065,0.0985392204716641,58.86183643635416,56.80645161290323,0.8709677419354839,20.0,267.0,55.03125,88.63918587982123,6.250156541863533,0.0,1286.0,1286.0,0.7080710957618128,0.046449429355934,0.1551579171417443,0.1946208328878394,0.0772136410129594,59.73396615173118,0.075091827956666,0.1498970601253365,53.82258064516129,272.0,52.59375,-76.0,98.27348935973272,88.72580645161291,0.5806451612903225,29.0,276.0,86.40625,82.73483976498353,5.887966143852436,1.0,962.0,963.0,0.9647058823529412,0.0941176470588235,0.3054901960784313,0.4782352941176468,0.1559767690870742,90.54117647058824,34.903225806451616,0.8064516129032258,18.0,148.0,33.8125,47.93057316317008,5.695874543704264,0.0,741.0,741.0,0.4117647058823529,0.0511973750363843,0.1686274509803922,0.2705882352941176,0.0836238292452101,37.93725490196078,0.9275074754901962,0.1777448943883397,2.048,125,256,608,1245
sciver_test_914,1,256,32,-26.580645161290317,228.0,-25.71875,-219.0,133.36585825629248,72.70967741935483,0.2903225806451612,30.0,228.0,70.46875,67.4365370065627,5.727873619381414,1.0,840.0,841.0,0.9767801310237548,0.0862572241062663,0.2251692684352303,0.3695036421944463,0.1529952687702837,72.4560682492637,99.29032258064515,0.6774193548387096,22.0,250.0,96.1875,91.93388844028082,6.029877947892221,0.0,979.0,979.0,0.6233053770368406,0.1035508288260489,0.3321434914282269,0.443175912789754,0.1444091885257649,101.37626142070188,0.0670686059152759,0.1566788489052662,65.33870967741936,171.0,63.46875,-43.0,58.153344903259864,91.56451612903226,0.2258064516129032,30.0,171.0,88.875,45.21182782193173,5.397229364155658,1.0,675.0,676.0,1.0,0.1384052287581699,0.5850980392156865,0.8219607843137251,0.2510494603584548,93.4235294117647,26.225806451612904,0.967741935483871,22.0,79.0,25.40625,23.73138662062333,4.613793339454844,0.0,435.0,435.0,0.7098039215686274,0.0683164300202839,0.1945098039215687,0.5658823529411763,0.1589422688546635,29.717647058823523,0.9630025747672806,0.1280491545239054,1.292929292929293,198,256,615,796
sciver_test_916,1,256,32,-94.09677419354838,192.0,-91.0625,-465.0,224.45767105124744,75.29032258064515,0.4193548387096774,28.0,223.0,73.03125,76.32147648884617,6.157068496277214,1.0,1022.0,1023.0,0.9555590302314336,0.0730805539350702,0.2139008032515038,0.2723677587335472,0.1100300360593441,74.68832612164178,169.38709677419354,0.7096774193548387,23.0,482.0,164.09375,183.6183813264279,6.688646294375054,0.0,1460.0,1460.0,0.8037244654069232,0.1174305454707036,0.3169304331604431,0.3835653591764595,0.1309554526842775,171.44859638722727,0.2357276550989948,0.2347874103664882,58.46774193548387,194.0,56.65625,-70.0,72.66602084838209,67.14516129032258,0.6129032258064516,20.0,194.0,65.0625,67.92824223951331,5.656143103804785,1.0,721.0,722.0,0.6509803921568628,0.093470397867885,0.3098039215686274,0.4588235294117647,0.1469361474104042,67.3921568627451,8.677419354838712,0.967741935483871,11.0,94.0,8.40625,20.04036454103318,6.00256480290034,0.0,646.0,646.0,0.2117647058823529,0.0224731378619559,0.0470588235294118,0.0696078431372549,0.0262129136470109,14.517647058823524,0.8789436274509804,0.16643729986316,3.4133333333333336,75,256,446,1522
sciver_test_918,1,256,32,-34.516129032258064,146.0,-33.40625,-365.0,167.76506254562509,68.19354838709677,0.6451612903225806,28.0,235.0,66.09375,63.5882061465607,5.977474432618858,1.0,937.0,938.0,0.9634230206630724,0.0719381470019542,0.1873489132114122,0.301635482575102,0.1169973531533346,67.40604374083114,102.70967741935485,0.935483870967742,21.0,371.0,99.5,142.0024207540139,6.67241983110004,0.0,1548.0,1548.0,0.4839859169117938,0.0680224604646609,0.1976588478392888,0.2470518752071441,0.0843812918293619,105.29876879929508,0.1383194111665441,0.1775169560469079,52.822580645161295,185.0,51.1875,-40.0,57.5350097223421,79.8225806451613,0.6774193548387096,29.0,230.0,77.34375,66.63830044304477,5.8731439879746485,1.0,826.0,827.0,0.9254901960784314,0.0975834401557232,0.284313725490196,0.3794117647058823,0.1486263350010353,80.60392156862744,27.0,0.8387096774193548,21.0,73.0,26.15625,24.015762239360633,5.886081893263816,0.0,757.0,757.0,0.3450980392156862,0.0390550936358691,0.1215686274509804,0.1686274509803921,0.0548489711894349,29.564705882352943,0.8187154146452396,0.2260638798258669,2.6391752577319587,97,256,1187,3138
sciver_test_921,1,256,32,-32.290322580645174,129.0,-31.25,-340.0,118.32529315408436,62.0,0.2258064516129032,30.0,129.0,60.09375,30.77576093190061,6.057127262710753,1.0,1198.0,1199.0,0.7985259591252757,0.0504919446119615,0.1462660653380073,0.2373324849714805,0.091436392582408,60.489349645129955,94.29032258064515,0.935483870967742,22.0,344.0,91.34375,107.27843719004066,6.338066326036803,0.0,1336.0,1336.0,0.642501152715595,0.0727225865479753,0.2334703999255291,0.3211015092989667,0.1108205591779604,97.15737562809504,0.1234485821456752,0.2105921580283258,43.822580645161295,93.0,43.125,-39.0,32.763117601962115,71.56451612903224,0.7096774193548387,30.0,106.0,70.0625,26.556469903772975,5.818928535040536,1.0,858.0,859.0,1.0,0.0813839755016225,0.2600000000000003,0.3496078431372548,0.134804583818682,69.82745098039214,27.741935483870968,0.8064516129032258,23.0,125.0,26.9375,35.821552084604036,5.4849626365819395,0.0,766.0,766.0,0.5568627450980392,0.0418420109558183,0.1156862745098039,0.2617647058823529,0.0875997678845783,32.05098039215686,0.9012710631127452,0.199008372263902,2.1333333333333333,120,256,742,1578
sciver_test_925,1,256,32,10.161290322580644,291.0,9.875,-472.0,219.8194927093591,140.5483870967742,0.5483870967741935,31.0,325.0,136.1875,108.05277573366637,6.867259481727694,1.0,2192.0,2193.0,0.9912198333070916,0.0656195264988937,0.1895194680924871,0.2832914133077492,0.0992227205360574,143.83800208557517,130.38709677419357,0.8387096774193548,18.0,500.0,126.3125,168.7580437897702,6.865835768628496,0.0,2197.0,2197.0,0.6179332066111584,0.0608401217736074,0.1842438272600319,0.2365517587638011,0.085930130350119,133.66574753661567,0.1428828204166814,0.2280950822912983,131.6935483870968,342.0,127.59375,-22.0,113.39115358323814,155.30645161290315,0.6129032258064516,27.0,356.0,150.46875,121.2989551621839,6.921228775221464,1.0,2062.0,2063.0,0.8156862745098039,0.0774272075464521,0.2196078431372549,0.3137254901960785,0.1056113407834753,159.6549019607843,23.612903225806456,0.935483870967742,14.0,74.0,22.875,30.516133028285218,5.8858488140043335,0.0,1037.0,1037.0,0.4784313725490196,0.0281997466296065,0.0878431372549018,0.1498039215686272,0.056127342024104,29.243137254901946,0.9374573015269326,0.1418839502695068,1.471264367816092,174,256,1127,1660
sciver_test_926,1,256,32,-16.870967741935488,117.0,-16.3125,-185.0,91.09522404467756,39.09677419354837,0.4193548387096774,28.0,122.0,37.90625,35.56803285167033,5.409514940291753,1.0,522.0,523.0,0.9524919833937552,0.073885870770867,0.1785160554530041,0.2675588435361111,0.1198498073587783,38.56842454239258,55.96774193548387,0.8064516129032258,21.0,191.0,54.21875,68.89472692766479,5.668844935617597,0.0,599.0,599.0,0.6381171836048343,0.0946481933644492,0.2579758075484559,0.3417876330145343,0.1179873647998773,56.6942678253051,0.0906188990521059,0.1782993584195886,29.887096774193544,142.0,28.96875,-14.0,41.59588649659363,44.79032258064515,0.4516129032258064,26.0,142.0,43.40625,38.97824663754772,5.161519350404613,1.0,439.0,440.0,0.807843137254902,0.1028272812541873,0.28078431372549,0.5925490196078431,0.1706438587584105,45.141176470588235,14.903225806451616,0.5806451612903225,15.0,51.0,14.4375,15.832990676116752,4.386275243305192,0.0,252.0,252.0,0.4941176470588235,0.0654684095860566,0.2874509803921571,0.4056862745098039,0.1230231034699127,16.49803921568627,0.9117693014705882,0.1859316051187457,2.327272727272727,110,256,1161,2707
sciver_test_927,1,256,32,0.322580645161278,196.0,0.34375,-359.0,135.21940720894136,72.83870967741933,0.7419354838709677,27.0,238.0,70.59375,79.12050120504483,6.207972519959556,1.0,1090.0,1091.0,0.8080640196745755,0.0662089548246539,0.1956036806733044,0.2849782272524609,0.0976603452775896,72.16776075887284,72.51612903225808,0.9032258064516128,18.0,366.0,70.25,114.2196349144927,6.545756047735122,0.0,1526.0,1526.0,0.4631392106385248,0.0500715389519208,0.1536200070943207,0.1888576151238513,0.0692024974274133,76.40916844063116,0.1000029829475304,0.1408846393591449,76.33870967741936,265.0,73.96875,-36.0,89.80064183199082,83.56451612903227,0.7741935483870968,27.0,280.0,80.96875,91.49367613905072,6.038896415655521,1.0,999.0,1000.0,0.7490196078431373,0.0850222771791399,0.287058823529412,0.3764705882352941,0.1278404819278029,84.93725490196078,7.225806451612906,0.967741935483871,15.0,69.0,7.0,14.493533040635745,5.382950103544239,0.0,542.0,542.0,0.3058823529411765,0.0189204833224802,0.0505882352941177,0.0823529411764706,0.0368532103877045,10.25490196078431,0.9518655651180926,0.1030395540256852,2.909090909090909,88,256,634,1836
sciver_test_928,1,256,32,19.93548387096774,213.0,19.8125,-299.0,110.15626329787152,86.9032258064516,0.5483870967741935,27.0,222.0,84.6875,77.78513575066897,6.1750236288521965,1.0,1224.0,1225.0,0.6971765179713553,0.070377372093244,0.2159873517801524,0.3517672750996026,0.1149698859232766,86.14190344213077,66.96774193548389,0.935483870967742,17.0,330.0,64.875,95.1862483502738,6.406702652049455,0.0,1632.0,1632.0,0.5031851455525086,0.0439041026035774,0.1308246297832596,0.1925399356320137,0.0743770902072709,71.65149544903834,0.1120971253670926,0.1778023814861237,98.87096774193547,225.0,95.8125,1.0,79.21507018080588,109.25806451612904,0.8064516129032258,25.0,243.0,105.875,85.69668532096209,5.9180022006655895,1.0,1046.0,1047.0,0.7725490196078432,0.106298504105275,0.4588235294117647,0.5372549019607844,0.1782278042308888,111.18823529411765,10.38709677419355,0.967741935483871,22.0,41.0,10.0625,11.608018510925971,5.5765760881297854,0.0,698.0,698.0,0.4117647058823529,0.0188325186808247,0.0482352941176473,0.0941176470588235,0.0382442510285404,13.14509803921568,0.8163263480392157,0.3230429397479922,2.048,125,256,809,1660
sciver_test_932,1,256,32,-9.935483870967742,117.0,-9.59375,-206.0,91.07581298532284,49.677419354838705,0.7096774193548387,29.0,177.0,48.15625,45.89261199733025,5.711460553987108,1.0,919.0,920.0,0.7200239081432741,0.05501863488345,0.1771677691907425,0.291549970376831,0.1055225611828973,50.56212545789056,59.61290322580644,0.7741935483870968,21.0,225.0,57.75,75.39355078519648,5.875979145675013,0.0,858.0,858.0,0.4686502549676908,0.0706926616255931,0.2143494905027693,0.2664500088708155,0.0992623565863154,60.65430367475896,0.047209381659374,0.1219592914044732,34.75806451612903,134.0,33.6875,-134.0,52.11611884772311,46.274193548387096,0.7741935483870968,23.0,151.0,44.84375,46.17162912371081,5.434285662505342,1.0,716.0,717.0,0.6705882352941177,0.0663325665461715,0.2549019607843137,0.3627450980392157,0.1235138318816103,47.494117647058815,11.51612903225807,0.967741935483871,12.0,171.0,11.15625,30.35015380418195,5.510710679475957,0.0,487.0,487.0,0.3333333333333333,0.0268631477231549,0.0470588235294118,0.1152941176470587,0.0439678380540708,13.082352941176476,0.979297253237715,0.0640099654098271,1.5802469135802468,162,256,1010,1600
sciver_test_933,1,256,32,1.3870967741935436,85.0,1.375,-169.0,53.87064947631502,24.225806451612897,0.7096774193548387,23.0,94.0,23.5,27.032387981826545,5.348883928165457,1.0,627.0,628.0,0.947357925140648,0.0359479051849066,0.1038390462311443,0.1957192855265848,0.074836224210627,22.539336550936454,22.838709677419363,0.935483870967742,15.0,172.0,22.125,44.800076729845,5.800717214561796,0.0,693.0,693.0,0.3917297641178899,0.0367061091577597,0.090541240682155,0.1483178121987367,0.0514382542526456,25.437333646327502,0.0786518629533102,0.1148150488990618,16.435483870967744,91.0,15.9375,-2.0,25.634373285688103,19.53225806451613,0.8064516129032258,21.0,91.0,18.9375,25.730499290725007,5.281508013228837,1.0,482.0,483.0,0.6431372549019607,0.0399967455862012,0.1294117647058824,0.1803921568627451,0.0698573794519544,19.27843137254902,3.0967741935483883,0.935483870967742,4.0,41.0,3.0,9.627434756984853,5.187223678960814,0.0,255.0,255.0,0.1019607843137254,0.0196232218377547,0.0392156862745097,0.0431372549019607,0.0172901601926052,5.003921568627451,0.9683694530443756,0.0625729711725588,4.491228070175438,57,256,370,1661
sciver_test_935,1,256,32,10.741935483870966,175.0,10.4375,-113.0,82.31871654581356,59.32258064516129,0.3548387096774194,27.0,179.0,57.5,50.00374985938554,5.200174617736568,1.0,483.0,484.0,0.918736237522779,0.1208113593765936,0.358273897738181,0.5849866151288837,0.1988676258572257,58.35188657889475,48.58064516129032,0.7419354838709677,23.0,149.0,47.0625,54.51372390279351,5.437134618780258,0.0,562.0,562.0,0.6332774648141599,0.0881712048399984,0.2968369552386069,0.349855012958396,0.1238267646401915,49.55221712007914,0.0510065006287466,0.1574855243505006,44.46774193548387,136.0,43.09375,0.0,39.93538482270454,54.435483870967744,0.4193548387096774,28.0,136.0,52.75,40.202611855450385,5.047985278111696,1.0,451.0,452.0,0.9411764705882352,0.1224033737663579,0.4627450980392156,0.6686274509803922,0.2106252618767057,55.20392156862744,9.967741935483872,0.8709677419354839,19.0,26.0,9.65625,10.312642044476284,4.072374878597971,0.0,239.0,239.0,0.4980392156862745,0.0462220034457297,0.1615686274509804,0.2882352941176465,0.1057385669088763,11.04705882352941,0.977627655228758,0.0985791835453461,1.3128205128205128,195,256,633,831
sciver_test_937,1,256,32,-44.677419354838705,178.0,-43.25,-304.0,148.59803161549618,70.4516129032258,0.3225806451612903,29.0,193.0,68.28125,64.29921965652072,5.674067030824921,1.0,688.0,689.0,0.97643203649205,0.1007416567448501,0.2760774250137811,0.3719606517655634,0.154840936422894,69.3102598404569,115.12903225806453,0.7419354838709677,25.0,333.0,111.53125,118.28196829372388,6.13799680089643,0.0,932.0,932.0,0.7366646246918187,0.1248534009172592,0.3565914429941541,0.4402116834154443,0.1480388683843512,116.36336965488556,0.0964132112262342,0.1794451807392476,34.66129032258064,155.0,33.8125,-95.0,83.90449835229336,82.2741935483871,0.2903225806451612,30.0,155.0,79.9375,47.33982038147166,5.434689747965422,1.0,651.0,652.0,1.0,0.1274298966898587,0.4509803921568628,0.6725490196078432,0.2192155473247744,82.95686274509804,47.612903225806456,0.9032258064516128,22.0,128.0,46.125,48.098044398915015,5.2520908681458325,0.0,610.0,610.0,0.6980392156862745,0.0845194471231115,0.3337254901960785,0.4513725490196075,0.1530612013529312,51.55686274509803,0.8188429543937993,0.2442995197548365,1.3403141361256543,191,256,371,498
sciver_test_938,1,256,32,-40.51612903225807,232.0,-39.21875,-228.0,139.08759253951266,62.064516129032256,0.2580645161290322,29.0,234.0,60.15625,66.10460903702177,5.579795669497846,1.0,564.0,565.0,0.9131641140921692,0.1089256637515019,0.2613533606227685,0.3709772618340071,0.1605070702031266,61.43407435584712,102.58064516129032,0.7096774193548387,24.0,257.0,99.375,98.03530932781312,5.836605993612348,0.0,702.0,702.0,0.7170476398089051,0.14816889260121,0.423853473718373,0.5033740637915403,0.1762453311879784,104.01456260604942,0.0565829583282761,0.1564175478509883,54.14516129032258,148.0,52.5,-15.0,49.55174063542067,74.69354838709677,0.2580645161290322,27.0,148.0,72.40625,40.04283595023584,5.165154100799151,1.0,470.0,471.0,1.0,0.1603838130997079,0.6474509803921579,0.8609803921568626,0.2641277140706425,75.38039215686274,20.5483870967742,0.935483870967742,17.0,53.0,19.90625,17.70480050544202,4.271042693666594,0.0,360.0,360.0,0.7137254901960784,0.0639760348583877,0.170588235294118,0.5647058823529412,0.1615775018391587,23.031372549019604,0.9025262969771244,0.1884861588560804,1.3333333333333333,192,256,600,800
sciver_test_939,1,256,32,14.87096774193548,136.0,14.4375,-137.0,60.758712081067024,46.51612903225806,0.7096774193548387,27.0,148.0,45.09375,39.15383073132819,5.419499299505791,1.0,588.0,589.0,0.8319885924086764,0.0776046071109627,0.1427860199015377,0.2546692573009173,0.1486918955432921,45.6315089812461,31.645161290322584,0.9032258064516128,23.0,156.0,30.65625,43.94002259828163,5.651128570378971,0.0,657.0,657.0,0.5861683296313878,0.0491958842379398,0.1422857258730776,0.193950046252594,0.0745380916661438,32.32169594432651,0.1116332273474409,0.1684793642676018,53.177419354838705,166.0,51.53125,0.0,48.27135820999343,58.04838709677419,0.7419354838709677,28.0,167.0,56.25,50.67297109899912,5.433322136587847,1.0,539.0,540.0,0.8313725490196078,0.1076721597730001,0.2752941176470588,0.3454901960784312,0.1661395026785631,58.035294117647055,4.870967741935485,0.8709677419354839,18.0,28.0,4.71875,7.942112341027417,5.302072707055517,0.0,372.0,372.0,0.2431372549019608,0.0194813409234661,0.0392156862745097,0.0605882352941176,0.0294388889637671,7.247058823529411,0.8845534620098039,0.1994272207985306,4.266666666666667,60,256,392,1662
sciver_test_941,1,256,32,-22.548387096774196,228.0,-21.8125,-239.0,138.38678529306907,63.93548387096773,0.3548387096774194,27.0,228.0,61.96875,68.49930856174754,5.589362242309235,1.0,583.0,584.0,0.9134469790477344,0.1090632353407963,0.2767343137984334,0.3876355794911781,0.1593023318230641,63.58386620368425,86.48387096774191,0.6774193548387096,20.0,262.0,83.78125,96.94222969602824,5.850666578014338,0.0,701.0,701.0,0.5815567328675522,0.1249514785421028,0.3576360431693719,0.4176950457600663,0.146348830197369,87.59098645801406,0.078059708957243,0.1916950753249259,60.70967741935484,177.0,58.90625,-12.0,58.10785197318431,79.12903225806451,0.2903225806451612,30.0,178.0,76.75,50.30842374791721,5.283294966706702,1.0,535.0,536.0,1.0,0.1485578156496243,0.5733333333333335,0.803921568627451,0.2448590122756759,79.47843137254901,18.419354838709676,0.967741935483871,23.0,42.0,17.84375,16.765122604308626,4.285244145702258,0.0,321.0,321.0,0.611764705882353,0.0646386903671125,0.2196078431372549,0.5254901960784314,0.1516812913060497,20.749019607843135,0.7607220818014706,0.3252695445503731,1.0,256,256,532,532
sciver_test_942,1,256,32,-77.45161290322584,231.0,-75.0,-953.0,322.7201767785832,155.70967741935485,0.6451612903225806,31.0,474.0,150.875,125.25567601909304,7.020965903913074,1.0,3560.0,3561.0,0.993460223252461,0.0445677470010874,0.1332862648649504,0.2166662045245228,0.0929708018460586,158.66117932387124,233.16129032258067,0.967741935483871,23.0,977.0,225.875,277.9641107679191,7.354596376957993,0.0,3973.0,3973.0,0.7039262014968505,0.0603422953056253,0.210917193252809,0.2817435533679022,0.0966023114812235,239.73993924924952,0.1198397836789381,0.1755326079712525,173.90322580645162,441.0,169.65625,-412.0,170.5363981264337,235.741935483871,0.6129032258064516,31.0,504.0,229.5625,138.94219515233664,6.878002820335677,1.0,3149.0,3150.0,1.0,0.077232112279653,0.2274509803921569,0.4062745098039212,0.1602795773915593,243.20392156862744,61.83870967741937,0.967741935483871,24.0,515.0,59.90625,92.46430371195956,6.514412817534927,0.0,1918.0,1918.0,0.8509803921568627,0.0410088122840376,0.0666666666666666,0.2084313725490191,0.0904690211307378,78.65490196078429,0.921015737087518,0.167218822477747,1.248780487804878,205,256,1316,1645
sciver_test_943,1,256,32,-90.87096774193547,273.0,-88.0,-541.0,264.2393564554682,161.1935483870968,0.4193548387096774,31.0,349.0,156.1875,114.50202986737834,6.718726590515081,1.0,2136.0,2137.0,0.9101770657070678,0.0753696542693206,0.2110957616338753,0.303385073266872,0.1257544291264542,160.989581519269,252.06451612903223,0.7419354838709677,26.0,590.0,244.1875,220.88507157286568,6.856302125194125,0.0,2531.0,2531.0,0.8042638851101687,0.1013913414380404,0.35712908037339,0.4586783374351288,0.1560330994669357,256.6214851796804,0.1005967178036209,0.1936758568950724,184.5967741935484,294.0,179.25,-44.0,84.44524853418338,229.40322580645164,0.4193548387096774,31.0,327.0,222.65625,86.56775142013046,6.373566924979418,1.0,1768.0,1769.0,1.0,0.1329274243634105,0.4835294117647057,0.7280392156862739,0.2340523390010568,235.0156862745098,44.80645161290324,0.967741935483871,24.0,153.0,43.40625,39.65543734391918,5.29397371956177,0.0,1069.0,1069.0,0.7647058823529411,0.0491131532126414,0.063529411764706,0.4431372549019607,0.1396613551832406,52.50196078431371,0.9444534567859402,0.161409865910739,1.1797235023041477,217,256,559,660
sciver_test_944,1,256,32,-20.09677419354839,259.0,-19.4375,-282.0,167.78929076001842,98.80645161290325,0.3548387096774194,31.0,260.0,95.75,77.35025856453228,5.988687791438204,1.0,760.0,761.0,0.917669192272928,0.1281892052929241,0.3478844247810519,0.4593195075580405,0.1575725341367168,97.42379602262235,118.9032258064516,0.7419354838709677,21.0,331.0,115.1875,125.01585836904852,6.132242541330212,0.0,955.0,955.0,0.5668552677755381,0.1261876031278794,0.3442371945823685,0.4030355276363479,0.148400718045677,120.50916098712484,0.0726258164037925,0.1760608352855378,82.09677419354837,240.0,79.5625,-64.0,81.88404053141247,105.03225806451611,0.3548387096774194,31.0,240.0,101.78125,68.30434392070171,5.727316004362892,1.0,777.0,778.0,0.9686274509803922,0.1371135841724076,0.4901960784313725,0.7105882352941174,0.2163171520768072,106.53725490196078,22.935483870967733,0.7419354838709677,17.0,138.0,22.21875,33.92061907509207,5.3034930948550905,0.0,625.0,625.0,0.603921568627451,0.0407717647058823,0.0588235294117647,0.1749019607843124,0.0926387857918448,25.482352941176476,0.9269710765165442,0.1529547268732397,1.3333333333333333,192,256,1245,1660
sciver_test_945,1,256,32,0.0645161290322544,232.0,0.09375,-310.0,157.3398708558562,127.51612903225806,0.5161290322580645,30.0,277.0,123.5625,76.4223206514301,6.270879543129413,1.0,1561.0,1562.0,0.99540519654877,0.082326835984353,0.313631401951006,0.4446138340160727,0.1464162604985352,128.51219097157505,127.4516129032258,0.7741935483870968,21.0,461.0,123.46875,161.79655133357292,6.3975839932693335,0.0,1550.0,1550.0,0.5835863782184453,0.0837616802250023,0.2773424512165214,0.3373965522533224,0.1226055521514216,129.8306043487537,0.1294784748308365,0.2038349088340831,137.38709677419354,229.0,133.28125,1.0,72.63876133606286,167.64516129032256,0.5161290322580645,30.0,266.0,162.59375,84.50216690084048,6.1677416903984295,1.0,1431.0,1432.0,1.0,0.1200285005686411,0.5058823529411764,0.5411764705882354,0.2061377479208539,171.76078431372548,30.25806451612904,0.935483870967742,17.0,101.0,29.3125,29.830183434736032,5.2654542324380715,0.0,739.0,739.0,0.6313725490196078,0.0445647271087054,0.0760784313725493,0.3137254901960785,0.1067970395651613,32.93333333333333,0.8927066008695145,0.1897755176200115,0.65625,256,168,2529,1661
sciver_test_946,1,256,32,7.483870967741929,115.0,7.28125,-274.0,115.33192163680228,73.32258064516128,0.6451612903225806,29.0,144.0,71.0625,47.964138621995495,5.90140690152502,1.0,885.0,886.0,0.7940424242268809,0.0824604075486049,0.2396118147362656,0.359898044925418,0.1287069872698682,72.97746068051535,65.83870967741936,0.8709677419354839,20.0,293.0,63.78125,93.35976595106428,6.262903544736091,0.0,1108.0,1108.0,0.5878465629169691,0.0602698314090536,0.1742572142182752,0.239100682493216,0.0805356616585849,66.77897320123148,0.0827925604146222,0.1636018722788795,50.35483870967742,112.0,48.875,-79.0,37.858907472350545,69.03225806451613,0.6451612903225806,30.0,128.0,66.96875,33.94985675135464,5.84575903021854,1.0,817.0,818.0,0.8274509803921568,0.0850889192886456,0.2815686274509802,0.389019607843137,0.1298682161096536,69.51764705882353,18.67741935483871,0.967741935483871,24.0,114.0,18.09375,22.60304096659341,5.416034925731255,0.0,586.0,586.0,0.6705882352941176,0.035494880546075,0.092156862745098,0.1450980392156862,0.0709676361265949,20.799999999999997,0.9227930838746542,0.1925494552350416,1.5705521472392638,163,256,753,1182
sciver_test_947,1,256,32,3.935483870967732,98.0,3.84375,-205.0,85.31379921171897,52.225806451612904,0.7096774193548387,27.0,135.0,50.625,47.3495974111713,5.7400861923684285,1.0,621.0,622.0,0.6784918495669692,0.0842113416414204,0.2204641400201378,0.3077233802676669,0.1122627957063201,52.29524315932207,48.29032258064517,0.8709677419354839,18.0,216.0,46.78125,69.59379209697873,5.855446945665937,0.0,758.0,758.0,0.4710319441096045,0.0663869132105444,0.2032196269623503,0.2431739283594287,0.0865801384476866,50.32128021359267,0.0582994966285247,0.124247395790157,34.53225806451613,117.0,33.46875,0.0,45.729492927841434,35.95161290322581,0.8064516129032258,17.0,121.0,34.84375,46.48931958996066,5.482301507581475,1.0,546.0,547.0,0.5019607843137255,0.0663578251813545,0.2098039215686274,0.2931372549019608,0.0964376274768977,36.2313725490196,1.4193548387096775,0.9032258064516128,8.0,10.0,1.375,2.8804296554507283,4.501543409817955,0.0,198.0,198.0,0.1294117647058823,0.0124975242622301,0.0274509803921568,0.0443137254901959,0.0219798849160002,2.4745098039215674,0.9801576717288222,0.0608477770428862,1.673202614379085,153,256,1030,1728
sciver_test_948,1,256,32,-53.3225806451613,489.0,-51.625,-912.0,216.17234877523072,64.77419354838712,0.935483870967742,31.0,641.0,62.78125,111.33163700600788,6.435356477459679,1.0,1825.0,1826.0,0.9906369147940172,0.029419997820185,0.0808938186036448,0.1209895437132478,0.0662237590855461,53.69149602183772,118.09677419354844,0.967741935483871,24.0,962.0,114.40625,185.18721260102572,6.859465292724574,0.0,1959.0,1959.0,0.6858131739374692,0.065529425823236,0.2203057635062623,0.3074926724454857,0.0970979750140267,128.37214518771944,0.046156029058738,0.1200775150928619,11.129032258064523,276.0,10.8125,-168.0,95.48279867991933,59.70967741935484,0.935483870967742,30.0,378.0,57.875,70.74944787770431,5.933958035615694,1.0,1188.0,1189.0,0.9647058823529412,0.0455667789001122,0.0784313725490196,0.2392156862745098,0.1077164867825256,54.13333333333331,48.58064516129033,0.8387096774193548,16.0,191.0,47.0625,67.78040715243603,5.737893369702046,0.0,700.0,700.0,0.5764705882352941,0.0701120448179271,0.2313725490196078,0.2745098039215686,0.0996288690143927,49.07843137254901,0.9552816394776534,0.1357437696121989,0.96484375,256,247,1131,1093
sciver_test_949,1,256,32,-8.258064516129032,199.0,-7.96875,-306.0,131.24392471058422,70.0,0.4516129032258064,29.0,202.0,67.84375,64.99139816881538,5.92732449139748,1.0,933.0,934.0,0.8874659226493099,0.0753592424239068,0.20523633217964,0.3704339817791479,0.1225575821866385,70.31017318150512,78.25806451612905,0.9032258064516128,19.0,312.0,75.8125,99.771438015847,6.216728592884767,0.0,1032.0,1032.0,0.4752435801154533,0.0784259206066548,0.2390644157974699,0.291755033654552,0.0980353368040464,80.93555006606779,0.0866158252148369,0.152498605587594,55.1774193548387,184.0,53.46875,-76.0,65.40068060377888,70.82258064516128,0.5161290322580645,26.0,184.0,68.625,61.12781179626832,5.625828296532931,1.0,712.0,713.0,0.7490196078431373,0.0999283983256223,0.3450980392156863,0.5143137254901942,0.161204492551845,71.14901960784312,15.645161290322587,0.967741935483871,14.0,105.0,15.15625,25.75862643732193,4.954979894390345,0.0,408.0,408.0,0.4509803921568627,0.0457131872356785,0.0941176470588235,0.2549019607843137,0.0852097716709324,18.65098039215686,0.962879876215192,0.0996341016405614,2.1512605042016806,119,256,407,872
sciver_test_950,1,256,32,22.35483870967742,102.0,21.6875,-16.0,34.388804046520725,36.64516129032256,0.1935483870967742,21.0,102.0,35.53125,33.56708243856621,4.5292741871033675,1.0,185.0,186.0,0.912752064763158,0.1979578448041725,0.5924661605421774,0.6271228919505278,0.2309117666355873,36.62220128877192,14.29032258064516,0.3870967741935484,19.0,50.0,13.84375,16.4337864151114,4.195140005631853,0.0,110.0,110.0,0.4675540928719738,0.1334235381691621,0.3431598462083923,0.3651543041691795,0.1309020836150301,14.676589198607838,0.0115361963915345,0.0843114633538951,-10.887096774193548,1.0,-12.71875,-140.0,29.91052738481052,1.0,0.0,0.0,1.0,1.0,0.0,0.0,1.0,0.0,1.0,0.0,0.0,0.0,0.0,0.0,0.0,11.887096774193548,0.0,4.0,141.0,13.71875,29.91052738481052,4.1101150652353775,0.0,150.0,150.0,0.2352941176470588,0.0716339869281045,0.2078431372549019,0.2099999999999999,0.0945140526440821,10.745098039215684,0.0008098978227654,0.0104248268274586,1.6623376623376624,154,256,997,1661
sciver_test_951,1,256,32,2.290322580645161,170.0,2.25,-206.0,103.94529811395992,56.58064516129033,0.4838709677419355,28.0,177.0,54.84375,59.146591921576515,5.697558538541067,1.0,737.0,738.0,0.885973747285804,0.0760827363914641,0.2546039728886796,0.3244163772138327,0.1179345998261413,56.07297672050909,54.29032258064515,0.8064516129032258,20.0,223.0,52.59375,73.49441278721464,5.923707095909922,0.0,921.0,921.0,0.578497606406419,0.0607851880852608,0.1974933560974575,0.2518093577486056,0.0908442940202675,55.98315822652521,0.0995720707117288,0.1782041215963329,46.2258064516129,191.0,44.84375,-57.0,61.199524801566064,64.12903225806451,0.4838709677419355,31.0,191.0,62.1875,49.98589644839832,5.419295903578638,1.0,674.0,675.0,0.984313725490196,0.0934252632803863,0.3203921568627452,0.5282352941176472,0.1740777625174166,62.96862745098039,17.903225806451616,0.935483870967742,18.0,76.0,17.34375,24.79996141000022,5.1846439785781495,0.0,546.0,546.0,0.4627450980392157,0.0375350140056022,0.1411764705882353,0.2107843137254902,0.0734708932857527,20.49411764705882,0.8574947581571692,0.2156945961244979,2.0,128,256,1176,2359
sciver_test_953,1,256,32,12.129032258064514,140.0,11.8125,-80.0,39.239996734836765,31.322580645161285,0.8064516129032258,26.0,171.0,30.40625,34.540609591283996,5.366556332943739,1.0,636.0,637.0,0.7077887819108974,0.0482604597407596,0.1460877799764294,0.2186404416017297,0.0949533866108221,30.693652395123102,19.193548387096776,0.9032258064516128,18.0,123.0,18.59375,33.480273459718035,5.637375681024147,0.0,632.0,632.0,0.46624754638313,0.0343813920181909,0.0983257205542961,0.1334122786931391,0.0527807950230309,21.729039755496707,0.0798824282831994,0.1775050234924621,31.258064516129032,114.0,30.21875,-5.0,31.589886014949467,42.387096774193544,0.5161290322580645,28.0,125.0,41.125,37.07319617998966,5.197583089375132,1.0,579.0,580.0,1.0,0.0701683091198482,0.2556862745098041,0.3098039215686274,0.1425700389124594,40.627450980392155,11.129032258064514,0.7096774193548387,23.0,59.0,10.90625,13.778060855486885,5.546809031233721,0.0,729.0,729.0,1.0,0.0203448183114123,0.0274509803921568,0.0549019607843137,0.060086718308188,14.831372549019603,0.6474598256641366,0.3637089365370057,2.064516129032258,124,256,464,955
sciver_test_955,1,256,32,-2.19354838709678,111.0,-2.09375,-203.0,84.2701605607673,52.16129032258065,0.6129032258064516,29.0,125.0,50.5625,44.40364392423216,5.921095945918633,1.0,1176.0,1177.0,0.705194606187235,0.0441007581844061,0.1180600270365399,0.1915633303322802,0.0908628764533693,51.86249162486165,54.35483870967742,0.9032258064516128,21.0,224.0,52.65625,77.46838442834277,6.055466579667878,0.0,1236.0,1236.0,0.7460069571979029,0.0465744216663515,0.1565082868824258,0.24056916213382,0.0837511409330157,57.565985179610536,0.0978106627448301,0.1490090082221181,69.62903225806453,216.0,67.625,-14.0,55.158153295773054,77.14516129032259,0.935483870967742,28.0,271.0,74.90625,58.44300609087028,5.80656231871229,1.0,1030.0,1031.0,0.8392156862745098,0.0720197982105463,0.227843137254902,0.388235294117647,0.1434613596590087,74.18039215686274,7.516129032258067,0.967741935483871,17.0,74.0,7.28125,16.215799346239457,6.198095548764213,0.0,933.0,933.0,0.3019607843137255,0.0151987054200029,0.0274509803921568,0.0392156862745097,0.026986678634959,14.180392156862744,0.9267554458581186,0.1437752807723099,2.8764044943820224,89,256,570,1643
sciver_test_956,1,256,32,-115.48387096774198,222.0,-111.84375,-1211.0,396.549185897459,103.77419354838706,0.3225806451612903,30.0,222.0,100.5625,78.13367451841748,6.366381471743585,1.0,1400.0,1401.0,0.9381927898865388,0.0738574497637682,0.182367495361587,0.2800387648016448,0.1230565476407583,103.40042966927548,219.25806451612905,0.8709677419354839,21.0,1217.0,212.40625,355.033964869472,7.2975280736718,0.0,2612.0,2612.0,0.6416042338701862,0.085299838717122,0.2049837712835434,0.230578956286884,0.0921963554162499,222.80317872912275,0.1572345451158996,0.2186366960006115,28.58064516129033,430.0,27.75,-811.0,218.1881355619503,135.25806451612902,0.2258064516129032,31.0,430.0,131.09375,121.3961385750696,6.312322818940037,1.0,1457.0,1458.0,1.0,0.0936977673705034,0.2392156862745098,0.47921568627451,0.1654468010730655,136.51764705882354,106.6774193548387,0.4838709677419355,24.0,961.0,103.34375,179.15088078471035,7.1178175546507125,0.0,2414.0,2414.0,0.5450980392156863,0.0442029338661728,0.1098039215686274,0.2039215686274509,0.0665129125847934,106.70588235294116,0.6945047817386449,0.2810775175638095,1.620253164556962,158,256,588,951
sciver_test_957,1,256,32,-47.03225806451614,289.0,-45.53125,-330.0,185.94084818414024,90.5483870967742,0.3548387096774194,27.0,302.0,87.75,87.06822037919461,5.929939676049363,1.0,820.0,821.0,0.9838577782596905,0.109051532706841,0.2552498380141915,0.3915112458261651,0.1652777103016409,89.42225681960966,137.5806451612903,0.6774193548387096,26.0,364.0,133.28125,136.5593356326747,6.162386808067173,0.0,1100.0,1100.0,0.8596996981505437,0.1271894734844878,0.4080234763234264,0.4745582480617608,0.167612843072223,139.90842083293663,0.0917701280007522,0.1932576227750784,73.98387096774195,197.0,72.125,-3.0,56.300949148304774,100.88709677419357,0.1935483870967742,30.0,197.0,98.1875,44.74681378321813,5.430631998978536,1.0,722.0,723.0,1.0,0.1419151594155668,0.5956862745098038,0.9017647058823528,0.2609265518543505,102.46274509803922,26.903225806451612,0.967741935483871,21.0,56.0,26.0625,20.37452069988396,4.479059825518396,0.0,532.0,532.0,0.7450980392156863,0.0567374318148311,0.0898039215686276,0.5917647058823529,0.1623516713700223,30.184313725490192,0.9431037220528454,0.1735623392887683,1.5609756097560976,164,256,655,1024
sciver_test_958,1,256,32,-9.774193548387103,200.0,-9.4375,-188.0,117.5111530611031,67.09677419354838,0.3548387096774194,27.0,207.0,65.03125,64.79751363623068,5.806203673046095,1.0,703.0,704.0,0.9625297473703308,0.0944631411247815,0.2236968535674575,0.2830041416458698,0.1356650462536038,66.40758821072146,76.87096774193547,0.7419354838709677,24.0,206.0,74.46875,75.90700905342997,5.721448968776939,0.0,785.0,785.0,0.6585273359699029,0.1001389062707339,0.3513922798831004,0.4330746820856975,0.1498353998904336,78.60904142252615,0.0628941588981971,0.1563806022512635,36.112903225806456,194.0,35.0,-39.0,58.921558024207066,53.306451612903224,0.5161290322580645,27.0,194.0,51.65625,55.82372332563907,5.467387191051563,1.0,577.0,578.0,0.7764705882352941,0.0940972576205525,0.2509803921568627,0.4643137254901955,0.1516891578555929,54.29411764705882,17.193548387096776,0.967741935483871,15.0,68.0,16.65625,21.61395581418404,4.681780630117068,0.0,346.0,346.0,0.4235294117647059,0.056012694094979,0.2156862745098039,0.3411764705882353,0.1060153900315134,19.38039215686274,0.9754189353747827,0.0881571369672749,1.620253164556962,158,256,1017,1644
sciver_test_959,1,256,32,8.387096774193541,268.0,8.15625,-203.0,140.63385735994552,80.64516129032259,0.3870967741935484,30.0,274.0,78.15625,82.12304387891075,5.857210222868194,1.0,1070.0,1071.0,0.9959666610256178,0.0746510599439946,0.2412567023699542,0.3561149040668619,0.1394949260861276,79.87663414007429,72.25806451612904,0.7741935483870968,24.0,221.0,70.0,83.01882316679755,6.050295322990874,0.0,1110.0,1110.0,0.8196679343903798,0.0680353755898511,0.235685897293188,0.3276403657836563,0.1110073875845795,75.51926690473476,0.1243744488677151,0.2008648341290123,46.66129032258064,260.0,45.21875,-66.0,83.9101954379651,70.53225806451611,0.6129032258064516,23.0,264.0,68.34375,78.44170182968686,5.748160044438718,1.0,953.0,954.0,0.7058823529411764,0.0756866860070366,0.2392156862745098,0.4705882352941176,0.1422424628773569,72.12941176470588,23.870967741935484,0.8709677419354839,17.0,125.0,23.125,36.30405452563116,5.637588601336599,0.0,624.0,624.0,0.3725490196078431,0.0409753645047762,0.0901960784313725,0.1837254901960785,0.0648615445173426,25.56862745098039,0.9181120470340036,0.1440637036398412,1.620253164556962,158,256,1027,1661
sciver_test_960,1,256,32,-15.387096774193544,173.0,-14.875,-296.0,148.31022174819913,79.5806451612903,0.3870967741935484,31.0,189.0,77.125,65.61428483950732,5.75654404056572,1.0,599.0,600.0,0.9742938399134744,0.1313995417682025,0.3539336522258147,0.4509297622817692,0.1617730863932685,78.70832551915333,94.9677419354839,0.8709677419354839,24.0,302.0,92.0,104.1291265688904,6.274098079545054,0.0,894.0,894.0,0.6435838961137259,0.1081642467077076,0.2590079117147182,0.3379255837279488,0.1139264311075003,96.69883655669068,0.2097989313203156,0.2343510569106539,58.145161290322584,208.0,56.34375,-133.0,92.23462249035066,76.20967741935483,0.6129032258064516,22.0,208.0,73.84375,78.87177464681203,5.737245519662057,1.0,598.0,599.0,0.6941176470588235,0.1280018361859794,0.3854901960784316,0.4796078431372547,0.1575127280999386,76.54509803921569,18.064516129032267,0.967741935483871,10.0,145.0,17.5,39.906922958303866,5.741444804875973,0.0,524.0,524.0,0.2431372549019608,0.0420745397395599,0.1098039215686275,0.1450980392156863,0.0465627444377865,22.04705882352941,0.91786730664488,0.1336113851858758,5.688888888888889,45,256,276,1578
sciver_test_961,1,256,32,2.193548387096761,484.0,2.15625,-660.0,279.2173335162728,140.7741935483871,0.6129032258064516,31.0,500.0,136.40625,161.86392034958718,6.7804603804329755,1.0,2000.0,2001.0,0.980313279091519,0.0704096007731524,0.1807309988634253,0.2719660305985766,0.1112388982334954,140.81920154630484,138.5806451612903,0.8709677419354839,23.0,708.0,134.25,223.1270658167673,7.050828692452299,0.0,2398.0,2398.0,0.4840839132207889,0.0591723293065153,0.173604069522475,0.2156597537796337,0.0751049447870236,141.8952456770239,0.0895038140582859,0.139349180856799,162.38709677419354,489.0,157.40625,-16.0,162.04819101408538,203.77419354838707,0.6129032258064516,31.0,500.0,197.5,171.31093806292697,6.619230037286312,1.0,1813.0,1814.0,1.0,0.1135589370883488,0.3568627450980391,0.5505882352941172,0.1778215566407857,205.8823529411765,41.38709677419355,0.8387096774193548,15.0,168.0,40.09375,60.29995821671438,5.791030107005454,0.0,919.0,919.0,0.4705882352941176,0.0507969020034564,0.192156862745098,0.2666666666666667,0.0877777281553865,46.68235294117646,0.9453959359759132,0.1229162235009431,1.299492385786802,197,256,1049,1362
sciver_test_964,1,256,32,-1.1935483870967896,126.0,-1.09375,-150.0,56.746893843958546,19.29032258064516,0.8064516129032258,21.0,141.0,18.75,34.628384311139904,5.394678599109993,1.0,424.0,425.0,0.5437407532655618,0.0437420328622867,0.1218470614630572,0.1512800107226046,0.0560934568203203,18.5466219336096,20.483870967741943,0.9032258064516128,10.0,155.0,19.84375,46.31489324113249,5.999417693207015,0.0,616.0,616.0,0.1680301619394827,0.0340522640308999,0.0778169666368078,0.0992007281790946,0.0324104128507209,20.97619464303434,0.1527379223317823,0.2135222428906364,9.935483870967731,96.0,9.65625,-100.0,37.126144237417115,20.6774193548387,0.5161290322580645,19.0,96.0,20.0625,24.217681428039302,5.058384658665686,1.0,368.0,369.0,0.611764705882353,0.0541133844842284,0.184313725490196,0.2352941176470588,0.0859014836308206,19.91372549019608,10.741935483870977,0.6774193548387096,12.0,126.0,10.40625,29.5104424049776,5.657795268593068,0.0,405.0,405.0,0.1372549019607842,0.0284483175986443,0.0627450980392156,0.0705882352941177,0.0242532141001804,11.52156862745098,0.7998045714497921,0.2283239795239516,7.757575757575758,33,256,471,3692
sciver_test_965,1,256,32,7.354838709677424,266.0,7.15625,-375.0,184.8271336572028,113.64516129032258,0.5806451612903225,29.0,303.0,110.125,101.71644102602096,6.480698021401473,1.0,1403.0,1404.0,0.7648669567703309,0.0809907793255588,0.2477309714408961,0.3407454789179401,0.1133122194259171,113.63006339375907,106.29032258064515,0.8064516129032258,18.0,397.0,102.96875,142.96163916742665,6.63996833589196,0.0,1795.0,1795.0,0.5620816544750648,0.0610241642760873,0.1951814940971488,0.2554913816598657,0.0879671951582995,109.53837487557676,0.0974427490408318,0.1585745950380313,138.4838709677419,388.0,134.1875,-23.0,130.27601407684378,167.06451612903223,0.5806451612903225,31.0,407.0,161.875,129.9047126743291,6.489730003524901,1.0,1406.0,1407.0,0.8980392156862745,0.1200820015061501,0.3568627450980391,0.4656862745098039,0.1617088476590975,168.83529411764704,28.580645161290327,0.8387096774193548,19.0,104.0,27.6875,35.30088304490413,5.663275636695939,0.0,786.0,786.0,0.4196078431372549,0.0407523823778875,0.1490196078431372,0.207843137254902,0.0703791116773534,32.03137254901959,0.9378398820465684,0.1451498475161065,1.6,160,256,900,1440
sciver_test_967,1,256,32,-4.645161290322586,76.0,-4.46875,-125.0,47.209628503489625,31.129032258064512,0.7096774193548387,29.0,93.0,30.1875,27.835945174360436,5.437907029385396,1.0,579.0,580.0,0.5576735605343343,0.0545016716718615,0.1675824234632134,0.2488887403728243,0.0873736287098178,31.55646789800782,35.774193548387096,0.967741935483871,18.0,131.0,34.65625,42.735091972961754,5.445043322142196,0.0,634.0,634.0,0.5246547151463684,0.0593635017690014,0.1925010479878063,0.3322231751116047,0.1023891305836414,37.63646012154692,0.0613162820474691,0.1399131639179864,24.693548387096776,65.0,23.9375,0.0,18.440677692265,31.661290322580655,0.6774193548387096,26.0,74.0,30.6875,23.080616190864575,5.03839806630185,1.0,403.0,404.0,0.5254901960784314,0.0781686371819199,0.3443137254901961,0.3878431372549018,0.1255520925580801,31.501960784313724,6.967741935483871,0.8387096774193548,13.0,24.0,6.75,9.003471552684553,4.283133869858152,0.0,224.0,224.0,0.5019607843137255,0.04171918767507,0.1298039215686277,0.2386274509803921,0.0884030889066417,9.345098039215689,0.9699620627572016,0.0989167686009049,3.1604938271604937,81,256,341,1076
sciver_test_968,1,256,32,41.59677419354839,303.0,40.71875,-184.0,135.94190725614197,133.98387096774195,0.967741935483871,29.0,1025.0,130.21875,186.496939380885,6.784211793188575,1.0,3202.0,3203.0,0.9999788569896368,0.0341079005191123,0.0905903974414755,0.1877012183146251,0.0839217739279362,109.21349746219772,92.38709677419358,0.967741935483871,19.0,759.0,89.5,153.34030781239483,7.480152852178841,0.0,3888.0,3888.0,0.4851263663864112,0.0309731802739877,0.0644189660769598,0.1592440548456226,0.0532929265711711,120.42372490526418,0.0998662921486137,0.1735251282471069,176.70967741935485,870.0,174.1875,-135.0,180.66430152011216,212.12903225806457,0.967741935483871,30.0,922.0,208.5,173.9541965575996,6.82278857894538,1.0,2841.0,2842.0,1.0,0.0716152141954986,0.2039215686274509,0.4823529411764706,0.1504821951698663,203.45882352941177,35.41935483870968,0.064516129032258,29.0,161.0,34.3125,34.98074246996482,7.4846700473608,0.0,2679.0,2679.0,0.4823529411764705,0.0220070409649488,0.0392156862745098,0.0509803921568627,0.0290605487847441,58.95686274509808,0.7962631657392687,0.2905767690351289,1.383783783783784,185,256,1260,1739
sciver_test_969,1,256,32,-36.129032258064534,159.0,-34.96875,-471.0,178.11486539151497,63.903225806451616,0.7419354838709677,28.0,212.0,61.9375,66.09696357435794,6.215654868077997,1.0,1129.0,1130.0,0.734881566303349,0.0580188448808884,0.1552072774762749,0.2380702039226237,0.0957898331562246,65.5032758705231,100.03225806451616,0.935483870967742,20.0,479.0,96.90625,165.99724383536463,6.776392329728961,0.0,1558.0,1558.0,0.5537246426858746,0.0658995670769934,0.1775132501672927,0.209673338213273,0.0723618349506706,102.67152550595586,0.0718027359890393,0.1162881585179587,49.548387096774185,177.0,48.03125,-101.0,64.05733973119318,69.7741935483871,0.6774193548387096,31.0,186.0,67.625,57.997710084105904,5.920118840612162,1.0,948.0,949.0,0.792156862745098,0.0725697029866798,0.2443137254901963,0.3594117647058822,0.1204991275425197,68.79607843137254,20.22580645161292,0.8387096774193548,14.0,195.0,19.59375,47.12341467824143,6.494879615319873,0.0,1056.0,1056.0,0.2862745098039215,0.0238487819370172,0.0509803921568627,0.0666666666666666,0.0284746214103743,25.184313725490203,0.9508290080738178,0.0985907302207474,1.8823529411764703,136,256,792,1489
sciver_test_970,1,256,32,-3.6774193548387224,179.0,-3.53125,-334.0,135.8788486977922,77.80645161290323,0.6129032258064516,30.0,200.0,75.40625,65.61386066173442,6.038570997289101,1.0,984.0,985.0,0.9676847384986778,0.0798937543137797,0.2103959237681636,0.3418240410857566,0.1318067634275573,78.61545424475925,81.48387096774194,0.967741935483871,18.0,349.0,78.9375,107.5258508162107,6.323052396691143,0.0,1103.0,1103.0,0.4539201920259738,0.0739707525784933,0.2212634869322301,0.296879069086417,0.0941463906777442,81.58974009407811,0.0816403949190479,0.1475156510595711,55.17741935483869,216.0,53.46875,-218.0,95.15250403135748,81.37096774193547,0.6451612903225806,23.0,231.0,78.84375,83.92411355467212,5.953463974731593,1.0,858.0,859.0,0.792156862745098,0.0953060011883541,0.2886274509803926,0.396078431372549,0.135217171504956,81.77254901960784,26.193548387096783,0.935483870967742,15.0,303.0,25.375,56.71956783156938,5.893420254693428,0.0,753.0,753.0,0.4549019607843138,0.0367367132776085,0.0815686274509807,0.1466666666666665,0.0600186047742753,27.662745098039224,0.9293443876534356,0.0880911666530849,2.0813008130081303,123,256,480,1000
sciver_test_971,1,256,32,2.3870967741935463,27.0,2.34375,-45.0,15.533450548332782,15.548387096774196,0.8064516129032258,21.0,50.0,15.09375,10.122250784163567,4.344699124647647,1.0,328.0,329.0,0.9955047268771612,0.0460802942637106,0.0843868859914125,0.1871898064355442,0.1320017321607062,15.114336518497105,13.161290322580644,0.9032258064516128,14.0,61.0,12.75,16.180621125284407,4.178305570446961,0.0,231.0,231.0,0.8150862741888041,0.0578186552098397,0.1645004307740554,0.303369224997885,0.1232192961959232,13.356109353472984,0.0434624829147193,0.1327308899992598,-14.5,7.0,-15.34375,-84.0,18.259602567895612,2.4516129032258056,0.5483870967741935,9.0,15.0,2.46875,3.0617027023373775,3.2318714531889596,1.0,52.0,53.0,0.1529411764705882,0.02420814479638,0.0701960784313725,0.1039215686274508,0.0349295834719477,1.2588235294117651,16.951612903225808,0.0,22.0,89.0,17.8125,18.434745556963893,4.500166981814623,0.0,319.0,319.0,0.8823529411764706,0.0515090048558608,0.1113725490196077,0.1968627450980389,0.1301465705936755,16.43137254901961,0.0572737949346405,0.1668219657253796,2.6666666666666665,96,256,624,1661
sciver_test_972,1,256,32,8.064516129032256,72.0,7.84375,-50.0,35.72123788361064,31.161290322580644,0.4516129032258064,29.0,73.0,30.21875,20.680205473773707,4.701597519666204,1.0,420.0,421.0,0.9653088206133268,0.0722539567993151,0.2232006828006011,0.4795235907370246,0.1547569924183173,30.34666185571236,23.09677419354839,0.7741935483870968,17.0,79.0,22.375,29.206966206711712,4.81059678841984,0.0,366.0,366.0,0.4890182547198283,0.0661898426088724,0.2594191364758195,0.321551398482759,0.1124232138914462,24.22548239484733,0.0415281487868115,0.1193617731226914,22.048387096774192,65.0,21.375,0.0,20.552904295986977,30.274193548387096,0.5161290322580645,26.0,68.0,29.34375,21.856934504580007,4.656790603256325,1.0,362.0,363.0,0.8823529411764706,0.0839454013649658,0.3082352941176476,0.5117647058823525,0.1679627173112061,30.38823529411765,8.225806451612904,0.6129032258064516,18.0,27.0,7.96875,9.275250586237547,4.3523154407059454,0.0,227.0,227.0,0.4431372549019607,0.0402867755031528,0.0823529411764706,0.2156862745098039,0.0809616329885607,9.145098039215686,0.9254308619281044,0.1523985369537497,1.7066666666666668,150,256,423,720
sciver_test_973,1,256,32,11.645161290322571,77.0,11.3125,-116.0,46.81308410850539,41.80645161290321,0.4193548387096774,27.0,84.0,40.53125,31.489069904293775,5.07819975801214,1.0,430.0,431.0,0.8257967737559277,0.0954782090524936,0.3245630049973006,0.5050978246402854,0.1593022815868033,41.05562989257225,30.16129032258065,0.935483870967742,21.0,122.0,29.21875,34.43720224462928,5.431805316349603,0.0,580.0,580.0,0.5711239835362544,0.0544163942482569,0.155675131779874,0.2608205883333506,0.092475860422335,31.561508663989,0.0469572080843218,0.1229636229310266,42.1774193548387,114.0,40.875,-34.0,39.56067333855682,47.69354838709677,0.8064516129032258,27.0,116.0,46.21875,36.21613450435455,4.9226957896748536,1.0,377.0,378.0,0.9019607843137256,0.1292557341238882,0.5090196078431375,0.6635294117647059,0.2130133533515182,48.72941176470588,5.516129032258067,0.935483870967742,8.0,63.0,5.34375,13.88706541849285,4.662747768249004,0.0,211.0,211.0,0.392156862745098,0.0292909580893968,0.0705882352941176,0.0941176470588235,0.0454808941098476,6.1803921568627445,0.9746752450980392,0.0884952285139318,2.327272727272727,110,256,432,1008
sciver_test_975,1,256,32,6.999999999999998,171.0,6.8125,-147.0,99.97544620430558,70.03225806451611,0.3870967741935484,31.0,178.0,67.875,55.85122536704096,5.648553517097669,1.0,713.0,714.0,0.9549882710326802,0.0948746430012757,0.2858405173008975,0.4138727791522679,0.1544858852652568,67.64562045990962,63.03225806451613,0.7741935483870968,25.0,175.0,61.0625,67.76795772155157,5.9926874153210825,0.0,830.0,830.0,0.8582115521850613,0.0787783264356709,0.2351599329480687,0.3156946160044975,0.1039606605607564,65.38601094160691,0.0630759401655284,0.1465498269973891,56.33870967741936,172.0,54.59375,-25.0,57.09359605890577,68.72580645161288,0.5483870967741935,25.0,184.0,66.59375,59.09042825143087,5.4463203557361215,1.0,525.0,526.0,0.803921568627451,0.131577964519141,0.3905882352941177,0.6054901960784308,0.1845477434070663,69.07843137254902,12.387096774193552,0.967741935483871,14.0,66.0,12.0,15.54630181104175,4.9245391175802835,0.0,353.0,353.0,0.4745098039215686,0.042448480808754,0.1215686274509804,0.2274509803921564,0.073725723750632,14.984313725490193,0.9735239472250888,0.0878706908959754,1.4970760233918128,171,256,886,1329
sciver_test_977,1,256,32,-35.09677419354839,91.0,-33.96875,-85.0,50.396852812824534,15.741935483870968,0.064516129032258,18.0,91.0,15.28125,24.282496750488814,4.962796085660802,1.0,259.0,260.0,0.7872668279736269,0.0584583953697067,0.1370044268231227,0.1593861813176796,0.0720741691477781,15.14072440075404,50.83870967741936,0.4516129032258064,25.0,88.0,49.25,31.89141734072037,4.690578495785875,0.0,305.0,305.0,0.8299448491433352,0.1691889532379671,0.6216550203833704,0.7389793619433824,0.2576136365223578,51.602630737579986,0.0519488325201962,0.1717738162323453,-14.2741935483871,1.0,-15.4375,-104.0,27.141915808394955,1.4999999999999996,0.0,3.0,18.0,1.75,3.0516389039334255,2.3991165260669587,1.0,23.0,24.0,0.0980392156862745,0.0153452685421994,0.0423529411764705,0.0501960784313725,0.0227760333906176,0.3529411764705882,15.7741935483871,0.0,14.0,122.0,17.1875,28.98969375053831,5.194891572813713,0.0,393.0,393.0,0.7843137254901961,0.0394651499276555,0.1176470588235294,0.1388235294117646,0.0662445909324815,15.509803921568627,0.0212837421042242,0.097081494441267,1.7181208053691277,149,256,770,1326
sciver_test_978,1,256,32,16.903225806451612,322.0,16.40625,-374.0,172.98606507732782,110.77419354838712,0.6774193548387096,31.0,401.0,107.34375,118.57977519770182,6.237048276457345,1.0,1332.0,1333.0,0.9804420366687248,0.0820695986866983,0.2271622208511179,0.3915666608704393,0.1428287077051043,109.31670545068218,93.87096774193547,0.8387096774193548,24.0,429.0,90.9375,132.96779156528848,6.707987799034161,0.0,1738.0,1738.0,0.5258022418899331,0.0559911581452035,0.1683277469427543,0.207027137924128,0.073363880431469,97.31263285636372,0.0925552581447108,0.1411881886603971,153.96774193548384,455.0,149.34375,-73.0,148.89585483127965,166.6129032258065,0.6774193548387096,30.0,468.0,161.59375,147.027603567961,6.2384326788346485,1.0,1220.0,1221.0,1.0,0.1377692060430729,0.4474509803921573,0.5647058823529412,0.2015517985610908,168.078431372549,12.645161290322584,0.967741935483871,13.0,132.0,12.25,27.69137952504353,5.9195073613587175,0.0,847.0,847.0,0.2431372549019608,0.0224691529504363,0.0627450980392156,0.1019607843137254,0.0373749255923526,19.0313725490196,0.9511080816554812,0.1135456644576492,1.7181208053691277,149,256,737,1266
sciver_test_979,1,256,32,-42.46774193548388,295.0,-41.09375,-387.0,218.0133825271685,105.75806451612904,0.4193548387096774,31.0,310.0,102.5,96.94908457535844,6.452103820644171,1.0,1813.0,1814.0,0.9128641503977646,0.0584587705726833,0.1671710788506679,0.279113907352178,0.1120340646505373,105.98575104827486,148.22580645161293,0.7096774193548387,20.0,419.0,143.59375,157.31931289875857,6.821426465937211,0.0,2732.0,2732.0,0.6215140215589285,0.0573310209881743,0.2161993915931288,0.3057617237376869,0.1033891330846356,156.62834933969236,0.1040030838263279,0.1954465077253667,79.93548387096774,285.0,77.8125,-93.0,104.8774396319342,136.29032258064515,0.2903225806451612,31.0,315.0,132.40625,84.85791778577588,6.0793588668066665,1.0,1381.0,1382.0,1.0,0.1006119464440374,0.2901960784313726,0.6431372549019607,0.1979186867246274,138.94509803921568,56.35483870967742,0.967741935483871,28.0,156.0,54.59375,40.733017454363726,5.669407576452405,0.0,1164.0,1164.0,0.6901960784313725,0.0531096287312175,0.1164705882352943,0.4823529411764705,0.128464086812809,61.81960784313725,0.845975130541347,0.2611177845133768,1.1130434782608696,230,256,748,831
sciver_test_983,1,256,32,-21.806451612903224,147.0,-21.09375,-230.0,113.69349128660576,45.19354838709677,0.5161290322580645,28.0,152.0,43.8125,46.01116542481835,5.945533419569862,1.0,1302.0,1303.0,0.8960936571527688,0.034016794339664,0.1181761394331824,0.1717207185588302,0.0720097753997449,44.28986623024262,67.00000000000001,0.7741935483870968,19.0,236.0,64.90625,90.84614719919333,6.130002387513851,0.0,1343.0,1343.0,0.6335014525088354,0.0533686910386557,0.1916778845377573,0.2760381632619066,0.0927490882060398,71.67415206491472,0.0987436830377604,0.1694864246835021,-17.51612903225806,167.0,-14.34375,-99.0,49.05966353265685,22.854838709677416,0.0,19.0,300.0,26.84375,54.47138547840967,4.5658574770198,1.0,354.0,355.0,0.4431372549019607,0.0550238174365791,0.2745098039215686,0.3086274509803919,0.1087912956376381,19.478431372549014,40.37096774193549,0.0,28.0,133.0,41.1875,35.3451176791081,5.922696378182781,0.0,1119.0,1119.0,0.9568627450980391,0.0372566542255865,0.1192156862745101,0.192156862745098,0.0797069647755189,41.69019607843137,0.0601089015151515,0.1478897543814138,1.6623376623376624,154,256,1800,3000
sciver_test_985,1,256,32,5.967741935483868,117.0,5.8125,-99.0,67.39549201356127,45.258064516129025,0.3548387096774194,30.0,120.0,43.875,38.54198198069217,5.017868459471018,1.0,330.0,331.0,0.905654906629508,0.133412587506655,0.3592454692729389,0.6040465240560233,0.1878408498677512,44.026153877196165,39.29032258064515,0.7741935483870968,21.0,120.0,38.0625,42.04457270266877,5.191929874027117,0.0,370.0,370.0,0.751991059811664,0.1074730646087778,0.298914630486872,0.4050814765624174,0.1359667371694723,39.76503390524779,0.168986621301009,0.2575029992622561,30.983870967741943,94.0,30.03125,-9.0,35.43522644823227,43.53225806451613,0.4193548387096774,25.0,98.0,42.1875,32.48022234760717,4.849588452706707,1.0,326.0,327.0,0.8745098039215686,0.1331168050042102,0.4470588235294118,0.6980392156862745,0.2110583635140515,43.396078431372544,12.548387096774192,0.8387096774193548,17.0,36.0,12.15625,13.207737729736309,3.954122299962073,0.0,207.0,207.0,0.588235294117647,0.066211992043194,0.3074509803921572,0.4647058823529409,0.1408137429662804,13.705882352941174,0.6771431253953195,0.2753670237047225,2.752688172043011,93,256,606,1661
sciver_test_986,1,256,32,2.806451612903217,107.0,2.75,-155.0,69.97365575700616,38.61290322580644,0.7419354838709677,29.0,141.0,37.4375,43.47408531240192,5.7709355061403045,1.0,647.0,648.0,0.6254936457986033,0.0591196107173108,0.1708903004676819,0.217984603002488,0.0785563292327104,38.25038813410013,35.80645161290323,0.8387096774193548,14.0,170.0,34.6875,56.40281326095357,5.739079198730657,0.0,690.0,690.0,0.4421985113406317,0.0542436730359223,0.1572996875384094,0.1933388720151779,0.0751866529944088,37.42813439478642,0.1375650413925664,0.1753865535121831,29.38709677419355,142.0,28.5,-43.0,46.16952458061486,49.032258064516114,0.6774193548387096,26.0,174.0,47.53125,54.949968366119194,5.641397064347624,1.0,700.0,701.0,0.8196078431372549,0.0704593837535014,0.2549019607843137,0.3496078431372543,0.1122019306022003,49.321568627450986,19.645161290322584,0.9032258064516128,22.0,56.0,19.03125,18.38729924261581,4.965125010678464,0.0,467.0,467.0,0.7647058823529411,0.0442625015745056,0.1152941176470589,0.2576470588235294,0.0960082792649614,20.670588235294115,0.8333742627910539,0.2156443492164841,4.0,64,256,417,1660
sciver_test_987,1,256,32,-10.806451612903224,73.0,-10.4375,-73.0,41.65028323733225,26.258064516129036,0.2580645161290322,22.0,82.0,25.46875,22.070886331035737,4.352958612246221,1.0,189.0,190.0,0.9079659263791487,0.1346069161930474,0.3326681105784738,0.7321446766308783,0.2150353817436308,25.440707160485964,37.064516129032256,0.5483870967741935,25.0,91.0,35.90625,32.53590264519335,4.622476029107774,0.0,243.0,243.0,0.7002783540143966,0.1540163602980389,0.4797950285526192,0.5573774106389215,0.2043640706469813,37.42597555242345,0.0126664121924985,0.0847703728950632,-43.75806451612903,1.0,-45.78125,-218.0,38.648847310592586,1.064516129032258,0.0,1.0,5.0,1.125,0.6959705453537527,1.3321790402101223,1.0,4.0,5.0,0.0078431372549019,0.0049019607843137,0.0066666666666666,0.0072549019607843,0.0016980890270283,0.0196078431372549,44.822580645161295,0.0,27.0,223.0,46.90625,39.20806627388681,4.582353194093527,0.0,341.0,341.0,1.0,0.1269392214363751,0.4549019607843137,0.7843137254901961,0.2472834720918849,43.28627450980392,0.0054682857991681,0.0541780216568704,0.7734375,256,198,1128,872
sciver_test_988,1,256,32,-11.290322580645183,242.0,-10.90625,-390.0,169.8028929698711,79.25806451612902,0.5483870967741935,24.0,265.0,76.8125,91.64279755523616,6.5272995073157265,1.0,1639.0,1640.0,0.9939354396972088,0.0475814876611051,0.1421277016908047,0.2013702178487088,0.0788489427772448,77.98605827655129,90.5483870967742,0.935483870967742,20.0,394.0,87.71875,126.57291238032528,6.5447228956802315,0.0,1693.0,1693.0,0.924473910695199,0.0556516207198745,0.1693799679983161,0.2420725981595544,0.0901048413947801,94.21819387874756,0.1217386316954659,0.2172096657431171,60.000000000000014,318.0,58.0,-150.0,95.57065449184702,89.45161290322581,0.9032258064516128,24.0,380.0,86.6875,97.10350067711256,6.453037635655672,1.0,1422.0,1423.0,0.7529411764705882,0.0638895783348501,0.1215686274509804,0.2745098039215686,0.1061711120827115,90.85098039215686,29.451612903225815,0.967741935483871,20.0,183.0,28.6875,39.11476503508617,5.9648869455054925,0.0,1154.0,1154.0,1.0,0.0321507459136167,0.0666666666666666,0.1609803921568616,0.0727501606166689,37.10196078431372,0.5371838980524642,0.4517346698130711,1.7297297297297298,148,256,862,1496
sciver_test_991,1,256,32,-146.35483870967747,822.0,-141.75,-1273.0,572.9964550501163,237.74193548387095,0.5161290322580645,30.0,845.0,230.34375,259.80625105246696,7.470913486998441,1.0,2992.0,2993.0,0.875670944996054,0.0794688636163003,0.1827819624577964,0.2406204657006261,0.089584631440205,237.7708399399706,384.0967741935484,0.8709677419354839,20.0,1343.0,372.09375,489.05727932517016,7.797427106596026,0.0,4390.0,4390.0,0.6096002547371909,0.0886148292053563,0.2405755963239934,0.2840604196547656,0.0977268342588795,389.0191002115141,0.1370986966688903,0.1825882501198476,238.4193548387097,827.0,231.0,-578.0,352.69117156515273,336.51612903225805,0.4838709677419355,31.0,829.0,326.03125,275.65461681865133,7.289627704780061,1.0,2648.0,2649.0,0.996078431372549,0.1281070434215982,0.3227450980392164,0.3882352941176471,0.144790673441619,339.2274509803922,98.0967741935484,0.935483870967742,18.0,687.0,95.03125,173.49342285354075,7.075584598767103,0.0,2658.0,2658.0,0.4470588235294118,0.0430000442614969,0.1294117647058824,0.1843137254901961,0.0647971685952943,114.2941176470588,0.915117087595908,0.1614683773580092,1.1130434782608696,230,256,900,1000
sciver_test_992,1,256,32,-24.193548387096772,278.0,-23.40625,-347.0,159.2760691721688,75.70967741935485,0.5806451612903225,29.0,327.0,73.375,83.605378864042,6.141884111810414,1.0,1113.0,1114.0,0.9954183641094896,0.0664404390290017,0.1766120656062519,0.271956574427899,0.1072435872811824,73.94820863927897,99.9032258064516,0.8387096774193548,20.0,383.0,96.78125,131.34157147848316,6.4265800853048605,0.0,1633.0,1633.0,0.8801750176896995,0.0639014359224643,0.2302256770230498,0.2882735318446559,0.1006167475356442,104.3510448613842,0.0746583103413028,0.1522390575269634,54.16129032258064,259.0,52.5,-56.0,85.56028576389866,93.9032258064516,0.5161290322580645,31.0,269.0,91.0,79.77115706820354,5.91336915491201,1.0,984.0,985.0,0.9725490196078432,0.0957356926510441,0.3321568627450982,0.4778431372549016,0.1604642198598144,94.20392156862744,39.74193548387097,0.7741935483870968,24.0,110.0,38.5,43.69997139587164,5.738555613035501,0.0,1216.0,1216.0,0.4901960784313726,0.038531991744066,0.0941176470588235,0.3147058823529411,0.0925464012930788,46.854901960784304,0.8592452773792445,0.2321802079698522,1.248780487804878,205,256,1890,2362
sciver_test_993,1,256,32,-66.0967741935484,361.0,-64.0,-344.0,210.9398610978968,114.3548387096774,0.1935483870967742,29.0,361.0,110.8125,95.95455874397004,6.360529349361155,1.0,2182.0,2183.0,0.9859899079469016,0.0511552309747573,0.1570162361209292,0.228198472605325,0.1173021621517795,111.62071398692044,180.45161290322585,0.8387096774193548,25.0,372.0,174.8125,144.33758985014956,6.592139130039164,0.0,2052.0,2052.0,0.7268784316438823,0.0926237413644401,0.3421422860704231,0.4587793424764995,0.1523064627966252,190.06391727983117,0.0859272129084255,0.1929916208559492,113.53225806451616,689.0,111.40625,1.0,117.3322897199978,139.46774193548387,0.967741935483871,29.0,739.0,136.53125,116.67154333185748,6.091205444550855,1.0,2057.0,2058.0,1.0,0.0634600169674092,0.150588235294118,0.2674509803921561,0.17734925786858,130.53725490196075,25.935483870967737,0.967741935483871,21.0,50.0,25.125,18.051575416012863,4.927760182077669,0.0,955.0,955.0,0.792156862745098,0.0353064367108099,0.0235294117647059,0.0678431372549017,0.1280072351429731,33.717647058823516,0.9497208697668256,0.1618804873811021,1.383783783783784,185,256,1400,1937
sciver_test_994,1,256,32,0.967741935483864,217.0,0.96875,-322.0,151.81063129253334,83.5483870967742,0.6129032258064516,27.0,263.0,80.96875,79.52966599601372,6.146341224724713,1.0,1077.0,1078.0,0.7180548963353792,0.0776781166259438,0.2311343942137149,0.3387479499111978,0.1147841338146894,83.6593316061415,82.58064516129032,0.8709677419354839,17.0,350.0,80.0,119.3984924527944,6.441669278206958,0.0,1414.0,1414.0,0.6960082517054303,0.0598485863724213,0.1867734522447905,0.2297076702565488,0.0810334164129692,84.62590113060378,0.088830144180683,0.1475071286577219,74.80645161290322,232.0,72.5,1.0,75.08328708840604,105.67741935483872,0.6451612903225806,29.0,272.0,102.40625,84.11185238084761,5.908585984808629,1.0,953.0,954.0,0.9294117647058824,0.1135732362199864,0.384313725490196,0.5819607843137253,0.1819931816700844,108.23529411764704,30.870967741935484,0.8064516129032258,15.0,117.0,29.90625,41.08022591147108,5.395395695898722,0.0,416.0,416.0,0.5607843137254902,0.0768099547511312,0.2137254901960784,0.2637254901960784,0.0918975372830275,31.95294117647059,0.9477852899634428,0.1240194464097759,2.169491525423729,118,256,614,1328
sciver_val_0,1,256,32,-89.25806451612905,89.0,-86.4375,-319.0,147.52032434125817,42.096774193548384,0.7096774193548387,27.0,110.0,40.8125,29.42728060405854,5.486520736967842,1.0,748.0,749.0,0.923235865244052,0.0553027558621175,0.216140817442607,0.2823183023548461,0.1032749954626887,41.36646138486396,131.35483870967744,0.6774193548387096,22.0,370.0,127.25,142.41203425272738,6.395073928881898,0.0,1232.0,1232.0,0.6945491783957347,0.1105721360576718,0.3734814603252288,0.4101167420405863,0.1403346654685409,136.2248716230517,0.1054043392592569,0.2261058658228548,-52.37096774193549,1.0,-52.28125,-388.0,73.0501687091652,8.451612903225808,0.0,14.0,91.0,9.625,16.674737629120287,3.75334944469198,1.0,157.0,158.0,0.8509803921568627,0.0438865992256775,0.1607843137254902,0.1850980392156862,0.1081329563976451,6.890196078431371,60.82258064516129,0.6774193548387096,27.0,391.0,61.90625,76.06180027410277,6.023056435053364,0.0,1170.0,1170.0,0.9450980392156862,0.0548516842634489,0.1058823529411764,0.3137254901960784,0.1166525648806903,64.17647058823528,0.0865724451401654,0.2082731521307337,1.0,256,256,1827,1827
sciver_val_1,1,256,32,-38.67741935483872,350.0,-37.4375,-380.0,232.165072941108,128.06451612903226,0.3548387096774194,31.0,375.0,124.09375,110.32235703128129,6.27131240491531,1.0,1464.0,1465.0,0.9568052160517898,0.0876518917941148,0.259534656839669,0.4208984921922142,0.1546288852653388,128.32236958658413,166.741935483871,0.7096774193548387,24.0,418.0,161.53125,162.38688069988137,6.682617395136712,0.0,1725.0,1725.0,0.6313289304862042,0.0985773728070456,0.3063479772563121,0.3905176890255171,0.1296700395917103,170.04596809215377,0.0971555563069968,0.1813288875688591,139.16129032258067,319.0,135.09375,-89.0,112.1420303050444,179.12903225806448,0.2903225806451612,31.0,321.0,173.8125,93.48577348318834,6.059648599567078,1.0,1096.0,1097.0,1.0,0.1649778159438958,0.6490196078431373,0.8196078431372549,0.2570869659509187,180.8156862745098,39.96774193548388,0.967741935483871,22.0,158.0,38.71875,43.01978787067063,5.273023647053561,0.0,717.0,717.0,0.7137254901960784,0.063669428719884,0.1647058823529411,0.4878431372549014,0.1378228712011112,45.65098039215685,0.9464123149259704,0.1495766028974429,1.3061224489795915,196,256,635,830
sciver_val_2,1,256,32,19.90322580645156,526.0,19.3125,-833.0,273.50450607576835,129.32258064516128,0.7419354838709677,29.0,613.0,125.3125,163.0165707642938,7.085186893037649,1.0,2183.0,2184.0,0.8698921478924556,0.0588818401116837,0.1284018199231577,0.1797180507450749,0.0811059905008349,128.53905696380556,109.41935483870972,0.935483870967742,16.0,880.0,106.0,222.50632013495704,7.360950410291391,0.0,2889.0,2889.0,0.5223602832986766,0.0386032075395626,0.0918184048527174,0.1260893148911757,0.0509746470652652,111.52466658179642,0.0730432758516271,0.1197692840863316,159.27419354838702,1077.0,154.3125,-1134.0,399.3339327477068,248.6935483870968,0.7096774193548387,30.0,1091.0,240.9375,314.6853525249467,7.358534288725348,1.0,2828.0,2829.0,0.9450980392156864,0.0880744376958704,0.1933333333333341,0.2652941176470591,0.1098111084128937,249.0745098039216,89.41935483870972,0.967741935483871,25.0,1145.0,86.625,219.180825746688,7.6648589761433055,0.0,3489.0,3489.0,0.3333333333333333,0.0255222295280967,0.0588235294117647,0.0862745098039216,0.0306587096331303,89.0470588235294,0.9044185264437806,0.1248738895696734,1.0,256,256,1661,1661
sciver_val_5,1,256,32,-10.580645161290326,252.0,-10.21875,-294.0,145.9220113568803,69.3225806451613,0.4838709677419355,28.0,265.0,67.1875,80.02985282849144,5.862811035338263,1.0,861.0,862.0,0.7993691924275251,0.0801569649132262,0.2164652012821981,0.3417127200412534,0.1293220323737339,69.01514679028782,79.90322580645162,0.8064516129032258,19.0,327.0,77.40625,108.72754347881452,6.019702205685323,0.0,1009.0,1009.0,0.8496351165254972,0.080642896543436,0.2570133959481444,0.3056062524335203,0.1165026447859482,81.36868261232699,0.123399478263443,0.1714380781756672,84.30645161290323,246.0,81.71875,-12.0,78.16818181611684,102.4516129032258,0.3548387096774194,31.0,250.0,99.3125,74.15921954652705,5.705482696651467,1.0,828.0,829.0,0.996078431372549,0.1254096807805247,0.4521568627450983,0.615686274509804,0.2096176511697354,103.83921568627451,18.145161290322584,0.935483870967742,21.0,58.0,17.59375,18.890902861893604,4.795513168312144,0.0,482.0,482.0,0.5725490196078431,0.0429826702465218,0.1015686274509806,0.3325490196078421,0.1039850641865637,20.717647058823523,0.896566911764706,0.180743912553538,2.048,125,256,647,1327
sciver_val_6,1,256,32,-32.25806451612904,390.0,-31.21875,-395.0,241.1430766131126,118.77419354838706,0.3225806451612903,30.0,392.0,115.09375,122.17798476377608,6.238688952424411,1.0,1162.0,1163.0,0.9814703224841588,0.1018741315240241,0.2921307661080389,0.3835955507277308,0.1516685029765428,118.3777408309161,151.0322580645161,0.6774193548387096,23.0,426.0,146.3125,159.3575848328218,6.437260014226815,0.0,1371.0,1371.0,0.5894728853088229,0.1116093778233954,0.3367720288379942,0.4246780768133026,0.144018533821011,153.01645699587516,0.1006994442351879,0.2048250262087328,115.5,350.0,112.03125,-111.0,125.64520593097652,165.5322580645161,0.2580645161290322,31.0,354.0,160.5,105.23931062107924,6.070087336160758,1.0,1194.0,1195.0,1.0,0.141803790192794,0.5074509803921572,0.7974509803921566,0.2375032988076225,169.31372549019608,50.032258064516135,0.967741935483871,25.0,148.0,48.46875,42.76899020829811,5.320767130964958,0.0,732.0,732.0,0.7333333333333334,0.0742419372120432,0.2647058823529407,0.5290196078431367,0.1573765148320222,54.34509803921568,0.882977609147107,0.2014006695601656,1.2610837438423643,203,256,458,579
sciver_val_7,1,256,32,-16.000000000000025,206.0,-15.46875,-440.0,163.7484702934275,98.48387096774196,0.2903225806451612,31.0,206.0,95.4375,57.38681114812009,6.2902544935038085,1.0,1432.0,1433.0,0.9506669205644184,0.0683123216816095,0.1855387942469954,0.3013572599525409,0.1249543787297187,97.8232446480649,114.48387096774194,0.967741935483871,21.0,456.0,110.90625,143.36150969119117,6.695489679088456,0.0,1696.0,1696.0,0.6357066435598886,0.0705102262008781,0.1863492088982291,0.270063504848304,0.0955675739267721,119.58534363668927,0.0923765223725651,0.1562122836371113,108.758064516129,208.0,105.78125,-156.0,81.15060627276607,145.5967741935484,0.7741935483870968,31.0,226.0,141.46875,60.75719318268003,6.05158145192635,1.0,1188.0,1189.0,1.0,0.1229319337162474,0.4078431372549019,0.6823529411764706,0.2140075661237609,146.04313725490198,36.83870967741936,0.967741935483871,20.0,186.0,35.6875,38.61301391694256,5.538720588374362,0.0,699.0,699.0,0.6078431372549019,0.0610732418861679,0.1490196078431372,0.354509803921569,0.1155414778736129,42.69019607843137,0.938425925925926,0.1423881074068497,1.4970760233918128,171,256,1052,1578
sciver_val_8,1,256,32,8.741935483870957,313.0,8.5,-339.0,190.16588153504296,117.38709677419352,0.4838709677419355,29.0,375.0,113.75,113.12769333810355,6.23912826069864,1.0,930.0,931.0,0.955415918332912,0.1256067612782392,0.3268843716140008,0.4301721340307087,0.1476579289063983,116.81428798876252,108.64516129032258,0.7741935483870968,25.0,363.0,105.25,121.03666799776008,6.300915373427238,0.0,1182.0,1182.0,0.7378578006934817,0.0935530539510726,0.2791440770108296,0.3385824941234676,0.1239922572025989,110.57970977016784,0.0857498786349965,0.1867945658328894,88.75806451612902,383.0,86.0,-127.0,132.7810698104214,114.5,0.6451612903225806,24.0,390.0,110.9375,129.0992683703126,6.107713316105851,1.0,930.0,931.0,0.7176470588235294,0.125292009276829,0.403921568627451,0.4905882352941173,0.1598753832077212,116.52156862745096,25.741935483870968,0.935483870967742,13.0,160.0,24.9375,41.74097020614159,5.6058825400289685,0.0,615.0,615.0,0.3686274509803922,0.045056591742388,0.1450980392156863,0.1843137254901961,0.0652703389547762,27.70980392156862,0.9259422677076452,0.1048742562656034,0.6953125,256,178,984,684
sciver_val_9,1,256,32,-10.161290322580651,216.0,-9.8125,-198.0,106.50540992714878,56.06451612903224,0.4516129032258064,27.0,223.0,54.34375,62.72141249954038,5.732595901102435,1.0,681.0,682.0,0.9870192426593092,0.0814557931357927,0.2258523183699587,0.3405759174451368,0.1214214510100699,55.471395125474885,66.22580645161291,0.8387096774193548,19.0,201.0,64.15625,75.23800127553562,5.787905634486925,0.0,747.0,747.0,0.5454976900324252,0.090571269607633,0.3029487691377483,0.3494555170021571,0.1225965299043229,67.65673839690191,0.1240338589933507,0.1795673753715729,54.46774193548386,163.0,52.78125,0.0,50.043565005278154,68.04838709677419,0.4838709677419355,26.0,171.0,65.9375,55.60347195769344,5.465730301814784,1.0,571.0,572.0,0.8392156862745098,0.1197005597335256,0.4509803921568627,0.6019607843137256,0.1853588784619914,68.34901960784313,13.580645161290326,0.935483870967742,19.0,41.0,13.15625,14.289658356220418,4.838691121265745,0.0,375.0,375.0,0.4823529411764706,0.0421960784313725,0.1490196078431372,0.210980392156863,0.0801557883355337,15.823529411764698,0.9340520497582594,0.139528107893086,3.506849315068493,73,256,357,1248
sciver_val_10,1,256,32,-35.967741935483865,94.0,-34.8125,-128.0,72.95650994770789,37.387096774193544,0.2903225806451612,26.0,105.0,36.25,35.486793318078206,5.673106364742038,1.0,433.0,434.0,0.5376907813280438,0.0864083710276366,0.178099413881645,0.1978137549192326,0.0736122049788264,37.41482465496666,73.35483870967742,0.5161290322580645,23.0,131.0,71.0625,51.84106570808513,5.125944305052125,0.0,498.0,498.0,0.7980961746781009,0.1496390468397928,0.562976171481151,0.6463051938143007,0.2335388354407833,74.52024532621684,0.0464472298023016,0.1539896196277499,-30.145161290322587,1.0,-32.625,-220.0,44.33589826540114,1.8387096774193543,0.0,3.0,31.0,2.28125,5.209572769191347,2.5143339554948696,1.0,33.0,34.0,0.1803921568627451,0.0172311348781937,0.0141176470588235,0.0792156862745096,0.0365325650272591,0.5686274509803921,31.983870967741936,0.0,21.0,251.0,34.90625,48.22172706298998,5.490678622589825,0.0,560.0,560.0,0.7372549019607844,0.0542717086834733,0.1686274509803921,0.196078431372549,0.078700088641431,30.392156862745097,0.0186342167075163,0.0852977136588455,2.1333333333333333,120,256,388,830
sciver_val_12,1,256,32,48.290322580645125,375.0,46.8125,-219.0,190.5810912544841,167.48387096774195,0.4516129032258064,31.0,422.0,162.28125,138.17091643481814,6.447197194279897,1.0,1496.0,1497.0,0.9809531478476148,0.1124305081403666,0.3623675111585124,0.500750923556164,0.1666959373978781,168.19604017798852,119.19354838709678,0.7096774193548387,21.0,318.0,115.46875,118.81892325483136,6.631868335631447,0.0,1687.0,1687.0,0.6405492908905192,0.0731405854401214,0.2246070773902516,0.3098342761485727,0.1021981969323632,123.38816763748494,0.1303702594252966,0.1996192300913324,137.1129032258065,432.0,132.84375,0.0,159.806545034731,143.01612903225808,0.7419354838709677,19.0,432.0,138.5625,161.58723214954207,6.307558481973235,1.0,1343.0,1344.0,0.615686274509804,0.1086037989283576,0.3882352941176471,0.4549019607843138,0.1553231063706893,145.8549019607843,5.903225806451616,0.967741935483871,10.0,82.0,5.71875,15.926068203969868,5.324663332912549,0.0,462.0,462.0,0.196078431372549,0.0196078431372548,0.0509803921568627,0.0899999999999999,0.0330548038045572,9.05882352941176,0.9629138554460244,0.0883934144701336,0.7109375,256,182,1458,1036
sciver_val_14,1,256,32,-53.7741935483871,261.0,-52.0625,-449.0,170.08764973903897,99.22580645161293,0.2258064516129032,31.0,264.0,96.15625,69.75497714097182,6.481280677501308,1.0,1528.0,1529.0,0.9210703824168084,0.0657260082656198,0.1925325754933075,0.2602732047776237,0.099216368798,100.42934062986706,153.0,0.935483870967742,25.0,458.0,148.21875,125.07965821202704,6.424420789718174,0.0,1803.0,1803.0,0.7499232718762161,0.086798112347916,0.300594181456752,0.4859825687393382,0.1524234852396249,156.49699656329256,0.0982385780417687,0.2035488960518298,87.16129032258065,155.0,85.875,-141.0,68.823483455867,105.38709677419354,0.1935483870967742,29.0,155.0,103.53125,40.27404900723914,6.126269079951076,1.0,1150.0,1151.0,1.0,0.0929923273657288,0.2980392156862745,0.4296078431372547,0.149612376228854,106.94117647058825,18.22580645161291,0.967741935483871,14.0,182.0,17.65625,43.61092851496629,5.6313532700413775,0.0,703.0,703.0,0.4235294117647059,0.0331353024851476,0.0980392156862745,0.1290196078431371,0.0556027406014577,23.294117647058815,0.9437424527737924,0.1636832039079172,1.248780487804878,205,256,560,700
sciver_val_19,1,256,32,3.032258064516127,215.0,2.96875,-179.0,103.41798815214644,57.74193548387097,0.5161290322580645,29.0,223.0,55.96875,62.35757991966574,5.55726028762495,1.0,726.0,727.0,0.8343996223807103,0.0785510963592227,0.2629913098070272,0.3862759313895652,0.1347381364446932,57.028095956795696,54.709677419354826,0.8387096774193548,23.0,204.0,53.0,71.87358694263143,5.923952087785118,0.0,888.0,888.0,0.4690731696912282,0.0651246981573936,0.2206693601676048,0.2713351644460848,0.0929106274611256,57.83073196376555,0.0996851609484374,0.1640695055763626,52.17741935483871,182.0,50.5625,-1.0,57.66115324679173,68.01612903225806,0.5483870967741935,31.0,183.0,65.90625,57.45452515631384,5.393271148664592,1.0,618.0,619.0,0.9372549019607844,0.1101719652262199,0.4196078431372549,0.5692156862745097,0.1846321172030919,68.08627450980393,15.838709677419356,0.967741935483871,13.0,61.0,15.34375,21.15214140311803,4.694708522817789,0.0,340.0,340.0,0.4588235294117647,0.0529411764705882,0.2117647058823529,0.3021568627450981,0.0986731522798601,18.0,0.949637331495098,0.1208348056588357,3.2,80,256,660,2100
sciver_val_21,1,256,32,-9.112903225806456,66.0,-8.78125,-331.0,94.7070266582026,27.854838709677423,0.8709677419354839,26.0,124.0,27.03125,27.32041861753769,5.70307246996527,1.0,1115.0,1116.0,0.8438575558862988,0.0254000512126511,0.0538514249706608,0.109585589608685,0.0639120970591221,28.32105710210601,36.96774193548387,0.935483870967742,16.0,332.0,35.8125,85.22596343691282,6.028141297280966,0.0,1064.0,1064.0,0.8325001621223344,0.0377824710647592,0.1068984925172211,0.1271121420981464,0.0636442872005397,40.200549212903866,0.0768315654288255,0.1881964675759075,5.483870967741931,79.0,5.15625,-116.0,39.455757956697525,21.59677419354839,0.8387096774193548,27.0,85.0,21.0,17.979154596365202,5.3865819583582,1.0,670.0,671.0,0.992156862745098,0.0341000877963125,0.0745098039215685,0.0884313725490194,0.0828389697264438,22.847058823529412,16.112903225806456,0.967741935483871,22.0,121.0,15.84375,31.2721015593372,5.2992107168578855,0.0,511.0,511.0,1.0,0.0368289781666091,0.1098039215686275,0.1215686274509804,0.0703686906659032,18.81960784313725,0.4890792519493178,0.4773135826496688,1.4970760233918128,171,256,543,814
sciver_val_23,1,256,32,-27.967741935483915,310.0,-27.0625,-1304.0,275.8373544205897,107.74193548387096,0.8709677419354839,31.0,442.0,104.40625,102.4218785755148,6.686531981343697,1.0,1788.0,1789.0,0.9576628665813474,0.0600205260721181,0.1328604102327644,0.2107192371063407,0.101654460600663,107.31670061694732,135.70967741935488,0.967741935483871,20.0,1315.0,131.46875,247.089303741456,7.228337471018791,0.0,2961.0,2961.0,0.5635342705753411,0.0467640786685852,0.0882077190124165,0.2075161055020583,0.0760145518921117,138.4684369376809,0.0948835274046131,0.1654262467587438,70.6290322580645,175.0,68.65625,-96.0,84.32511835709155,116.37096774193547,0.5483870967741935,31.0,226.0,112.96875,66.07594322775499,6.230336517098274,1.0,1495.0,1496.0,1.0,0.0783631713554987,0.1725490196078431,0.3345098039215685,0.1632829858728671,117.1529411764706,45.74193548387096,0.7096774193548387,26.0,171.0,44.3125,46.5869063552196,5.8380316730831385,0.0,1136.0,1136.0,0.6313725490196078,0.0410349351008008,0.0823529411764706,0.1450980392156862,0.0988685250591172,46.6156862745098,0.7508761137918709,0.2619269291045358,1.3333333333333333,192,256,300,400
sciver_val_24,1,256,32,-5.387096774193557,82.0,-5.1875,-258.0,87.52372446228509,35.54838709677419,0.7096774193548387,29.0,100.0,34.46875,30.955597610731083,5.797013504771625,1.0,940.0,941.0,0.8971845610423385,0.0367393089096086,0.1224117956855573,0.1589906175240596,0.0659234830319074,34.534950375032096,40.93548387096775,0.935483870967742,14.0,262.0,39.65625,75.75355163909808,6.095543340087486,0.0,884.0,884.0,0.5231427809220319,0.0482656927953962,0.1326307020183204,0.1798270536234665,0.0611104324387397,42.666872431130315,0.1404311023971223,0.1526534330427896,25.370967741935484,106.0,24.59375,-71.0,45.045018713921074,46.596774193548384,0.3225806451612903,29.0,112.0,45.15625,35.39077331646626,5.647812653701614,1.0,698.0,699.0,0.9019607843137256,0.0668745435136805,0.2050980392156865,0.3182352941176469,0.1077945575663796,46.678431372549014,21.225806451612897,0.5161290322580645,22.0,86.0,20.5625,27.67098830454019,5.419196065569867,0.0,588.0,588.0,0.2666666666666667,0.037548352674403,0.1580392156862747,0.206470588235294,0.0639313851918085,22.078431372549016,0.5821401454603581,0.2697960992310452,2.782608695652174,92,256,285,792
sciver_val_26,1,256,32,17.096774193548377,160.0,16.59375,-105.0,74.92448672455154,70.96774193548386,0.4193548387096774,30.0,167.0,68.78125,51.753462670989464,5.665401365798941,1.0,673.0,674.0,0.9848424569735929,0.103967025104902,0.2953037471685143,0.444437005387088,0.1576079632669872,69.96980789559905,53.87096774193548,0.7741935483870968,21.0,165.0,52.1875,60.83093245833077,5.739481212351119,0.0,812.0,812.0,0.4855468533988659,0.0685809466301616,0.2428742685065339,0.3158633000205951,0.1068430009845863,55.687728663691225,0.1067555406741345,0.1974337924662643,78.85483870967742,145.0,76.40625,0.0,43.871872662760815,89.79032258064515,0.7741935483870968,29.0,166.0,87.0,51.00306363347206,5.577700259341645,1.0,693.0,694.0,0.9215686274509804,0.1334351922587216,0.425882352941177,0.6141176470588231,0.2074730904988797,92.47058823529412,10.935483870967744,0.967741935483871,16.0,30.0,10.59375,11.1799468217653,3.791501445774567,0.0,187.0,187.0,0.5568627450980392,0.0661633637412184,0.3058823529411766,0.4745098039215686,0.1452475700337128,12.372549019607842,0.9492575881362646,0.1444507176705644,2.585858585858586,99,256,384,996
sciver_val_28,1,256,32,34.09677419354838,174.0,33.0625,-111.0,71.75476356138316,68.06451612903226,0.3870967741935484,31.0,176.0,65.96875,52.13892762070869,5.444453526793104,1.0,685.0,686.0,0.8142594678300644,0.0987160475815633,0.3459774760312437,0.5543863931132195,0.1734184223049912,67.62049259337088,33.96774193548388,0.9032258064516128,17.0,118.0,32.90625,36.7469041000395,5.764190661850282,0.0,827.0,827.0,0.4789786587839768,0.0443710375472623,0.1360483459775473,0.1888163338924827,0.0729224535321542,36.69484805158598,0.1533917795202461,0.2074226459715004,56.532258064516114,177.0,54.78125,-331.0,102.53162145620004,75.46774193548387,0.9032258064516128,24.0,198.0,73.125,67.76187626534555,5.668990963812957,1.0,854.0,855.0,0.7490196078431373,0.0885980621756899,0.3988235294117648,0.483725490196078,0.1572504159379262,75.66274509803921,18.93548387096775,0.967741935483871,8.0,346.0,18.34375,68.62152057436137,6.60412993759822,0.0,1143.0,1143.0,0.192156862745098,0.0139879573876794,0.0274509803921568,0.0431372549019607,0.0172627562237628,15.988235294117624,0.918075267897857,0.1152497228232111,5.953488372093023,43,256,278,1661
sciver_val_31,1,256,32,12.2258064516129,327.0,11.875,-283.0,191.0740612301942,146.25806451612902,0.2258064516129032,30.0,340.0,141.71875,100.46119722777296,5.992751331413213,1.0,971.0,972.0,0.942901378918002,0.1484376399450123,0.3952896695728518,0.868971970946187,0.2326969170044264,144.13294838660698,134.0322580645161,0.6774193548387096,27.0,304.0,129.84375,118.49079852856718,6.316411456572754,0.0,1265.0,1265.0,0.6527631978880606,0.1081325185996324,0.3670605013403189,0.4582864095886977,0.1517545175189601,136.787636028535,0.0828922879854486,0.1949544010469787,70.14516129032255,324.0,67.96875,-736.0,190.73205753998857,116.30645161290322,0.4516129032258064,24.0,324.0,112.6875,108.851515119221,5.905495044530795,1.0,977.0,978.0,0.7137254901960784,0.1211351275412928,0.5113725490196077,0.5999999999999999,0.1877825207569975,118.3490196078431,46.16129032258067,0.935483870967742,16.0,775.0,44.71875,140.82995827748263,6.752209097695589,0.0,1378.0,1378.0,0.4313725490196078,0.0333304874925296,0.0588235294117647,0.0784313725490196,0.0450985340520157,45.92941176470591,0.9286892361111112,0.1136212596421156,1.3333333333333333,192,256,747,996
sciver_val_33,1,256,32,-21.19354838709685,430.0,-20.5,-1452.0,352.2744845997223,134.5806451612903,0.8064516129032258,23.0,636.0,130.40625,174.31093973396364,7.327432188811138,1.0,3427.0,3428.0,0.4217001539149888,0.0383871408637183,0.1023431062623539,0.147993845683709,0.0595213497854477,131.55273173996295,155.77419354838716,0.935483870967742,16.0,1467.0,150.90625,345.1332495731721,7.988904247509188,0.0,5227.0,5227.0,0.3938366072994793,0.0331420761831547,0.0761804401125729,0.1106694391128738,0.0415503416846267,173.23363220934982,0.1196871932494043,0.1179898855987651,120.91935483870964,954.0,117.59375,-1393.0,401.11943821128574,216.3225806451613,0.8064516129032258,28.0,972.0,210.15625,292.1606053798792,7.443862957856547,1.0,3185.0,3186.0,0.611764705882353,0.0683276387478068,0.1764705882352941,0.2117647058823529,0.0864809366755268,217.6235294117647,95.40322580645166,0.967741935483871,27.0,1405.0,92.5625,262.14594426340074,7.66665385496728,0.0,3389.0,3389.0,0.3764705882352941,0.0290837137451616,0.0627450980392156,0.0941176470588235,0.0337871322530405,98.56470588235294,0.8118049483306837,0.2352853009995523,0.72265625,256,185,5477,3960
sciver_val_37,1,256,32,0.9032258064516068,138.0,0.90625,-173.0,77.5718857637063,59.064516129032235,0.7741935483870968,29.0,159.0,57.25,52.70377121231459,5.987188164591174,1.0,722.0,723.0,0.7684428392191108,0.0788452373378206,0.1824771481181955,0.2453184242348685,0.0947298896592855,56.92626135790653,58.16129032258065,0.8709677419354839,19.0,176.0,56.34375,64.95989598157851,5.650803365546569,0.0,751.0,751.0,0.5363301110797204,0.0806365932237993,0.2713087841511453,0.3940656293401616,0.1264545440193326,60.55808151107328,0.0522503109831955,0.1349634557516734,36.08064516129033,161.0,34.96875,0.0,45.2807108318487,37.46774193548387,0.8709677419354839,22.0,163.0,36.3125,45.9697165941884,5.665794775574286,1.0,575.0,576.0,0.7333333333333334,0.0667348678601875,0.1607843137254901,0.2588235294117647,0.091583360145969,38.37254901960784,1.3870967741935487,0.967741935483871,11.0,10.0,1.34375,2.6411334569650204,4.244025334562632,0.0,155.0,155.0,0.1098039215686275,0.0125996204933586,0.0376470588235294,0.0560784313725489,0.02108767240715,1.9529411764705864,0.9842082098697688,0.0600934021795926,1.9104477611940296,134,256,1002,1920
sciver_val_38,1,256,32,-5.129032258064523,404.0,-4.9375,-501.0,223.38390965723113,131.61290322580643,0.5806451612903225,31.0,456.0,127.53125,128.62955151689482,6.654715334405413,1.0,1663.0,1664.0,0.8666567428467268,0.0791029749048199,0.1877845710335834,0.317847310567605,0.1131622842278565,131.54824726671563,136.74193548387098,0.8387096774193548,20.0,582.0,132.46875,195.24375540190135,6.770402539874612,0.0,2042.0,2042.0,0.5463351262721822,0.0688940896885618,0.2150115759566596,0.2786630580963411,0.0982875089474204,140.68173114404323,0.0911150440005155,0.1654154623450913,108.241935483871,340.0,104.875,0.0,109.71347626887044,140.20967741935482,0.6129032258064516,25.0,348.0,135.84375,132.0402659643546,6.389461412771987,1.0,1374.0,1375.0,0.7882352941176471,0.1047321403088163,0.3282352941176472,0.4666666666666667,0.1498884395578447,143.90196078431373,31.967741935483872,0.8709677419354839,18.0,129.0,30.96875,46.49830936106709,5.515335896028098,0.0,862.0,862.0,0.5019607843137255,0.0432236931895727,0.1803921568627451,0.2784313725490196,0.0874665449581801,37.25882352941175,0.9596723882063374,0.1095469059281487,1.080168776371308,237,256,1013,1096
sciver_val_41,1,256,32,0.0161290322580645,1.0,0.03125,0.0,0.1739926363384381,0.0161290322580645,1.0,1.0,1.0,0.03125,0.1739926363384381,0.0,1.0,0.0,1.0,0.0,0.0,0.0,0.0,0.0,0.0,0.0,0.0,0.0,0.0,0.0,0.0,0.0,0.0,0.0,0.0,0.0,0.0,0.0,0.0,0.0,0.0,0.0,0.0,1.0,1.0,1.0,1.0,0.0,1.0,0.0,0.0,1.0,1.0,0.0,0.0,1.0,0.0,1.0,0.0,0.0,0.0,0.0,0.0,0.0,0.0,0.0,0.0,0.0,0.0,0.0,0.0,0.0,0.0,0.0,0.0,0.0,0.0,0.0,0.0,0.0,0.0,0.0,1.4143646408839778,181,256,480,679
sciver_val_42,1,256,32,-39.29032258064516,266.0,-38.03125,-429.0,208.1612182262525,107.61290322580646,0.4516129032258064,30.0,313.0,104.28125,94.63490185147074,6.1402524039352695,1.0,1055.0,1056.0,0.9818118714221716,0.1014427615686768,0.2644704581681616,0.4385011106526759,0.1575226039221074,107.0221134549541,146.90322580645164,0.7419354838709677,24.0,460.0,142.3125,162.12927663981606,6.442042369271405,0.0,1347.0,1347.0,0.544970142071332,0.1108774777471948,0.3389301696736406,0.378218039353117,0.1362146025785629,149.35196252547138,0.0743019193941892,0.1707467282452362,105.72580645161293,243.0,102.5,0.0,79.53890557456772,114.91935483870968,0.4193548387096774,30.0,243.0,111.40625,72.15775225807342,5.740808777196607,1.0,900.0,901.0,1.0,0.1301481481481481,0.4945098039215687,0.7219607843137251,0.2285029113878383,117.13333333333333,9.193548387096776,0.967741935483871,16.0,46.0,8.90625,14.567428082455049,5.273314559422383,0.0,810.0,810.0,0.3725490196078431,0.0178649237472766,0.0156862745098039,0.0731372549019602,0.0524192242623415,14.470588235294104,0.9591678826814232,0.1375855946925229,1.3195876288659794,194,256,397,524
sciver_val_44,1,256,32,8.903225806451609,120.0,8.65625,-92.0,55.9897364338992,37.677419354838705,0.5806451612903225,30.0,128.0,36.53125,33.23212336636797,5.419021712859896,1.0,1155.0,1156.0,0.9450781381418504,0.0328607355349069,0.0928379735241472,0.1988203074137402,0.0906135630813717,37.95414954281751,28.774193548387096,0.967741935483871,18.0,110.0,27.875,38.3908761947419,5.460808831657653,0.0,977.0,977.0,0.5493888680613627,0.0318270238819039,0.1112478118911001,0.1875481714923523,0.0730069682837018,31.09500233262013,0.0792215890374983,0.1595823662096022,41.49999999999999,154.0,40.21875,0.0,41.06301131721224,46.725806451612904,0.967741935483871,26.0,163.0,45.28125,41.73894642222657,5.3126690102801835,1.0,921.0,922.0,0.8431372549019608,0.0468288944242192,0.1333333333333333,0.3372549019607843,0.1177528094736794,43.12941176470588,5.225806451612902,0.7741935483870968,15.0,20.0,5.0625,6.731165853698748,4.8806276558301445,0.0,380.0,380.0,0.3098039215686274,0.0187616099071207,0.0274509803921568,0.0760784313725494,0.0427954869413814,7.129411764705879,0.9150409571723424,0.1741380675151338,2.694736842105263,95,256,463,1252
sciver_val_51,1,256,32,-125.51612903225808,162.0,-121.5625,-921.0,293.8429573662605,119.64516129032256,0.7096774193548387,30.0,256.0,115.9375,78.62924769924993,6.799227083064112,1.0,1512.0,1513.0,0.9345777915394794,0.0794896235223461,0.1757846482460293,0.2278599597764406,0.095505217477716,120.18831076578732,245.1612903225806,0.8709677419354839,22.0,989.0,237.5,301.38513566531446,7.207145813237349,0.0,2442.0,2442.0,0.6268172425768993,0.1013502517481438,0.2842595812517213,0.3595246347821744,0.1157224899269135,247.4973147689672,0.0589249319160842,0.1358666496313366,99.33870967741936,252.0,96.375,-142.0,92.3812582453822,159.3709677419355,0.7741935483870968,31.0,316.0,154.53125,97.48428859789406,6.578867096687013,1.0,1376.0,1377.0,1.0,0.1172537619699042,0.2666666666666667,0.3696078431372549,0.1538036091565897,161.3411764705882,60.032258064516135,0.967741935483871,21.0,256.0,58.15625,80.63928531390577,6.105004984555933,0.0,1221.0,1221.0,0.6705882352941177,0.0553708789002906,0.1803921568627451,0.2705882352941177,0.0976748084364714,67.60784313725489,0.9595483296665124,0.1225533490670191,1.0078740157480317,254,256,1650,1660
sciver_val_55,1,256,32,-23.387096774193548,158.0,-22.625,-330.0,161.9440007379094,88.74193548387095,0.5161290322580645,29.0,233.0,86.0,64.87921469931645,5.973393895641384,1.0,893.0,894.0,0.9847387808761928,0.0997995509097949,0.2572665211299534,0.4242642103150941,0.1479879931811146,89.12099896244692,112.12903225806453,0.7741935483870968,23.0,360.0,108.625,124.87062054382528,6.264684612437538,0.0,1082.0,1082.0,0.5641418562019537,0.1049424455331129,0.3031915508373505,0.3571147676067743,0.1286760780647348,113.5477260668282,0.0747526503205928,0.1787378755274167,37.467741935483865,188.0,36.3125,-119.0,96.03626837684811,84.91935483870968,0.4193548387096774,30.0,196.0,82.28125,61.93960484566801,5.638125189874114,1.0,767.0,768.0,0.9411764705882352,0.1115371833218293,0.4235294117647059,0.5556862745098037,0.1865793863966161,85.54901960784314,47.45161290322582,0.935483870967742,26.0,146.0,45.96875,50.85364070976138,5.645662517766543,0.0,885.0,885.0,0.5294117647058824,0.0576049628891104,0.2023529411764706,0.3599999999999999,0.1103345002859818,50.980392156862735,0.926289144298496,0.1842637987875049,1.2427184466019416,206,256,1341,1663
sciver_val_58,1,256,32,24.6774193548387,218.0,23.9375,-280.0,136.28782445159948,122.41935483870968,0.5806451612903225,30.0,297.0,118.625,83.84947450640344,6.203630508908773,1.0,1277.0,1278.0,0.9896975385723366,0.0973433066774643,0.2622691291928261,0.5426428535531498,0.1632716788411915,124.30740262712192,97.74193548387096,0.967741935483871,22.0,326.0,94.6875,117.01320371543548,6.559788755695131,0.0,1457.0,1457.0,0.5314394231876652,0.0693914891752753,0.2195805372346865,0.276336724702493,0.0934147215650947,101.10339972837625,0.0764412249879844,0.1443770496643195,87.49999999999999,333.0,84.78125,-207.0,118.06056030037084,106.40322580645162,0.7096774193548387,24.0,337.0,103.09375,107.8443204853065,6.128674618683878,1.0,1138.0,1139.0,0.7137254901960784,0.0958854543574899,0.3333333333333333,0.4156862745098039,0.1424383788890729,109.11764705882354,18.903225806451623,0.935483870967742,12.0,333.0,18.3125,59.54433091193485,6.36351365986026,0.0,1036.0,1036.0,0.3019607843137255,0.0194753577106518,0.0450980392156862,0.0627450980392156,0.0274649871708309,20.1764705882353,0.9320128676470588,0.0789071222894352,1.5058823529411764,170,256,2358,3546
sciver_val_60,1,256,32,-2.4193548387096833,122.0,-2.3125,-142.0,87.84945841466525,52.09677419354839,0.3870967741935484,25.0,136.0,50.5,47.18646522044219,5.311636481399527,1.0,616.0,617.0,0.9977214863190011,0.0833151667579047,0.243150483784259,0.3828291954049364,0.1584643875095146,51.32214272286935,54.516129032258064,0.6774193548387096,22.0,160.0,52.8125,55.51488398393714,5.576277134247354,0.0,677.0,677.0,0.5069141847358344,0.082705466727864,0.2886363756465359,0.3801355783096195,0.1251165849459663,55.99160097476398,0.0603348550512525,0.1636889139644488,45.596774193548384,121.0,44.1875,-34.0,42.91884602071682,54.95161290322581,0.4516129032258064,31.0,121.0,53.25,36.42286369850674,4.993600234280206,1.0,497.0,498.0,0.976470588235294,0.1119816940860851,0.4015686274509805,0.6964705882352937,0.2167795436701027,55.65490196078431,9.35483870967742,0.967741935483871,12.0,59.0,9.0625,14.926774392011156,4.431729916274223,0.0,297.0,297.0,0.384313725490196,0.039479764969961,0.0800000000000001,0.2792156862745097,0.0841380231864152,11.725490196078429,0.9709440987933634,0.1127794983396215,1.4065934065934067,182,256,814,1144
sciver_val_62,1,256,32,-5.9999999999999964,129.0,-5.78125,-379.0,107.18026123516168,81.58064516129033,0.935483870967742,31.0,184.0,79.0625,52.09902680233096,6.2805776449854775,1.0,1749.0,1750.0,0.9526592622686934,0.0427692040605851,0.1208985498436875,0.2896542631023512,0.0905168057422684,74.80333790196343,87.58064516129033,0.967741935483871,20.0,517.0,84.84375,117.86170640177198,6.84804299361803,0.0,2014.0,2014.0,0.4857534841174346,0.0485490048848023,0.1448189324441654,0.2215699392728562,0.0733420936846449,97.77769583799198,0.0884155780839548,0.1471891905710391,37.37096774193548,177.0,36.21875,-252.0,82.02504738454894,54.40322580645161,0.8387096774193548,18.0,183.0,52.71875,60.08027670074015,6.21269960987016,1.0,1328.0,1329.0,0.5647058823529412,0.0443214032600992,0.1501960784313724,0.2235294117647059,0.0802380154184497,58.858823529411765,17.032258064516142,0.935483870967742,9.0,360.0,16.5,65.54292486607537,6.578291387264974,0.0,994.0,994.0,0.2235294117647058,0.0177338541050222,0.0352941176470588,0.0445098039215682,0.0170511345091925,17.62745098039216,0.9396628872137092,0.072603836446952,2.1512605042016806,119,256,1540,3322
sciver_val_63,1,256,32,-3.870967741935486,136.0,-3.71875,-146.0,79.50402284436619,37.51612903225805,0.5161290322580645,25.0,140.0,36.375,41.00438238773997,5.378918585169491,1.0,566.0,567.0,0.9972165231403208,0.0650036653340685,0.185462251912568,0.2669186344979593,0.1119439401506506,36.79207457908279,41.38709677419356,0.7419354838709677,15.0,152.0,40.09375,54.29396799772052,5.417051462160359,0.0,486.0,486.0,0.4933022489985861,0.0881197824703994,0.270619188591514,0.3440907359026608,0.1139893467069682,42.82621428061413,0.1447432842469648,0.2211393425229902,36.91935483870968,138.0,35.78125,-5.0,42.93798898920978,40.725806451612904,0.6451612903225806,24.0,140.0,39.46875,45.02567626851928,5.248047973302043,1.0,461.0,462.0,0.7098039215686274,0.0884437072008847,0.2980392156862745,0.4078431372549019,0.1356278939867414,40.77254901960784,3.806451612903227,0.6129032258064516,14.0,35.0,3.6875,6.916635291093495,4.885580515024193,0.0,266.0,266.0,0.2274509803921568,0.0168362081674775,0.0431372549019608,0.053921568627451,0.0278099648314529,4.478431372549018,0.8122010498787144,0.231888529103282,2.6391752577319587,97,256,310,819
sciver_val_64,1,256,32,-12.5483870967742,208.0,-12.125,-285.0,124.1945927768194,82.32258064516131,0.7096774193548387,28.0,345.0,79.78125,86.33138709900068,6.374412275490943,1.0,1394.0,1395.0,0.9473138964031768,0.0578433279435814,0.1330386773816431,0.2407573521011273,0.1034996853566852,80.63359915335255,94.87096774193547,0.8387096774193548,23.0,311.0,91.90625,97.46100482212104,6.388926342710112,0.0,1722.0,1722.0,0.6749009752409588,0.0568334653928563,0.1889526245911927,0.2863069780535304,0.1029938347754788,97.86722740649864,0.1064627964660142,0.1614801149950357,120.30645161290322,535.0,116.8125,1.0,131.0518593677709,130.69354838709677,0.6774193548387096,30.0,540.0,126.875,130.71073741280782,6.482198416218154,1.0,1315.0,1316.0,1.0,0.1005591590248266,0.2415686274509809,0.4011764705882351,0.140607217977065,132.23529411764704,10.38709677419355,0.935483870967742,14.0,44.0,10.0625,14.57295761847951,5.603324148080951,0.0,734.0,734.0,0.3176470588235294,0.0200352620612277,0.0509803921568627,0.1019607843137254,0.0407344109727401,14.705882352941169,0.9326993998533994,0.1480233286678488,2.392523364485981,107,256,692,1661
sciver_val_65,1,256,32,0.0161290322580645,1.0,0.03125,0.0,0.1739926363384381,0.0161290322580645,1.0,1.0,1.0,0.03125,0.1739926363384381,0.0,1.0,0.0,1.0,0.0,0.0,0.0,0.0,0.0,0.0,0.0,0.0,0.0,0.0,0.0,0.0,0.0,0.0,0.0,0.0,0.0,0.0,0.0,0.0,0.0,0.0,0.0,0.0,1.0,1.0,1.0,1.0,0.0,1.0,0.0,0.0,1.0,1.0,0.0,0.0,1.0,0.0,1.0,0.0,0.0,0.0,0.0,0.0,0.0,0.0,0.0,0.0,0.0,0.0,0.0,0.0,0.0,0.0,0.0,0.0,0.0,0.0,0.0,0.0,0.0,0.0,0.0,0.8671875,256,222,1339,1163
sciver_val_66,1,256,32,-17.838709677419367,244.0,-17.25,-384.0,176.05361399301066,95.80645161290325,0.3870967741935484,31.0,253.0,92.84375,76.9513277074379,6.1144119042199945,1.0,1261.0,1262.0,0.9682616269801004,0.0765432577503018,0.2170333558542744,0.3079310647676025,0.1359257739771614,96.52104802313062,113.64516129032258,0.8709677419354839,23.0,422.0,110.09375,135.719001841811,6.519880528556722,0.0,1605.0,1605.0,0.6615545899243527,0.072037762874326,0.2146477919448149,0.2987970026321404,0.1039526653774868,115.62060941329324,0.0846970133980332,0.1690801818533793,64.08064516129032,249.0,62.09375,-29.0,78.18182308527668,102.43548387096776,0.4193548387096774,30.0,250.0,99.25,77.7041665549538,5.986296991181268,1.0,1231.0,1232.0,0.9411764705882352,0.0834711138720313,0.2627450980392157,0.492156862745098,0.1640603108565231,102.7529411764706,38.35483870967742,0.6129032258064516,19.0,128.0,37.15625,41.78898582087749,5.819282522174547,0.0,731.0,731.0,0.4196078431372548,0.0574930929964324,0.184313725490196,0.2137254901960784,0.0792686012528566,42.027450980392146,0.9365316242514972,0.1561013717242677,1.532934131736527,167,256,543,831
sciver_val_69,1,256,32,-9.70967741935484,124.0,-9.375,-139.0,82.56351721553534,46.96774193548388,0.3548387096774194,30.0,130.0,45.53125,37.59237320837167,5.2458798946996605,1.0,853.0,854.0,0.9967293158178868,0.0545541984903342,0.154912625048493,0.2908311832037411,0.1341169460128206,46.53473131225509,56.67741935483871,0.7741935483870968,21.0,157.0,54.90625,59.264955588758355,5.611973392696616,0.0,806.0,806.0,0.7106977349095946,0.0729253739948676,0.2661944785984504,0.3604349562696587,0.1234188535242614,58.777851439863355,0.0470226823304743,0.1271035219909442,40.887096774193544,132.0,39.625,-18.0,44.851665242218154,57.467741935483865,0.3548387096774194,29.0,132.0,55.6875,38.81803503205694,5.361065977500816,1.0,903.0,904.0,0.9686274509803922,0.066579810218661,0.187450980392157,0.3992156862745096,0.1648088142192909,60.12156862745097,16.580645161290324,0.7419354838709677,18.0,53.0,16.0625,18.24475523952021,4.438648960922739,0.0,293.0,293.0,0.5490196078431373,0.0632804657699257,0.2407843137254903,0.4290196078431372,0.1267661946190927,18.541176470588233,0.8799146465226717,0.1391676271752604,1.0,256,256,1661,1661
sciver_val_70,1,256,32,-2.580645161290327,195.0,-2.46875,-182.0,100.43529769676346,58.54838709677419,0.4516129032258064,29.0,208.0,56.75,56.33216221662364,5.563948196462593,1.0,632.0,633.0,0.9652730896290852,0.0892085746504006,0.2417539871328519,0.3463546919348182,0.1441051439945501,56.379819179053214,61.12903225806451,0.7741935483870968,24.0,205.0,59.21875,69.11346394471558,5.788445491792654,0.0,756.0,756.0,0.8983566875285804,0.0832454922990977,0.2791523645265864,0.3381895643070783,0.124133482673076,62.933592178117934,0.0990454314334989,0.1866319293290828,33.20967741935484,141.0,32.1875,-32.0,44.93358814684178,52.08064516129032,0.5483870967741935,26.0,145.0,50.46875,44.1269364837114,5.217883731386058,1.0,506.0,507.0,0.7490196078431373,0.1045958304270324,0.3823529411764705,0.5598039215686275,0.1734940216936207,52.92549019607843,18.87096774193549,0.967741935483871,18.0,69.0,18.28125,23.927278333264315,4.73286462757633,0.0,369.0,369.0,0.5176470588235293,0.0583771720070141,0.2109803921568625,0.3568627450980393,0.111246852037064,21.541176470588233,0.8890901548672566,0.1815071144917221,2.265486725663717,113,256,725,1643
sciver_val_72,1,256,32,19.161290322580633,170.0,18.59375,-141.0,87.7132613174171,71.38709677419354,0.5161290322580645,30.0,179.0,69.1875,58.29742570431391,5.718960705572058,1.0,671.0,672.0,0.9265448492303356,0.1061968079972338,0.3024666784126489,0.4095960272392244,0.149257822510173,71.25805816614388,52.22580645161291,0.8064516129032258,19.0,188.0,50.59375,65.20777339349581,5.822959047015939,0.0,787.0,787.0,0.6302654794723574,0.0680168906493808,0.2230287832923791,0.2668663024724819,0.0960547700229977,53.52929294106273,0.0551676577069281,0.1317804929458622,94.88709677419352,170.0,91.9375,0.0,62.87931769469195,102.98387096774192,0.6774193548387096,30.0,189.0,99.78125,66.83876793027756,5.662522562084495,1.0,703.0,704.0,0.984313725490196,0.1481772794466292,0.5090196078431375,0.6423529411764703,0.2165413894677639,104.16862745098038,8.096774193548388,0.935483870967742,19.0,32.0,7.84375,9.391183947591486,4.418967699332425,0.0,311.0,311.0,0.4627450980392157,0.0315364731101443,0.0705882352941176,0.1862745098039215,0.0765864780378078,9.8078431372549,0.968770906554446,0.1088819630764778,1.610062893081761,159,256,538,864
sciver_val_73,1,256,32,13.645161290322577,65.0,13.25,-95.0,41.49322233811204,35.41935483870967,0.1290322580645161,30.0,65.0,34.34375,16.38522462273557,4.966622184553325,1.0,355.0,356.0,0.9775409671960148,0.0951464816965013,0.2652347958140881,0.371119247851896,0.1636892339578358,33.77700100225799,21.7741935483871,0.935483870967742,19.0,105.0,21.09375,30.53518398401261,5.3657785527830235,0.0,570.0,570.0,0.5659097923345717,0.0409287358912569,0.118405891165782,0.1980732894412799,0.0738171924367549,23.32937945801646,0.1958385605621375,0.2471913134095117,25.999999999999996,69.0,26.28125,-9.0,14.230764155079656,32.58064516129032,0.0,24.0,69.0,32.65625,14.070379736791043,4.719450931187934,1.0,337.0,338.0,1.0,0.094338744399837,0.2298039215686286,0.5066666666666664,0.1925709359804537,31.7921568627451,6.580645161290323,0.967741935483871,24.0,26.0,6.375,5.577577879330776,4.539449115166333,0.0,280.0,280.0,0.7411764705882352,0.0287955182072829,0.0588235294117646,0.1064705882352942,0.0691421617388534,8.062745098039214,0.7020156088751289,0.3556531418206051,6.7368421052631575,38,256,248,1661
sciver_val_75,1,256,32,3.12903225806451,79.0,3.0625,-179.0,59.259459951555414,49.193548387096776,0.9032258064516128,29.0,147.0,47.6875,40.06981212521466,5.825287582882509,1.0,961.0,962.0,0.9413119963002722,0.0498935204471699,0.147596522666157,0.2516675192773195,0.0944341531315969,47.94767314973028,46.06451612903227,0.967741935483871,20.0,193.0,44.625,59.98111682021268,6.2038034440475,0.0,1230.0,1230.0,0.5607015784043311,0.0402840788912335,0.1189489413705567,0.1840998568935423,0.0678788049272526,49.54941703621722,0.0457870864500881,0.104396642860373,33.43548387096772,284.0,32.40625,-240.0,79.03514225290861,67.75806451612902,0.5483870967741935,27.0,287.0,65.65625,62.01693789552576,5.844180826855688,1.0,903.0,904.0,0.8666666666666667,0.0770199552689292,0.2690196078431378,0.3917647058823528,0.1328091223135561,69.54901960784314,34.32258064516131,0.935483870967742,13.0,284.0,33.25,63.486218977034696,6.2530742299758275,0.0,958.0,958.0,0.3647058823529412,0.0342093413565843,0.0862745098039216,0.1215686274509804,0.0454070532374589,32.77254901960784,0.9295706558485464,0.1162238634138183,1.7655172413793103,145,256,1000,1761
sciver_val_77,1,256,32,-7.225806451612916,291.0,-6.96875,-512.0,176.40693091099766,102.51612903225806,0.6774193548387096,30.0,335.0,99.34375,104.39366880198004,6.657327273251902,1.0,1808.0,1809.0,0.9561843691903492,0.0571032013039327,0.152160605513465,0.2390695311005312,0.092245212288441,103.2425879575105,109.741935483871,0.935483870967742,25.0,544.0,106.3125,164.11132606785554,6.846386827214539,0.0,2188.0,2188.0,0.7802595850777274,0.0516340563126651,0.1394270544092209,0.1984338412831807,0.0819150308514395,112.97531521211138,0.0766318702296301,0.1569805853365018,125.83870967741936,306.0,122.1875,-15.0,113.24046248470552,143.09677419354838,0.6774193548387096,29.0,319.0,138.90625,117.36624285090454,6.4024748367321465,1.0,1501.0,1502.0,1.0,0.0969131689984454,0.3333333333333332,0.4627450980392156,0.1550213682384424,145.46666666666664,17.258064516129036,0.967741935483871,17.0,103.0,16.71875,26.76779125063366,5.6699066053841465,0.0,892.0,892.0,0.7686274509803921,0.0240833553152202,0.0705882352941176,0.1098039215686275,0.0568231945387614,21.482352941176465,0.921448578123718,0.2036078091672225,1.0711297071129706,239,256,1550,1661
sciver_val_79,1,256,32,-9.564516129032269,380.0,-9.21875,-419.0,253.1794983770161,136.1129032258065,0.3870967741935484,30.0,390.0,131.90625,131.11334776039203,6.305458736633938,1.0,1098.0,1099.0,0.9758576625905672,0.1237464116860366,0.3314889357070026,0.4323908238390216,0.1582069833788595,135.87356003126828,145.67741935483872,0.7096774193548387,22.0,452.0,141.125,164.02415027976826,6.45623287614114,0.0,1487.0,1487.0,0.5835231107890881,0.0999136967887401,0.3245226713726318,0.3989800556529546,0.1368396727573277,148.57166712485662,0.1517131295788208,0.2299450704416266,162.59677419354836,330.0,158.03125,-5.0,111.1773595361821,205.14516129032253,0.3548387096774194,31.0,339.0,199.25,103.02062900215664,6.13078426234871,1.0,1066.0,1067.0,1.0,0.1943935547952764,0.6431372549019607,0.8098039215686275,0.2700981745360166,207.22352941176473,42.5483870967742,0.6774193548387096,23.0,71.0,41.21875,30.336379125358715,4.996540752736879,0.0,715.0,715.0,0.7803921568627451,0.0653887289181406,0.2062745098039217,0.5411764705882354,0.1620282814237041,46.75294117647058,0.9107644409114998,0.2075057172092072,2.3063063063063063,111,256,2825,6525
sciver_val_81,1,256,32,28.967741935483865,160.0,28.09375,-116.0,80.12504265794496,88.54838709677419,0.4838709677419355,30.0,169.0,85.8125,55.064982917912545,5.622455289025046,1.0,653.0,654.0,0.9257710754539934,0.1344093185994942,0.4319802226290737,0.7033066080046798,0.2031311815784375,87.76928504546974,59.580645161290334,0.7419354838709677,21.0,149.0,57.71875,50.73782758886608,5.712281738715113,0.0,671.0,671.0,0.7092325529269432,0.0910447815772163,0.2725829025100227,0.3595906236301875,0.1255848641382027,61.09104843831216,0.0883982163567708,0.1909945256595847,47.887096774193544,168.0,46.40625,-211.0,76.0624165467907,62.241935483870975,0.7096774193548387,20.0,181.0,60.3125,63.12410271639511,5.453649020848446,1.0,676.0,677.0,0.5411764705882353,0.0940190277294349,0.4274509803921568,0.4862745098039215,0.1569044042376373,63.55686274509803,14.354838709677423,0.935483870967742,13.0,232.0,13.90625,41.182034443887055,6.030420235028638,0.0,729.0,729.0,0.2588235294117647,0.0209580677264047,0.0470588235294118,0.0729411764705883,0.0285699771933126,15.278431372549033,0.9436109355851716,0.0964978741815062,2.0,128,256,832,1661
sciver_val_84,1,256,32,8.806451612903217,181.0,8.5625,-259.0,98.62331668398706,47.51612903225807,0.6451612903225806,21.0,188.0,46.0625,64.46216792623407,6.449103840839871,1.0,1505.0,1506.0,0.5699914675299355,0.0313142545326162,0.0700523145271609,0.1337406023904893,0.0562648198150083,47.12795307158749,38.70967741935485,0.9032258064516128,16.0,264.0,37.5,70.5943517570634,6.192866949483238,0.0,1345.0,1345.0,0.9146820082523646,0.0303255489620006,0.0935074512740301,0.1307216317975432,0.0574124486572982,40.78786335389086,0.0976467455424641,0.2014637697502056,127.741935483871,448.0,123.75,-17.0,151.93131671910172,138.27419354838713,0.6129032258064516,22.0,461.0,134.0,154.96552035856234,6.652768073805912,1.0,1481.0,1482.0,0.6862745098039216,0.0948696561676662,0.2313725490196078,0.2862745098039215,0.1114177679580933,140.50196078431372,10.532258064516132,0.935483870967742,13.0,42.0,10.25,11.20267825120404,4.268239179850144,0.0,337.0,337.0,1.0,0.035910862861465,0.0784313725490196,0.1529411764705882,0.1067920692627732,12.101960784313722,0.6431888488902505,0.4519554651387745,1.7777777777777777,144,256,843,1494
sciver_val_86,1,256,32,21.516129032258068,149.0,20.875,-74.0,53.092931497516695,92.32258064516132,0.5806451612903225,29.0,165.0,89.46875,39.969507420501195,5.415615973675806,1.0,646.0,647.0,0.9763524123478822,0.1421755835888178,0.4920818447125898,0.9365713448166092,0.2520407268999308,91.84542699837635,70.80645161290323,0.7741935483870968,27.0,144.0,68.59375,38.32742113601566,5.370116287215523,0.0,634.0,634.0,0.777980762441144,0.1138287683552044,0.4947507808372563,0.6177798965854401,0.1934139802878013,72.16743913719961,0.0589916013232506,0.1625916819492016,53.98387096774193,179.0,52.3125,0.0,58.812433581258986,60.37096774193548,0.7419354838709677,17.0,179.0,58.5,63.29889414515865,5.315109786209258,1.0,530.0,531.0,0.5450980392156863,0.1167813540510543,0.4980392156862745,0.5254901960784314,0.1759226228926964,61.89411764705881,6.387096774193549,0.8709677419354839,10.0,40.0,6.1875,12.094517094535028,4.803479702811645,0.0,266.0,266.0,0.188235294117647,0.0288073123986436,0.0862745098039216,0.1254901960784313,0.0418019236799697,7.662745098039213,0.982253205381615,0.0696283837271384,1.3763440860215057,186,256,2264,3124
sciver_val_87,1,256,32,3.0967741935483857,72.0,3.03125,-77.0,44.574715629350905,28.87096774193548,0.3548387096774194,26.0,74.0,28.0,24.313062332828416,4.52783349812185,1.0,212.0,213.0,0.8842972697596827,0.131206462152073,0.3839543482793753,0.5559986015392221,0.188461435988087,27.81576997623948,25.774193548387096,0.7419354838709677,22.0,92.0,24.96875,30.789085297187704,4.906008197086431,0.0,294.0,294.0,0.7522988248483681,0.087847385044306,0.2498069278694849,0.3275376377180232,0.1200811850775188,25.827131203025967,0.109783417263142,0.1898803820909789,29.532258064516125,90.0,28.625,0.0,26.949895639872153,35.596774193548384,0.3870967741935484,27.0,91.0,34.5,25.73300409979371,4.457823476162524,1.0,189.0,190.0,0.9254901960784314,0.1877995642701524,0.6007843137254906,0.816470588235294,0.2515912052373457,35.49411764705882,6.064516129032258,0.8387096774193548,17.0,18.0,5.875,6.2287137516504965,3.530028457938473,0.0,118.0,118.0,0.5294117647058824,0.0555998670654702,0.2160784313725489,0.3223529411764703,0.1109464738202893,6.560784313725488,0.9357059183967704,0.1587402397722286,7.529411764705882,34,256,111,830
sciver_val_90,1,256,32,-28.983870967741936,155.0,-28.03125,-344.0,158.1868919140821,88.91935483870968,0.6451612903225806,30.0,182.0,86.1875,64.69033810199171,6.081364597789254,1.0,836.0,837.0,0.9531575820781688,0.10588071513522,0.2648416300592064,0.3613104533287309,0.1416758044328569,88.51627785304399,117.90322580645162,0.8064516129032258,19.0,410.0,114.21875,147.50778250125484,6.557773432271345,0.0,1270.0,1270.0,0.5081428427789716,0.0933492697362002,0.2503087237912417,0.3073219658759525,0.1027792980305906,118.55357256497436,0.1402825346104533,0.2004865243879935,85.69354838709675,218.0,83.03125,-125.0,80.40696657278833,115.30645161290322,0.6451612903225806,30.0,235.0,111.71875,72.92600461040972,5.9218191135511855,1.0,708.0,709.0,0.9686274509803922,0.1637365680735571,0.4117647058823529,0.5619607843137253,0.1967778455532935,115.92549019607844,29.612903225806456,0.967741935483871,14.0,160.0,28.6875,44.14283456859109,5.745365933995436,0.0,726.0,726.0,0.4823529411764705,0.04725868308756,0.1411764705882353,0.1911764705882352,0.0726892695911316,34.30980392156862,0.913086457576858,0.1762969387165178,3.1604938271604937,81,256,1012,3188
sciver_val_92,1,256,32,0.2580645161290231,180.0,0.28125,-247.0,118.89549885692688,78.12903225806453,0.5483870967741935,28.0,197.0,75.71875,67.30074032607294,6.013167538234442,1.0,829.0,830.0,0.9005068532825519,0.0933382857704173,0.2167894843057271,0.2964555157925183,0.1286463312325409,77.377438903676,77.87096774193549,0.8064516129032258,21.0,319.0,75.4375,102.12918825561084,6.218281271399007,0.0,1018.0,1018.0,0.601891819525952,0.0797720247541601,0.2164574299912836,0.2906273642656613,0.0988598314533264,81.20792119973501,0.0741500686669371,0.1402343143161184,78.98387096774192,186.0,76.625,-320.0,103.93951065403375,112.08064516129032,0.6451612903225806,30.0,213.0,108.6875,70.87331898359213,5.791467685184077,1.0,839.0,840.0,1.0,0.1359414802869896,0.4784313725490196,0.6470588235294117,0.212634935232489,114.05490196078432,33.0967741935484,0.935483870967742,21.0,356.0,32.0625,65.05091155202977,5.635800571069391,0.0,710.0,710.0,0.7843137254901961,0.0499585749792875,0.0745098039215687,0.2107843137254892,0.0993558424415825,35.47058823529412,0.9172678262481464,0.1306954339589786,2.1512605042016806,119,256,769,1661
sciver_val_93,1,256,32,-0.5483870967741926,138.0,-0.5,-162.0,87.62847710647492,52.935483870967744,0.4516129032258064,27.0,148.0,51.3125,49.136568294397605,5.404770096082948,1.0,520.0,521.0,0.9367644432400504,0.1013536346580779,0.2545092365297123,0.4477884541620716,0.1518877091570323,52.70389002220052,53.48387096774193,0.7741935483870968,20.0,187.0,51.8125,64.1153440585793,5.523327238432433,0.0,610.0,610.0,0.5541219908236525,0.0898489110749248,0.3040245306753569,0.3764634896114967,0.1266730628532785,54.807835755704176,0.0645202162091797,0.1601517738445922,36.37096774193549,112.0,35.25,-24.0,46.716565584383446,47.016129032258064,0.5161290322580645,24.0,112.0,45.5625,42.902460229571915,5.111081278015872,1.0,401.0,402.0,0.7450980392156863,0.1172265414894137,0.3490196078431372,0.5490196078431373,0.1715808459394542,47.007843137254895,10.645161290322584,0.9032258064516128,12.0,55.0,10.3125,18.803984783816436,4.465898227546431,0.0,249.0,249.0,0.3725490196078431,0.0496574533427828,0.1890196078431373,0.2196078431372549,0.0831458358251378,12.36470588235294,0.9729503497305356,0.096396871741622,1.4970760233918128,171,256,1052,1578
sciver_val_97,1,256,32,6.516129032258064,150.0,6.34375,-216.0,88.02684582522255,50.09677419354839,0.6451612903225806,29.0,168.0,48.5625,55.21375366473466,5.735934638600806,1.0,927.0,928.0,0.8615014955359493,0.0537694999260269,0.156478145924707,0.2223270146597128,0.1051846301416831,49.84432643142699,43.580645161290334,0.8709677419354839,21.0,232.0,42.21875,68.33316104526045,6.005603731039016,0.0,1050.0,1050.0,0.7142235115197042,0.0436365990331593,0.1496168460910182,0.1926382247523985,0.07146361104543,45.818428984817345,0.0406488513539563,0.0984576575662861,60.03225806451613,195.0,58.1875,-15.0,66.15391026802573,79.41935483870968,0.5806451612903225,28.0,203.0,76.96875,68.09298989938318,5.718893323529228,1.0,806.0,807.0,0.9215686274509804,0.0979759645793801,0.2823529411764706,0.4843137254901961,0.1635892245375625,78.96862745098038,19.387096774193555,0.8387096774193548,16.0,68.0,18.78125,25.28059331656399,5.0907270013556385,0.0,436.0,436.0,0.4549019607843136,0.0516459794927145,0.1941176470588235,0.2715686274509804,0.0888766521763001,22.517647058823528,0.9724574062579578,0.0937968130103231,1.6623376623376624,154,256,997,1661
sciver_val_99,1,256,32,-42.35483870967742,262.0,-41.0,-521.0,201.67284770141964,119.51612903225808,0.967741935483871,31.0,378.0,115.8125,92.50994456678698,6.635844947948097,1.0,2276.0,2277.0,0.985186874392974,0.0498562304886198,0.1712273948171875,0.2216873587358435,0.0958436135336893,113.47278059209886,161.87096774193552,0.8709677419354839,24.0,574.0,156.8125,178.47048731863205,6.960569433698263,0.0,2833.0,2833.0,0.6234986064688676,0.063844442790894,0.2111764822854163,0.3596442990352617,0.1096715076162189,180.87130642660273,0.0664919384443371,0.1448031868761151,91.46774193548389,204.0,88.84375,1.0,66.19956069293436,116.30645161290325,0.967741935483871,31.0,267.0,112.90625,68.6824028477273,6.348065730026603,1.0,1400.0,1401.0,1.0,0.0836610644257703,0.2470588235294117,0.3921568627450981,0.135063141534886,117.12549019607845,24.838709677419356,0.7741935483870968,17.0,113.0,24.0625,35.782273456978665,6.330083502838352,0.0,1584.0,1584.0,0.4823529411764705,0.0236309170132699,0.0470588235294117,0.1131372549019604,0.0513744103969799,37.43137254901959,0.96015931372549,0.1218047665639986,1.248780487804878,205,256,2400,3000
sciver_val_101,1,256,32,8.516129032258062,347.0,8.28125,-285.0,140.37544175687393,73.9032258064516,0.7096774193548387,25.0,402.0,71.625,108.20170689503932,6.223536570763981,1.0,1227.0,1228.0,0.8808010235107177,0.0592747895725281,0.1597214108832736,0.248535295643397,0.0950352742785847,72.73016680549206,65.38709677419355,0.8709677419354839,18.0,343.0,63.34375,105.17741243222092,6.433365785974166,0.0,1401.0,1401.0,0.8485196628228782,0.0488784344817763,0.1480138156643091,0.182180672236613,0.0715531758488852,68.47868670896872,0.0801363727966416,0.1201420851305945,118.53225806451611,361.0,114.9375,-18.0,121.2829691001585,133.1451612903226,0.6451612903225806,26.0,367.0,129.09375,125.54764020457532,6.053956484129008,1.0,981.0,982.0,1.0,0.1360556454997901,0.4352941176470588,0.5137254901960784,0.1871428936713261,133.47058823529412,14.612903225806452,0.967741935483871,17.0,105.0,14.15625,26.18457247956323,5.606254014290116,0.0,705.0,705.0,0.3686274509803922,0.0233680990126547,0.0392156862745097,0.1098039215686274,0.04770698283154,16.474509803921567,0.9379877023483812,0.1116941130314098,1.9844961240310075,129,256,448,892
sciver_val_102,1,256,32,-199.4193548387097,741.0,-193.15625,-1634.0,737.7683456451201,227.9032258064516,0.6129032258064516,30.0,845.0,220.8125,278.76989138669546,7.275763559916701,1.0,2645.0,2646.0,0.9333500160737734,0.0860695279781262,0.2276381312104293,0.3104976386693795,0.1050315211118529,227.653901502144,427.32258064516134,0.8064516129032258,21.0,1709.0,413.96875,603.3710241413963,7.803473270167249,0.0,3922.0,3922.0,0.6037081914970637,0.1099037073809198,0.2685679954512152,0.3060977357456062,0.1035732301420541,431.0423403479677,0.1926950420060917,0.1841956415217554,50.20967741935479,653.0,48.65625,-745.0,352.4850714369865,209.6290322580645,0.5806451612903225,27.0,690.0,203.09375,227.3460137344341,7.164037081006999,1.0,2294.0,2295.0,0.8470588235294118,0.0914918713780193,0.2352941176470588,0.2941176470588235,0.1060544136830387,209.8823529411765,159.4193548387097,0.967741935483871,18.0,767.0,154.4375,234.33908891550723,7.061181167427919,0.0,2837.0,2837.0,0.4705882352941176,0.063877196983834,0.2470588235294117,0.2941176470588235,0.0967325214682301,181.21960784313725,0.8865186948123619,0.1652173481479568,1.695364238410596,151,256,2441,4131
sciver_val_103,1,256,32,0.9677419354838644,153.0,1.0,-151.0,85.6665045394056,43.83870967741935,0.4838709677419355,27.0,156.0,42.53125,46.1322720385361,5.738445890487743,1.0,855.0,856.0,0.798047316817002,0.0503468449696972,0.1688893705868607,0.2132189898126543,0.0870479010718325,43.04655244909111,42.870967741935495,0.8387096774193548,17.0,163.0,41.53125,61.168304892628015,5.691240549477559,0.0,842.0,842.0,0.5764822537465161,0.0533198952211059,0.1723831176159598,0.282182678105596,0.0926135800492036,44.89535177617124,0.0889736547451941,0.1687389781398144,6.870967741935486,41.0,7.15625,-89.0,27.16858178001752,31.645161290322577,0.0,29.0,103.0,32.28125,19.018468614415305,4.9709398350347005,1.0,437.0,438.0,0.8823529411764706,0.067187149459326,0.2462745098039218,0.3803921568627451,0.1291895804570782,29.36078431372549,24.774193548387096,0.5483870967741935,27.0,130.0,25.125,27.1186628542043,5.567537737877212,0.0,821.0,821.0,0.8392156862745098,0.0313868787466265,0.0509803921568626,0.1254901960784314,0.0791655576363992,25.76862745098039,0.146123798076923,0.2526490830247801,1.4065934065934067,182,256,1119,1576
sciver_val_106,1,256,32,2.999999999999994,184.0,2.9375,-193.0,112.47442417612103,77.16129032258064,0.3870967741935484,29.0,187.0,74.78125,60.907067721550185,5.780130634239972,1.0,734.0,735.0,0.8956040293202725,0.1046685953663959,0.2993519595953851,0.3608519296720553,0.1534029549578028,76.82674899893462,74.16129032258065,0.7096774193548387,22.0,245.0,71.84375,82.39353333810548,5.885322705935016,0.0,885.0,885.0,0.6020484076179531,0.0853786506665036,0.3018185074436866,0.354413588120081,0.1235545354896928,75.56010583985577,0.0707084280458885,0.1770670390633255,56.66129032258064,171.0,54.90625,0.0,55.51878025441031,76.95161290322581,0.4516129032258064,27.0,171.0,74.5625,55.688271599592674,5.521175868761624,1.0,604.0,605.0,0.8470588235294119,0.130216854953902,0.3725490196078431,0.5994117647058824,0.1932509118200575,78.65098039215685,20.29032258064516,0.935483870967742,14.0,61.0,19.65625,22.64344465706355,4.530540862735887,0.0,296.0,296.0,0.5019607843137255,0.0754901960784313,0.3705882352941176,0.438235294117647,0.1384000041023481,22.345098039215685,0.9709439073852892,0.1055896201912834,1.299492385786802,197,256,435,565
sciver_val_108,1,256,32,24.25806451612904,210.0,23.53125,-79.0,59.99530417822298,71.06451612903227,0.6451612903225806,29.0,249.0,68.875,65.74750470550194,5.84313507790393,1.0,1166.0,1167.0,0.9977593839453784,0.0588452319275752,0.1790676347912455,0.358585655373591,0.1193740171750262,68.61354042755272,46.806451612903224,0.8064516129032258,24.0,173.0,45.34375,57.06991839785212,5.819526154013515,0.0,1193.0,1193.0,0.6658564797529247,0.0415205698642094,0.1448076379971792,0.2190154984044782,0.0873415216902192,49.53403984800186,0.0503503474044643,0.1347249553161249,70.43548387096774,198.0,68.25,0.0,61.16269287727609,79.33870967741936,0.6129032258064516,28.0,213.0,76.875,67.89824647956677,5.679356592902766,1.0,989.0,990.0,0.9725490196078432,0.0823965582188385,0.3372549019607843,0.4690196078431369,0.1566215198306428,81.49019607843135,8.903225806451614,0.7741935483870968,19.0,33.0,8.625,11.14604750573045,5.699787176167264,0.0,895.0,895.0,0.4156862745098039,0.0149282506298608,0.0258823529411765,0.0705882352941176,0.0363769482048712,13.36078431372548,0.8953960959383752,0.2311421457798642,0.95703125,256,245,630,604
sciver_val_110,1,256,32,3.048387096774191,35.0,3.0,-37.0,12.015614840697916,6.564516129032258,0.7419354838709677,17.0,35.0,6.40625,7.398730359832016,4.252029074312751,1.0,147.0,148.0,0.4775957516302855,0.039431049785583,0.1120968196348684,0.1307588856792893,0.057049174634119,5.7963643184807125,3.5161290322580654,0.935483870967742,8.0,38.0,3.40625,8.395904414504729,4.044611059211851,0.0,122.0,122.0,0.2304372119405009,0.0308265615353489,0.0855077784869132,0.091253533719565,0.0415886072379013,3.7608405073125697,0.115790490651904,0.2331733706131016,1.935483870967741,21.0,1.90625,-15.0,8.434895431331677,4.741935483870968,0.8709677419354839,10.0,25.0,4.625,6.401904013650939,4.1583985915802835,1.0,119.0,120.0,0.2431372549019608,0.0312077772285384,0.0721568627450981,0.1137254901960783,0.0434295433442056,3.713725490196077,2.8064516129032264,0.7741935483870968,9.0,22.0,2.71875,6.2160798287586365,3.8720712273789575,0.0,115.0,115.0,0.1490196078431372,0.0201193520886615,0.0666666666666666,0.1176470588235294,0.0347904643185972,2.313725490196078,0.6902072728129713,0.4059418383260134,9.846153846153848,26,256,168,1661
sciver_val_112,1,256,32,5.09677419354837,116.0,4.96875,-459.0,112.07767517858989,65.83870967741936,0.8709677419354839,29.0,148.0,63.8125,44.17467989414298,5.729327136986921,1.0,843.0,844.0,0.8671963019148594,0.0779620765758307,0.2331957127443929,0.4120937702079624,0.1420922309738576,65.7220305534253,60.74193548387098,0.935483870967742,22.0,462.0,58.84375,91.8633868085512,6.27614274008086,0.0,986.0,986.0,0.5711873618939604,0.0645277943926847,0.1543963790817517,0.233442236817641,0.0846858071611285,63.62440527118714,0.1306971136093702,0.1852860014621695,36.564516129032256,187.0,35.4375,-78.0,54.18252572324402,40.983870967741936,0.935483870967742,16.0,188.0,39.71875,50.582379821806526,5.482562346719988,1.0,615.0,616.0,0.5098039215686274,0.0665008767734736,0.2274509803921568,0.3513725490196074,0.1096283012696466,40.89803921568627,4.419354838709681,0.967741935483871,8.0,128.0,4.28125,22.230657849859053,5.411167647998751,0.0,289.0,289.0,0.0627450980392156,0.0258769251645294,0.0470588235294118,0.0509803921568627,0.016972567314464,7.478431372549019,0.9559524472667856,0.0922349023666214,3.878787878787879,66,256,423,1645
sciver_val_114,1,256,32,3.5806451612903243,141.0,3.625,-111.0,59.782810029305246,32.19354838709677,0.4838709677419355,27.0,141.0,31.34375,33.80145094426421,5.218573749686296,1.0,404.0,405.0,0.9547415314411812,0.0766839439763394,0.2001253084033394,0.2677587373718039,0.1178920694824269,30.98031336644114,28.612903225806456,0.8064516129032258,15.0,118.0,27.71875,40.061073980080714,5.2448542054768925,0.0,511.0,511.0,0.4811607741898369,0.0580315642192446,0.1989775036033952,0.2648298217975199,0.0935730714562187,29.654129316034023,0.0571715672427282,0.1759699061247227,28.9516129032258,107.0,28.03125,-18.0,35.06554966683825,43.16129032258064,0.4838709677419355,31.0,117.0,41.90625,30.48089501536167,5.102682363180252,1.0,428.0,429.0,0.996078431372549,0.1001466006963533,0.2729411764705883,0.5345098039215684,0.1718686506681801,42.86274509803921,14.20967741935484,0.5806451612903225,23.0,69.0,13.875,14.349978222979992,5.022920897303398,0.0,485.0,485.0,1.0,0.0361673741661612,0.0729411764705882,0.1945098039215683,0.0859659569671447,17.541176470588226,0.5951695895749604,0.4685115758861918,1.590062111801242,161,256,838,1329
sciver_val_115,1,256,32,-10.290322580645164,77.0,-9.9375,-102.0,59.36114970037221,48.58064516129031,0.3870967741935484,29.0,97.0,47.09375,31.486464725934223,5.004171355839697,1.0,410.0,411.0,0.9259062523269824,0.1169666190792591,0.3706120523002879,0.6105185070779297,0.1965108862104892,47.95631382249623,58.87096774193549,0.6451612903225806,25.0,143.0,57.03125,50.596124095008506,5.474877486174876,0.0,474.0,474.0,0.638178397011943,0.1258406914114536,0.3413035277778263,0.4726630228757433,0.1524125361341886,59.648487729029,0.0893831218800828,0.1810015074950824,34.88709677419355,111.0,33.8125,0.0,40.75340284871927,38.822580645161295,0.6451612903225806,19.0,113.0,37.625,43.00926499023205,4.996582375042417,1.0,367.0,368.0,0.5607843137254902,0.1048244911043436,0.3780392156862746,0.4474509803921567,0.1518055735953263,38.47058823529411,3.935483870967743,0.967741935483871,11.0,30.0,3.8125,6.948189962141219,4.928056595602749,0.0,332.0,332.0,0.2627450980392156,0.0162650602409638,0.0352941176470588,0.0762745098039215,0.0314372767719251,5.399999999999997,0.9569223382950742,0.0878859695656378,3.1219512195121952,82,256,532,1661
sciver_val_117,1,256,32,4.483870967741931,91.0,4.375,-119.0,55.13775362671207,53.41935483870968,0.6774193548387096,27.0,110.0,51.78125,29.658192770927563,5.765803562385024,1.0,716.0,717.0,0.937486700858786,0.0743795029432578,0.1572941597135188,0.3005217964827777,0.1289866274611351,53.25572410737264,48.93548387096776,0.8709677419354839,24.0,142.0,47.40625,49.50306769218954,5.619811014126744,0.0,737.0,737.0,0.6496091223357517,0.0683429355493946,0.2101562168935562,0.326178761965659,0.1117973020666587,50.36874349990384,0.0414779222109963,0.125945644372291,23.46774193548387,102.0,22.75,-76.0,45.704212059721584,50.11290322580645,0.3870967741935484,28.0,133.0,48.5625,38.67406875090853,5.398510206037514,1.0,794.0,795.0,0.9529411764705882,0.0619993085395367,0.17921568627451,0.3386274509803918,0.1439539728738469,49.22745098039216,26.64516129032258,0.6774193548387096,24.0,98.0,25.8125,30.510692285656187,6.310926393672052,0.0,1333.0,1333.0,0.5372549019607843,0.0233058264566141,0.0392156862745098,0.0588235294117647,0.0504225254617027,31.066666666666663,0.7267426973808848,0.2605227979750804,1.2367149758454106,207,256,323,400
sciver_val_118,1,256,32,-4.870967741935484,146.0,-4.6875,-234.0,115.11826459667466,60.51612903225807,0.3870967741935484,27.0,155.0,58.65625,53.81891475993826,5.715544006383853,1.0,643.0,644.0,0.9789665458697906,0.0929333032804133,0.2314468236803252,0.3333405255718133,0.1295981470572688,59.75611400930576,65.38709677419355,0.8064516129032258,21.0,239.0,63.34375,77.99423431214323,5.878754864587754,0.0,793.0,793.0,0.5612150298063833,0.0844681930469245,0.2533866334017632,0.303797678221456,0.1109666665673923,66.98327708621113,0.045543887921318,0.1330200438055312,40.080645161290334,155.0,38.84375,-68.0,55.59851019530559,52.17741935483872,0.6451612903225806,22.0,162.0,50.5625,55.06413164438354,5.5391375184080935,1.0,611.0,612.0,0.6549019607843137,0.0873463624402297,0.2745098039215686,0.4078431372549019,0.132956326263735,53.36862745098039,12.096774193548391,0.8387096774193548,15.0,138.0,11.71875,26.97943009845649,5.238999910076517,0.0,381.0,381.0,0.4117647058823529,0.0329267665071277,0.0509803921568627,0.0823529411764706,0.0555506770924656,12.545098039215684,0.9705288756127451,0.0774441948524585,1.0,256,256,1495,1495
sciver_val_119,1,256,32,-1.3225806451613011,91.0,-1.25,-236.0,101.29412618705985,68.03225806451611,0.7096774193548387,30.0,168.0,65.9375,42.95196262977979,5.975679919852237,1.0,803.0,804.0,0.994709811175827,0.0844374137396215,0.2129926323726817,0.3132598977645872,0.1170841945093535,67.80324323291612,69.35483870967742,0.8387096774193548,19.0,261.0,67.1875,92.14202268102215,6.170742324180464,0.0,1128.0,1128.0,0.5304364046848701,0.0628349183008996,0.2030467324877008,0.2576403356837115,0.0910757586074145,70.87778784341478,0.08793195911463,0.1677865297748507,69.83870967741936,144.0,68.375,-45.0,49.79316594674414,93.17741935483872,0.6451612903225806,31.0,171.0,91.03125,50.231641158113675,5.7850708449317585,1.0,763.0,764.0,1.0,0.1227404723357232,0.3529411764705883,0.5356862745098036,0.18187554932954,93.65098039215688,23.33870967741936,0.967741935483871,27.0,79.0,22.65625,19.293148678676065,5.300693546666065,0.0,663.0,663.0,0.5215686274509803,0.042125809599858,0.1513725490196084,0.2392156862745098,0.0889121403819764,27.929411764705875,0.934936061381074,0.1749562771400317,2.226086956521739,115,256,1338,2974
sciver_val_120,1,256,32,-5.193548387096783,237.0,-5.0,-396.0,170.8409347902311,94.41935483870968,0.3870967741935484,27.0,237.0,91.5,88.7144294914869,6.228032276151915,1.0,986.0,987.0,0.6611335765884945,0.0943180679135846,0.2553000836131799,0.3523409770028975,0.1205445453973763,92.99761496279446,99.61290322580643,0.8709677419354839,19.0,406.0,96.5,125.11469737804588,6.538864825138901,0.0,1337.0,1337.0,0.5649204908214318,0.0760088407396571,0.2010767273675676,0.2694047541328475,0.091448735926968,101.62382006892152,0.1383576650774408,0.1809914653230629,88.53225806451614,276.0,85.78125,-120.0,106.03588259847466,115.53225806451611,0.5806451612903225,27.0,284.0,111.9375,91.1554090208036,6.005923287501886,1.0,844.0,845.0,0.7450980392156862,0.1375894433602825,0.4458823529411767,0.5490196078431373,0.1787099833306871,116.12549019607845,27.0,0.935483870967742,21.0,131.0,26.15625,39.68714320705762,5.787588033976791,0.0,797.0,797.0,0.3882352941176471,0.0388663369990405,0.1254901960784313,0.1843137254901961,0.0638378585088977,30.976470588235287,0.9038817734974424,0.1664139519548511,2.782608695652174,92,256,2178,6058
sciver_val_121,1,256,32,13.548387096774198,103.0,13.15625,-89.0,59.51528657359805,45.74193548387096,0.5806451612903225,29.0,144.0,44.34375,41.05987196689123,5.2672779759854595,1.0,368.0,369.0,0.8254896217997648,0.1222055065474851,0.3227938222158404,0.4531380566503096,0.1548482693048777,44.97162640947453,32.193548387096776,0.8387096774193548,20.0,98.0,31.1875,33.959017119904985,5.23551704726012,0.0,429.0,429.0,0.4142056221716007,0.0778287547501275,0.2460472636811997,0.2943556058680757,0.1048769831653044,33.388535787804734,0.0729850273140881,0.168935265804679,37.596774193548384,131.0,36.4375,-13.0,43.295451190049974,40.7258064516129,0.7741935483870968,25.0,131.0,39.46875,41.59250561624654,4.984965343635089,1.0,348.0,349.0,0.6823529411764706,0.1178386297047554,0.4207843137254902,0.4927450980392155,0.1683105987342256,41.0078431372549,3.1290322580645165,0.9032258064516128,7.0,39.0,3.03125,8.705186582578227,4.594195087455294,0.0,157.0,157.0,0.1215686274509804,0.024178843511927,0.0588235294117647,0.0745098039215687,0.0252439213448049,3.796078431372548,0.9788584558823528,0.0720497319696562,3.4133333333333336,75,256,484,1660
sciver_val_123,1,256,32,3.483870967741933,131.0,3.40625,-168.0,84.83692421898321,49.09677419354839,0.5483870967741935,29.0,133.0,47.59375,40.35456865012312,5.915528267256926,1.0,906.0,907.0,0.9036120845528912,0.0530883642000611,0.1331439855692659,0.226229986378574,0.0891802731574974,48.09805796525544,45.612903225806456,0.8387096774193548,16.0,198.0,44.1875,69.40480778555619,6.186145175178367,0.0,1330.0,1330.0,0.5070879402209819,0.0378056844731127,0.1245807921465045,0.1965415171270701,0.0671278251836429,50.28156034924,0.0694473993212818,0.1405183552882318,24.17741935483871,118.0,23.46875,-104.0,48.773061452378606,47.693548387096776,0.4838709677419355,28.0,119.0,46.25,34.948175918064734,5.438238714640487,1.0,740.0,741.0,0.9529411764705882,0.0634764175940646,0.1686274509803921,0.3296078431372547,0.1337476235216706,46.97254901960784,23.516129032258068,0.9032258064516128,18.0,126.0,22.78125,33.31641334894109,5.280829672694517,0.0,656.0,656.0,0.4901960784313726,0.0388629842180774,0.084313725490196,0.2686274509803922,0.0863100571301797,25.49411764705883,0.9059312608506944,0.1595841578014096,1.3333333333333333,192,256,1245,1660
sciver_val_125,1,256,32,-4.451612903225827,147.0,-4.28125,-392.0,158.0093419657126,86.90322580645163,0.5806451612903225,30.0,166.0,84.21875,46.98718866284192,6.402875872617837,1.0,1792.0,1793.0,0.8232920341494299,0.0474090848186721,0.163850938109238,0.2415112331796756,0.0870876383065275,84.95707999506048,91.35483870967744,0.967741935483871,20.0,429.0,88.5,131.01192693797003,6.756162361658802,0.0,2122.0,2122.0,0.4658702790001073,0.0478333407283296,0.1538989375926577,0.2398117135338427,0.0773543781178556,101.5023490255154,0.0878565402352812,0.1677215893739399,-5.5,90.0,-3.90625,-115.0,54.91604921093195,50.435483870967744,0.0,24.0,278.0,53.21875,59.29730936929179,5.676635732415721,1.0,927.0,928.0,0.4862745098039215,0.054470461323688,0.2462745098039214,0.3372549019607843,0.1077488758604323,50.49411764705883,55.935483870967744,0.0,30.0,188.0,57.125,38.36726306371097,6.528294736078822,0.0,1744.0,1744.0,1.0,0.0316423817233315,0.0784313725490196,0.1601960784313721,0.0653263669212752,55.184313725490185,0.3044069055713684,0.3429402590096588,1.3763440860215057,186,256,966,1329
sciver_val_126,1,256,32,7.387096774193526,143.0,7.1875,-423.0,141.51091775460296,80.83870967741937,0.7096774193548387,30.0,184.0,78.34375,51.71956192716157,6.1507065525744755,1.0,1230.0,1231.0,0.9751316392227236,0.0653212871139702,0.1775760567514863,0.2806152782858028,0.1195670637454134,80.3451831501834,73.45161290322582,0.935483870967742,15.0,468.0,71.15625,134.3463595931706,6.862408535909623,0.0,2032.0,2032.0,0.4053923943588149,0.0381079756757696,0.1086033442553937,0.1525048142197036,0.0548220826731178,77.43540657316402,0.1277931649096766,0.1862854041260475,73.45161290322581,168.0,71.40625,-80.0,58.07530637833519,97.90322580645164,0.7741935483870968,30.0,193.0,95.09375,62.6883957438496,6.1356721093162605,1.0,1128.0,1129.0,1.0,0.0874808788763732,0.2560784313725492,0.3672549019607838,0.1440478033591527,98.67843137254904,24.451612903225808,0.967741935483871,28.0,140.0,23.6875,28.210633522663045,6.172260248550185,0.0,1069.0,1069.0,0.5647058823529412,0.0273482639079953,0.0666666666666667,0.1019607843137255,0.0494633909973008,29.235294117647054,0.8581484233764427,0.2347199084543284,1.8156028368794328,141,256,823,1494
sciver_val_128,1,256,32,3.0967741935483835,71.0,3.03125,-89.0,33.96366107235055,32.483870967741936,0.6451612903225806,31.0,104.0,31.5,25.26608398624528,5.190147091751983,1.0,515.0,516.0,0.8899313357242846,0.0621277451663331,0.1706173608303855,0.3023207470108228,0.1147324871861201,31.995788760661576,29.387096774193555,0.935483870967742,19.0,105.0,28.46875,31.451335797347305,5.281798382430208,0.0,497.0,497.0,0.6352466468642626,0.0610625237850343,0.2004998005413604,0.2555506197657613,0.095189395414259,30.348074321162052,0.0494290781625807,0.1140317923693828,29.177419354838705,72.0,28.28125,-14.0,25.36759051304439,38.467741935483865,0.7741935483870968,28.0,88.0,37.28125,28.824072377745303,5.029548658365707,1.0,489.0,490.0,0.9254901960784314,0.0789686835879546,0.2627450980392153,0.4745098039215686,0.1520069035449053,38.615686274509805,9.290322580645164,0.967741935483871,16.0,45.0,9.0,12.06751838614717,4.025974326767299,0.0,195.0,195.0,0.615686274509804,0.0529311211664152,0.1458823529411764,0.3501960784313724,0.1124562058178653,10.32156862745098,0.9143969155202404,0.1426255497451355,2.064516129032258,124,256,804,1662
sciver_val_130,1,256,32,-32.161290322580655,211.0,-31.125,-527.0,165.0813719806084,58.58064516129033,0.6451612903225806,28.0,252.0,56.78125,59.73730742540628,6.192897934231299,1.0,1412.0,1413.0,0.989237402448538,0.0433395087804537,0.1083981284713294,0.1612985335932422,0.0906319637816089,61.19538639800069,90.741935483871,0.967741935483871,21.0,537.0,87.90625,141.20007068318876,6.815031972760163,0.0,1894.0,1894.0,0.6480565095813531,0.0481537571572208,0.1324539431365228,0.2072092589121739,0.0699705994829674,91.20321605577624,0.0792275010824471,0.1621138842495299,4.596774193548389,112.0,5.65625,-534.0,111.10907067353908,57.14516129032257,0.3870967741935484,29.0,144.0,56.5625,30.840251194664415,5.610133539401936,1.0,1010.0,1011.0,1.0,0.0589205979421471,0.1533333333333334,0.3437254901960779,0.1414492059773405,59.509803921568626,52.5483870967742,0.4193548387096774,24.0,603.0,50.90625,115.63638035210847,6.218693157105116,0.0,1125.0,1125.0,0.4196078431372548,0.0428374727668845,0.1019607843137254,0.192156862745098,0.0670539488631004,48.192156862745094,0.7491237079070758,0.3257239845914063,1.1130434782608696,230,256,1494,1660
sciver_val_132,1,256,32,-10.774193548387112,299.0,-10.40625,-326.0,185.56010808074427,114.93548387096774,0.5161290322580645,31.0,338.0,111.375,102.10220063740056,6.510060700454472,1.0,2023.0,2024.0,0.9759534240860064,0.0567645412433368,0.1578903563026472,0.2541908708624888,0.1115794292645286,114.8346669352704,125.70967741935485,0.8064516129032258,20.0,430.0,121.78125,156.40866631500154,6.832385491778684,0.0,2104.0,2104.0,0.563757629041212,0.0624170309716809,0.1971184349741469,0.2540866632103252,0.0878616657422645,131.3254331644167,0.0908849557900035,0.1605143848422257,123.01612903225808,293.0,119.1875,-241.0,132.21985419652376,154.37096774193546,0.8709677419354839,28.0,348.0,149.5625,131.95404917527162,6.525551446314351,1.0,1646.0,1647.0,0.8,0.0956090820289233,0.2745098039215686,0.5088235294117647,0.1516555212061072,157.37254901960782,31.35483870967743,0.967741935483871,17.0,363.0,30.375,65.82493353585707,6.012293492688894,0.0,1041.0,1041.0,0.6352941176470588,0.0350153510011112,0.0705882352941176,0.1450980392156863,0.0686511786031356,36.45098039215686,0.9588038340336136,0.1018162682641656,1.1428571428571428,224,256,1234,1412
sciver_val_135,1,256,32,-31.258064516129036,233.0,-30.25,-295.0,173.11574885029958,94.38709677419357,0.3225806451612903,29.0,276.0,91.46875,78.97229908922179,6.165961046780652,1.0,1034.0,1035.0,0.950594894449105,0.0922460346748111,0.2412097797113694,0.3329313265539234,0.1326464635394351,95.38239985375476,125.6451612903226,0.7096774193548387,26.0,316.0,121.71875,113.88679532078116,6.053550320379635,0.0,1274.0,1274.0,0.8205336192032081,0.1004467439899903,0.33771368729674,0.4800770665002133,0.1705022465612653,127.96915184324774,0.1197196722439364,0.2361042750789001,82.95161290322578,240.0,81.1875,-21.0,73.89115199907226,106.72580645161293,0.2580645161290322,31.0,240.0,104.21875,59.45625197098704,5.709834683143063,1.0,856.0,857.0,1.0,0.1272906358805204,0.384313725490196,0.7284313725490196,0.2247565795962676,108.9607843137255,23.774193548387096,0.8064516129032258,23.0,56.0,23.03125,20.9932792444987,4.898631195082288,0.0,639.0,639.0,0.7333333333333334,0.0430820215410107,0.0949019607843139,0.2682352941176474,0.1159463511123561,27.529411764705873,0.921900275735294,0.2097274675518427,1.6,160,256,363,581
sciver_val_139,1,256,32,2.8064516129032193,163.0,2.75,-175.0,69.51079052924085,33.19354838709677,0.7419354838709677,22.0,180.0,32.1875,47.20066041646027,5.532239010450335,1.0,623.0,624.0,0.667900162176221,0.0523996277245039,0.159491500140665,0.2456758554750022,0.0856704023988643,32.64496807236599,30.38709677419355,0.9032258064516128,15.0,187.0,29.4375,55.77238199817182,5.870856914586092,0.0,712.0,712.0,0.6509719261351342,0.0453709475868279,0.1186658021539406,0.1530032219781347,0.0590617551056049,32.304114681821524,0.0654619235591237,0.1032321902491525,39.145161290322584,154.0,37.96875,-20.0,51.24968559354779,42.4032258064516,0.7096774193548387,27.0,154.0,41.125,51.26874657137621,5.277892145375466,1.0,487.0,488.0,0.9411764705882352,0.0858155171719611,0.2800000000000001,0.3349019607843135,0.1351194848733448,41.79215686274509,3.2580645161290342,0.967741935483871,8.0,41.0,3.15625,8.135990163311408,4.37816710137831,0.0,190.0,190.0,0.2431372549019608,0.0257585139318885,0.0631372549019607,0.1305882352941172,0.0438911609010997,4.894117647058822,0.964192586756925,0.0857504973720111,4.063492063492063,63,256,409,1660
sciver_val_141,1,256,32,-68.03225806451613,146.0,-65.875,-314.0,163.0390578205112,84.93548387096774,0.3548387096774194,29.0,200.0,82.3125,58.4638977810238,5.951779381315797,1.0,804.0,805.0,0.9766826875410428,0.1052149978094319,0.2301781240288692,0.4232133683199984,0.1545915171015565,84.59285823878325,152.96774193548387,0.6774193548387096,27.0,362.0,148.1875,136.34525053609312,6.1450702726324735,0.0,840.0,840.0,0.7340886755779891,0.1838936121035144,0.4881800670004829,0.5546898375171806,0.1928215855488124,154.47063416695212,0.0550150359722211,0.1562551270764025,46.016129032258064,240.0,45.46875,-108.0,73.80886818965253,86.43548387096773,0.1612903225806451,25.0,240.0,84.625,51.78727522278035,5.407789075831063,1.0,696.0,697.0,1.0,0.1242168131620464,0.4784313725490196,0.7421568627450981,0.237547647616795,86.45490196078433,40.41935483870968,0.8387096774193548,24.0,144.0,39.15625,33.23788254292833,5.084825722900928,0.0,664.0,664.0,0.8156862745098039,0.0646172927002126,0.0890196078431374,0.6150980392156863,0.1611040465477825,42.90588235294117,0.7940243536139947,0.1835624899428,1.003921568627451,255,256,348,350
sciver_val_143,1,256,32,-24.483870967741932,243.0,-23.6875,-211.0,143.7513994497097,77.41935483870968,0.2580645161290322,29.0,244.0,75.03125,74.39022296940304,5.810822988110894,1.0,1124.0,1125.0,0.9947921084894272,0.0679054876319235,0.205875763911911,0.3209691791913041,0.1338823215814162,76.32576809828203,101.90322580645164,0.6774193548387096,24.0,240.0,98.71875,91.27952754280392,6.014365706709492,0.0,1100.0,1100.0,0.7184569758788846,0.0948570158950297,0.3304808623331122,0.4200468091628448,0.1462577799916455,104.34271748453271,0.0681659728652812,0.1675996016943549,75.2741935483871,216.0,73.21875,-35.0,70.46485576823031,104.1451612903226,0.1935483870967742,30.0,216.0,101.1875,56.40946147367479,5.672729676251314,1.0,1146.0,1147.0,1.0,0.0922868973069157,0.2588235294117647,0.6715686274509804,0.2092884826685409,105.7607843137255,28.870967741935488,0.967741935483871,24.0,69.0,27.96875,24.47126423864325,4.723356033680158,0.0,505.0,505.0,0.6705882352941177,0.0621626868569209,0.1874509803921571,0.5333333333333333,0.1500456012070787,31.392156862745093,0.862419887718601,0.2450546155654216,1.1531531531531531,222,256,1442,1661
sciver_val_144,1,256,32,-4.7419354838709795,351.0,-4.5625,-407.0,241.49209840851935,129.25806451612902,0.4838709677419355,29.0,379.0,125.25,126.703887075338,6.330073660204606,1.0,1491.0,1492.0,0.9808269844158632,0.0869421816839975,0.2570902839452293,0.3626001519142495,0.1470374068770247,129.6307928908403,134.0,0.7741935483870968,25.0,442.0,129.8125,160.92067873256687,6.564774600539295,0.0,1667.0,1667.0,0.9033494775792998,0.0824795363691409,0.2726899252712715,0.3386332794563186,0.1174441594649561,137.4933871273579,0.1062209236203089,0.1852321606880661,145.25806451612902,434.0,140.75,-242.0,183.47871129915865,192.74193548387092,0.4193548387096774,31.0,434.0,186.75,149.06961461008746,6.3637773437680245,1.0,1489.0,1490.0,0.984313725490196,0.1311157639684483,0.4447058823529415,0.611764705882353,0.2058532953813333,195.2313725490196,47.48387096774195,0.967741935483871,25.0,296.0,46.0,70.67354526270775,6.143275012894993,0.0,1328.0,1328.0,0.4156862745098039,0.0415160642570281,0.1266666666666664,0.2574509803921563,0.0775362368120179,55.133333333333326,0.8928741574754901,0.1762612658614171,0.9375,256,240,1771,1661
sciver_val_145,1,256,32,-115.35483870967742,452.0,-111.71875,-1094.0,466.71493135364494,163.8387096774194,0.5161290322580645,29.0,531.0,158.75,179.2369242092711,6.921832404760823,1.0,1658.0,1659.0,0.7120258797941416,0.0983757235204539,0.2362061185395127,0.2904934578427888,0.1014172041851465,163.10694959691256,279.19354838709677,0.8064516129032258,21.0,1131.0,270.46875,382.4119166859703,7.301997067403647,0.0,2545.0,2545.0,0.5720990541941094,0.1104675051519489,0.2739347953572481,0.3276082325362764,0.113675131823286,281.13980061171014,0.1376688495491861,0.1902337099510452,179.9193548387097,588.0,174.3125,-288.0,252.0384937737686,241.66129032258064,0.4516129032258064,30.0,590.0,234.125,214.03164923674257,6.785403805065167,1.0,1589.0,1590.0,0.9372549019607844,0.1535705030911042,0.4007843137254904,0.4980392156862745,0.170471516138361,244.02352941176468,61.741935483870975,0.967741935483871,19.0,328.0,59.8125,92.68880646415724,6.293782491908827,0.0,1371.0,1371.0,0.4666666666666666,0.0523076042962772,0.1686274509803922,0.2509803921568627,0.0856672065270695,71.71372549019607,0.9129282650560224,0.1743782757947179,1.8285714285714283,140,256,1704,3116
sciver_val_147,1,256,32,4.741935483870959,130.0,4.625,-184.0,95.46457130789412,64.29032258064515,0.3225806451612903,27.0,131.0,62.3125,47.15826909196308,5.765219380872501,1.0,840.0,841.0,0.8824830847349726,0.0760186651050921,0.2087981851131882,0.354870167320692,0.1291211742709451,63.85567868827739,59.5483870967742,0.8709677419354839,21.0,192.0,57.6875,68.4874247124974,5.879746797790224,0.0,895.0,895.0,0.5947349370089929,0.0693649761170059,0.225860118007007,0.2938057880563277,0.1054865134910379,62.08165362472028,0.104837683126238,0.1924774563299137,73.93548387096774,153.0,71.6875,-1.0,46.99031648914487,88.0967741935484,0.5161290322580645,31.0,163.0,85.40625,47.747944572908054,5.600947433927473,1.0,825.0,826.0,0.992156862745098,0.1073749257278668,0.3686274509803922,0.6384313725490194,0.199426787516087,88.58431372549018,14.161290322580648,0.967741935483871,18.0,38.0,13.71875,14.4724617269316,4.522851442426883,0.0,400.0,400.0,0.603921568627451,0.0417843137254901,0.07921568627451,0.2788235294117643,0.1067496055148942,16.713725490196072,0.8704261232051875,0.2235713773951423,2.015748031496063,127,256,825,1661
sciver_val_148,1,256,32,3.870967741935482,98.0,3.78125,-61.0,41.66888405558157,27.032258064516125,0.3870967741935484,28.0,100.0,26.21875,26.372019233223305,5.106599208041569,1.0,352.0,353.0,0.9463891780784676,0.0743453964581761,0.18785067573186,0.2744905469108584,0.1208535420387344,26.169579553278005,23.161290322580644,0.7741935483870968,20.0,71.0,22.4375,25.44225999690279,4.666854020701575,0.0,279.0,279.0,0.5568371075178341,0.084660548954626,0.2825930156828819,0.3750797875574764,0.1270203039556211,23.620293158340676,0.0203332526967077,0.0902788449915723,10.725806451612897,58.0,10.40625,-121.0,32.008650564144375,21.790322580645167,0.6451612903225806,24.0,70.0,21.125,22.999660323578695,4.7222995262293646,1.0,370.0,371.0,0.6901960784313725,0.0574350821409645,0.1549019607843141,0.3458823529411766,0.1209754609219729,21.250980392156865,11.064516129032262,0.8387096774193548,17.0,130.0,10.71875,22.861313357668234,5.080907836939751,0.0,578.0,578.0,0.4980392156862745,0.0185969197367528,0.0352941176470588,0.0705882352941176,0.0517333093084107,10.749019607843126,0.8595680147058824,0.1596009493004692,1.1130434782608696,230,256,1488,1659
sciver_val_150,1,256,32,-53.354838709677416,334.0,-51.65625,-426.0,235.38845678141803,109.74193548387096,0.2903225806451612,27.0,337.0,106.34375,108.40134033275372,6.230368764693944,1.0,926.0,927.0,0.982247823792848,0.1181361704793588,0.2637104645498084,0.3838049464652652,0.1532746900447339,109.39409386388633,163.09677419354838,0.6774193548387096,24.0,454.0,158.0,169.62274316847962,6.346099191919919,0.0,1136.0,1136.0,0.6439612663206185,0.1443325320097508,0.3807721660331346,0.43752753525626,0.162857121680966,163.96175636307697,0.0629199131715274,0.1683544715347891,103.14516129032258,226.0,100.03125,1.0,72.13983139318735,126.01612903225804,0.2580645161290322,30.0,226.0,122.1875,63.91568542814823,5.706325193393933,1.0,761.0,762.0,1.0,0.1674989049496276,0.7058823529411765,0.9098039215686274,0.2690794117296649,127.46666666666664,22.87096774193549,0.8387096774193548,19.0,47.0,22.15625,19.02319205437142,4.637197102611598,0.0,585.0,585.0,0.7372549019607844,0.0461806602983073,0.0588235294117647,0.4321568627450973,0.1350943617027481,27.015686274509793,0.9652172788946802,0.1351092425108161,1.080168776371308,237,256,538,581
sciver_val_151,1,256,32,-26.7741935483871,136.0,-25.90625,-297.0,118.23159459694983,50.06451612903226,0.5806451612903225,28.0,164.0,48.53125,49.18204980922918,5.707946773159714,1.0,790.0,791.0,0.698933660693626,0.0628510975463549,0.2021245586878627,0.2911791221439414,0.1051720289303868,49.6523670616204,76.83870967741937,0.9032258064516128,19.0,309.0,74.4375,104.96723819244744,6.309649501029818,0.0,1127.0,1127.0,0.4883461981379604,0.0708579469832428,0.2199925143982199,0.2779918895832636,0.0922921153858726,79.85690625011466,0.0989579898726026,0.1468993803736065,28.43548387096774,122.0,27.5625,-88.0,46.551005292582026,47.01612903225807,0.6129032258064516,26.0,134.0,45.5625,42.85581750182815,5.495453262897837,1.0,562.0,563.0,0.788235294117647,0.0848021770985974,0.2741176470588237,0.3645098039215683,0.1267701909159161,47.65882352941176,18.580645161290327,0.967741935483871,16.0,110.0,18.0,27.595289453093255,5.737768731185501,0.0,629.0,629.0,0.2823529411764706,0.0340721344181551,0.1058823529411764,0.1490196078431372,0.0490748590469177,21.431372549019606,0.9405740141205736,0.1203203336620222,3.820895522388059,67,256,266,1017
sciver_val_152,1,256,32,-47.72580645161291,405.0,-46.1875,-570.0,290.5497415998679,128.98387096774195,0.5483870967741935,30.0,484.0,125.0,153.62088074216993,6.641369444082952,1.0,1477.0,1478.0,0.9480212552374198,0.0866584128079647,0.2189837330560411,0.2884115753783794,0.113804513364788,127.99447571736398,176.70967741935485,0.8387096774193548,21.0,624.0,171.1875,226.954075406788,6.901057221709133,0.0,2095.0,2095.0,0.6393389311633253,0.0862997854999861,0.25903954967447,0.3162213349599548,0.1085145039266176,180.79805062247087,0.1139115492357877,0.1678098855003903,144.19354838709677,486.0,139.8125,-164.0,170.21520156481324,180.8709677419355,0.5161290322580645,31.0,488.0,175.34375,150.4118532095709,6.386051484455893,1.0,1284.0,1285.0,1.0,0.1421843503756643,0.4733333333333334,0.5752941176470581,0.1946141398619735,182.56470588235297,36.67741935483871,0.967741935483871,17.0,197.0,35.53125,55.61305173641795,5.771131326747348,0.0,983.0,983.0,0.5019607843137255,0.0445135938403845,0.1333333333333333,0.2937254901960783,0.0854908362613883,43.75686274509803,0.9306352259446824,0.1524610759009396,1.695364238410596,151,256,304,514
sciver_val_155,1,256,32,15.758064516129032,84.0,15.3125,-62.0,39.295703884139805,36.46774193548387,0.5483870967741935,29.0,94.0,35.375,27.10828978375434,5.054578933315773,1.0,747.0,748.0,1.0,0.0461623399015952,0.1568440436230622,0.224950061049964,0.1162550966386215,34.48326790649165,20.709677419354833,0.8064516129032258,19.0,86.0,20.0625,27.484015240681263,5.2869743367460345,0.0,777.0,777.0,0.7907071904059676,0.0325615768769517,0.1026939642843879,0.1816300814208231,0.0793799629655676,25.30034523339152,0.076610884721107,0.2052425533810135,30.93548387096774,70.0,29.8125,-11.0,23.12390200095996,35.70967741935483,0.4516129032258064,24.0,72.0,34.625,23.735192752535212,4.733603370200739,1.0,474.0,475.0,0.8745098039215686,0.0759493670886076,0.2890196078431372,0.4656862745098005,0.1730447205726621,36.0,4.774193548387096,0.0,17.0,12.0,4.8125,3.1665981352233503,4.205222521249302,0.0,273.0,273.0,1.0,0.0254399195575666,0.0274509803921568,0.0799999999999998,0.0907127295349952,6.945098039215685,0.6751364855152586,0.4518143503144518,1.924812030075188,133,256,536,1029
sciver_val_157,1,256,32,-31.48387096774195,335.0,-30.46875,-432.0,244.8080861071331,132.8709677419355,0.4838709677419355,31.0,426.0,128.75,124.83639293090778,6.461102823138128,1.0,1399.0,1400.0,0.8530861149942152,0.0953656298674199,0.2789168244809956,0.4137676142214702,0.1340371347644955,133.41651618452048,164.35483870967744,0.7419354838709677,23.0,469.0,159.21875,175.26493060061244,6.622859936741699,0.0,1715.0,1715.0,0.662311922666175,0.0976505353907678,0.3125157505396653,0.3764181347516677,0.1300348165591931,167.4706681951669,0.1024056871698937,0.1806514254929399,128.19354838709677,348.0,124.25,-26.0,116.22338404985462,168.35483870967738,0.5161290322580645,31.0,365.0,163.15625,108.31092666918468,6.294076600460343,1.0,1485.0,1486.0,0.9725490196078432,0.1154129530600118,0.425882352941177,0.6501960784313723,0.1987822305682499,171.38823529411764,40.16129032258064,0.967741935483871,19.0,120.0,38.90625,45.69556828552962,5.31108659847653,0.0,857.0,857.0,0.6470588235294117,0.0533095385178575,0.2384313725490193,0.384313725490196,0.1208983763657099,45.68627450980391,0.9488385134944782,0.13634780873032,1.471264367816092,174,256,920,1356
sciver_val_158,1,256,32,-148.4516129032258,248.0,-143.78125,-891.0,336.6842673758866,96.16129032258064,0.6129032258064516,31.0,366.0,93.1875,86.13631547582007,6.345965133011614,1.0,1332.0,1333.0,0.7626246871108686,0.0718986993213297,0.2107696365058153,0.3466455329697192,0.1101835596999138,95.7690674960112,244.61290322580643,0.7419354838709677,21.0,1000.0,236.96875,342.4316067091902,7.0678029331896,0.0,2326.0,2326.0,0.6439810921556887,0.1064944634709997,0.3153736578840069,0.3539557317499515,0.1238325569671714,247.7061220335454,0.1356820063929795,0.2089707734187929,-4.693548387096778,363.0,-4.0625,-918.0,251.55639744150812,123.08064516129032,0.1935483870967742,29.0,364.0,119.71875,95.38908296255656,6.1861067667514895,1.0,1217.0,1218.0,0.992156862745098,0.1010939790871155,0.3529411764705882,0.4470588235294118,0.1572040827379106,123.0313725490196,127.7741935483871,0.6774193548387096,24.0,967.0,123.78125,215.89345381098863,6.922761196715114,0.0,2313.0,2313.0,0.6352941176470588,0.0547815840560175,0.0698039215686281,0.3725490196078431,0.0963705925939086,126.7098039215686,0.7888109569285032,0.2659187732061476,1.5609756097560976,164,256,319,499
sciver_val_160,1,256,32,-2.516129032258071,235.0,-2.40625,-359.0,160.18014455898552,121.87096774193547,0.5483870967741935,30.0,341.0,118.09375,89.39426693551158,6.411866705372955,1.0,1933.0,1934.0,0.8107365920825934,0.0619905388774165,0.1880958682991388,0.3413398620727922,0.1179532195007909,119.8277116500461,124.38709677419357,0.8709677419354839,25.0,381.0,120.5,125.6455828909238,6.688547598601231,0.0,2105.0,2105.0,0.6939377968633482,0.060681465055224,0.1876627767367239,0.2652637906309477,0.0999036296778128,127.73448394124672,0.0874513425456729,0.1633814787989591,171.1612903225806,373.0,166.28125,-118.0,112.45616767628844,198.83870967741933,0.5161290322580645,30.0,373.0,193.09375,106.26922160690508,6.422386569179141,1.0,1610.0,1611.0,0.996078431372549,0.1257654366094263,0.388235294117647,0.6199999999999997,0.1958286819855137,202.48235294117643,27.677419354838715,0.967741935483871,14.0,174.0,26.8125,39.36959288270581,5.574173641767553,0.0,790.0,790.0,0.4549019607843138,0.0414395631670389,0.0941176470588235,0.2396078431372545,0.0836494457623765,32.737254901960775,0.9515674466401144,0.1317189626493278,1.3333333333333333,192,256,720,960
sciver_val_161,1,256,32,-24.870967741935484,149.0,-24.0625,-268.0,124.5795271854489,72.25806451612904,0.5483870967741935,31.0,180.0,70.03125,57.77298480637382,5.968287819961712,1.0,780.0,781.0,0.989314517022628,0.0906826394285014,0.1970526210993956,0.3054500602310895,0.1308557499829316,70.73245875423112,97.1290322580645,0.7741935483870968,21.0,288.0,94.09375,103.0677445224135,5.949546351405585,0.0,875.0,875.0,0.5847651686779369,0.1126426323784797,0.3371712195388986,0.3911513799898296,0.1443338516433482,98.5623033311698,0.0584289341700683,0.1518940758973599,51.354838709677416,114.0,49.78125,0.0,38.13687059051254,66.90322580645162,0.5483870967741935,27.0,137.0,64.84375,39.87018730752967,5.400215690953417,1.0,608.0,609.0,0.9686274509803922,0.1124032507739938,0.2823529411764706,0.7092156862745089,0.2016012635514591,68.34117647058824,15.548387096774194,0.967741935483871,18.0,37.0,15.0625,14.363446444011966,4.139094548642856,0.0,391.0,391.0,0.6549019607843137,0.0455744446116042,0.0588235294117647,0.4823529411764706,0.1332796317103161,17.81960784313725,0.971742552790347,0.107978029363585,1.3128205128205128,195,256,1334,1753
sciver_val_163,1,256,32,-67.03225806451613,205.0,-64.90625,-571.0,232.24291692307324,68.61290322580645,0.5806451612903225,28.0,250.0,66.5,72.82813673299627,6.283735073007494,1.0,1328.0,1329.0,0.990717270804934,0.0502140946545214,0.1119460882075482,0.187310803496754,0.0869796384544533,66.68431770120444,135.6451612903226,0.8387096774193548,19.0,577.0,131.40625,197.2685129739095,6.619005109957362,0.0,1474.0,1474.0,0.507632067597446,0.0953007398194724,0.2654260300386181,0.2908242547355293,0.1092946307056063,140.47329049390237,0.1322410874824399,0.1725798826750279,-30.580645161290324,259.0,-25.5625,-242.0,112.99611096736912,31.499999999999993,0.0,8.0,376.0,36.40625,81.95954008495595,5.348763613803094,1.0,417.0,418.0,0.2431372549019607,0.0680302816570273,0.1843137254901961,0.188235294117647,0.0770151395343173,28.36862745098039,62.08064516129033,0.3225806451612903,24.0,243.0,61.96875,71.4411840148069,5.939169440659386,0.0,1025.0,1025.0,0.8156862745098039,0.0607862266857962,0.1709803921568628,0.2698039215686272,0.106224944791764,62.30588235294118,0.0569116409189938,0.1098108790002015,2.585858585858586,99,256,636,1644
sciver_val_164,1,256,32,-143.03225806451618,312.0,-138.53125,-1290.0,388.0590309778108,101.93548387096774,0.5161290322580645,25.0,324.0,98.78125,117.28403940194718,6.910594127017587,1.0,2013.0,2014.0,0.7840654376969453,0.0525864770486037,0.1260422145040393,0.190763769020123,0.0759984434689407,105.85657829883928,244.9677419354839,0.935483870967742,19.0,1298.0,237.3125,346.4368121948792,7.356102352847433,0.0,2989.0,2989.0,0.5579734260886209,0.0833562925918214,0.2549259219719332,0.3055641847810271,0.1000117080900122,249.15195855695424,0.0658902473554851,0.1326465147861665,15.467741935483842,281.0,15.0,-1003.0,214.92425991497564,90.88709677419354,0.5483870967741935,26.0,289.0,88.0625,93.57281172301066,6.612452860062584,1.0,1645.0,1646.0,0.7215686274509804,0.0572000715179688,0.1333333333333333,0.2196078431372549,0.0926796335198054,94.09411764705882,75.41935483870971,0.935483870967742,16.0,1032.0,73.0625,186.05744030742227,7.014766497923831,0.0,2483.0,2483.0,0.4588235294117647,0.0294315067952271,0.0705882352941176,0.1215686274509804,0.0506107978931607,73.078431372549,0.9487857388430484,0.1033436722367731,1.158371040723982,221,256,1004,1162
sciver_val_165,1,256,32,-28.354838709677423,208.0,-27.4375,-291.0,149.50542161991984,60.16129032258064,0.4193548387096774,27.0,211.0,58.3125,67.1195004730369,5.892378609281012,1.0,680.0,681.0,0.670039966679315,0.0872121878853712,0.2397932621887607,0.307296353580118,0.1038186459937185,59.304287762052425,88.51612903225806,0.8064516129032258,20.0,292.0,85.75,105.1698031756264,6.058823196206712,0.0,764.0,764.0,0.5977158665101349,0.1163853804363472,0.3001844134229562,0.3955592229158598,0.1289330296565698,88.91843065336931,0.1327811405230952,0.2315973081382353,44.33870967741936,213.0,42.96875,-40.0,68.7111182665331,62.59677419354839,0.5806451612903225,23.0,221.0,60.65625,68.64064456236916,5.635302255740044,1.0,548.0,549.0,0.6235294117647059,0.1132961213682553,0.3568627450980391,0.4339215686274508,0.140680975186495,62.086274509803914,18.258064516129032,0.7741935483870968,17.0,66.0,17.6875,22.75609465066447,5.2080965153033585,0.0,395.0,395.0,0.388235294117647,0.0523206751054852,0.1568627450980392,0.2443137254901958,0.0766856756491103,20.666666666666664,0.9106211878835504,0.1778663918495863,1.954198473282443,131,256,1226,2396
sciver_val_167,1,256,32,21.99999999999999,237.0,21.34375,-302.0,151.47805314941667,131.87096774193546,0.9032258064516128,31.0,322.0,127.78125,94.1460747903889,6.772290474620057,1.0,2034.0,2035.0,0.8579839664093537,0.0643514215363028,0.1572419163055055,0.233673967117961,0.1106666362738652,130.89079140484006,109.87096774193547,0.8064516129032258,21.0,338.0,106.4375,124.17727688168236,6.600977178510033,0.0,2096.0,2096.0,0.6473010265844992,0.0551633973214965,0.1983559944578427,0.2907948605414474,0.0992827990306043,115.62248078585668,0.0916468995771165,0.1675816945993371,86.11290322580642,271.0,83.4375,-130.0,93.89287030307466,126.75806451612902,0.4193548387096774,29.0,272.0,122.8125,91.13055109978212,6.388319727642201,1.0,1739.0,1740.0,0.8666666666666667,0.0728365411719604,0.2078431372549019,0.4160784313725487,0.1412177887809073,126.6627450980392,40.645161290322584,0.8387096774193548,23.0,192.0,39.375,51.54473178706045,6.211548936548405,0.0,1598.0,1598.0,0.5490196078431373,0.0308670151414758,0.0470588235294118,0.1372549019607843,0.0729051065250944,49.32549019607841,0.9057908767772512,0.1428222001437515,1.2132701421800949,211,256,1366,1660
sciver_val_168,1,256,32,-7.483870967741952,91.0,-7.21875,-265.0,93.90079019069807,45.22580645161289,0.7741935483870968,29.0,156.0,43.84375,43.82501381559965,6.063948739931226,1.0,994.0,995.0,0.7656350687696036,0.0438750766925349,0.1132030933741685,0.1853714690764892,0.0726779101935122,43.61182623237973,52.70967741935485,0.9032258064516128,19.0,292.0,51.0625,90.06315058751831,6.23457750194441,0.0,1104.0,1104.0,0.5943029041556492,0.0495248969738333,0.1377675839168212,0.1864172338462345,0.0730673539710095,54.67548625911202,0.1049578889240935,0.168182369593496,22.499999999999996,96.0,21.8125,-91.0,45.390278075266295,53.82258064516128,0.4193548387096774,27.0,131.0,52.15625,42.06996358374345,6.020954701561527,1.0,958.0,959.0,0.7960784313725491,0.0559621761021736,0.1658823529411767,0.2437254901960783,0.0908920442786873,53.61176470588235,31.322580645161295,0.6129032258064516,23.0,143.0,30.34375,36.41480586159289,6.031961696347327,0.0,844.0,844.0,0.5490196078431373,0.0378682278598643,0.0941176470588235,0.1450980392156862,0.0566343489080227,31.96078431372549,0.8340315010552832,0.2358344659896727,1.7777777777777777,144,256,720,1280
sciver_val_170,1,256,32,1.4193548387096828,192.0,1.40625,-322.0,143.93637035488112,84.25806451612904,0.5806451612903225,28.0,257.0,81.65625,74.48850975779754,6.151445824705038,1.0,1041.0,1042.0,0.9879070516933074,0.0806171050140542,0.1835421525333095,0.2814399383882537,0.1207438357559239,83.92240631963051,82.83870967741937,0.8064516129032258,22.0,333.0,80.25,104.39618048568636,6.188157704490928,0.0,1225.0,1225.0,0.5968340998659073,0.0700911187834644,0.2318056545695854,0.3088015805280089,0.1069828484782293,85.86162050974397,0.0682625230794141,0.1679465380609255,59.66129032258065,149.0,57.9375,-78.0,69.62126897543595,102.88709677419357,0.5483870967741935,30.0,195.0,99.8125,59.82758430481712,5.975208692950105,1.0,1058.0,1059.0,1.0,0.0984506467993624,0.2560784313725492,0.4666666666666667,0.1715857077990515,104.16078431372549,43.225806451612904,0.8387096774193548,23.0,129.0,41.875,37.675215659634915,5.0770191877065045,0.0,496.0,496.0,0.7254901960784313,0.0929079696394686,0.396078431372549,0.5196078431372549,0.1668038840985957,46.08235294117647,0.9573757037955744,0.1418681009808361,1.0281124497991967,249,256,791,814
sciver_val_172,1,256,32,-4.00000000000001,202.0,-3.84375,-304.0,154.34926088562102,83.54838709677419,0.5806451612903225,31.0,256.0,80.96875,88.91199454200485,6.459500365313175,1.0,1165.0,1166.0,0.8780205081160943,0.0706271907422344,0.1799426298968937,0.2447066099966846,0.0856716532111868,82.28067721470308,87.54838709677418,0.8387096774193548,22.0,313.0,84.8125,105.57237964425164,6.218214681310108,0.0,1113.0,1113.0,0.5777047231578307,0.0804860728240704,0.2435597731959767,0.3109601029961634,0.1072326839551847,89.58099905319042,0.1061277473534603,0.1848919780349001,112.1774193548387,313.0,108.6875,-9.0,109.45017059717176,118.72580645161293,0.5483870967741935,30.0,315.0,115.03125,107.78783685294692,6.205891869310091,1.0,956.0,957.0,0.8901960784313725,0.1252030519320699,0.3254901960784314,0.4323529411764706,0.1473859612084545,119.69411764705882,6.548387096774194,0.967741935483871,16.0,32.0,6.34375,9.482251100740791,5.19406892575328,0.0,504.0,504.0,0.3176470588235294,0.0187597261126672,0.0631372549019606,0.1058823529411764,0.0374279021630312,9.454901960784303,0.945714649761774,0.1390029781442943,2.392523364485981,107,256,623,1494
sciver_val_173,1,256,32,14.322580645161286,209.0,13.90625,-225.0,134.58300398244015,119.5806451612903,0.2580645161290322,31.0,218.0,115.875,65.9619918968492,6.349494858904375,1.0,1260.0,1261.0,0.9641686423755984,0.0954766800360796,0.2436064163121173,0.3775658689935857,0.1463020479369504,120.3006168454604,105.25806451612902,0.8064516129032258,27.0,278.0,101.96875,95.33378348433205,6.1916204685462795,0.0,1508.0,1508.0,0.8691226132334592,0.0717408992210849,0.2256853256094531,0.3194903041160949,0.1336673062486977,108.18527602539604,0.1056001459005285,0.2115984967985954,52.29032258064515,272.0,50.6875,-126.0,77.73248898465815,110.4516129032258,0.0967741935483871,30.0,273.0,107.03125,63.87364694017009,6.053814109499055,1.0,1305.0,1306.0,0.984313725490196,0.0859830215611148,0.1866666666666671,0.5913725490196077,0.1773954110317728,112.2078431372549,58.16129032258064,0.1290322580645161,28.0,155.0,56.34375,33.22236574865643,5.749724669268913,0.0,1434.0,1434.0,0.8901960784313725,0.0450734268602838,0.1007843137254903,0.3152941176470574,0.1211883692289233,64.63529411764705,0.8346473668001232,0.3090840152497522,1.3403141361256543,191,256,428,574
sciver_val_175,1,256,32,2.419354838709685,148.0,2.375,-167.0,74.31594293958733,48.12903225806452,0.5483870967741935,30.0,151.0,46.65625,44.78044311903914,5.986917871630601,1.0,1536.0,1537.0,0.7241884146623526,0.0336947744238883,0.1004856484836059,0.1846248512203136,0.0813964012799995,51.75517351509253,45.70967741935484,0.9032258064516128,17.0,194.0,44.28125,63.94100521916668,6.595215889204848,0.0,2769.0,2769.0,0.6544034222616734,0.0209178405038806,0.0504754656605897,0.1118214367063255,0.0530364960099468,57.9215003552455,0.0980776917859402,0.187282191025065,-12.870967741935472,644.0,-12.5,-242.0,132.14740822278733,58.87096774193549,0.2258064516129032,28.0,749.0,57.125,126.13800725792365,6.2909447830515965,1.0,1637.0,1638.0,0.6784313725490196,0.029951968569957,0.0509803921568627,0.1176470588235294,0.0738225815950243,49.03137254901961,71.74193548387095,0.2580645161290322,30.0,313.0,69.625,68.05592828696116,6.585972785654235,0.0,2566.0,2566.0,0.7568627450980392,0.0309599131936484,0.0470588235294117,0.1372549019607843,0.0826305327488612,79.44313725490196,0.3697737326637972,0.3094042204293927,2.0813008130081303,123,256,803,1674
sciver_val_178,1,256,32,-0.5161290322580805,171.0,-0.46875,-236.0,104.0138165026046,60.419354838709666,0.3548387096774194,29.0,171.0,58.5625,53.561843636585174,5.830965249837744,1.0,970.0,971.0,0.7949234821565977,0.0627664990278492,0.1905377279189951,0.2718033294878866,0.1173838195949541,60.88350405701378,60.93548387096775,0.967741935483871,20.0,238.0,59.03125,73.72223391513242,6.072979226191752,0.0,1005.0,1005.0,0.5603590188069055,0.0656968233666807,0.2088168249019125,0.2806131348917808,0.095177760424193,66.02530748351414,0.0979076411394791,0.1604797164028738,38.98387096774193,159.0,37.78125,-94.0,57.90171325995026,59.33870967741935,0.4838709677419355,27.0,161.0,57.5,51.48361389801613,5.500498679121593,1.0,793.0,794.0,0.8627450980392157,0.0764334989985906,0.2384313725490198,0.381176470588235,0.1524272247935997,60.611764705882344,20.354838709677423,0.967741935483871,15.0,124.0,19.71875,26.85404342808546,4.95742347293826,0.0,425.0,425.0,0.5490196078431373,0.0562675893886966,0.1576470588235296,0.388235294117647,0.1097232297307865,23.91372549019607,0.9201865883548542,0.1175582482428317,2.0813008130081303,123,256,795,1661
sciver_val_180,1,256,32,-189.35483870967744,271.0,-183.40625,-852.0,313.69310832553765,145.4516129032258,0.8387096774193548,29.0,397.0,140.9375,86.21808739324945,6.803943455627412,1.0,2155.0,2156.0,0.9912830501406068,0.0678990137612478,0.1681689403500698,0.2395603861338049,0.1203027181728128,146.32237465548914,334.80645161290323,0.9032258064516128,27.0,882.0,324.34375,277.33008417035734,7.178335421654593,0.0,2879.0,2879.0,0.8095851766845246,0.118175623204087,0.3607899730446684,0.4958860032346925,0.1613693100784012,340.2276192045665,0.1033605155230084,0.1955625148878626,93.5,244.0,92.375,-100.0,78.16958727663848,137.59677419354833,0.8064516129032258,30.0,297.0,135.09375,54.097920116558086,6.152700648446773,1.0,1622.0,1623.0,1.0,0.0866395880176978,0.1760784313725493,0.4272549019607836,0.196724424676092,140.52941176470588,44.09677419354839,0.967741935483871,25.0,180.0,42.71875,48.59606103829301,5.544814348792323,0.0,1341.0,1341.0,0.8823529411764706,0.0395256685821233,0.1137254901960784,0.1450980392156863,0.1203360632679785,53.00392156862743,0.9392491648877294,0.1645849106097215,0.96875,256,248,494,478
sciver_val_182,1,256,32,-15.83870967741936,97.0,-15.3125,-159.0,64.19376795102465,36.32258064516129,0.935483870967742,31.0,111.0,35.21875,30.645895295088053,5.430329561143733,1.0,534.0,535.0,0.9405750278067398,0.0662267882545194,0.1767825288832482,0.2565158937652354,0.1094816356048231,35.36510492791337,52.16129032258065,0.967741935483871,24.0,172.0,50.53125,46.14310916526432,5.434289300996223,0.0,700.0,700.0,0.6864470226036644,0.0763274287718697,0.3016237629728859,0.4379367516245123,0.1405664019669383,53.42920014030885,0.0244320011259212,0.0970320355053254,15.306451612903226,68.0,14.84375,-94.0,28.642308495257502,22.43548387096774,0.4838709677419355,21.0,68.0,21.75,22.094965489902897,4.815172010866937,1.0,336.0,337.0,0.6549019607843137,0.0638538748832866,0.1862745098039215,0.3205882352941176,0.1118871141311913,21.454901960784312,7.12903225806452,0.967741935483871,9.0,111.0,6.90625,19.9739821001597,4.924879122497546,0.0,301.0,301.0,0.403921568627451,0.0296267344146961,0.0470588235294118,0.0941176470588235,0.0528721749704358,8.91764705882353,0.9892536882541478,0.0509253451106002,1.2307692307692308,208,256,553,682
sciver_val_185,1,256,32,-28.53225806451613,259.0,-27.59375,-415.0,193.0393190801747,99.72580645161293,0.5483870967741935,30.0,293.0,96.65625,89.19907839174965,6.143401437553768,1.0,1031.0,1032.0,0.9776643323896996,0.0971599931045111,0.2481477878748327,0.4322399940194363,0.1475837448430449,100.171952890751,128.25806451612905,0.8064516129032258,25.0,476.0,124.25,167.8842607274428,6.546758501082405,0.0,1388.0,1388.0,0.8100067001053041,0.0938672632943292,0.2686950443234199,0.3189008831017845,0.1141200938352803,130.28776145252897,0.1011387384996887,0.1795611477248424,15.822580645161295,242.0,15.375,-293.0,128.343959246238,120.66129032258064,0.3548387096774194,31.0,281.0,116.9375,91.67399355187926,6.098610291047343,1.0,1215.0,1216.0,0.8941176470588236,0.0994496893407568,0.3490196078431372,0.5541176470588234,0.1707975715516431,120.8313725490196,104.83870967741936,0.7419354838709677,25.0,385.0,101.5625,106.18231299868164,6.427245450746685,0.0,1508.0,1508.0,0.8117647058823529,0.0704894159255214,0.2901960784313726,0.3790196078431367,0.1181739144558916,106.29803921568627,0.8458489207086343,0.1984115427278318,1.4970760233918128,171,256,400,600
sciver_val_186,1,256,32,-20.967741935483883,323.0,-20.28125,-362.0,200.1140665931246,101.54838709677416,0.5161290322580645,31.0,355.0,98.40625,99.9130432473033,6.1586786013950565,1.0,1218.0,1219.0,0.9626287696533924,0.0815396618664407,0.2391023557105772,0.3925118174972588,0.1354096844849484,99.31530815332478,122.51612903225808,0.8064516129032258,21.0,384.0,118.6875,147.57062662925165,6.6263298417788326,0.0,1642.0,1642.0,0.5736673327894098,0.0766225135831731,0.2465027212262052,0.304122429496982,0.1027162780190264,125.81416730357029,0.1080123939592326,0.1681827453630648,98.58064516129032,301.0,95.625,-144.0,110.00362209945634,131.22580645161293,0.4193548387096774,31.0,302.0,127.25,95.55495800846757,6.0534974409207045,1.0,1075.0,1076.0,1.0,0.1231080711354308,0.4219607843137256,0.6129411764705881,0.1974377086125381,132.3411764705882,32.645161290322584,0.967741935483871,21.0,191.0,31.625,42.83088109063366,5.487598042530349,0.0,818.0,818.0,0.584313725490196,0.0475526151781005,0.0913725490196081,0.3686274509803922,0.1025350145412718,38.89803921568627,0.9373388528639804,0.1468047878861428,2.015748031496063,127,256,772,1561
sciver_val_188,1,256,32,21.709677419354843,255.0,21.0625,-310.0,169.1478527612751,154.19354838709677,0.7419354838709677,30.0,285.0,149.40625,108.66601911792618,6.460076837425201,1.0,1346.0,1347.0,0.9322753203052216,0.1145587243078373,0.2931959390788382,0.473569751100799,0.1604876534201398,154.19604291834906,132.48387096774195,0.8387096774193548,23.0,436.0,128.34375,160.2243757545571,6.69367569570732,0.0,1801.0,1801.0,0.7041174164834463,0.0752788683904367,0.2266237239269631,0.2932258959384818,0.1029223108604262,135.57724197117656,0.058544064079976,0.1351908760419885,170.17741935483872,346.0,164.9375,1.0,121.5912562388842,195.46774193548387,0.7096774193548387,30.0,368.0,189.4375,134.85082904361397,6.310836302456727,1.0,1171.0,1172.0,1.0,0.1681753487048107,0.4745098039215686,0.6647058823529413,0.2147548640353724,196.93333333333337,25.290322580645167,0.8709677419354839,15.0,101.0,24.5,38.61994303465504,5.529930213711899,0.0,908.0,908.0,0.3411764705882353,0.0340286775503152,0.1529411764705882,0.2274509803921568,0.071751999691173,30.89803921568626,0.9722275696696,0.097709696319893,1.0078740157480317,254,256,1647,1661
sciver_val_189,1,256,32,-1.9677419354838812,210.0,-1.875,-287.0,134.96938310224286,72.32258064516127,0.5483870967741935,30.0,221.0,70.09375,63.96745235615922,6.202444040989917,1.0,1120.0,1121.0,0.9790879389939204,0.0643073518663215,0.1737809339467697,0.2498806824336834,0.1022648656362029,72.02423409028012,74.29032258064517,0.8387096774193548,17.0,319.0,71.96875,110.18095467655696,6.4919179795480115,0.0,1443.0,1443.0,0.4940503588181116,0.0534324784483766,0.1526223671518068,0.2092058550924833,0.0757193363864704,77.10306640100757,0.1001895691170101,0.167620850686406,64.43548387096773,151.0,62.4375,-28.0,54.8714050644778,79.98387096774196,0.6451612903225806,24.0,177.0,77.5,61.765686266729034,6.245453985890382,1.0,1054.0,1055.0,0.8156862745098039,0.0771328645310116,0.2117647058823529,0.2705882352941177,0.1083493070942172,81.29803921568627,15.548387096774196,0.967741935483871,19.0,90.0,15.0625,22.039648222011166,5.889773775714367,0.0,651.0,651.0,0.2901960784313725,0.0281919219300623,0.0705882352941176,0.092156862745098,0.0355531194524985,18.35294117647058,0.9327402068283454,0.1451659518740336,2.245614035087719,114,256,738,1661
sciver_val_192,1,256,32,-14.774193548387116,80.0,-14.28125,-629.0,136.8850417263972,58.87096774193549,0.935483870967742,30.0,162.0,57.0625,40.578579247553755,5.920367078365464,1.0,1303.0,1304.0,0.9357648335530598,0.0441300166326965,0.1001139245584348,0.1992120332245963,0.1064116216880385,57.501411672403634,73.6451612903226,0.967741935483871,22.0,637.0,71.34375,132.67620580170922,6.7987953592100485,0.0,1677.0,1677.0,0.5807724765226042,0.0461863831013906,0.1169932132852721,0.1599919737049919,0.0630687975559594,77.4545644610321,0.0776987852086503,0.1305773528014195,-0.7903225806451579,103.0,-0.75,-182.0,51.70287709596053,32.62903225806451,0.6774193548387096,17.0,108.0,31.625,38.03842629499806,5.803609103758083,1.0,1011.0,1012.0,0.5333333333333333,0.0365276080758713,0.0901960784313725,0.1764705882352941,0.0788237094872214,36.92941176470588,33.41935483870968,0.935483870967742,11.0,252.0,32.375,64.28051318245679,6.639321932903152,0.0,1208.0,1208.0,0.1843137254901961,0.0280710297363978,0.0745098039215685,0.1019607843137254,0.0306730385488767,33.90980392156863,0.9145708181148277,0.0744466715932481,1.673202614379085,153,256,915,1526
sciver_val_194,1,256,32,-7.064516129032269,124.0,-6.8125,-372.0,128.89007853108788,80.96774193548386,0.6774193548387096,30.0,178.0,78.46875,50.30344444903848,5.986736441998426,1.0,1281.0,1282.0,0.8525299879716745,0.0633681739417545,0.2234342654340676,0.3021034468731808,0.1224055232326454,81.17463081938756,88.03225806451613,0.935483870967742,21.0,374.0,85.28125,110.25800265031786,6.4199586004099185,0.0,1377.0,1377.0,0.5422250083881944,0.0657117008512569,0.2044444705895259,0.2621111890151503,0.0928258339842235,90.48501207218084,0.0781509576792266,0.14824405422928,80.11290322580646,169.0,77.625,-138.0,66.9905543714933,101.66129032258068,0.935483870967742,30.0,235.0,98.5,63.96678825765758,5.890425115026315,1.0,1095.0,1096.0,0.9450980392156862,0.0897591548034738,0.2705882352941177,0.4898039215686268,0.1676361456318221,98.28627450980392,21.548387096774196,0.967741935483871,12.0,154.0,20.875,36.35738405056117,5.740546876264728,0.0,708.0,708.0,0.3686274509803922,0.0375706214689265,0.1019607843137254,0.1423529411764703,0.0588295131953285,26.59999999999999,0.9611837948069852,0.1080043236105204,2.0,128,256,872,1744
sciver_val_196,1,256,32,8.354838709677413,116.0,8.125,-150.0,77.54545038234029,60.54838709677419,0.3870967741935484,30.0,122.0,58.6875,35.34953809811381,5.5637174813279096,1.0,760.0,761.0,0.946220652720706,0.0791065826854107,0.2365806004403286,0.3302289111904892,0.1456114701778537,60.1210028409122,52.19354838709678,0.9032258064516128,20.0,157.0,50.5625,56.694321530026265,5.490219952082228,0.0,660.0,660.0,0.7319644625644217,0.082517500635003,0.2797863211832803,0.4101100829457633,0.1354425479817244,54.46155041910204,0.1329489423827762,0.2356084999289746,44.98387096774195,120.0,43.59375,0.0,47.31599846708828,49.016129032258064,0.7096774193548387,17.0,122.0,47.5,50.20333654250482,5.50687533700553,1.0,666.0,667.0,0.5529411764705883,0.0739150915621503,0.2450980392156862,0.35,0.1226267252372835,49.22745098039215,4.032258064516128,0.5161290322580645,16.0,21.0,3.90625,5.923255940570186,5.021644858642819,0.0,344.0,344.0,0.172549019607843,0.0140218878248974,0.0274509803921568,0.0582352941176469,0.025640612431489,4.823529411764706,0.9003828358673979,0.1631113914794291,2.169491525423729,118,256,763,1661
sciver_val_197,1,256,32,0.9677419354838706,31.0,0.96875,-29.0,20.783834425762247,15.258064516129032,0.2580645161290322,21.0,33.0,14.8125,8.963249619976006,3.904825865144068,1.0,251.0,252.0,0.998630520118347,0.057982951284845,0.0984998252710702,0.2687279148003383,0.1641154899796399,14.553720772496114,14.290322580645162,0.8064516129032258,16.0,35.0,13.84375,13.54416243026862,3.656703032847136,0.0,138.0,138.0,0.870203279685457,0.1068610376398093,0.3899931522923034,0.5100156126287476,0.1941038904041371,14.746823194293688,0.0852932284285512,0.1960596320021988,-13.758064516129032,1.0,-14.03125,-46.0,11.145302752168735,1.4516129032258065,0.7096774193548387,11.0,7.0,1.46875,1.1721874583444407,4.208015391646404,1.0,88.0,89.0,0.0313725490196078,0.0080659536541889,0.0156862745098039,0.0260784313725489,0.0067240363287616,0.7098039215686269,15.20967741935484,0.0,22.0,49.0,15.5,11.280514172678478,3.9112334607416224,0.0,248.0,248.0,0.8431372549019608,0.0581593927893738,0.1070588235294117,0.4735294117647045,0.1606633365502974,14.423529411764706,0.1524167479491796,0.2560360899403969,1.3061224489795915,196,256,636,831
sciver_val_199,1,256,32,7.483870967741938,188.0,7.28125,-217.0,116.66759253724877,67.96774193548384,0.5806451612903225,29.0,223.0,65.875,71.09050129940005,5.8098517085555175,1.0,865.0,866.0,0.7162686073216036,0.0781281719789107,0.2284086285766647,0.3723568785079396,0.125431511971016,67.58086876175783,60.48387096774194,0.8387096774193548,19.0,224.0,58.59375,78.72255846285421,6.049182623137991,0.0,1025.0,1025.0,0.5108954393030686,0.0613285374941442,0.1988503684495294,0.2771971127239883,0.0905112271393283,62.86175093149787,0.082321487588935,0.1509843945391324,81.64516129032258,240.0,79.125,-16.0,84.80335709746402,103.80645161290325,0.5161290322580645,31.0,247.0,100.59375,75.0520067082653,5.756498956593539,1.0,857.0,858.0,0.9647058823529412,0.1213032237399043,0.3960784313725489,0.6243137254901958,0.1985521345833445,103.95686274509802,22.161290322580644,0.8064516129032258,17.0,70.0,21.46875,27.260301235267008,5.3998566228760785,0.0,565.0,565.0,0.4352941176470587,0.0450598646538261,0.1333333333333333,0.2227450980392155,0.0765893704045484,25.45882352941176,0.8919847804391217,0.1759667225026912,1.532934131736527,167,256,866,1328
sciver_val_200,1,256,32,-4.161290322580653,204.0,-4.0,-186.0,107.18442050969908,54.19354838709677,0.5161290322580645,26.0,218.0,52.53125,63.81907256798315,5.8169865382564065,1.0,729.0,730.0,0.9749227018501018,0.0739621522183105,0.189970946379392,0.2579923634762833,0.105440153286643,53.91840896714841,58.354838709677416,0.7741935483870968,19.0,198.0,56.53125,72.7637376956235,5.68877955333601,0.0,776.0,776.0,0.4959555557253899,0.0777271726504017,0.2826758004634437,0.3270821160735956,0.1168930779637082,60.316285976711754,0.034735663051708,0.1193435557588098,50.70967741935483,152.0,49.15625,-7.0,49.2240473339759,56.32258064516129,0.5806451612903225,27.0,152.0,54.59375,46.250580655138805,5.498237161726122,1.0,624.0,625.0,0.8980392156862745,0.092955002513826,0.2917647058823533,0.4425490196078432,0.152134637753234,58.003921568627455,5.612903225806452,0.967741935483871,12.0,28.0,5.4375,8.863328593141517,4.182515685261793,0.0,261.0,261.0,0.388235294117647,0.0276913830666366,0.0745098039215687,0.2156862745098039,0.0678849556291551,7.227450980392153,0.98370559443657,0.08115023768294,0.97265625,256,249,469,457
sciver_val_201,1,256,32,3.564516129032241,174.0,3.5,-259.0,118.44909244059238,76.75806451612904,0.4838709677419355,30.0,182.0,74.40625,49.86034206598968,5.804173788946791,1.0,1155.0,1156.0,0.9911164727565164,0.0661792841292098,0.157641149927123,0.3868601767661015,0.1425910755234604,76.43707316923732,73.19354838709678,0.9032258064516128,22.0,283.0,70.90625,96.48975313958212,5.994189284181087,0.0,1018.0,1018.0,0.7258660320965852,0.0741454336649462,0.2287054710283619,0.3301839870533193,0.1145146950021105,75.4800514709153,0.1773274606848919,0.2267167539726029,92.56451612903224,222.0,90.375,1.0,58.21337367821934,106.24193548387096,0.4516129032258064,30.0,229.0,103.625,59.010459877889446,5.9766506162652995,1.0,1293.0,1294.0,1.0,0.0821921962907359,0.237647058823529,0.5599999999999989,0.1690937292153393,106.27450980392156,13.677419354838712,0.6451612903225806,24.0,64.0,13.25,16.29033455764491,6.06157238299925,0.0,741.0,741.0,0.1529411764705882,0.0222645603450557,0.0627450980392156,0.0901960784313725,0.0270108067820408,16.498039215686276,0.7158974012399076,0.311830001769203,1.5058823529411764,170,256,881,1328
sciver_val_204,1,256,32,11.4516129032258,160.0,11.15625,-136.0,86.50112332182455,66.64516129032258,0.5161290322580645,29.0,186.0,64.625,49.96170408422835,5.535031557720189,1.0,790.0,791.0,0.8119770884928385,0.0819745354458702,0.2322872161525079,0.4618069340065056,0.1568493932953245,64.75988300223747,55.193548387096776,0.8064516129032258,21.0,172.0,53.46875,63.07534402155489,5.819072598433983,0.0,879.0,879.0,0.7866791368088113,0.0666059497168432,0.2334988991177491,0.303940511754361,0.1093499076352058,58.546629801105226,0.1242302351070827,0.2144787973720087,25.41935483870967,139.0,24.6875,-99.0,54.81014818215692,68.35483870967742,0.1612903225806451,28.0,139.0,66.28125,42.04107691814637,5.583275460027727,1.0,845.0,846.0,0.8549019607843137,0.0800139227288548,0.2509803921568628,0.4737254901960782,0.1573718036071005,67.61176470588235,42.93548387096774,0.7096774193548387,24.0,154.0,41.59375,37.26330246955441,5.366283132667222,0.0,709.0,709.0,0.803921568627451,0.0665283885063193,0.2172549019607846,0.3874509803921571,0.1391041518864865,47.16862745098038,0.73810022272798,0.3103072639335008,2.0317460317460316,126,256,776,1580
sciver_val_207,1,256,32,-21.2258064516129,400.0,-20.53125,-599.0,290.3657159918118,161.0,0.6129032258064516,30.0,430.0,156.0,148.77478785063013,6.8357512437248875,1.0,1868.0,1869.0,0.9914278544522762,0.0859366552907914,0.2227346354330452,0.3234070616167122,0.1125559781531378,160.52967208319836,182.2258064516129,0.8064516129032258,21.0,625.0,176.53125,219.5691782182497,6.917918788899534,0.0,2228.0,2228.0,0.4952135958364214,0.0833681347228871,0.2526743785956223,0.3491962432037505,0.1114387401311426,185.74420416259247,0.0930828854967297,0.1729859451690873,172.5483870967742,411.0,167.40625,-97.0,144.3335675126805,214.87096774193543,0.5806451612903225,31.0,422.0,208.40625,133.63098896190772,6.510323333996178,1.0,1580.0,1581.0,1.0,0.1378356912385207,0.4156862745098039,0.6352941176470588,0.2042303765685369,217.78039215686275,42.322580645161295,0.967741935483871,19.0,153.0,41.0,53.949050037975645,5.9556342537685865,0.0,996.0,996.0,0.4823529411764705,0.0483187652571068,0.1450980392156863,0.2196078431372549,0.082376485667511,48.12549019607842,0.9439713277552402,0.1476436959739132,1.103448275862069,232,256,1085,1196
sciver_val_208,1,256,32,-20.935483870967737,150.0,-20.25,-205.0,110.49094985563298,62.38709677419355,0.2903225806451612,30.0,150.0,60.46875,42.98835916195802,5.978674489448913,1.0,894.0,895.0,0.8571860600749963,0.0694105066270027,0.1676703856638483,0.2902928275371065,0.1051389597241377,62.05299292454048,83.32258064516128,0.8064516129032258,21.0,241.0,80.71875,88.47006357202136,5.975010622310401,0.0,1030.0,1030.0,0.5960057733989133,0.0828817608726278,0.2920128732366031,0.4095803760130674,0.1282255474613567,85.36821369880671,0.0978749145133242,0.1963043379513689,42.790322580645146,110.0,41.90625,-84.0,45.5146675362734,65.0806451612903,0.3870967741935484,30.0,113.0,63.5,32.021477167676075,5.795900655015984,1.0,818.0,819.0,1.0,0.0799175415887626,0.2247058823529414,0.3299999999999999,0.1360769736796234,65.37254901960783,22.290322580645164,0.967741935483871,26.0,96.0,21.59375,25.338778797280263,4.983879971908815,0.0,530.0,530.0,0.6784313725490196,0.0482722900480947,0.1337254901960785,0.3001960784313724,0.1088656669950401,25.58431372549019,0.8300339596065699,0.3323215369369957,1.6623376623376624,154,256,450,748
sciver_val_209,1,256,32,-21.741935483870986,394.0,-21.03125,-635.0,267.05447529191025,121.70967741935482,0.5806451612903225,30.0,422.0,117.9375,135.31466510969904,6.841613130125882,1.0,1863.0,1864.0,0.9999865443742504,0.0652604587131525,0.1692355346059358,0.2222266687269383,0.0873297571277486,121.58023458260324,143.45161290322582,0.8709677419354839,22.0,662.0,138.96875,216.69383418417215,6.955007833813829,0.0,2252.0,2252.0,0.7224574533920803,0.0654293808853348,0.1918672813241167,0.2418606451470203,0.0861180814668832,147.34696575377416,0.0870285188479345,0.1675538487245712,-118.56451612903226,119.0,-113.5,-389.0,154.95523547140962,33.645161290322584,0.0,28.0,387.0,38.65625,68.4190257599266,5.526459132343637,1.0,652.0,653.0,0.615686274509804,0.0459160351257067,0.1254901960784313,0.1764705882352941,0.084522390807818,29.93725490196078,152.20967741935482,0.3870967741935484,30.0,396.0,152.15625,142.91673917332952,6.866729217000623,0.0,2187.0,2187.0,1.0,0.0691591131194132,0.2117647058823529,0.2901960784313725,0.1066348362991099,151.25098039215686,0.067657470703125,0.1770734081072021,1.0,256,256,1080,1080
sciver_val_212,1,256,32,0.7096774193548339,131.0,0.71875,-161.0,95.3976003285067,59.41935483870968,0.4516129032258064,29.0,142.0,57.59375,48.59453375573738,5.433226379261619,1.0,813.0,814.0,0.9491441729153284,0.07223618783549,0.2498858435189924,0.3853250494943986,0.145594517433314,58.728020710253375,58.70967741935484,0.7419354838709677,23.0,174.0,56.875,63.86105522930231,5.730240844506109,0.0,794.0,794.0,0.5463736854547533,0.076427467333503,0.2738094148917375,0.3225831546069165,0.1136945863407118,60.6834090628014,0.0780756524563726,0.1582823740222261,69.14516129032259,160.0,67.0,-12.0,60.486568757038945,82.88709677419355,0.4516129032258064,29.0,160.0,80.3125,53.330594819015474,5.427711123367266,1.0,724.0,725.0,0.9098039215686274,0.1134492471021557,0.4156862745098039,0.6301960784313727,0.2072404873093067,82.13725490196077,13.741935483870972,0.967741935483871,14.0,65.0,13.3125,19.839098864363773,4.773203232818986,0.0,427.0,427.0,0.4392156862745098,0.0386187261789961,0.1058823529411764,0.2968627450980391,0.0839314784782549,16.49019607843137,0.9254628826766556,0.1288732390934264,2.4150943396226414,106,256,666,1610
sciver_val_215,1,256,32,-38.354838709677416,387.0,-37.125,-362.0,235.2319002070085,138.22580645161293,0.2258064516129032,31.0,392.0,133.9375,121.15535932739418,6.33902249318526,1.0,1237.0,1238.0,0.9823464658459526,0.1123008483286867,0.275812018942616,0.4250617675778912,0.1723193394901674,138.9161493825855,176.5806451612903,0.6451612903225806,25.0,438.0,171.0625,155.95150237734163,6.442788822204133,0.0,1407.0,1407.0,0.749069725379955,0.1270705905989039,0.3958619800961678,0.4891779162628191,0.165875999271656,178.7883209726578,0.089880600544221,0.2067034800680918,84.74193548387096,343.0,86.03125,-99.0,135.01330591255626,164.64516129032256,0.0967741935483871,30.0,343.0,163.4375,88.52928099645902,5.914949198266461,1.0,1216.0,1217.0,1.0,0.1379869711042311,0.6392156862745098,0.8676470588235294,0.2632586816288184,167.7921568627451,79.90322580645162,0.5806451612903225,27.0,174.0,77.40625,55.67924847676646,5.6574805652766,0.0,1337.0,1337.0,0.8431372549019608,0.0626571047267074,0.1411764705882353,0.5035294117647062,0.1605252876598239,83.77254901960784,0.8461977634803921,0.2505963161536628,1.28,200,256,1300,1660
sciver_val_216,1,256,32,-53.096774193548384,168.0,-51.40625,-320.0,154.2947381181144,95.0,0.6129032258064516,31.0,197.0,92.0625,57.48855184947696,6.119500215058013,1.0,1166.0,1167.0,0.9931684110549852,0.0799556474629156,0.2137061964633185,0.3071861314522101,0.1401857361775465,93.2282849417596,148.09677419354838,0.7096774193548387,26.0,359.0,143.46875,125.10869883200569,6.440069309876438,0.0,1428.0,1428.0,0.7156098476953765,0.1061630072546273,0.3124037371543256,0.390696655201788,0.1416777165938004,151.60077435960793,0.0656578045779327,0.1563298781003131,82.96774193548389,143.0,81.5,-72.0,54.66717479438644,99.41935483870968,0.5806451612903225,31.0,159.0,97.4375,38.56239870327053,5.622215452970576,1.0,814.0,815.0,1.0,0.1233318880377703,0.392156862745098,0.7294117647058823,0.224624370003999,100.39215686274508,16.45161290322581,0.967741935483871,18.0,96.0,15.9375,22.15420036358794,5.112004153705717,0.0,711.0,711.0,0.6235294117647059,0.030914756901354,0.0705882352941176,0.1647058823529411,0.0859068547896354,21.980392156862735,0.9638505057743436,0.1264812788219143,0.921875,256,236,522,482
sciver_val_218,1,256,32,-29.000000000000004,236.0,-28.0625,-300.0,156.0915071160183,67.29032258064515,0.4838709677419355,29.0,258.0,65.21875,75.14225441412773,5.914970421210786,1.0,740.0,741.0,0.8044935836098266,0.0912059153974482,0.235939666454651,0.3436635828020062,0.1215628926802301,67.49237739411171,96.29032258064515,0.7419354838709677,25.0,314.0,93.28125,112.0059246131092,6.117715484970436,0.0,889.0,889.0,0.8617934381005911,0.108894571438889,0.2997180398818324,0.3432172141295642,0.1330777718615921,96.80727400917232,0.0638466785806557,0.1884200724387033,69.16129032258064,285.0,68.5625,-44.0,96.67372235385372,109.51612903225806,0.3870967741935484,30.0,289.0,107.65625,77.68228939685996,5.6367207212335835,1.0,656.0,657.0,0.9568627450980391,0.1688845050215208,0.6549019607843137,0.803921568627451,0.2473475053013943,110.78823529411764,40.35483870967743,0.967741935483871,25.0,105.0,39.09375,40.190452360448745,5.090389379527258,0.0,567.0,567.0,0.6196078431372549,0.0775045820797454,0.3490196078431372,0.4799999999999994,0.1490916961949626,43.94509803921568,0.7783256679165691,0.3959474799987184,1.0199203187250996,251,256,828,846
sciver_val_219,1,256,32,-14.064516129032256,213.0,-13.59375,-200.0,114.09969855761014,75.74193548387098,0.3548387096774194,28.0,215.0,73.40625,59.59124273697856,5.769419416190587,1.0,758.0,759.0,0.9205096618701352,0.0988289012592785,0.26494696467812,0.4430261737450943,0.160711611680776,74.91230715453312,89.80645161290323,0.7419354838709677,21.0,244.0,87.0,92.33092656309694,6.065237740535526,0.0,883.0,883.0,0.5474527852950649,0.1046919666915773,0.3032887068734159,0.370485008197796,0.1280427692372775,92.4430065886628,0.0549259054787236,0.1381621064690458,45.43548387096774,170.0,44.03125,-299.0,91.21933881276216,76.53225806451613,0.3870967741935484,28.0,171.0,74.15625,53.19310891400784,5.491309116463703,1.0,722.0,723.0,0.8784313725490196,0.1078214111129216,0.3835294117647057,0.6431372549019608,0.196022395873311,77.84705882352941,31.0967741935484,0.935483870967742,19.0,371.0,30.125,71.91824785824527,5.875377105016819,0.0,793.0,793.0,0.5725490196078431,0.0426872388299582,0.0627450980392156,0.1074509803921567,0.0807006188229761,33.85098039215687,0.9368866278236444,0.1020770839729264,1.4970760233918128,171,256,1085,1627
sciver_val_220,1,256,32,7.354838709677416,65.0,7.15625,-129.0,38.95839878559564,55.806451612903224,0.6451612903225806,29.0,103.0,54.09375,30.60061210069988,5.495111519142818,1.0,1127.0,1128.0,0.9168626493908344,0.0487885600231589,0.1653340466589086,0.3595085506484744,0.1159869161123005,54.98470714610011,48.45161290322581,0.967741935483871,22.0,177.0,46.9375,47.61560766964966,5.834380254642534,0.0,1524.0,1524.0,0.785395393531356,0.0362899430979996,0.1066693956130015,0.2113246415818045,0.0954386760790957,55.30587328135153,0.0782511959732729,0.1673190039715472,60.62903225806452,119.0,58.75,-42.0,44.29729111356585,70.79032258064514,0.5806451612903225,27.0,125.0,68.59375,38.17710322873515,5.263024607165689,1.0,696.0,697.0,0.9372549019607844,0.1004676583276989,0.4549019607843138,0.5970588235294116,0.1984292313404349,69.92549019607843,10.16129032258064,0.7419354838709677,22.0,129.0,9.84375,23.587747580841626,6.243441132213486,0.0,1010.0,1010.0,0.2392156862745098,0.0116249271986022,0.0235294117647059,0.0352941176470588,0.0210579008454075,11.741176470588227,0.7188573683978097,0.2138019383961574,0.8671875,256,222,1914,1661
sciver_val_222,1,256,32,-19.35483870967743,147.0,-18.71875,-352.0,152.4320000801587,86.67741935483872,0.6129032258064516,31.0,221.0,84.0,69.2793259205082,6.481709225075436,1.0,1482.0,1483.0,0.8226400418703392,0.0589096881305093,0.1213299705998483,0.2299618286494796,0.0996777760273742,87.3041578094148,106.03225806451614,0.8709677419354839,22.0,384.0,102.71875,137.11588036561446,6.684252102531242,0.0,1790.0,1790.0,0.4715308050716496,0.0621625516808676,0.1965987201627855,0.2590209502418962,0.0865578070704043,111.27096750875316,0.0852457189500011,0.1399151136464767,80.79032258064515,231.0,78.3125,-166.0,104.20785643966582,117.27419354838712,0.5161290322580645,31.0,241.0,113.65625,86.78119373422734,6.215032779434887,1.0,1398.0,1399.0,0.992156862745098,0.0839238127296698,0.2745098039215686,0.3568627450980392,0.1477122077747532,117.32549019607843,36.48387096774195,0.8387096774193548,18.0,258.0,35.34375,64.55695613903663,6.577631757072393,0.0,1483.0,1483.0,0.5568627450980392,0.0277021934869699,0.0549019607843137,0.0745098039215685,0.0490411983563726,41.08235294117649,0.8929984861591695,0.1378736869182118,1.673202614379085,153,256,496,830
sciver_val_225,1,256,32,1.709677419354824,260.0,1.6875,-467.0,190.55829775622473,112.83870967741936,0.6129032258064516,31.0,332.0,109.34375,111.43288601637086,6.395810135078191,1.0,1170.0,1171.0,0.9641277653302058,0.0951436805137661,0.2482124666797851,0.3208366147934819,0.1231322634233133,111.31810620110642,111.12903225806453,0.8387096774193548,21.0,493.0,107.65625,155.6433441748715,6.644332489639317,0.0,1614.0,1614.0,0.6098234482492679,0.0707337575756368,0.2031474488560586,0.2390039324610857,0.0891048316307075,114.16428472707788,0.0964632300413178,0.1551139169466469,149.95161290322582,341.0,145.40625,1.0,116.5632498300279,172.40322580645162,0.6774193548387096,31.0,349.0,167.15625,115.02692874252315,6.222423331061588,1.0,1126.0,1127.0,1.0,0.1555149235537909,0.4901960784313726,0.5950980392156863,0.211999595954748,175.10980392156858,22.45161290322581,0.967741935483871,16.0,102.0,21.75,33.28663395418648,5.5725969775655475,0.0,764.0,764.0,0.3803921568627451,0.0361307873934914,0.1282352941176472,0.2111764705882354,0.0660204408049566,27.60392156862744,0.9454562247693196,0.1364571761828577,1.8823529411764703,136,256,1106,2080
sciver_val_226,1,256,32,-34.903225806451616,126.0,-33.78125,-298.0,104.68516322018849,62.741935483870954,0.5483870967741935,31.0,135.0,60.8125,37.11337149532497,6.093759028352469,1.0,1382.0,1383.0,0.9780085301849022,0.0453013188476758,0.1205259408281641,0.2039679451923551,0.0955528008251522,62.60642264748803,97.6451612903226,0.935483870967742,26.0,305.0,94.59375,93.86554858379884,6.271951500693902,0.0,1386.0,1386.0,0.8275385360141824,0.0730874960450952,0.2202383960600629,0.3425769854830579,0.1196755649358603,101.29926951850204,0.0694465657290563,0.146236134272456,47.919354838709666,141.0,46.90625,-95.0,47.79144757106129,72.20967741935482,0.4838709677419355,30.0,150.0,70.4375,31.56435638105108,5.531252986897276,1.0,964.0,965.0,1.0,0.0771540151330241,0.171372549019608,0.4543137254901956,0.1834463098693926,74.37647058823529,24.290322580645167,0.935483870967742,18.0,139.0,23.53125,33.827673928863334,5.3251007590203185,0.0,685.0,685.0,0.7725490196078432,0.0416258766280234,0.1003921568627451,0.1372549019607842,0.0991344863871509,28.513725490196077,0.9438651564481512,0.1275803242640268,1.27363184079602,201,256,447,569
sciver_val_228,1,256,32,-40.48387096774196,105.0,-39.1875,-469.0,156.41160392934407,89.80645161290323,0.5806451612903225,31.0,195.0,87.03125,56.10341142423962,6.558394855543254,1.0,1395.0,1396.0,0.8033988732366303,0.063530003532886,0.1452617319193428,0.2266098149303516,0.0919566207172689,88.62435492837596,130.29032258064515,0.935483870967742,23.0,495.0,126.21875,154.731770811419,6.845878688315885,0.0,1862.0,1862.0,0.6335744198454832,0.0715303324290045,0.2045445814815232,0.2799325937703847,0.0940453880924712,133.18947898280652,0.1010644181405421,0.1644283665038601,74.98387096774194,212.0,72.65625,-101.0,74.04542920354706,95.9193548387097,0.9032258064516128,27.0,282.0,92.9375,79.4339102257342,6.323549042165008,1.0,1146.0,1147.0,0.7215686274509804,0.0841357834582349,0.2019607843137255,0.3568627450980393,0.120002660405663,96.41960784313726,20.935483870967747,0.967741935483871,12.0,202.0,20.28125,45.76586772298216,6.015109552102964,0.0,915.0,915.0,0.3411764705882353,0.0296282010071788,0.0862745098039216,0.1345098039215684,0.0471012992421669,27.10980392156862,0.9558325674019608,0.1038339660554403,2.0,128,256,700,1400
sciver_val_232,1,256,32,4.225806451612899,41.0,4.125,-84.0,31.34161570500155,17.354838709677416,0.0967741935483871,28.0,41.0,16.84375,12.72819059951178,4.853767576125291,1.0,380.0,381.0,0.7450250582967064,0.0445943227346362,0.1241976656208304,0.217814395722543,0.0882822191712744,16.945842639161782,13.12903225806452,0.935483870967742,13.0,90.0,12.71875,25.55781971212529,5.400257244785468,0.0,492.0,492.0,0.3528310383404365,0.0308532767208171,0.0863505079441179,0.1346044456049522,0.0464959966563998,15.17981214664202,0.1424452476908313,0.2422516952563682,11.564516129032253,30.0,11.46875,-57.0,15.16777912014478,16.62903225806452,0.9032258064516128,23.0,40.0,16.375,11.502037862918032,4.88967166141477,1.0,349.0,350.0,0.7176470588235294,0.0468116186302601,0.1105882352941176,0.1694117647058821,0.0914299203491957,16.337254901960783,5.06451612903226,0.967741935483871,15.0,63.0,4.90625,12.099481845827118,5.021634097117931,0.0,271.0,271.0,0.2235294117647058,0.0272049779321322,0.0666666666666666,0.092156862745098,0.0344782939688933,7.372549019607842,0.8343187129502964,0.2973510352239012,5.953488372093023,43,256,279,1661
sciver_val_233,1,256,32,-3.000000000000001,117.0,-2.875,-133.0,68.71760600457499,35.74193548387098,0.5483870967741935,29.0,127.0,34.65625,36.15903187223768,5.335695559516069,1.0,625.0,626.0,0.9195686313086472,0.0557822235204464,0.1506093160851892,0.2415057277124631,0.1102055575000681,34.863889700279,38.74193548387097,0.9032258064516128,22.0,141.0,37.53125,49.44882732115596,5.437879668077031,0.0,599.0,599.0,0.8584577155321887,0.0673043466552813,0.21974393641506,0.2868528811220719,0.1109572490440505,40.31530364651352,0.0491361147966792,0.1301971120641036,28.693548387096776,133.0,27.8125,-20.0,40.53658648369396,41.40322580645161,0.5806451612903225,26.0,134.0,40.125,38.06716925383341,5.160031309739187,1.0,484.0,485.0,0.7960784313725491,0.0868578836493274,0.252549019607843,0.4980392156862745,0.1533827738447143,42.0392156862745,12.70967741935484,0.935483870967742,21.0,38.0,12.3125,15.657341528816442,4.613383482897377,0.0,246.0,246.0,0.3725490196078431,0.0568627450980392,0.2019607843137255,0.2607843137254901,0.0862815744248982,13.988235294117649,0.963683443755106,0.1230587080741796,1.3333333333333333,192,256,600,800
sciver_val_234,1,256,32,-22.38709677419355,248.0,-21.65625,-218.0,145.02577559157373,83.29032258064514,0.2903225806451612,28.0,253.0,80.71875,82.23146993966179,5.847326081645414,1.0,782.0,783.0,0.92068144387115,0.10577835976361,0.2603855502566955,0.4570551448108851,0.163833378691469,82.71867733514306,105.6774193548387,0.6129032258064516,23.0,270.0,102.375,100.30975463532944,5.9776997259217755,0.0,895.0,895.0,0.6836137949436165,0.1200341786932695,0.3883999381963944,0.4693726673663462,0.1593408713269891,107.43058993047624,0.0714414154166197,0.1803036447736974,72.56451612903227,242.0,70.3125,0.0,61.78614200409344,88.53225806451613,0.3548387096774194,28.0,243.0,85.78125,64.7542152947397,5.436310629561456,1.0,636.0,637.0,0.8549019607843137,0.1394746577876433,0.6196078431372549,0.7147058823529412,0.2302843699247358,88.70588235294117,15.967741935483874,0.967741935483871,15.0,35.0,15.46875,14.243385252021374,4.215574027601206,0.0,452.0,452.0,0.6470588235294117,0.0416189484643414,0.0196078431372549,0.4841176470588235,0.1295427913946313,18.811764705882347,0.9659795508229198,0.1232120325169417,1.3264248704663213,193,256,1319,1750
sciver_val_235,1,256,32,-36.387096774193594,555.0,-35.21875,-1220.0,456.3618174195093,227.0,0.6774193548387096,28.0,783.0,219.9375,214.329468561255,7.086198145730117,1.0,2271.0,2272.0,0.8382346992587824,0.0989041315218564,0.2480632399212682,0.4028254322785567,0.129410587441965,224.6112826861359,263.3870967741936,0.8709677419354839,20.0,1222.0,255.15625,362.917269272127,7.516373268296243,0.0,3250.0,3250.0,0.5419090048171004,0.0828805320257895,0.1973391832870638,0.2460681692995836,0.0910462468378342,269.3617290838161,0.1649057110296878,0.1774817679216017,132.43548387096777,745.0,128.3125,-209.0,225.7358020867536,151.24193548387095,0.8064516129032258,20.0,745.0,146.53125,211.27499620976803,6.9009484533916785,1.0,2014.0,2015.0,0.6196078431372549,0.0756216289892322,0.2235294117647059,0.3254901960784313,0.1043481709899916,152.3019607843137,18.80645161290324,0.967741935483871,6.0,250.0,18.21875,61.14773829372187,6.595937071890262,0.0,1618.0,1618.0,0.1294117647058824,0.0185704937104631,0.0705882352941177,0.0901960784313725,0.0282924063214006,30.047058823529404,0.9495510976129584,0.0850572581610156,1.590062111801242,161,256,1047,1661
sciver_val_236,1,256,32,-5.290322580645162,109.0,-5.09375,-87.0,56.05040107740086,32.06451612903225,0.3870967741935484,25.0,111.0,31.09375,32.27165878813018,5.156615579592145,1.0,294.0,295.0,0.9038804666791987,0.1035093363588025,0.1984204293838105,0.2469714549100957,0.1126066079155081,30.43174488948796,37.35483870967742,0.7419354838709677,18.0,93.0,36.1875,37.19999789986553,4.734474861688641,0.0,338.0,338.0,0.5718496650709872,0.1131696420790131,0.419663487360291,0.4697420838315286,0.1742294754715994,38.25133902270644,0.0305759684023995,0.1039580543832019,-25.564516129032263,1.0,-27.90625,-202.0,41.017800537541014,1.0161290322580645,0.0,1.0,2.0,1.03125,0.1739926363384381,-0.0,1.0,1.0,2.0,0.0117647058823529,0.0117647058823529,0.0117647058823529,0.0117647058823529,0.0,0.0117647058823529,26.58064516129032,0.0,24.0,204.0,28.9375,41.150590442301066,4.850338301782193,0.0,338.0,338.0,0.8666666666666667,0.0742777584406543,0.2392156862745098,0.2723529411764703,0.1232285495354357,25.10588235294118,0.0114993401206636,0.0567397445288304,1.9692307692307691,130,256,886,1739
sciver_val_237,1,256,32,8.645161290322568,326.0,8.40625,-324.0,210.4349453178761,122.64516129032256,0.4838709677419355,31.0,356.0,118.84375,120.65967361110133,6.367095228090562,1.0,983.0,984.0,0.8709559405234535,0.1234652247069652,0.2787564937030445,0.3637339331972306,0.1370545040406278,121.36631588694684,114.0,0.7419354838709677,21.0,348.0,110.4375,132.39121418640286,6.563236681224399,0.0,1212.0,1212.0,0.5942335032838261,0.0946855401462223,0.2348954892759882,0.305668406150678,0.1039534536651236,114.75887465722148,0.2149129894289868,0.2275782980226121,102.14516129032258,377.0,98.96875,-481.0,166.75458846291906,131.59677419354838,0.5483870967741935,26.0,383.0,127.5,123.50354245931572,6.14947868177137,1.0,871.0,872.0,0.788235294117647,0.1499470970937169,0.4117647058823528,0.5254901960784313,0.1744925791595161,130.60392156862744,29.451612903225826,0.935483870967742,16.0,498.0,28.53125,90.9536229263986,6.574846352174024,0.0,1119.0,1119.0,0.4941176470588235,0.0277769016453766,0.0588235294117647,0.0745098039215687,0.0344986335716323,31.08235294117648,0.8536469121099144,0.1604417169650892,3.6056338028169015,71,256,422,1520
sciver_val_238,1,256,32,38.741935483870975,309.0,37.5625,-363.0,171.086041493016,147.19354838709677,0.6451612903225806,29.0,388.0,142.625,109.24077478212978,6.208713490771022,1.0,1433.0,1434.0,0.9882416872601936,0.1026244315237086,0.4043922682966596,0.5435305722377255,0.1768221943549985,147.0608103734745,108.45161290322584,0.8709677419354839,26.0,392.0,105.0625,117.58505897328112,6.720389997634173,0.0,1903.0,1903.0,0.6599228052786802,0.0611068235449197,0.1861309738332876,0.2357682564480399,0.0891142254642517,116.2862852059823,0.1046812058949156,0.167974411592967,148.8548387096774,356.0,144.625,-4.0,113.4161997908588,168.3064516129032,0.6774193548387096,30.0,357.0,163.46875,107.80247688915826,6.046727038409671,1.0,1181.0,1182.0,1.0,0.143414520761734,0.5333333333333334,0.6823529411764706,0.2299069880887734,169.37254901960785,19.45161290322581,0.967741935483871,11.0,117.0,18.84375,34.5715827803342,5.629224726105527,0.0,914.0,914.0,0.3098039215686274,0.0276226026515639,0.0941176470588235,0.1896078431372545,0.058295747227995,25.247058823529404,0.9461926149005704,0.1287376401651215,1.8156028368794328,141,256,917,1661
sciver_val_241,1,256,32,3.741935483870966,32.0,3.65625,-50.0,24.03072171070815,18.12903225806452,0.6129032258064516,25.0,43.0,17.59375,13.847065065836151,4.361938978701955,1.0,249.0,250.0,0.8845947508451688,0.0689629367075141,0.2050213356420498,0.3391224186186726,0.1319818279914858,17.171771240171026,14.387096774193548,0.8064516129032258,20.0,55.0,13.9375,16.909571069367786,4.087450445575635,0.0,191.0,191.0,0.7154308788293896,0.0771053432674394,0.2619260963069486,0.3554069009497106,0.1409685418042142,14.727120564080929,0.0783056160549592,0.1924039430207016,14.661290322580646,34.0,14.21875,0.0,10.999245357637042,16.629032258064516,0.7419354838709677,22.0,41.0,16.125,12.456800351615176,4.037020964115182,1.0,198.0,199.0,0.8,0.0818974054268171,0.339607843137255,0.4264705882352936,0.1596281120676871,16.215686274509803,1.9677419354838708,0.7419354838709677,12.0,7.0,1.90625,2.4794073762695796,3.0603143005017257,0.0,79.0,79.0,0.4,0.0293869446512782,0.0674509803921569,0.2090196078431371,0.0694395755942759,2.3215686274509797,0.7654738187814394,0.2668964638232916,1.3403141361256543,191,256,688,920
sciver_val_242,1,256,32,4.838709677419347,132.0,4.71875,-212.0,84.33276141830943,61.64516129032258,0.6774193548387096,28.0,212.0,59.75,56.595052787324086,5.95739395322842,1.0,953.0,954.0,0.9718646340111442,0.0646569435562823,0.1721867422182673,0.2808647194285297,0.1079844936014922,61.61806720913711,56.806451612903224,0.9032258064516128,22.0,221.0,55.03125,72.79830199556511,5.998783422001937,0.0,1032.0,1032.0,0.5713021891964839,0.0565677437581105,0.1810434729076061,0.2308385671307985,0.0874617615934778,58.37791155837012,0.0552200077380664,0.1205837266432344,65.11290322580643,193.0,63.21875,-76.0,53.80040332969168,91.95161290322582,0.6129032258064516,29.0,212.0,89.21875,55.78795477912325,5.76398099888498,1.0,908.0,909.0,1.0,0.1016023149347844,0.3803921568627451,0.5201960784313724,0.1788905041299038,92.25490196078432,26.838709677419356,0.935483870967742,22.0,110.0,26.0,31.358810564177972,5.128096184833665,0.0,516.0,516.0,0.7411764705882353,0.0560495516035871,0.2333333333333333,0.3137254901960784,0.1049449324114019,28.921568627450977,0.9571075834995016,0.114893275580305,1.4463276836158192,177,256,553,798
sciver_val_245,1,256,32,2.8387096774193488,143.0,2.78125,-245.0,124.08659636897734,79.06451612903223,0.5161290322580645,28.0,147.0,76.625,50.93546775087081,6.154387179483596,1.0,914.0,915.0,0.845341216615064,0.0860408406727032,0.227718663592919,0.319054184511351,0.1109877313992613,78.64132837485076,76.22580645161291,0.8064516129032258,17.0,288.0,73.84375,108.81524174460807,6.512035190765157,0.0,1339.0,1339.0,0.4876221241803175,0.0588827611847402,0.1699935123086183,0.2115468881233346,0.0748818452297574,78.84401722636713,0.1035887694553782,0.1696441525017615,41.75806451612904,124.0,40.46875,0.0,36.71936169703253,78.72580645161291,0.8387096774193548,25.0,188.0,76.28125,61.16383448114989,6.034095612447198,1.0,936.0,937.0,0.7294117647058824,0.0849421820010055,0.2764705882352941,0.353921568627451,0.1234293476637332,79.50588235294117,36.96774193548388,0.7741935483870968,22.0,76.0,35.8125,29.72103369248789,5.800125442336363,0.0,820.0,820.0,0.5764705882352941,0.0473218555714968,0.1490196078431371,0.2196078431372549,0.0786986492024403,38.803921568627445,0.8868510472370766,0.2107516340653702,2.327272727272727,110,256,782,1827
sciver_val_246,1,256,32,5.193548387096767,151.0,5.0625,-271.0,121.52107263248624,74.83870967741933,0.6451612903225806,30.0,184.0,72.53125,59.81533267848219,5.863363602921069,1.0,787.0,788.0,0.9999073620174564,0.0949869188787248,0.2705517676592319,0.4070066567437349,0.1415104928959211,74.75470515755649,69.64516129032259,0.8709677419354839,23.0,292.0,67.46875,96.17171633821194,6.250112008170152,0.0,1218.0,1218.0,0.5765996689856436,0.0589983892886477,0.1870141224362191,0.2248219117945005,0.085237883239938,71.86003815357299,0.0883930153378503,0.1655930993738392,62.08064516129035,202.0,59.3125,-69.0,82.74110129645362,90.80645161290325,0.6451612903225806,31.0,206.0,88.46875,63.598341357597526,5.706796578194019,1.0,672.0,673.0,1.0,0.1356559290382819,0.4313725490196078,0.5625490196078429,0.1876537639139739,91.16078431372549,28.725806451612904,0.967741935483871,23.0,92.0,29.15625,32.943236573498666,5.604960289775304,0.0,848.0,848.0,1.0,0.0379994450610432,0.1254901960784313,0.2235294117647058,0.0831331443237538,32.2235294117647,0.5343128583980763,0.4551635823008759,2.4150943396226414,106,256,691,1661
sciver_val_247,1,256,32,8.258064516129027,263.0,8.03125,-115.0,113.0681443795621,119.09677419354838,0.2580645161290322,30.0,287.0,115.40625,69.77591784374822,5.886148195410507,1.0,1148.0,1149.0,0.9557161497494278,0.1052586232250389,0.3621331347438981,0.7551275174501356,0.2079372567287151,120.83689946234472,110.83870967741936,0.6451612903225806,26.0,217.0,107.375,84.73478845787012,5.604420095150389,0.0,1043.0,1043.0,0.7690119563813339,0.1082004057771247,0.4723384621858392,0.6509674681216937,0.2078037261359955,112.85302322554112,0.0800678757768631,0.1858509880202501,95.22580645161293,203.0,92.28125,1.0,61.83659635230177,101.3225806451613,0.5806451612903225,31.0,204.0,98.1875,64.71786726824362,5.601199023047867,1.0,1000.0,1001.0,0.984313725490196,0.1043960784313725,0.5533333333333335,0.6627450980392158,0.2102215875288015,104.39607843137254,6.096774193548389,0.4516129032258064,18.0,42.0,5.90625,8.668763518374464,5.9556844688445505,0.0,979.0,979.0,0.5686274509803921,0.010735244046546,0.0156862745098039,0.0274509803921568,0.030058067310685,10.50980392156862,0.9557329661687508,0.1368122605777685,1.0078740157480317,254,256,636,640
sciver_val_249,1,256,32,-50.806451612903224,279.0,-49.1875,-289.0,173.0230182482955,83.5806451612903,0.1935483870967742,27.0,280.0,81.0,82.08113364226885,5.859725658518055,1.0,783.0,784.0,0.983541140711472,0.1056302542212026,0.2516234761603731,0.3790938383582218,0.1613142724723561,82.70848905520168,134.38709677419354,0.6451612903225806,26.0,316.0,130.1875,118.7998415139936,6.008028441575226,0.0,825.0,825.0,0.7020797183286949,0.1648448479451428,0.4681594501177611,0.5524773629233132,0.1929476841795412,135.99699955474287,0.0961418844746444,0.2084645654444831,64.70967741935482,198.0,62.75,1.0,62.89922495547938,87.19354838709678,0.2258064516129032,26.0,198.0,84.53125,53.16130193512476,5.399770964745753,1.0,635.0,636.0,1.0,0.1392743554114559,0.4235294117647063,0.8756862745098037,0.2473702357590113,88.43921568627451,22.483870967741936,0.967741935483871,19.0,48.0,21.78125,19.27876807364775,4.2900799292835705,0.0,405.0,405.0,0.6980392156862745,0.0626095376422173,0.1192156862745101,0.5552941176470585,0.1648229018026293,25.35686274509803,0.8060171063617756,0.2593979265534065,1.4065934065934067,182,256,828,1162
sciver_val_250,1,256,32,1.1290322580645094,150.0,1.125,-162.0,100.36830612798046,61.41935483870967,0.4838709677419355,30.0,162.0,59.53125,53.20537118973516,5.729578936748024,1.0,700.0,701.0,0.8918801930114277,0.0872296206141262,0.2439450617097373,0.3067827224185883,0.1306094017787273,61.06073442988834,60.29032258064515,0.7741935483870968,22.0,198.0,58.40625,70.34595731765614,5.802761330235594,0.0,783.0,783.0,0.4876203234062901,0.0792460021720265,0.2674016145124691,0.3367000741700582,0.1129376228058241,62.04961970069678,0.1216172411372944,0.1922239394880636,64.50000000000001,158.0,62.90625,-20.0,54.584429656610865,87.20967741935482,0.4838709677419355,30.0,171.0,84.90625,45.51878690098738,5.577596859684089,1.0,690.0,691.0,0.9882352941176472,0.1267519181585678,0.4011764705882356,0.6752941176470582,0.2080401717924442,87.45882352941177,22.709677419354843,0.8064516129032258,24.0,67.0,22.0,22.104863718195595,4.72418288742114,0.0,384.0,384.0,0.7137254901960783,0.0654003267973856,0.2870588235294115,0.3994117647058822,0.1344186351314787,25.11372549019608,0.9222756872356788,0.1717996315631147,2.5098039215686274,102,256,2116,5286
sciver_val_251,1,256,32,-3.0967741935484017,158.0,-2.96875,-304.0,121.92504981929471,78.74193548387096,0.5483870967741935,30.0,177.0,76.3125,57.88050054854398,6.100057589601128,1.0,873.0,874.0,0.956963679332266,0.0890923048042354,0.2368630689495953,0.3242279106924727,0.1186555049085147,77.77758209409751,81.83870967741936,0.9032258064516128,22.0,308.0,79.28125,88.48631051432476,6.3068949273535555,0.0,998.0,998.0,0.6019005185145507,0.0838600454584086,0.215568697341338,0.2978785559528358,0.0976753008778474,83.69232536749186,0.2006201024388197,0.2280758524117125,60.08064516129032,253.0,58.21875,-127.0,90.26237255045704,69.53225806451614,0.7419354838709677,19.0,255.0,67.375,85.78925850594584,5.949118681424193,1.0,760.0,761.0,0.580392156862745,0.091609907120743,0.2470588235294117,0.3649019607843135,0.1164934162780425,69.62352941176471,9.451612903225811,0.967741935483871,13.0,146.0,9.15625,27.14326501984424,5.637692426052437,0.0,497.0,497.0,0.2313725490196078,0.0248629029076419,0.0643137254901962,0.0784313725490196,0.0305740965343572,12.356862745098034,0.9394540824142156,0.104646644381597,4.0,64,256,830,3321
sciver_val_254,1,256,32,-55.96774193548387,494.0,-54.1875,-505.0,296.51701442539513,139.6451612903226,0.3225806451612903,29.0,499.0,135.3125,148.1657512509217,6.370889918036496,1.0,1199.0,1200.0,0.9624828287169432,0.1164949483729854,0.2884049999745157,0.4158558527692057,0.1630899022759376,139.67744309920948,195.6129032258065,0.6774193548387096,22.0,549.0,189.5,203.7777588452675,6.651300997790117,0.0,1544.0,1544.0,0.6293224060413273,0.1282464241790167,0.3573626002043387,0.4252443054900105,0.1501905244847733,198.01247893240185,0.1184110765505301,0.2230694882784264,126.1451612903226,369.0,122.28125,-81.0,129.29501981297463,175.17741935483866,0.2903225806451612,31.0,369.0,169.78125,105.36506014062488,6.034127354616205,1.0,1129.0,1130.0,1.0,0.1577519581791973,0.6517647058823531,0.8156862745098039,0.2554285575371051,178.10196078431375,49.03225806451614,0.967741935483871,21.0,144.0,47.5,48.42003717470692,5.291856742372863,0.0,832.0,832.0,0.6666666666666667,0.0657899698340874,0.2470588235294117,0.5058823529411764,0.1472202745132632,54.737254901960775,0.93147052855233,0.1836813296336338,1.6623376623376624,154,256,947,1578
sciver_val_255,1,256,32,-8.903225806451617,73.0,-8.59375,-113.0,50.93921584533374,29.032258064516128,0.6774193548387096,27.0,113.0,28.15625,29.92606449130089,5.3820052306074455,1.0,749.0,750.0,0.9080780346985718,0.0375406436760452,0.1334909808347395,0.2125094680421854,0.0807177719969069,28.117942113357927,37.93548387096775,0.967741935483871,17.0,121.0,36.75,47.22221405228687,5.674739941438239,0.0,822.0,822.0,0.5448224049814706,0.0490940362250574,0.1765646317706914,0.255752144837264,0.0852924468834109,40.35529777699722,0.0734333106089771,0.1191430364711068,25.500000000000004,92.0,24.71875,-52.0,35.07691047452013,31.661290322580648,0.8387096774193548,26.0,93.0,30.6875,30.787007710233873,5.091550597762296,1.0,561.0,562.0,0.8823529411764706,0.0537205969731921,0.2117647058823529,0.3137254901960784,0.1152082675336704,30.137254901960784,6.1612903225806495,0.8709677419354839,10.0,78.0,5.96875,17.301525176628214,5.742822490879159,0.0,488.0,488.0,0.1490196078431372,0.0137415621986499,0.0313725490196078,0.0352941176470588,0.0164070115468489,6.705882352941172,0.9264201644199348,0.1053432306058868,1.7777777777777777,144,256,965,1716
sciver_val_258,1,256,32,-17.387096774193555,390.0,-16.8125,-377.0,229.90289220396943,121.58064516129032,0.3870967741935484,29.0,400.0,117.8125,130.1781081585917,6.346291851040279,1.0,1052.0,1053.0,0.8665810724578524,0.1147299813324278,0.2612551226023122,0.3996814819266998,0.1365793335350688,120.69594036171404,138.96774193548387,0.7419354838709677,22.0,404.0,134.625,148.85726174762183,6.295213835680736,0.0,1250.0,1250.0,0.6089542277545351,0.1143287269350773,0.3655293723246224,0.4179459253319628,0.1504682979868244,142.91090866884662,0.0944017796424104,0.1951584738755406,67.53225806451611,258.0,65.4375,-23.0,93.8758946362164,86.5967741935484,0.5483870967741935,22.0,264.0,83.90625,93.56961291432972,5.930434570852631,1.0,876.0,877.0,0.7098039215686275,0.1009982988629241,0.2960784313725489,0.4568627450980392,0.1507342202856469,88.47450980392156,19.06451612903226,0.8709677419354839,16.0,63.0,18.46875,23.844528165545658,4.990745591114039,0.0,563.0,563.0,0.4862745098039216,0.0402047852888935,0.1294117647058823,0.2823529411764706,0.0910420795540911,22.63529411764705,0.965206530203227,0.1051662795947288,1.3333333333333333,192,256,480,640
sciver_val_259,1,256,32,9.967741935483875,288.0,9.6875,-341.0,148.45715659324074,93.0,0.6451612903225806,29.0,342.0,90.125,100.52106433479504,6.2812043400464646,1.0,1254.0,1255.0,0.9138924879856626,0.0725668014757575,0.2168268109261304,0.2866442409210863,0.1109119626463531,90.99876905059996,83.03225806451613,0.9032258064516128,22.0,361.0,80.4375,114.8098802096318,6.587532426618893,0.0,1535.0,1535.0,0.4661416150096401,0.0563722187875918,0.1568047466469252,0.2140681586739068,0.0749963940382094,86.53135583895344,0.0665055344963414,0.1222804495912033,121.24193548387096,338.0,117.53125,-53.0,114.16489838578887,135.98387096774195,0.5806451612903225,27.0,338.0,131.8125,113.2920555191316,6.0276885830157525,1.0,991.0,992.0,0.9686274509803922,0.1388971330207158,0.4588235294117647,0.5921568627450982,0.1994351178558552,137.6470588235294,14.741935483870972,0.967741935483871,17.0,103.0,14.28125,25.103827366310103,5.631657810643713,0.0,685.0,685.0,0.3333333333333333,0.027863174466867,0.1019607843137254,0.1254901960784313,0.0460344672992088,19.08627450980391,0.9608658535028596,0.1068858709562317,1.3333333333333333,192,256,480,640
sciver_val_261,1,256,32,3.709677419354847,265.0,3.625,-293.0,139.64122555678176,73.41935483870968,0.6451612903225806,29.0,296.0,71.15625,84.3893911338238,6.081842334307694,1.0,1034.0,1035.0,0.8460230744784633,0.0706125492951513,0.185153642961615,0.2772252883763023,0.1138950168270576,73.01337597118649,69.70967741935485,0.8709677419354839,21.0,323.0,67.53125,104.92079881242564,6.2308253575337345,0.0,1118.0,1118.0,0.7967739635878492,0.0651953630237274,0.1959873352826605,0.2353562717307809,0.0889269443196022,72.88841586052732,0.0816860274634096,0.1392116260767219,75.51612903225808,283.0,73.25,-17.0,94.84065583914948,105.29032258064515,0.6129032258064516,30.0,305.0,102.09375,96.80823808404683,5.98070236499345,1.0,916.0,917.0,1.0,0.1161186745440534,0.3529411764705882,0.5137254901960784,0.1724636599853873,106.36470588235294,29.774193548387103,0.9032258064516128,20.0,104.0,28.84375,38.746055746843446,5.436457642181456,0.0,619.0,619.0,0.4470588235294117,0.0518166555798409,0.192156862745098,0.2784313725490196,0.0881018840543807,32.074509803921565,0.936292221966912,0.1213929024410597,2.0,128,256,400,800
sciver_val_262,1,256,32,-30.83870967741934,712.0,-29.84375,-751.0,347.1721573455128,126.77419354838712,0.6129032258064516,28.0,715.0,122.84375,202.69267213182005,7.0522740307200005,1.0,1659.0,1660.0,0.5387081200040151,0.0757433518785244,0.17195818627897,0.203001508908702,0.0664360215378857,125.65822076647204,157.61290322580646,0.935483870967742,15.0,755.0,152.6875,245.65415698446873,7.352369088269982,0.0,2303.0,2303.0,0.3513113550877358,0.0685823271175403,0.1618772331473017,0.1934970310532718,0.0618018730951738,157.94509935169543,0.2118769286781689,0.1456177238808942,-21.5967741935484,502.0,-20.71875,-628.0,307.7983546876713,160.20967741935485,0.5806451612903225,29.0,524.0,155.40625,175.93035898030078,7.0482776516282435,1.0,1952.0,1953.0,0.6745098039215687,0.0817120700739312,0.203921568627451,0.2392156862745098,0.0873511395215845,159.50196078431372,181.80645161290323,0.8709677419354839,27.0,647.0,176.125,244.55402649516935,6.921362974090917,0.0,1730.0,1730.0,0.4117647058823529,0.108772526351581,0.3098039215686274,0.3372549019607843,0.1146353459508151,188.17647058823528,0.7098064746732026,0.2063601247337682,3.5555555555555554,72,256,464,1660
sciver_val_263,1,256,32,4.483870967741931,91.0,4.375,-119.0,55.13775362671207,53.41935483870968,0.6774193548387096,27.0,110.0,51.78125,29.658192770927563,5.765803562385024,1.0,716.0,717.0,0.937486700858786,0.0743795029432578,0.1572941597135188,0.3005217964827777,0.1289866274611351,53.25572410737264,48.93548387096776,0.8709677419354839,24.0,142.0,47.40625,49.50306769218954,5.619811014126744,0.0,737.0,737.0,0.6496091223357517,0.0683429355493946,0.2101562168935562,0.326178761965659,0.1117973020666587,50.36874349990384,0.0414779222109963,0.125945644372291,23.46774193548387,102.0,22.75,-76.0,45.704212059721584,50.11290322580645,0.3870967741935484,28.0,133.0,48.5625,38.67406875090853,5.398510206037514,1.0,794.0,795.0,0.9529411764705882,0.0619993085395367,0.17921568627451,0.3386274509803918,0.1439539728738469,49.22745098039216,26.64516129032258,0.6774193548387096,24.0,98.0,25.8125,30.510692285656187,6.310926393672052,0.0,1333.0,1333.0,0.5372549019607843,0.0233058264566141,0.0392156862745098,0.0588235294117647,0.0504225254617027,31.066666666666663,0.7267426973808848,0.2605227979750804,1.2367149758454106,207,256,323,400
sciver_val_264,1,256,32,-4.870967741935484,146.0,-4.6875,-234.0,115.11826459667466,60.51612903225807,0.3870967741935484,27.0,155.0,58.65625,53.81891475993826,5.715544006383853,1.0,643.0,644.0,0.9789665458697906,0.0929333032804133,0.2314468236803252,0.3333405255718133,0.1295981470572688,59.75611400930576,65.38709677419355,0.8064516129032258,21.0,239.0,63.34375,77.99423431214323,5.878754864587754,0.0,793.0,793.0,0.5612150298063833,0.0844681930469245,0.2533866334017632,0.303797678221456,0.1109666665673923,66.98327708621113,0.045543887921318,0.1330200438055312,40.080645161290334,155.0,38.84375,-68.0,55.59851019530559,52.17741935483872,0.6451612903225806,22.0,162.0,50.5625,55.06413164438354,5.5391375184080935,1.0,611.0,612.0,0.6549019607843137,0.0873463624402297,0.2745098039215686,0.4078431372549019,0.132956326263735,53.36862745098039,12.096774193548391,0.8387096774193548,15.0,138.0,11.71875,26.97943009845649,5.238999910076517,0.0,381.0,381.0,0.4117647058823529,0.0329267665071277,0.0509803921568627,0.0823529411764706,0.0555506770924656,12.545098039215684,0.9705288756127451,0.0774441948524585,1.0,256,256,1495,1495
sciver_val_265,1,256,32,16.69354838709678,258.0,16.21875,-274.0,136.2916758222508,78.98387096774195,0.6451612903225806,28.0,286.0,76.5625,85.59020734727775,6.085614070585741,1.0,952.0,953.0,0.994386610446888,0.0811997118667981,0.2172988853589001,0.2954010540604027,0.1186138609508146,77.3021256971918,62.29032258064516,0.8064516129032258,18.0,297.0,60.34375,95.93832959739032,6.2665657712073495,0.0,1171.0,1171.0,0.471486169757859,0.0553368129978292,0.1743726063457488,0.2151247311196782,0.0757130837736062,64.79940802045802,0.0770989154924246,0.1437642652653324,61.46774193548386,283.0,59.5625,0.0,78.44581629220261,63.338709677419345,0.7419354838709677,23.0,283.0,61.375,78.97339346260866,5.925592956172878,1.0,877.0,878.0,0.7725490196078432,0.0734992286538332,0.2392156862745098,0.2941176470588235,0.1109961308594768,64.45882352941175,1.870967741935484,0.9032258064516128,7.0,16.0,1.8125,4.489136191963884,4.225440833362188,0.0,219.0,219.0,0.196078431372549,0.0138418837854776,0.0156862745098039,0.1145098039215686,0.0329900820488362,3.0313725490196055,0.971468996998024,0.0767323751414869,1.9844961240310075,129,256,971,1920
sciver_val_266,1,256,32,-70.35483870967742,140.0,-68.125,-547.0,221.70232717542683,77.64516129032258,0.6129032258064516,30.0,191.0,75.25,59.3832888951092,6.11148149565904,1.0,974.0,975.0,0.95743437428645,0.079232557741162,0.2143047879312582,0.313844155586037,0.1185533090394326,77.1725112398918,148.00000000000003,0.8387096774193548,22.0,562.0,143.375,196.8755555547717,6.78672330901622,0.0,1427.0,1427.0,0.6148542569749904,0.1058940573808171,0.2597262924103084,0.3094211434207291,0.1040080708455868,151.11081988242609,0.0710308304053436,0.1414691663434495,-9.145161290322596,136.0,-8.84375,-549.0,120.41519561889812,47.46774193548388,0.5806451612903225,23.0,140.0,46.0,52.38379997671036,5.997165747942052,1.0,810.0,811.0,0.6980392156862745,0.0591091745340111,0.1529411764705882,0.203921568627451,0.0856929744356113,47.87843137254902,56.61290322580646,0.935483870967742,14.0,587.0,54.84375,111.94393389522052,6.462709597924979,0.0,1178.0,1178.0,0.4156862745098039,0.0482372915210226,0.1333333333333333,0.2078431372549019,0.0646434202042506,56.82352941176471,0.9279776207868768,0.0915050607446928,1.673202614379085,153,256,892,1495
sciver_val_267,1,256,32,-62.064516129032256,326.0,-60.09375,-377.0,211.3169064720982,94.6774193548387,0.2580645161290322,24.0,337.0,91.75,98.71550030263738,6.003536022541584,1.0,910.0,911.0,0.9891373248891888,0.1039958271290828,0.2498177006521108,0.3880077494858001,0.1588628795732745,94.63620268746536,156.74193548387098,0.6451612903225806,28.0,403.0,151.84375,146.01757372295123,6.23165784819511,0.0,1023.0,1023.0,0.8268599317577615,0.1544228343352351,0.4223293396393749,0.518832192039221,0.1803983692337671,157.9745595249455,0.0993352097323833,0.217283131412953,80.4516129032258,221.0,79.09375,-22.0,69.30474342306954,111.29032258064515,0.1612903225806451,31.0,221.0,108.96875,53.92383771058492,5.505681093170922,1.0,749.0,750.0,1.0,0.1501086415874761,0.663529411764706,0.9098039215686274,0.2726357528764507,112.4313725490196,30.838709677419363,0.967741935483871,23.0,61.0,29.875,20.8397906659352,4.406272062436887,0.0,395.0,395.0,0.8235294117647058,0.0847853065276743,0.4133333333333337,0.6925490196078428,0.2007730898969821,33.49019607843137,0.8801676180340555,0.2246968044990653,0.7421875,256,190,388,288
sciver_val_268,1,256,32,3.5806451612903216,58.0,3.5,-46.0,35.69401210287238,26.806451612903228,0.4193548387096774,27.0,67.0,26.0,18.52869396368778,4.738371119080236,1.0,401.0,402.0,0.9654558878594854,0.0634732709651814,0.156203062335353,0.359697685236573,0.1400198061736839,25.452781657037775,23.2258064516129,0.7096774193548387,22.0,58.0,22.5,21.484005678643825,4.485987247962749,0.0,304.0,304.0,0.8115420785577625,0.0800089304863702,0.3512049122975445,0.480420753983115,0.154837902367605,24.322714867856543,0.1017190122039956,0.2145899194204751,15.95161290322581,53.0,15.46875,0.0,18.457695507226788,18.145161290322584,0.5161290322580645,19.0,53.0,17.59375,19.150488529995783,4.439020035997533,1.0,319.0,320.0,0.596078431372549,0.0563033991025877,0.1670588235294116,0.4203921568627448,0.1225458376009464,17.96078431372549,2.1935483870967745,0.8387096774193548,13.0,17.0,2.125,4.052391269361832,4.202690920116001,0.0,122.0,122.0,0.3058823529411765,0.0230472516875602,0.0549019607843137,0.0627450980392156,0.0333345731947544,2.811764705882352,0.8534591375612746,0.1986509618549351,2.0,128,256,371,742
sciver_val_269,1,256,32,3.612903225806445,1068.0,3.53125,-1015.0,579.2140140081535,281.12903225806446,0.5161290322580645,30.0,1092.0,272.375,346.9621512139328,7.27474730191177,1.0,2261.0,2262.0,0.9169613636201176,0.1237540809203247,0.2919806116668805,0.3932110236907602,0.1254865733101281,279.80797696085426,277.5161290322581,0.8709677419354839,20.0,1041.0,268.84375,378.2266276135744,7.536348392379564,0.0,3001.0,3001.0,0.6004232709905906,0.0934160671177211,0.2365292027443354,0.2889464061952564,0.092417646785807,280.34161742028107,0.1692094039101612,0.1836998838899026,156.72580645161293,953.0,151.84375,-747.0,437.1959736044438,319.37096774193554,0.5483870967741935,26.0,994.0,309.40625,334.78424576275614,7.198287162833819,1.0,2463.0,2464.0,0.7490196078431373,0.1296028277327983,0.376470588235294,0.4784313725490196,0.1511666754196972,319.21176470588233,162.64516129032262,0.9032258064516128,19.0,854.0,157.5625,245.27534750510495,8.015015498081482,0.0,4686.0,4686.0,0.3529411764705882,0.035388683855958,0.0745098039215687,0.1049019607843137,0.0395873475946265,165.83137254901962,0.8090134342053406,0.1457808733041486,0.77734375,256,199,1711,1329
sciver_val_270,1,256,32,8.354838709677413,116.0,8.125,-150.0,77.54545038234029,60.54838709677419,0.3870967741935484,30.0,122.0,58.6875,35.34953809811381,5.5637174813279096,1.0,760.0,761.0,0.946220652720706,0.0791065826854107,0.2365806004403286,0.3302289111904892,0.1456114701778537,60.1210028409122,52.19354838709678,0.9032258064516128,20.0,157.0,50.5625,56.694321530026265,5.490219952082228,0.0,660.0,660.0,0.7319644625644217,0.082517500635003,0.2797863211832803,0.4101100829457633,0.1354425479817244,54.46155041910204,0.1329489423827762,0.2356084999289746,44.98387096774195,120.0,43.59375,0.0,47.31599846708828,49.016129032258064,0.7096774193548387,17.0,122.0,47.5,50.20333654250482,5.50687533700553,1.0,666.0,667.0,0.5529411764705883,0.0739150915621503,0.2450980392156862,0.35,0.1226267252372835,49.22745098039215,4.032258064516128,0.5161290322580645,16.0,21.0,3.90625,5.923255940570186,5.021644858642819,0.0,344.0,344.0,0.172549019607843,0.0140218878248974,0.0274509803921568,0.0582352941176469,0.025640612431489,4.823529411764706,0.9003828358673979,0.1631113914794291,2.169491525423729,118,256,763,1661
sciver_val_272,1,256,32,-50.25806451612903,182.0,-48.65625,-251.0,131.88172005982292,65.6451612903226,0.5806451612903225,29.0,234.0,63.625,61.25242342144513,6.176977650549282,1.0,1773.0,1774.0,0.9715251826338456,0.0391506898909505,0.106062010102998,0.1686739138425489,0.0986322396961843,69.4141731766554,115.90322580645164,0.7419354838709677,23.0,271.0,112.28125,98.22526227217466,6.164431227848378,0.0,1315.0,1315.0,0.7074760698036922,0.0903366635069975,0.311174780742823,0.4064605639492271,0.1431419278107111,118.79271251170182,0.0712699774523671,0.1630170877186129,76.11290322580646,394.0,73.90625,1.0,85.9874116422718,94.24193548387098,0.967741935483871,28.0,432.0,91.46875,87.32589262891906,5.99198739702162,1.0,1220.0,1221.0,1.0,0.0752684024429443,0.1529411764705882,0.3023529411764702,0.1692052157780461,91.82745098039214,18.129032258064516,0.967741935483871,17.0,38.0,17.5625,13.87204360395396,4.234374310945843,0.0,427.0,427.0,0.7254901960784313,0.0499701519952243,0.0313725490196078,0.5717647058823527,0.1496545689585928,21.33725490196078,0.9581334948752228,0.1334473921931212,1.292929292929293,198,256,385,499
sciver_val_273,1,256,32,-12.000000000000009,199.0,-11.59375,-285.0,141.3939221145573,71.06451612903223,0.4838709677419355,30.0,213.0,68.875,64.56089664030388,5.833487207253967,1.0,859.0,860.0,0.7440452945014676,0.0812066999183173,0.2252709178846053,0.4206643467406643,0.1350993159409684,69.7565552298346,83.06451612903227,0.8709677419354839,24.0,287.0,80.46875,99.58161990767924,6.012969184143943,0.0,827.0,827.0,0.6356446539266659,0.1016579277494635,0.3063421351699983,0.3598835550279973,0.1251287730784576,84.07110624880639,0.189222343707913,0.2343378119335309,77.49999999999997,258.0,75.09375,-3.0,79.98295106419555,87.85483870967745,0.6129032258064516,24.0,258.0,85.125,82.43510705397307,5.803695784056941,1.0,867.0,868.0,0.7529411764705882,0.1005088540606553,0.4250980392156862,0.5019607843137255,0.1619237035273083,87.14117647058822,10.35483870967742,0.935483870967742,16.0,41.0,10.03125,14.299222826346194,5.480085079192655,0.0,500.0,500.0,0.2549019607843137,0.0247450980392156,0.0670588235294118,0.1176470588235293,0.0380359610493657,12.372549019607842,0.8888378931117903,0.177516996497857,3.324675324675325,77,256,501,1660
sciver_val_274,1,256,32,-3.032258064516137,305.0,-2.90625,-369.0,161.92655730588945,87.54838709677419,0.5483870967741935,28.0,322.0,84.84375,90.60081034923198,6.307451470804463,1.0,1169.0,1170.0,0.8800701047573961,0.0747455950857456,0.1999490216323604,0.301329250123695,0.1055918987107519,87.37760065523668,90.58064516129032,0.9032258064516128,22.0,381.0,87.75,123.81664871898286,6.499094527989268,0.0,1372.0,1372.0,0.4851035727244389,0.0669730589421,0.1940597411970352,0.2629877863202105,0.0867520185801956,91.88703686856122,0.1605069246180154,0.1826881918431253,107.4032258064516,313.0,104.0625,0.0,103.04911981065146,116.14516129032256,0.5806451612903225,28.0,314.0,112.53125,107.1680877100898,6.172054416251123,1.0,987.0,988.0,0.7764705882352941,0.1177344696743945,0.3427450980392156,0.5019607843137255,0.1567933727058919,116.20392156862744,8.74193548387097,0.8387096774193548,15.0,44.0,8.46875,14.203838334672076,5.2614514443396825,0.0,413.0,413.0,0.2549019607843137,0.0273560271566253,0.0705882352941176,0.1372549019607843,0.0419187832559597,11.29803921568627,0.9255883542737484,0.1311704733619455,2.4854368932038833,103,256,707,1754
sciver_val_275,1,256,32,-48.54838709677422,590.0,-47.0,-746.0,355.7933037593597,185.45161290322585,0.3870967741935484,29.0,601.0,179.6875,173.90810028216052,6.8938948052328115,1.0,2179.0,2180.0,0.8666081947962935,0.0845517806675542,0.2094836533474094,0.2944720664765483,0.1326752699391213,184.23833007460067,234.00000000000003,0.9032258064516128,23.0,786.0,226.6875,275.11332182166313,7.296672376888436,0.0,2892.0,2892.0,0.5488974124379701,0.0823025352226755,0.2407269275357851,0.3191183073083133,0.1025424075561754,238.0189318639778,0.1662385233531813,0.2067054345817452,105.69354838709675,466.0,102.40625,-336.0,190.01329877389503,178.88709677419354,0.4838709677419355,29.0,469.0,173.3125,148.1452913316856,6.620471210115482,1.0,1882.0,1883.0,0.8901960784313725,0.0960513429601383,0.2549019607843137,0.4823529411764705,0.163497314022786,180.7686274509804,73.1935483870968,0.935483870967742,17.0,426.0,70.90625,112.18326506630792,6.336141776984599,0.0,1396.0,1396.0,0.5725490196078431,0.0586296982976571,0.1333333333333333,0.3068627450980392,0.0978244509607442,81.84705882352941,0.9160651193957114,0.1521547732572789,1.4970760233918128,171,256,1107,1661
sciver_val_277,1,256,32,-10.612903225806468,329.0,-10.25,-393.0,196.7153717938687,100.41935483870964,0.5483870967741935,28.0,387.0,97.3125,111.72998632305476,6.5805054886686705,1.0,1610.0,1611.0,0.6947594733317474,0.06093026670954,0.15446890176892,0.2463131780413213,0.094003374407893,98.09772940235942,111.03225806451614,0.8387096774193548,20.0,406.0,107.5625,136.28461429578175,6.579182065173355,0.0,1948.0,1948.0,0.5304411875419751,0.0584058705021052,0.2059109453811569,0.3044778092670125,0.0964982672486377,113.77463573810104,0.0933899653042101,0.1847788077888728,144.77419354838713,559.0,140.28125,-19.0,150.9118605293749,157.99999999999997,0.5161290322580645,31.0,561.0,153.09375,145.6278131434291,6.490020217612804,1.0,1533.0,1534.0,0.9254901960784314,0.1039254057787498,0.2901960784313725,0.4839215686274504,0.1605784809821445,159.31764705882352,13.225806451612904,0.967741935483871,16.0,48.0,12.8125,17.308663834912274,5.227771336325805,0.0,634.0,634.0,0.4078431372549019,0.0279272592317684,0.0705882352941176,0.1803921568627451,0.0638030984217949,17.705882352941167,0.5980303185036641,0.461041504597678,0.7734375,256,198,2149,1661
sciver_val_281,1,256,32,9.774193548387084,140.0,9.5,-176.0,85.20306625937825,58.225806451612904,0.4516129032258064,29.0,147.0,56.4375,44.55399638360178,5.63111624509094,1.0,765.0,766.0,0.8957993746386667,0.0747686217647784,0.2243634905221877,0.3515492442564175,0.1336013783076728,57.19799565005549,48.45161290322581,0.967741935483871,20.0,179.0,46.9375,58.520796250136584,5.876579647788178,0.0,795.0,795.0,0.4997002147372269,0.0639301899888126,0.2057876828819981,0.2739297229575816,0.0915567102910883,50.82450104110606,0.0824065239857684,0.1620896849450079,30.596774193548377,119.0,29.65625,-90.0,42.37010250090859,49.0483870967742,0.5161290322580645,28.0,120.0,47.53125,35.04905880958146,5.420485087182013,1.0,655.0,656.0,0.8862745098039215,0.0771261787157611,0.2470588235294118,0.3894117647058822,0.1395091420878269,50.51764705882352,18.451612903225815,0.967741935483871,17.0,116.0,17.875,26.9301759184748,5.307492091468178,0.0,541.0,541.0,0.5137254901960784,0.0356493059330941,0.0745098039215687,0.188235294117647,0.0705790855668127,19.286274509803917,0.8671202265871384,0.1741960699591332,1.7902097902097902,143,256,307,548
sciver_val_282,1,256,32,2.1935483870967594,157.0,2.15625,-250.0,118.8644473168386,67.22580645161288,0.4516129032258064,29.0,166.0,65.15625,58.13943873084345,5.6955226487474375,1.0,646.0,647.0,0.8142060635213482,0.1022187920301593,0.2973354761616403,0.4022976718202594,0.145618461284303,66.03333965148295,65.03225806451614,0.8387096774193548,21.0,252.0,63.0,83.12490601498446,6.074049576246143,0.0,850.0,850.0,0.4854854765229955,0.078605975122904,0.2224830854605486,0.2720767986695498,0.0952961619297405,66.81507885446842,0.1350083084501906,0.1842510517195105,53.725806451612904,171.0,52.0625,0.0,60.915380600879445,60.112903225806456,0.7741935483870968,22.0,182.0,58.25,63.20502353452611,5.497673069947116,1.0,533.0,534.0,0.6901960784313725,0.1119376080638634,0.3647058823529412,0.460392156862745,0.153153568871589,59.66274509803922,6.38709677419355,0.9032258064516128,11.0,40.0,6.1875,11.15357986253741,5.017854153933426,0.0,333.0,333.0,0.2196078431372549,0.0258376023081905,0.0854901960784314,0.124705882352941,0.0401264070550994,8.603921568627449,0.9541877011998828,0.0958335766184864,3.820895522388059,67,256,390,1495
sciver_val_283,1,256,32,-27.19354838709678,162.0,-26.3125,-301.0,150.67088253458263,89.03225806451611,0.4516129032258064,31.0,224.0,86.28125,73.34560074358585,6.112874409051024,1.0,942.0,943.0,0.8006860072043528,0.0932648767440954,0.2381091208005588,0.3067436193651522,0.1265083865557178,87.85551389293789,116.22580645161288,0.7419354838709677,24.0,332.0,112.59375,114.16568534782026,6.0758874889354955,0.0,1124.0,1124.0,0.7303119127208529,0.1062316657544422,0.3561190142114829,0.4526856405428826,0.158110691547962,119.40439230799304,0.0837257939424843,0.1877302864994857,60.59677419354838,201.0,58.71875,-16.0,65.87451820269732,79.79032258064515,0.4516129032258064,30.0,202.0,77.3125,60.284449435571695,5.761341713451161,1.0,769.0,770.0,0.9568627450980391,0.1045768632550549,0.271372549019608,0.5160784313725487,0.1645289280256104,80.41960784313724,19.193548387096772,0.8387096774193548,16.0,53.0,18.59375,21.239496485027605,4.732507607728003,0.0,467.0,467.0,0.4901960784313726,0.0468992736280807,0.1686274509803921,0.3282352941176469,0.1073147137302084,21.90196078431372,0.9600636201746324,0.1286552014008206,1.3333333333333333,192,256,598,797
sciver_val_284,1,256,32,-39.35483870967742,372.0,-38.09375,-434.0,252.40571994496776,108.0967741935484,0.2580645161290322,27.0,373.0,104.75,122.56120919769027,6.174494776472354,1.0,787.0,788.0,0.972376424684672,0.13610969431057,0.3360616632138267,0.4048233487091949,0.1422081142705153,107.1183294224186,147.4516129032258,0.7419354838709677,24.0,452.0,142.84375,163.95085189146624,6.311738013355342,0.0,993.0,993.0,0.6725763841605886,0.148987915279819,0.3969178073501642,0.4660400093311297,0.1595712821776701,147.9449998728603,0.0670926824019324,0.1779869792880618,-45.0483870967742,55.0,-49.125,-430.0,126.17962147272436,9.70967741935484,0.064516129032258,7.0,75.0,10.09375,20.851198069595423,4.621011384108979,1.0,136.0,137.0,0.1725490196078431,0.0631199538638985,0.1215686274509804,0.1411764705882353,0.0449747039149359,8.584313725490196,54.758064516129025,0.2258064516129032,11.0,431.0,59.21875,126.4114646637618,6.438643954474521,0.0,1147.0,1147.0,0.3490196078431372,0.0433116228182641,0.1137254901960784,0.1450980392156862,0.0512209588674872,49.67843137254902,0.0150392997353808,0.0517123357138447,0.8828125,256,226,1504,1329
sciver_val_285,1,256,32,5.87096774193548,142.0,5.71875,-124.0,82.24970910852817,49.25806451612903,0.3548387096774194,28.0,143.0,47.75,47.5473448259732,5.302669557391239,1.0,460.0,461.0,0.9209614353606308,0.1048311607130398,0.3084689928779973,0.4438247839766329,0.1525509949507804,48.22233392799831,43.38709677419356,0.7096774193548387,20.0,139.0,42.03125,50.36025489845638,5.336654228599782,0.0,469.0,469.0,0.5066531758285238,0.0950282789816337,0.3272443139518851,0.3632765563010346,0.1281070728204928,44.56826284238621,0.0932652143137348,0.1756014762047025,31.9516129032258,117.0,30.96875,-13.0,39.59678362490443,40.88709677419354,0.5161290322580645,26.0,117.0,39.625,39.12859408412216,5.065001930275059,1.0,404.0,405.0,0.8039215686274509,0.0999805862939235,0.2823529411764706,0.4856862745098038,0.1602192567789087,40.3921568627451,8.935483870967744,0.967741935483871,14.0,34.0,8.65625,11.69831551709476,4.461357599332935,0.0,285.0,285.0,0.4352941176470588,0.0369040247678018,0.1317647058823529,0.2117647058823529,0.0761515819460077,10.517647058823528,0.9170474254320372,0.1321925546587797,2.169491525423729,118,256,764,1662
sciver_val_286,1,256,32,23.000000000000004,377.0,22.3125,-299.0,144.41118323644469,100.0,0.6451612903225806,30.0,425.0,96.90625,105.64514878089528,6.21133221661495,1.0,1071.0,1072.0,0.9637836136342196,0.0934434135359272,0.2712402789313536,0.428344923609585,0.1354040767476683,100.07789589697808,77.00000000000001,0.8709677419354839,22.0,387.0,74.59375,115.10018988228256,6.343792523129196,0.0,1257.0,1257.0,0.8396711110415466,0.0632073398969671,0.1814834845153533,0.2367963990074555,0.09543110069894,79.45162625048765,0.1337210847853917,0.2094717501136647,4.064516129032253,177.0,3.96875,-239.0,66.6194811855924,100.12903225806453,0.5806451612903225,30.0,303.0,97.03125,71.61593938110077,6.116758517790084,1.0,1308.0,1309.0,0.9411764705882352,0.0769293038316243,0.2666666666666666,0.4392156862745098,0.1435206719667551,100.6235294117647,96.06451612903228,0.967741935483871,28.0,386.0,93.0625,78.97425905793608,6.450830828916142,0.0,1608.0,1608.0,0.6039215686274509,0.0657643156765193,0.232549019607843,0.3529411764705882,0.1122862818037657,105.74901960784312,0.7879960602405025,0.2945275934501116,2.0,128,256,3606,7225
sciver_val_287,1,256,32,-15.548387096774192,123.0,-15.03125,-139.0,62.00024414014432,36.64516129032258,0.2258064516129032,30.0,123.0,35.53125,33.37194215860833,5.383049353680161,1.0,425.0,426.0,0.8783183692478893,0.0805974409552175,0.2011227367230868,0.2685185099718646,0.1074278508227722,34.25391240596746,52.193548387096776,0.967741935483871,23.0,141.0,50.5625,42.25808909250394,5.206076777988803,0.0,433.0,433.0,0.705437681911919,0.1237359431322995,0.4693865843308346,0.5662709081574403,0.1804476232638973,53.57766337628569,0.0332002461985702,0.111788877629449,15.306451612903228,68.0,14.84375,-69.0,26.237031766903435,24.27419354838709,0.3548387096774194,24.0,68.0,23.53125,21.5391857654253,4.952164640461261,1.0,340.0,341.0,0.7215686274509804,0.0710726643598616,0.170588235294118,0.333921568627451,0.1133615486253096,24.164705882352944,8.967741935483868,0.9032258064516128,9.0,130.0,8.6875,24.897838134062965,4.926659618593864,0.0,257.0,257.0,0.592156862745098,0.0310063324940871,0.0470588235294117,0.0674509803921568,0.0570274664088036,7.968627450980387,0.9146747270768212,0.0712135583298228,1.2367149758454106,207,256,285,353
sciver_val_288,1,256,32,5.516129032258062,199.0,5.375,-136.0,100.73286144550843,63.19354838709677,0.2258064516129032,25.0,199.0,61.25,63.4537232950124,5.634918466435357,1.0,929.0,930.0,0.7564478154040237,0.06727423746211,0.204450940179876,0.3779470410630912,0.1294513134580543,62.49776660230025,57.67741935483871,0.8064516129032258,22.0,138.0,55.875,51.54897549903393,5.632603201739311,0.0,917.0,917.0,0.6215180779303171,0.0645376591312314,0.236250324574153,0.3313563925505725,0.1177909909144366,59.18103342333927,0.0880700582573454,0.1874583118728962,78.0967741935484,202.0,76.0,-5.0,55.9128786595718,89.06451612903226,0.2580645161290322,29.0,202.0,86.625,51.766150861349544,5.445841982161032,1.0,801.0,802.0,1.0,0.1135933024895351,0.3725490196078431,0.7686274509803922,0.2248567568893973,90.98823529411766,10.967741935483872,0.9032258064516128,19.0,31.0,10.625,10.008590060542993,4.698986207428589,0.0,356.0,356.0,0.5137254901960784,0.0355474774179334,0.1137254901960784,0.1764705882352941,0.0761174173374864,12.654901960784311,0.928166017640609,0.1574608809333262,1.6842105263157894,152,256,424,712
sciver_val_289,1,256,32,8.903225806451609,120.0,8.65625,-92.0,55.9897364338992,37.677419354838705,0.5806451612903225,30.0,128.0,36.53125,33.23212336636797,5.419021712859896,1.0,1155.0,1156.0,0.9450781381418504,0.0328607355349069,0.0928379735241472,0.1988203074137402,0.0906135630813717,37.95414954281751,28.774193548387096,0.967741935483871,18.0,110.0,27.875,38.3908761947419,5.460808831657653,0.0,977.0,977.0,0.5493888680613627,0.0318270238819039,0.1112478118911001,0.1875481714923523,0.0730069682837018,31.09500233262013,0.0792215890374983,0.1595823662096022,41.49999999999999,154.0,40.21875,0.0,41.06301131721224,46.725806451612904,0.967741935483871,26.0,163.0,45.28125,41.73894642222657,5.3126690102801835,1.0,921.0,922.0,0.8431372549019608,0.0468288944242192,0.1333333333333333,0.3372549019607843,0.1177528094736794,43.12941176470588,5.225806451612902,0.7741935483870968,15.0,20.0,5.0625,6.731165853698748,4.8806276558301445,0.0,380.0,380.0,0.3098039215686274,0.0187616099071207,0.0274509803921568,0.0760784313725494,0.0427954869413814,7.129411764705879,0.9150409571723424,0.1741380675151338,2.694736842105263,95,256,463,1252
sciver_val_290,1,256,32,-12.516129032258096,177.0,-12.09375,-356.0,141.6958360748032,77.90322580645159,0.7741935483870968,30.0,271.0,75.5,72.60036156934757,6.392734637003642,1.0,1124.0,1125.0,0.944399046440085,0.06959610568298,0.1789668475733787,0.2346139566833188,0.0935962606950296,78.22602278766952,90.4193548387097,0.935483870967742,21.0,373.0,87.59375,130.14051525538656,6.420972611437358,0.0,1307.0,1307.0,0.4971999558514415,0.0707191487141447,0.201627120458412,0.2373883511060621,0.0902009346800958,92.42992736938724,0.052966600798165,0.1232495926974495,77.58064516129032,183.0,75.5,-10.0,61.533527446425495,98.38709677419357,0.7741935483870968,30.0,197.0,95.65625,61.95694542129639,6.038838687706804,1.0,1018.0,1019.0,1.0,0.0983088716822681,0.2901960784313725,0.4901960784313725,0.1600238700754543,100.07843137254902,20.80645161290323,0.935483870967742,20.0,63.0,20.15625,23.074755381964508,4.7429575685854,0.0,409.0,409.0,0.6392156862745098,0.0565703053837671,0.1929411764705881,0.384313725490196,0.1171599252964954,23.13725490196078,0.9667447844066536,0.108355394386257,1.2132701421800949,211,256,820,997
sciver_val_294,1,256,32,6.919354838709672,154.0,6.75,-186.0,75.99588804665684,38.69354838709677,0.6774193548387096,21.0,164.0,37.53125,48.9061501596425,5.557889545075188,1.0,609.0,610.0,0.9956022322075184,0.0616589466384393,0.1646533660986996,0.2529994885510246,0.0996682527909468,37.550298502809554,31.774193548387096,0.8709677419354839,14.0,195.0,30.78125,57.39051226847082,5.816217470818653,0.0,712.0,712.0,0.299139153687025,0.046537361504894,0.1396536368140659,0.1777452778542166,0.0613534600303009,33.134601391484594,0.0872261770801546,0.1790622099239635,42.59677419354839,157.0,41.3125,-15.0,51.608161600177155,59.56451612903225,0.6129032258064516,26.0,162.0,57.75,55.56752648804875,5.429565967641949,1.0,533.0,534.0,1.0,0.1119670382224184,0.3843137254901961,0.4705882352941176,0.1644809586661095,59.678431372549014,16.967741935483872,0.8709677419354839,19.0,69.0,16.4375,23.304958565721588,4.973772662993592,0.0,334.0,334.0,0.3647058823529412,0.0555829517435716,0.1752941176470587,0.2235294117647058,0.0794323608210708,18.56470588235294,0.9345521809387471,0.1778844842112635,2.265486725663717,113,256,529,1196
sciver_val_297,1,256,32,-42.741935483870975,301.0,-41.375,-468.0,222.44209218356133,90.87096774193547,0.4838709677419355,30.0,312.0,88.0625,94.11792387080158,6.3019494200475705,1.0,1078.0,1079.0,0.8619550597356676,0.0830629632936597,0.2176139721857928,0.295915282027499,0.1135300974054998,89.5418744305652,133.6129032258065,0.8064516129032258,22.0,501.0,129.4375,178.72830943571867,6.710014788126104,0.0,1808.0,1808.0,0.4726334025262344,0.0751790223186806,0.2381503770661064,0.2920904140752189,0.1001444918225837,135.92367235217455,0.087219366879975,0.1669705801815373,46.30645161290322,325.0,44.875,-236.0,130.6363631421206,104.43548387096772,0.4838709677419355,29.0,333.0,101.1875,92.95712637420544,6.161644279542738,1.0,1080.0,1081.0,0.8745098039215686,0.0977124183006536,0.2756862745098041,0.4356862745098036,0.1517975087415163,105.52941176470588,58.129032258064534,0.6774193548387096,18.0,336.0,56.3125,86.46691473477009,6.265744991755088,0.0,1453.0,1453.0,0.4705882352941176,0.040683912932,0.0627450980392156,0.2494117647058802,0.0831588950612087,59.113725490196074,0.9235551600959532,0.1522308670061276,1.3617021276595744,188,256,1218,1661
sciver_val_300,1,256,32,3.806451612903234,228.0,3.71875,-197.0,117.05266826705618,64.5806451612903,0.3225806451612903,31.0,229.0,62.59375,65.71094818169571,5.714041647312371,1.0,783.0,784.0,0.903460522183517,0.0814658404669785,0.2335435136742885,0.3865127725921736,0.1383291277153183,63.78775308564421,60.77419354838709,0.8387096774193548,21.0,202.0,58.875,70.67033942892874,5.667696978779462,0.0,678.0,678.0,0.7791007667726528,0.0916114125049236,0.2820391280832229,0.3564419408778346,0.1299007066095283,62.112537678338256,0.1371308453761143,0.2416041522871589,55.596774193548384,241.0,53.875,-20.0,81.87900753550937,76.75806451612902,0.4838709677419355,26.0,245.0,74.375,78.43976590352625,5.719111861791054,1.0,838.0,839.0,0.792156862745098,0.0930460012167158,0.2650980392156868,0.4752941176470581,0.158988383446225,77.97254901960784,21.16129032258065,0.5806451612903225,16.0,85.0,20.5,23.71444707346136,4.828046525596228,0.0,423.0,423.0,0.5215686274509803,0.0530663329161451,0.1929411764705884,0.3760784313725489,0.1115168129926893,22.447058823529403,0.7592271297788521,0.2309473222385472,0.85546875,256,219,1744,1495
sciver_val_302,1,256,32,-23.96774193548389,165.0,-23.1875,-412.0,151.02492292250972,75.19354838709678,0.5161290322580645,31.0,178.0,72.875,53.01694894088116,6.218850291301068,1.0,1084.0,1085.0,0.9906495167547044,0.0699972780299253,0.1969228187418989,0.2670569798690374,0.1041156718394829,75.87704938443903,99.16129032258064,0.967741935483871,19.0,416.0,96.0625,133.73526495935917,6.738384180869064,0.0,1485.0,1485.0,0.5675741361793863,0.0678062466521351,0.1848459899587305,0.2354553617557793,0.0795328813615381,100.69227627842074,0.1459235504458785,0.1857655657007188,38.467741935483865,131.0,37.28125,-129.0,52.97123887957974,70.91935483870968,0.8387096774193548,21.0,192.0,68.71875,62.04093123444795,6.130603715924883,1.0,953.0,954.0,0.6823529411764706,0.0742752504989403,0.2196078431372549,0.2917647058823528,0.1030263429778815,70.7843137254902,32.451612903225815,0.967741935483871,18.0,186.0,31.4375,40.64783012351336,6.055266628928453,0.0,810.0,810.0,0.4352941176470588,0.048395061728395,0.1254901960784313,0.192156862745098,0.0658099156185556,39.2,0.902228755372012,0.1652479466152738,3.506849315068493,73,256,530,1853
sciver_val_303,1,256,32,-35.09677419354842,499.0,-33.96875,-856.0,359.34823677518926,211.12903225806448,0.4516129032258064,31.0,530.0,204.5625,179.8931866240353,7.223165339669601,1.0,2359.0,2360.0,0.9348485985008008,0.0892952311015498,0.2094192920420061,0.2810267455202121,0.1009479498243091,210.6474501685561,246.22580645161293,0.8709677419354839,22.0,922.0,238.53125,308.42340868267036,7.260327806508728,0.0,3123.0,3123.0,0.529547694358248,0.0808532863089844,0.2526830796134384,0.3339322591152139,0.1086483586554672,252.5048131429583,0.1021092197333807,0.1598331083978453,210.4193548387097,484.0,203.90625,1.0,173.83295850021508,230.03225806451613,0.6129032258064516,30.0,487.0,222.90625,170.25024951798895,6.964282535228508,1.0,2130.0,2131.0,1.0,0.1092736813035073,0.3058823529411765,0.4156862745098039,0.1428605826001983,232.75294117647056,19.612903225806456,0.967741935483871,12.0,121.0,19.0,34.97052330177517,6.269605668201715,0.0,1421.0,1421.0,0.6509803921568628,0.022006043796829,0.0509803921568627,0.1176470588235294,0.0453140189204359,31.270588235294102,0.9475729549632352,0.1238403775036288,0.9375,256,240,1420,1329
sciver_val_304,1,256,32,-9.91935483870968,137.0,-9.5625,-188.0,97.59000252971612,47.82258064516128,0.5161290322580645,27.0,156.0,46.375,49.08522562849232,5.542456551403222,1.0,535.0,536.0,0.9491006162204332,0.0891751919085103,0.2418693727322217,0.3199062057801145,0.1231111554483787,47.70872767105304,57.74193548387096,0.7741935483870968,20.0,202.0,55.9375,72.73665577788135,5.72546942768475,0.0,618.0,618.0,0.51961869997133,0.0957592540862412,0.2846136211526603,0.315428105666227,0.1137433850509647,59.179219025297094,0.0308358381660378,0.113316611651324,43.693548387096776,125.0,42.375,-23.0,45.4957072150769,52.24193548387096,0.5483870967741935,29.0,125.0,50.65625,40.508185418968104,5.269700448639298,1.0,468.0,469.0,0.9058823529411764,0.1128037539802245,0.3541176470588236,0.4937254901960779,0.1712103703173189,52.79215686274509,8.548387096774196,0.967741935483871,13.0,44.0,8.28125,13.993825368265105,4.6280700285689464,0.0,320.0,320.0,0.3647058823529412,0.0327573529411764,0.1109803921568629,0.1849019607843138,0.0662011925046148,10.482352941176464,0.9847302814197968,0.0798830204214843,0.97265625,256,249,469,457
sciver_val_310,1,256,32,-76.19354838709677,114.0,-73.78125,-400.0,159.63155514633533,73.5806451612903,0.4838709677419355,29.0,191.0,71.3125,54.34118920073428,5.9990736140873615,1.0,874.0,875.0,0.7840226239813491,0.0842035373388093,0.1891137240016577,0.409240567274381,0.1288051104635384,73.59389163411937,149.77419354838705,0.7741935483870968,26.0,425.0,145.09375,152.32435774011162,6.447101335208837,0.0,1289.0,1289.0,0.7712226283352724,0.1177777359954733,0.3372804882114886,0.4140453290887546,0.1455523717736997,151.81550169816515,0.0527628045736818,0.1371328268280269,52.0,153.0,50.4375,-126.0,54.99485061121632,87.25806451612902,0.4838709677419355,29.0,165.0,84.59375,43.47906060320876,5.6785577160293705,1.0,754.0,755.0,0.8823529411764706,0.1179383159099183,0.346666666666667,0.6590196078431375,0.1938585443205532,88.92549019607843,35.258064516129025,0.8064516129032258,24.0,217.0,34.15625,43.783636623029615,5.434642978888821,0.0,818.0,818.0,0.7058823529411764,0.0454192434920178,0.095294117647059,0.3411764705882353,0.1045469454516752,37.15294117647058,0.9666161032284007,0.1175366401899031,1.0,256,256,700,700
sciver_val_313,1,256,32,-29.51612903225811,396.0,-28.5625,-1084.0,338.681906209573,163.67741935483872,0.6451612903225806,30.0,466.0,158.59375,145.2471728156438,7.0085384152097205,1.0,2785.0,2786.0,0.978664612754649,0.05880818038954,0.1597490330841146,0.2599323866994473,0.1014464089855037,163.78078238486907,193.1935483870968,0.967741935483871,19.0,1115.0,187.15625,309.56210093604403,7.584111826713943,0.0,4388.0,4388.0,0.5705845879875308,0.0462788650841402,0.1409358686868944,0.2075924070204557,0.0689061909058246,203.07165998920732,0.1034869789147676,0.139962084272152,88.01612903225805,332.0,85.34375,-388.0,174.42613217616648,201.37096774193552,0.4838709677419355,31.0,386.0,195.15625,127.65238672244833,6.749780924819325,1.0,2357.0,2358.0,1.0,0.0861147853286414,0.2721568627450984,0.4588235294117647,0.1539508630186107,202.97254901960787,113.35483870967742,0.8709677419354839,30.0,453.0,109.8125,110.4961643847876,7.027100173942765,0.0,2773.0,2773.0,0.6705882352941177,0.04214024592888,0.1058823529411764,0.1999999999999999,0.0758115066049528,116.8549019607843,0.7339379328120138,0.2827976899843156,0.984375,256,252,1300,1280
sciver_val_314,1,256,32,-0.9354838709677438,91.0,-0.8125,-119.0,53.24438790849229,31.45161290322581,0.6451612903225806,27.0,113.0,30.5625,30.846330312534747,5.188159917033879,1.0,516.0,517.0,0.9999942330593716,0.060092875243446,0.1827335435931541,0.2728059059250062,0.1143780065906989,31.007923625618165,32.38709677419355,0.9032258064516128,20.0,130.0,31.375,42.66273989091653,5.224848537435257,0.0,525.0,525.0,0.8021487536304096,0.0636193134263434,0.2021650770566808,0.245409868895284,0.1125011502710814,33.40013954883033,0.0469173213406479,0.1331717107166093,48.79032258064516,159.0,47.59375,-30.0,56.01331280095385,60.048387096774185,0.5806451612903225,28.0,159.0,58.5,50.880374408999785,5.3286131946476125,1.0,525.0,526.0,1.0,0.114360410830999,0.4062745098039216,0.532549019607843,0.1804696977904845,60.0392156862745,11.258064516129036,0.8387096774193548,17.0,56.0,10.90625,18.48539858746627,4.967308513999436,0.0,316.0,316.0,0.2431372549019608,0.0397493174484983,0.1215686274509804,0.1852941176470588,0.0571683866178709,12.560784313725488,0.9305752509337069,0.1871945886767367,1.0158730158730158,252,256,1481,1506
sciver_val_315,1,256,32,23.838709677419324,392.0,23.125,-686.0,261.4661486215759,179.45161290322582,0.6129032258064516,30.0,464.0,173.875,155.3201834115579,7.122673627894298,1.0,2382.0,2383.0,0.727550776192046,0.0751102560838176,0.19738853981169,0.260742955172442,0.0999018387767711,178.91262999165355,155.61290322580646,0.935483870967742,21.0,741.0,150.75,230.3947699059161,7.303039623980634,0.0,3238.0,3238.0,0.6108087246258177,0.0495977858756839,0.1441338588560435,0.2041090827969146,0.0730485265872297,160.59763066546466,0.101976226801572,0.1457523321394518,200.30645161290323,606.0,194.0625,-597.0,270.5060001067444,255.20967741935488,0.8387096774193548,28.0,630.0,247.25,220.04204143753984,7.1347350940598275,1.0,2575.0,2576.0,0.8745098039215686,0.1006084142394822,0.2980392156862745,0.403921568627451,0.1377699242634835,259.06666666666666,54.90322580645165,0.935483870967742,24.0,791.0,53.1875,148.7152138947122,7.132056138179111,0.0,2190.0,2190.0,0.4862745098039215,0.0240504969110931,0.0509803921568627,0.0745098039215685,0.0342149899199261,52.67058823529409,0.9097414189832052,0.1414309175890464,0.92578125,256,237,1796,1660
sciver_val_316,1,256,32,-26.59677419354839,466.0,-25.71875,-744.0,294.66625553062147,123.5,0.5806451612903225,29.0,516.0,119.6875,153.87706893410078,6.665528875978658,1.0,1590.0,1591.0,0.9968927342463392,0.0768231352529059,0.1920466664373454,0.2586794621685923,0.1045364623658482,122.14878505212052,150.09677419354838,0.9032258064516128,23.0,759.0,145.40625,216.27338881826748,7.0455600982190205,0.0,2193.0,2193.0,0.7140561929894992,0.0700912851001855,0.1853525345786456,0.2599080660955891,0.0881270558536376,153.7101882247069,0.1619312874889377,0.1818910589718207,56.75806451612902,460.0,55.0,-496.0,233.44659453502425,146.53225806451613,0.4838709677419355,30.0,460.0,141.96875,137.14852450331904,6.698435751686297,1.0,1787.0,1788.0,0.9647058823529412,0.0810889101023733,0.2117647058823529,0.3713725490196071,0.1282958502943314,144.90588235294118,89.77419354838713,0.935483870967742,16.0,585.0,86.96875,169.16347204239307,6.72180230199617,0.0,1549.0,1549.0,0.4117647058823529,0.0622463575488297,0.1843137254901961,0.203921568627451,0.0777651131246413,96.41960784313724,0.8873698646125117,0.1689293409269123,2.4380952380952383,105,256,1098,2674
sciver_val_317,1,256,32,-40.67741935483872,275.0,-39.375,-300.0,185.52185686597684,116.70967741935485,0.3225806451612903,31.0,305.0,113.09375,83.91564193246394,6.278882761756821,1.0,1509.0,1510.0,0.9907401830655844,0.0770667701115407,0.2137249205200294,0.314462828620311,0.1459950941632442,116.29375609831492,157.38709677419357,0.6774193548387096,25.0,363.0,152.46875,137.30440278242173,6.614450053248941,0.0,2100.0,2100.0,0.753374706649212,0.0782649998234032,0.287832203089451,0.3830085944309035,0.1314167331941065,164.35649962914673,0.0868990571567896,0.1893118312403489,108.91935483870968,255.0,106.375,-93.0,85.08075208294764,153.66129032258067,0.1935483870967742,31.0,257.0,149.71875,59.857243909467634,6.009890769535416,1.0,1382.0,1383.0,1.0,0.1131267557674299,0.3325490196078439,0.7917647058823533,0.230139010020969,156.3411764705882,44.74193548387097,0.9032258064516128,24.0,196.0,43.34375,43.915835252645486,5.507445891042437,0.0,1237.0,1237.0,0.8431372549019608,0.0406835005627149,0.0509803921568627,0.2392156862745107,0.1204931885059286,50.32549019607842,0.9371318742340686,0.1701262195545378,1.0,256,256,1661,1661
sciver_val_321,1,256,32,-11.58064516129032,195.0,-11.1875,-338.0,162.2366014305958,113.29032258064515,0.4838709677419355,30.0,250.0,109.78125,75.12811323624133,6.205159009671906,1.0,1152.0,1153.0,0.9628825799008012,0.0984837215663658,0.2547232344456666,0.388445396740558,0.1531220013418038,113.4532472444534,124.87096774193546,0.8064516129032258,24.0,376.0,120.96875,125.44333491037897,6.323459720353835,0.0,1445.0,1445.0,0.743121577151701,0.0883673593921382,0.2766429423746561,0.389201587441672,0.1396361694443923,127.69083432163978,0.0854438636378964,0.1723536570022023,102.66129032258064,282.0,99.46875,0.0,90.34758725852892,121.79032258064515,0.5161290322580645,28.0,282.0,118.0,89.86065601808168,5.9914510486313475,1.0,1073.0,1074.0,0.8666666666666667,0.1143723845549403,0.4274509803921568,0.6054901960784314,0.1886865666480682,122.72156862745096,19.12903225806452,0.8387096774193548,15.0,60.0,18.53125,24.162192024679797,5.235902901296051,0.0,655.0,655.0,0.4392156862745098,0.0354318215835952,0.1019607843137254,0.212941176470588,0.0786209641401966,23.207843137254898,0.9579867381894276,0.1234390492928766,1.4970760233918128,171,256,1181,1772
sciver_val_322,1,256,32,-71.00000000000004,239.0,-68.75,-1345.0,426.4779449162641,157.1935483870968,0.7419354838709677,31.0,336.0,152.3125,104.379247668059,6.911154603088217,1.0,1947.0,1948.0,0.6854571851967485,0.0811053057097425,0.2347182466171198,0.3266454534766287,0.1041770451824883,157.91203021686874,228.1935483870968,0.9032258064516128,18.0,1359.0,221.0625,383.883603575029,7.569248203581277,0.0,3118.0,3118.0,0.5668678042375953,0.0736382815459058,0.1638482588498112,0.2189622695173906,0.0770223546209602,229.6041618601343,0.1401148321061366,0.2116811741367948,-100.54838709677418,527.0,-91.25,-685.0,282.5567420890891,103.88709677419354,0.0,15.0,598.0,110.0,199.18615664749396,6.721587787376926,1.0,1287.0,1288.0,0.6039215686274509,0.0785166902813961,0.1725490196078431,0.2313725490196078,0.0772293426923414,101.05098039215686,204.43548387096777,0.2580645161290322,28.0,748.0,201.25,201.7228916112398,7.340288631327363,0.0,2661.0,2661.0,0.8823529411764706,0.0761588964785463,0.1843137254901961,0.2588235294117647,0.088371334425389,202.65882352941173,0.0969459494324045,0.1602901636172513,1.4970760233918128,171,256,997,1495
sciver_val_323,1,256,32,-26.3709677419355,336.0,-25.5,-749.0,245.59163259362072,101.43548387096774,0.5483870967741935,27.0,348.0,98.3125,114.7294201316733,6.842763196258458,1.0,2294.0,2295.0,0.6566334484110279,0.0434942856545509,0.1180807065494482,0.2003814152119651,0.0740085883206908,99.7758912915398,127.80645161290325,0.935483870967742,19.0,786.0,123.8125,206.4555699024611,7.168667938476218,0.0,2472.0,2472.0,0.4148375466530729,0.0540524993456798,0.1367586977303495,0.1984026659189993,0.0652429358115031,133.61777838252067,0.137719221318339,0.1672935797594493,77.40322580645162,317.0,75.0,-231.0,120.18657370937903,99.53225806451611,0.6451612903225806,23.0,319.0,96.4375,110.9946331754378,6.49179632371088,1.0,1779.0,1780.0,0.615686274509804,0.0582327590957687,0.188235294117647,0.2980392156862744,0.1013537781535635,103.59607843137256,22.129032258064527,0.967741935483871,13.0,273.0,21.4375,55.48701283859134,6.4315835134051875,0.0,1084.0,1084.0,0.2705882352941176,0.0263041748064539,0.0666666666666666,0.0745098039215685,0.0309418691805064,28.51372549019607,0.9248865171068428,0.1119883458665046,1.7414965986394555,147,256,839,1462
sciver_val_327,1,256,32,-21.064516129032256,148.0,-20.375,-239.0,117.2406046342307,84.2258064516129,0.3870967741935484,30.0,195.0,81.625,60.92297903911134,5.628831452204765,1.0,1009.0,1010.0,0.9514804633764928,0.0833558979433972,0.2543538506442062,0.4119307386220512,0.1717653807150799,84.10610102488778,105.29032258064514,0.7096774193548387,26.0,300.0,102.0,103.8824455815322,6.188236606994657,0.0,1431.0,1431.0,0.7679307318771643,0.0768854859160403,0.2735797868046589,0.3548326568029971,0.1308708257115276,110.02313034585376,0.064880631873799,0.1521584438273272,90.91935483870968,187.0,88.5,-20.0,69.04255933842545,114.33870967741936,0.5483870967741935,31.0,214.0,111.1875,57.25187633388097,5.562111424969472,1.0,985.0,986.0,1.0,0.117252911316811,0.4862745098039216,0.7694117647058817,0.2364661117115291,115.49411764705884,23.419354838709676,0.6451612903225806,20.0,89.0,22.6875,27.2791558474598,5.565645968008685,0.0,965.0,965.0,0.4549019607843138,0.0273940871685461,0.0509803921568627,0.1756862745098036,0.0679723214817576,26.435294117647057,0.7598563314919876,0.1928481519973172,1.299492385786802,197,256,425,551
sciver_val_330,1,256,32,-26.870967741935484,86.0,-26.0,-120.0,60.01249869818786,34.25806451612904,0.1612903225806451,28.0,86.0,33.21875,27.847502552966937,5.346884844427161,1.0,342.0,343.0,0.974830770105647,0.0981440727171354,0.2158674708453064,0.3153179205657888,0.107547906740481,33.565272869260326,61.12903225806453,0.8064516129032258,26.0,134.0,59.21875,45.93183425944907,5.345164737127202,0.0,372.0,372.0,0.7652098202836682,0.1657415588134018,0.4783186854578738,0.5487865227949946,0.1819982314266228,61.65585987858548,0.0242616601210427,0.1050301599798133,-22.16129032258065,1.0,-24.0625,-167.0,44.730398989389755,2.064516129032258,0.0,5.0,23.0,2.375,4.158951189903531,2.7626174671631443,1.0,31.0,32.0,0.1215686274509803,0.0275774826059456,0.0862745098039215,0.0941176470588235,0.0343536786788828,0.8549019607843138,24.225806451612904,0.0,10.0,190.0,26.4375,47.68577978548741,5.516874708145076,0.0,490.0,490.0,0.3372549019607843,0.0437775110044017,0.1219607843137255,0.1607843137254901,0.0559363312875149,21.45098039215686,0.0034824622416534,0.0220410575265815,0.72265625,256,185,786,568
sciver_val_332,1,256,32,8.99999999999998,195.0,8.75,-337.0,135.47232189639328,80.93548387096773,0.4516129032258064,29.0,197.0,78.4375,70.4023869890077,5.978532938171647,1.0,745.0,746.0,0.8801546309989482,0.1070418578535119,0.2722298888611992,0.3717156597542756,0.1333995579845633,79.7461841008664,71.93548387096776,0.8709677419354839,18.0,345.0,69.6875,100.39716053629206,6.229061285224102,0.0,1036.0,1036.0,0.5395734292283151,0.0710261383598809,0.193293053303434,0.2891289591590604,0.0937702131344619,73.58307934083666,0.1027163604214811,0.1688822046063573,42.24193548387097,171.0,40.9375,-47.0,57.34432050124929,62.306451612903224,0.6129032258064516,22.0,174.0,60.375,67.82042004440845,5.76700826128269,1.0,718.0,719.0,0.7215686274509804,0.0880659784805286,0.2627450980392156,0.4437254901960783,0.1292711846365779,63.2313725490196,20.06451612903226,0.7741935483870968,13.0,79.0,19.4375,29.203956816671266,5.157435284388145,0.0,434.0,434.0,0.3450980392156862,0.0515767597361525,0.1792156862745096,0.2694117647058821,0.0830381001984424,22.384313725490195,0.9566940900134564,0.098671830509326,2.5098039215686274,102,256,631,1578
sciver_val_333,1,256,32,2.645161290322583,47.0,2.59375,-55.0,26.544607944693777,16.774193548387096,0.6451612903225806,26.0,53.0,16.28125,13.736890056977964,4.579174632751213,1.0,304.0,305.0,0.9359448135968532,0.0521593196518478,0.1554280106608376,0.2296688199528762,0.1050634403312579,15.856433174161731,14.129032258064516,0.8064516129032258,14.0,65.0,13.6875,20.269184585226903,4.58684576174347,0.0,281.0,281.0,0.596949700851052,0.0519086436632436,0.1642145465081151,0.2153652137020625,0.0942667359530281,14.58632886937146,0.0468992005607925,0.1429863191264716,18.387096774193548,46.0,17.875,-12.0,15.05355024570616,21.064516129032263,0.6451612903225806,25.0,48.0,20.46875,15.526156106309765,4.475074305419936,1.0,262.0,263.0,0.9725490196078432,0.0803173177668013,0.3043137254901961,0.4231372549019607,0.1480100760412984,21.04313725490196,2.67741935483871,0.1290322580645161,12.0,16.0,2.59375,4.2120316876182216,4.125772568534272,0.0,141.0,141.0,0.2352941176470587,0.0216381588096231,0.0509803921568626,0.0705882352941176,0.0386458468898913,3.0509803921568617,0.8776903090781767,0.2609665150912206,1.6623376623376624,154,256,600,1000
sciver_val_334,1,256,32,-12.483870967741936,152.0,-12.0625,-201.0,104.63804802150123,71.3225806451613,0.967741935483871,29.0,203.0,69.125,50.64937684710445,6.26204382833029,1.0,2578.0,2579.0,0.9547280272347676,0.0285628509962601,0.0785898448680437,0.1595431072725247,0.0828423518251976,73.63502986835873,83.80645161290325,0.7096774193548387,26.0,235.0,81.1875,79.90206407690604,6.201745522447707,0.0,1706.0,1706.0,0.7449352892001144,0.0542737255784982,0.1906596705609118,0.3242103300589695,0.112582121003389,92.59097583691796,0.0670133240821277,0.1635079111231678,95.54838709677423,961.0,92.75,1.0,160.4041770029696,110.80645161290327,0.967741935483871,31.0,994.0,107.53125,163.2088356169405,6.430534452363659,1.0,1735.0,1736.0,1.0,0.0645691360117534,0.0901960784313725,0.2427450980392151,0.1436142098457332,112.02745098039216,15.258064516129034,0.8709677419354839,21.0,40.0,14.78125,15.923124644287,4.598480347125076,0.0,460.0,460.0,0.6784313725490196,0.0402472293265132,0.0949019607843139,0.34156862745098,0.1062321228248214,18.513725490196073,0.9630841967468806,0.1308892595587815,1.292929292929293,198,256,1346,1736
sciver_val_335,1,256,32,-22.64516129032259,226.0,-21.90625,-243.0,137.68722693459077,74.38709677419355,0.3870967741935484,28.0,230.0,72.09375,65.89592142870073,5.835226590110803,1.0,966.0,967.0,0.939369682304566,0.0769079892647172,0.2227468312798691,0.3756415001163375,0.1382129759844562,74.29311762971682,97.03225806451611,0.8064516129032258,21.0,266.0,94.0,103.53652737077869,6.072697921498134,0.0,984.0,984.0,0.5983162987298035,0.1012280419877641,0.3190668898107986,0.4019586009695048,0.1345547575300276,99.60839331595996,0.0664425520946508,0.1386141390518055,70.5806451612903,226.0,68.4375,-22.0,72.69282009765476,97.25806451612904,0.3225806451612903,28.0,226.0,94.28125,63.58470451639687,5.674242584995,1.0,876.0,877.0,1.0,0.1125794610081475,0.3705882352941176,0.6470588235294117,0.2061931913385614,98.61960784313726,26.67741935483871,0.8387096774193548,19.0,62.0,25.84375,26.626008636998147,4.702764825394171,0.0,472.0,472.0,0.584313725490196,0.0623130608175473,0.2662745098039216,0.4745098039215686,0.1425270813436424,29.41176470588235,0.9420664631195824,0.129171103632885,1.098712446351931,233,256,1209,1328
sciver_val_336,1,256,32,-21.80645161290323,158.0,-21.09375,-310.0,144.99662913646475,76.16129032258064,0.5483870967741935,29.0,177.0,73.8125,62.785566364810315,6.0227103916637725,1.0,1113.0,1114.0,0.8495898229106097,0.0678500154730617,0.2079291295593429,0.3147570927845681,0.1174747479800363,75.51706722151772,97.96774193548386,0.8064516129032258,21.0,332.0,94.90625,120.11228064164588,6.433764080145445,0.0,1339.0,1339.0,0.5708715198269596,0.075948417861223,0.2303791170663308,0.2910915867588028,0.1000648550213631,101.69493151617768,0.0914870453501814,0.1610750271076901,80.01612903225806,200.0,77.53125,-141.0,87.73646062748087,101.59677419354838,0.5806451612903225,29.0,200.0,98.4375,71.68286820259078,5.84067626402287,1.0,870.0,871.0,0.9137254901960784,0.1181564119900833,0.4086274509803923,0.553333333333333,0.1853998335664998,102.79607843137254,21.580645161290327,0.967741935483871,16.0,171.0,20.90625,40.05493054465954,5.378046518725155,0.0,577.0,577.0,0.3607843137254902,0.0457471030006456,0.1607843137254901,0.2486274509803916,0.0774372797446399,26.396078431372544,0.9531043741315424,0.1242595397451276,2.015748031496063,127,256,490,989
sciver_val_337,1,256,32,37.51612903225806,126.0,36.375,-79.0,49.6901335780052,111.48387096774192,0.7096774193548387,30.0,198.0,108.03125,62.43120432474053,6.082841911914619,1.0,1056.0,1057.0,0.9834741594109604,0.1053136823317496,0.3067745214428787,0.439350464381055,0.1656410857161353,111.2112485423276,73.96774193548387,0.8387096774193548,25.0,229.0,71.65625,81.44231446820197,6.171911715570949,0.0,1398.0,1398.0,0.7050015849377509,0.0549374502210381,0.181981034371803,0.2787149724189892,0.0971972865507962,76.80255540901136,0.0715764880408168,0.1546421311140019,123.17741935483872,298.0,119.34375,0.0,101.5263541448106,131.33870967741936,0.8709677419354839,29.0,315.0,127.25,108.5596034443752,6.102842365819632,1.0,1152.0,1153.0,0.8941176470588236,0.1190563725490195,0.4,0.5019607843137255,0.1799664041178402,137.15294117647056,8.161290322580644,0.7741935483870968,15.0,21.0,7.90625,7.69480090304486,4.4222033757003105,0.0,262.0,262.0,0.4823529411764706,0.0342613381230354,0.1098039215686274,0.1764705882352941,0.0701004400941078,8.976470588235292,0.9693476832073612,0.1007612290206539,1.4301675977653632,179,256,838,1201
sciver_val_338,1,256,32,11.354838709677407,324.0,11.03125,-300.0,168.69452502508048,109.12903225806453,0.5806451612903225,29.0,374.0,105.75,104.34528019992088,6.35674619843229,1.0,1454.0,1455.0,0.9807311408947752,0.0749044832478219,0.2017139375855273,0.3352384120928087,0.1221876260355923,108.91111864233304,97.77419354838712,0.8387096774193548,20.0,327.0,94.71875,122.19585569256226,6.499391095044576,0.0,1590.0,1590.0,0.5805135820202899,0.0642342647336782,0.2010465230739803,0.2625734174502318,0.0935523965486071,102.13248092654848,0.1105444236624089,0.1594889843982758,129.5322580645161,353.0,125.78125,-2.0,94.8151933945056,164.27419354838705,0.5161290322580645,30.0,371.0,159.4375,97.59960857375404,6.184640625129857,1.0,1335.0,1336.0,1.0,0.1239274436366306,0.4352941176470588,0.6090196078431371,0.2067032804214984,165.44313725490196,34.741935483870975,0.8387096774193548,23.0,105.0,33.65625,36.76242083891511,5.404336779898751,0.0,769.0,769.0,0.607843137254902,0.0504143399882709,0.1780392156862749,0.3003921568627447,0.1038764062569562,38.76862745098038,0.9027853889197188,0.1592886887364427,1.610062893081761,159,256,1031,1660
sciver_val_339,1,256,32,4.580645161290325,91.0,4.46875,-56.0,32.57873575566584,23.741935483870968,0.5806451612903225,26.0,101.0,23.03125,24.973090986850227,5.116166690831524,1.0,518.0,519.0,0.9690431087432028,0.0435177826222731,0.1153853804239198,0.1840076354078008,0.0975732117639565,22.542211398337507,19.161290322580648,0.7419354838709677,17.0,70.0,18.5625,24.5394293688749,5.0999994147814895,0.0,567.0,567.0,0.6563718471633678,0.0372842985008811,0.1247190181977555,0.2071031834614162,0.080162555857518,21.140197249999588,0.0649579831544033,0.1476864992134089,-57.435483870967744,108.0,-55.53125,-546.0,175.38350556263123,39.62903225806451,0.3548387096774194,25.0,109.0,38.5,28.78041869049163,5.191566068334896,1.0,490.0,491.0,1.0,0.0817527010804321,0.1964705882352942,0.3850980392156855,0.1528838628523639,40.058823529411754,97.06451612903224,0.5161290322580645,18.0,574.0,94.03125,176.75768801791196,6.321919618061433,0.0,688.0,688.0,0.2823529411764706,0.1419972640218878,0.2509803921568627,0.2588235294117647,0.0833173532148866,97.69411764705882,0.9121521770472896,0.1779014726636721,2.5098039215686274,102,256,532,1329
sciver_val_342,1,256,32,-8.2258064516129,292.0,-7.9375,-416.0,183.0063075244949,101.54838709677418,0.5483870967741935,28.0,316.0,98.40625,101.34435707496247,6.462788577628485,1.0,1401.0,1402.0,0.9725551781295964,0.0722833185126059,0.1758988882557132,0.2617710836198855,0.1107978489528079,101.26892923616096,109.77419354838707,0.8387096774193548,22.0,437.0,106.34375,145.74691449885825,6.559122040450923,0.0,1724.0,1724.0,0.539508687431531,0.0650638349242855,0.2085541894106543,0.2761958281804044,0.0948598796684861,112.1700514094682,0.090311458066678,0.1667070668556749,98.43548387096772,298.0,95.375,0.0,99.92833369470344,114.0806451612903,0.6774193548387096,26.0,302.0,110.53125,104.05647035834676,6.394155210793572,1.0,1450.0,1451.0,0.8823529411764706,0.0795456389452332,0.2156862745098039,0.3686274509803921,0.125270299865729,115.34117647058822,15.645161290322578,0.7419354838709677,13.0,81.0,15.15625,25.232802776098815,5.347345578185313,0.0,505.0,505.0,0.3058823529411765,0.0341370607649,0.0901960784313725,0.1599999999999998,0.0564900626550383,17.239215686274505,0.9578010670731708,0.109209565440578,1.248780487804878,205,256,1329,1661
sciver_val_343,1,256,32,-7.548387096774199,258.0,-7.28125,-283.0,144.60403572666118,69.87096774193549,0.4838709677419355,29.0,268.0,67.71875,80.61026391494758,5.868469739357251,1.0,855.0,856.0,0.7993691924275251,0.0812493360746246,0.2187105481451624,0.3405241795957663,0.1297010936408745,69.46818234380405,77.41935483870968,0.8064516129032258,19.0,317.0,75.0,106.2899924734215,6.007319275285147,0.0,992.0,992.0,0.8496351165254972,0.0794983460547857,0.2565920756503727,0.3043512323622918,0.1140072259740269,78.86235928634743,0.1235262543459277,0.1715594224919412,82.59677419354838,247.0,80.0625,-16.0,78.70988561642051,100.67741935483868,0.3548387096774194,30.0,248.0,97.59375,73.90105690000313,5.696764496105867,1.0,814.0,815.0,0.996078431372549,0.1255720961603314,0.4498039215686276,0.6225490196078414,0.2090279316833371,102.2156862745098,18.080645161290327,0.967741935483871,21.0,61.0,17.53125,19.337438388718915,4.814016956400085,0.0,491.0,491.0,0.5725490196078431,0.0424423944730641,0.1019607843137255,0.2901960784313725,0.1031642480868485,20.839215686274507,0.8958513480392157,0.181616995711725,2.048,125,256,647,1327
sciver_val_344,1,256,32,-42.580645161290334,255.0,-41.21875,-560.0,236.29149561174964,107.09677419354838,0.4516129032258064,26.0,259.0,103.78125,93.26566033882727,6.488604231964899,1.0,1463.0,1464.0,0.7186225480287555,0.0720607988617428,0.2035606050188023,0.2981129286661435,0.1053143405564582,105.42494873472972,149.67741935483872,0.8709677419354839,20.0,580.0,145.0,200.3863455927075,6.873792212884416,0.0,2013.0,2013.0,0.4819075486814901,0.0760429187626827,0.2258029206857341,0.2765021752768258,0.0949466118138693,153.07439546928043,0.1112489417786935,0.1804777115351937,94.83870967741932,297.0,91.90625,-151.0,119.34963326687476,141.8064516129033,0.3870967741935484,31.0,297.0,137.40625,98.14302680749915,6.263808535321189,1.0,1302.0,1303.0,0.9647058823529412,0.110321978253667,0.3294117647058824,0.5137254901960785,0.1750955696978419,143.6392156862745,46.96774193548388,0.935483870967742,18.0,191.0,45.5,59.599706375115645,5.654888395848604,0.0,954.0,954.0,0.580392156862745,0.0558227483865663,0.1568627450980392,0.3543137254901957,0.1112715579394934,53.25490196078431,0.9382443924539514,0.1477186977437145,1.5515151515151515,165,256,1069,1662
sciver_val_346,1,256,32,-35.967741935483865,94.0,-34.8125,-128.0,72.95650994770789,37.387096774193544,0.2903225806451612,26.0,105.0,36.25,35.486793318078206,5.673106364742038,1.0,433.0,434.0,0.5376907813280438,0.0864083710276366,0.178099413881645,0.1978137549192326,0.0736122049788264,37.41482465496666,73.35483870967742,0.5161290322580645,23.0,131.0,71.0625,51.84106570808513,5.125944305052125,0.0,498.0,498.0,0.7980961746781009,0.1496390468397928,0.562976171481151,0.6463051938143007,0.2335388354407833,74.52024532621684,0.0464472298023016,0.1539896196277499,-30.145161290322587,1.0,-32.625,-220.0,44.33589826540114,1.8387096774193543,0.0,3.0,31.0,2.28125,5.209572769191347,2.5143339554948696,1.0,33.0,34.0,0.1803921568627451,0.0172311348781937,0.0141176470588235,0.0792156862745096,0.0365325650272591,0.5686274509803921,31.983870967741936,0.0,21.0,251.0,34.90625,48.22172706298998,5.490678622589825,0.0,560.0,560.0,0.7372549019607844,0.0542717086834733,0.1686274509803921,0.196078431372549,0.078700088641431,30.392156862745097,0.0186342167075163,0.0852977136588455,2.1333333333333333,120,256,388,830
sciver_val_348,1,256,32,-13.677419354838738,530.0,-13.21875,-695.0,355.1649031062015,179.58064516129028,0.5161290322580645,31.0,565.0,174.0,186.09439808871196,6.886393894431366,1.0,1903.0,1904.0,0.9574654364761592,0.0937862819422718,0.254894337740507,0.339275239404621,0.1181422273357762,178.4752945361434,193.25806451612905,0.8387096774193548,19.0,735.0,187.21875,256.47157912415463,7.072593638977011,0.0,2475.0,2475.0,0.4849724184594683,0.0795077290859072,0.2406735747233746,0.3061752344327436,0.1011583425551012,196.78162948762048,0.1293374478689145,0.1852630283670759,148.62903225806448,495.0,144.0,-34.0,170.47012201556026,198.01612903225805,0.6129032258064516,29.0,512.0,191.84375,172.0279972444529,6.695153260635752,1.0,1763.0,1764.0,0.9058823529411764,0.1137699776450568,0.3278431372549015,0.4976470588235288,0.1596913282650547,200.57647058823528,49.387096774193544,0.7741935483870968,15.0,156.0,47.84375,64.70370419023551,6.057142354149968,0.0,1203.0,1203.0,0.4313725490196077,0.046312323765749,0.1717647058823527,0.2392156862745098,0.0810415512004928,55.71372549019607,0.9347028789964262,0.1361940854000834,1.2610837438423643,203,256,1268,1602
sciver_val_349,1,256,32,-57.12903225806453,405.0,-55.3125,-572.0,308.5894762362288,159.3870967741936,0.4838709677419355,30.0,469.0,154.4375,128.36104780559404,6.597420125500161,1.0,1462.0,1463.0,0.9916341503933468,0.1086117887141181,0.2806057433019849,0.4225607511400815,0.1488584868829678,158.79043510004075,216.51612903225808,0.7741935483870968,21.0,654.0,209.75,251.97160058228783,6.940487328211944,0.0,2065.0,2065.0,0.5802455323524539,0.1060058524523171,0.2979612967812312,0.3497400898355194,0.1234669088666316,218.90208531403485,0.0912138407564625,0.1733158144407834,129.8387096774194,411.0,125.875,-118.0,146.36315067324836,183.29032258064515,0.4516129032258064,31.0,411.0,177.65625,114.20201655810418,6.281523195105136,1.0,1334.0,1335.0,1.0,0.1389599317988064,0.4760784313725494,0.6745098039215687,0.2173988782835252,185.37254901960785,53.451612903225815,0.967741935483871,16.0,193.0,51.78125,70.05298636344848,5.803815669115139,0.0,1042.0,1042.0,0.4980392156862745,0.0574536148432501,0.2117647058823529,0.3329411764705877,0.1059466505821296,59.866666666666646,0.9441373108738688,0.1486832972435381,1.2307692307692308,208,256,442,545
sciver_val_351,1,256,32,-21.290322580645164,218.0,-20.59375,-459.0,207.05824352325965,111.3548387096774,0.5483870967741935,29.0,295.0,107.90625,92.92314007252176,6.516513057878461,1.0,1746.0,1747.0,0.9999750140065674,0.0653171987460067,0.1827058343457256,0.2893286500941111,0.1069654764831096,114.04382901052784,132.64516129032256,0.8387096774193548,22.0,479.0,128.5,162.3121991718429,6.5843763706439224,0.0,1933.0,1933.0,0.6620588227386128,0.0707492051419093,0.2273860777191609,0.3071878789283649,0.1148025653330879,136.75821353931084,0.1338151826108036,0.2495414169468134,115.40322580645162,324.0,112.0,0.0,112.70204079784892,155.01612903225805,0.4838709677419355,30.0,328.0,150.375,108.49503156827043,6.32689002903308,1.0,1466.0,1467.0,1.0,0.1065537811304603,0.307843137254902,0.6303921568627451,0.182667100331733,156.20784313725488,39.612903225806456,0.935483870967742,19.0,117.0,38.375,45.22634049975744,5.533402868285444,0.0,1009.0,1009.0,0.996078431372549,0.0453254046911133,0.1576470588235295,0.3082352941176467,0.1102290174204219,45.73333333333333,0.917734414278532,0.2036564832002496,1.3128205128205128,195,256,1264,1660
sciver_val_352,1,256,32,4.161290322580642,98.0,4.0625,-161.0,76.52243849845613,46.87096774193549,0.6451612903225806,28.0,115.0,45.4375,38.9654795139236,5.495463175450794,1.0,619.0,620.0,0.9630342509923268,0.0741898467853527,0.2085687445439108,0.2864795625787516,0.1239883072638875,45.92351516013333,42.70967741935484,0.8709677419354839,19.0,171.0,41.375,55.24985859710412,5.671598334087593,0.0,684.0,684.0,0.5626630754372474,0.0648088674315255,0.1895154713540693,0.2739125351675308,0.0971909363523661,44.3292653231635,0.0696949751437017,0.158895626584003,51.403225806451616,173.0,49.8125,-185.0,71.09871548593547,63.951612903225794,0.7096774193548387,24.0,179.0,61.96875,61.468734112860176,5.71323451537017,1.0,773.0,774.0,0.7333333333333334,0.084245237551683,0.2745098039215686,0.3662745098039215,0.1348743603176124,65.12156862745097,12.5483870967742,0.967741935483871,18.0,208.0,12.15625,36.349956477793754,5.670653496575438,0.0,538.0,538.0,0.4509803921568627,0.0235002551206356,0.0509803921568627,0.0627450980392156,0.0373749682315261,12.643137254901958,0.8973604993294487,0.1662573686908854,0.828125,256,212,871,720
sciver_val_353,1,256,32,1.8387096774193497,198.0,1.8125,-254.0,115.37017527831878,59.387096774193544,0.4838709677419355,30.0,200.0,57.5625,57.81702684979573,5.740812788241986,1.0,896.0,897.0,0.8663329941659486,0.065903802027456,0.1991169354063457,0.318912558847365,0.1205785549323632,59.04980661660062,57.54838709677419,0.8709677419354839,18.0,260.0,55.75,82.51174158869755,5.958512627262353,0.0,834.0,834.0,0.5111561555744267,0.0718263669315764,0.2188458201280897,0.2786984447676177,0.0959821375213379,59.90319002093475,0.1551901210514276,0.1936555399700812,50.49999999999999,204.0,48.9375,-18.0,63.74506721111838,70.37096774193547,0.5483870967741935,29.0,207.0,68.1875,60.26163658373377,5.652937872594519,1.0,790.0,791.0,0.9411764705882352,0.0899379498634896,0.2745098039215686,0.4374509803921567,0.1570638185845185,71.05098039215684,19.870967741935488,0.7096774193548387,18.0,61.0,19.25,24.566236993076497,4.828451638265664,0.0,419.0,419.0,0.4313725490196078,0.05266507557677,0.2321568627450979,0.3533333333333331,0.1049995300486566,22.066666666666663,0.8457099594645552,0.1867551299464835,1.9692307692307691,130,256,844,1661
sciver_val_354,1,256,32,8.129032258064505,317.0,7.90625,-336.0,166.66383819214502,112.8064516129032,0.6129032258064516,31.0,363.0,109.3125,102.615921492476,6.260600028582933,1.0,1432.0,1433.0,0.9788899417126756,0.0780132431834554,0.2188628604478509,0.4125838052455369,0.1402404424410539,111.71496423870816,104.67741935483872,0.8387096774193548,20.0,372.0,101.40625,140.29118365363342,6.608696995525774,0.0,1807.0,1807.0,0.7342253237790471,0.0603496612636042,0.1923041473377393,0.2487224865338192,0.0948105505458774,109.05183790333284,0.145908095278188,0.1917295645387049,106.37096774193547,322.0,103.0625,-180.0,114.25080347091657,155.33870967741936,0.6129032258064516,29.0,369.0,150.5,119.25393075282676,6.2691666511523865,1.0,1536.0,1537.0,0.9450980392156862,0.1015446282679738,0.3588235294117647,0.553921568627451,0.1792378377658125,155.9725490196078,48.96774193548388,0.967741935483871,26.0,286.0,47.4375,55.039722871304505,6.5105654235322366,0.0,1747.0,1747.0,0.6705882352941176,0.0333052740271838,0.0745098039215685,0.1529411764705882,0.0682811373360423,58.18431372549019,0.8679324959150329,0.2125623316640745,2.1333333333333333,120,256,778,1660
sciver_val_355,1,256,32,10.419354838709683,111.0,10.125,-92.0,51.531392131398896,45.096774193548384,0.6129032258064516,31.0,126.0,43.71875,38.26979420427421,5.370434533210908,1.0,562.0,563.0,0.964455269021957,0.0788779285226927,0.2300951263578137,0.3719825106397385,0.1381129085514508,44.32939582975331,34.677419354838705,0.8709677419354839,20.0,128.0,33.59375,44.827348917123125,5.327644368640811,0.0,601.0,601.0,0.7125865662924727,0.0605713463642419,0.1888078191027349,0.2541646743494872,0.1105831459222768,36.40337916490938,0.1160810151793819,0.2056141294823063,19.403225806451616,75.0,18.8125,-36.0,28.46097931818229,38.62903225806452,0.6451612903225806,26.0,117.0,37.4375,36.69122638656277,5.236821906002108,1.0,591.0,592.0,0.788235294117647,0.0668060117447994,0.2470588235294117,0.3784313725490196,0.1331398129386521,39.482352941176465,19.225806451612904,0.8064516129032258,22.0,76.0,18.625,19.38225670555418,5.216314288746231,0.0,461.0,461.0,0.388235294117647,0.0421674960656713,0.1490196078431372,0.2039215686274509,0.0703439098635832,19.43921568627451,0.7933966703511471,0.2399761464301279,1.673202614379085,153,256,1185,1979
sciver_val_358,1,256,32,16.241935483870968,281.0,15.78125,-242.0,135.94087280298555,95.37096774193547,0.4516129032258064,25.0,291.0,92.4375,90.72208162156554,5.930366187961137,1.0,880.0,881.0,0.8117928853193557,0.1080625025067449,0.3867756127547014,0.4809466400515141,0.1565952536267932,95.09500220593551,79.12903225806451,0.7741935483870968,21.0,308.0,76.65625,98.50051058719188,6.07966198388746,0.0,1086.0,1086.0,0.5027909904148739,0.0748038528419386,0.2540173470798402,0.306696777626905,0.108187490134505,81.23698418634534,0.0888667573921543,0.1812961537496229,89.33870967741936,210.0,86.5625,0.0,67.08806595624888,104.5,0.4193548387096774,30.0,210.0,101.25,70.21217843081071,5.6180632424040375,1.0,753.0,754.0,0.9686274509803922,0.1410202327943129,0.5882352941176471,0.6799999999999999,0.2249828058857888,106.18823529411765,15.16129032258065,0.967741935483871,13.0,47.0,14.6875,16.01256830586524,4.3658170520303905,0.0,453.0,453.0,0.5725490196078431,0.0393022551183828,0.0470588235294118,0.3788235294117643,0.1139236466704182,17.803921568627445,0.9569733608222296,0.1315222522030443,1.4143646408839778,181,256,595,842
sciver_val_360,1,256,32,-9.096774193548402,172.0,-8.78125,-252.0,110.7744708786167,54.64516129032258,0.4838709677419355,24.0,178.0,52.96875,55.96119435320783,5.773956322899406,1.0,674.0,675.0,0.5993949108025359,0.0799969453389756,0.2268960372468168,0.2948748217146871,0.1093289892224632,53.91794115846955,63.741935483870975,0.967741935483871,20.0,253.0,61.75,87.18909048728516,6.290777072084179,0.0,1020.0,1020.0,0.4043006747199891,0.0643866528138229,0.1739301497371227,0.256556911402778,0.080179870223131,65.67438587009944,0.1807268452001413,0.1744803150545227,91.59677419354836,267.0,88.75,-113.0,108.82353835453064,99.75806451612902,0.7741935483870968,24.0,267.0,96.65625,102.01458516279668,6.082948323813825,1.0,805.0,806.0,0.8666666666666667,0.1238679819753988,0.3607843137254901,0.4188235294117645,0.1441688344099629,99.71372549019608,8.161290322580651,0.967741935483871,5.0,132.0,7.90625,28.387232357831223,5.878396568820096,0.0,596.0,596.0,0.1686274509803921,0.022312146335044,0.0627450980392156,0.0784313725490196,0.0249440802665678,13.29803921568627,0.912621400122549,0.1326349194820908,6.4,40,256,262,1661
sciver_val_362,1,256,32,-12.774193548387098,130.0,-12.34375,-239.0,92.60993783572852,50.2258064516129,0.8709677419354839,28.0,165.0,48.6875,44.577486960908864,5.552835078824243,1.0,679.0,680.0,0.9549609680040964,0.070489089382759,0.1853858432625011,0.2926369153422331,0.1306496646333326,47.86209169089339,63.000000000000014,0.9032258064516128,21.0,263.0,61.03125,74.23883938638521,5.97398250735808,0.0,802.0,802.0,0.5784393035244655,0.0799714306688703,0.2345428475964034,0.3368274127394187,0.1051005949203656,64.13708739643404,0.0499585786538446,0.1437835587448585,32.919354838709666,112.0,31.90625,-10.0,35.99597145428221,44.46774193548387,0.4838709677419355,25.0,112.0,43.09375,36.65750210990242,5.238380260396485,1.0,539.0,540.0,0.8470588235294118,0.0824548001018589,0.248627450980392,0.4513725490196076,0.1538196248617581,44.44313725490195,11.548387096774196,0.967741935483871,13.0,38.0,11.1875,14.30349061418226,4.243344695419055,0.0,329.0,329.0,0.4666666666666667,0.0402526968234102,0.1419607843137255,0.3537254901960775,0.0999966680300573,13.243137254901956,0.981277859265468,0.0779763328340794,1.3264248704663213,193,256,2185,2900
sciver_val_364,1,256,32,14.999999999999996,99.0,14.5625,-100.0,44.63038307868307,36.77419354838709,0.5806451612903225,26.0,109.0,35.65625,34.86546408607664,5.461174605021618,1.0,474.0,475.0,0.4149477057557043,0.0751275762338954,0.229734389992685,0.3107972357367479,0.096087444964425,35.61047113486642,21.774193548387103,0.935483870967742,15.0,104.0,21.09375,32.060839991140284,5.4622061306083065,0.0,527.0,527.0,0.4432013356705634,0.0434778652450175,0.1279414293228311,0.188716710577281,0.0619625092649739,22.912834984124256,0.0168337422084209,0.0868813294007301,-40.29032258064517,1.0,-43.15625,-265.0,66.01046762398748,1.5483870967741935,0.0,3.0,19.0,1.8125,3.1862742741327215,2.8252637798606433,1.0,28.0,29.0,0.0745098039215686,0.0172268907563025,0.0470588235294117,0.052156862745098,0.0188462539567298,0.4823529411764705,41.83870967741935,0.0,18.0,284.0,44.96875,68.29645139710775,5.632452412741691,0.0,622.0,622.0,0.6078431372549019,0.062820755311771,0.1764705882352941,0.2507843137254899,0.0909421326878927,39.07450980392157,0.0048602770291383,0.0361553650526736,0.98046875,256,251,1221,1196
sciver_val_365,1,256,32,6.419354838709676,47.0,6.25,-43.0,26.635267973121653,24.483870967741932,0.4193548387096774,30.0,51.0,23.75,15.020818885799802,4.651231410632894,1.0,318.0,319.0,0.8895400193186063,0.074852926552373,0.2464413597026487,0.3388854542252192,0.1394287345342849,23.803230643654615,18.06451612903226,0.8064516129032258,21.0,60.0,17.5,20.62462120864284,4.670245694166152,0.0,300.0,300.0,0.6050557409906938,0.0634234960143188,0.1916048066485112,0.3294906057358188,0.1099354919271617,19.027048804295667,0.0518324247388322,0.1459923767721825,32.08064516129032,66.0,31.125,1.0,17.8040550156418,34.177419354838705,0.6774193548387096,31.0,68.0,33.15625,17.895721162822692,4.529308653199084,1.0,302.0,303.0,0.9568627450980391,0.1119205298013245,0.3952941176470591,0.6894117647058822,0.2112785233981385,33.8,2.096774193548387,0.967741935483871,12.0,14.0,2.03125,3.1373194669175786,3.9231199791207465,0.0,119.0,119.0,0.2235294117647058,0.0196078431372548,0.0392156862745097,0.0984313725490195,0.0363848948157963,2.3333333333333317,0.8440238204656862,0.2964241344628431,2.0,128,256,1440,2880
sciver_val_366,1,256,32,10.612903225806448,218.0,10.3125,-292.0,162.14951385603968,134.4193548387097,0.935483870967742,29.0,348.0,130.25,98.09848367839332,6.6290420065205735,1.0,1519.0,1520.0,0.9454852508512916,0.0903449020281896,0.2300341815336998,0.345883413332665,0.1290879800316975,137.23390618082004,123.8064516129032,0.8064516129032258,23.0,342.0,119.9375,123.35338906471117,6.3902604647390895,0.0,1660.0,1660.0,0.6651779044673142,0.0767944526539891,0.2508283079017157,0.3675075572417552,0.1282676086279003,127.478791405622,0.0799099123287085,0.1665233801878628,143.1935483870968,301.0,138.78125,1.0,105.0787604534689,165.1290322580645,0.935483870967742,31.0,359.0,160.03125,101.1976668379143,6.325348080786856,1.0,1529.0,1530.0,1.0,0.1123045948268123,0.3592156862745103,0.6768627450980389,0.194633418438694,171.71372549019603,21.93548387096774,0.967741935483871,14.0,83.0,21.25,31.177916864344866,6.033405475985257,0.0,1210.0,1210.0,0.396078431372549,0.0272532814778804,0.0588235294117647,0.1411764705882353,0.0592403451897854,32.9764705882353,0.9516001852618982,0.1245140803890334,1.2018779342723005,213,256,1384,1661
sciver_val_367,1,256,32,-9.258064516129046,64.0,-8.90625,-219.0,64.99873045635199,20.354838709677416,0.7096774193548387,30.0,77.0,19.78125,18.426771242881916,5.60863774222694,1.0,625.0,626.0,0.9686339612501074,0.0307598218363644,0.0598934624844995,0.089374826151117,0.0623917375135842,19.224888647727756,29.612903225806463,0.935483870967742,17.0,248.0,28.6875,65.93767772487897,5.8583834425463275,0.0,642.0,642.0,0.3931573480247299,0.0474502997316598,0.125397321028527,0.1501896364626961,0.0572642213317011,30.463092427725627,0.0453038222450194,0.1369486305297251,2.9516129032258056,97.0,3.03125,-104.0,44.506659877343075,23.548387096774185,0.4838709677419355,21.0,111.0,23.28125,31.86812119403182,5.3044601388561565,1.0,485.0,486.0,0.6078431372549019,0.0459672528805336,0.1435294117647059,0.2392156862745098,0.0770489493168122,22.29411764705882,20.596774193548384,0.6129032258064516,23.0,119.0,20.25,29.485165761786043,6.306861963659066,0.0,862.0,862.0,0.807843137254902,0.0257176652563577,0.0392156862745097,0.0743137254901958,0.0433531412208982,22.168627450980388,0.3556338595360824,0.3246555145810788,1.3195876288659794,194,256,530,698
sciver_val_369,1,256,32,1.870967741935477,110.0,1.84375,-244.0,81.71792542605019,52.87096774193547,0.5806451612903225,31.0,156.0,51.25,41.50978800234952,5.80360092636782,1.0,1022.0,1023.0,0.807498787297581,0.0509710333207629,0.1443896940211364,0.2486619848992266,0.1014852417130885,52.09239605381974,51.0,0.967741935483871,23.0,246.0,49.40625,63.90122229611496,6.110502746915361,0.0,1052.0,1052.0,0.6507973720228779,0.0520649357027918,0.1576044551972417,0.2385820914376584,0.0810656097976869,54.77231235933702,0.1060738343941481,0.1750842179151643,58.693548387096776,177.0,56.875,-47.0,65.42206718684453,67.37096774193547,0.6774193548387096,26.0,184.0,65.28125,62.28775681012682,5.59868568915304,1.0,853.0,854.0,0.8784313725490196,0.0791669540031722,0.3215686274509803,0.392156862745098,0.146661239949106,67.52941176470588,8.677419354838714,0.967741935483871,13.0,93.0,8.40625,20.39126555507284,5.415375461404846,0.0,434.0,434.0,0.2666666666666666,0.0263937833197795,0.0509803921568627,0.1098039215686274,0.0385455797217252,11.454901960784309,0.9036361395143996,0.1555293424033818,2.0,128,256,747,1495
sciver_val_373,1,256,32,-49.903225806451616,232.0,-48.3125,-413.0,209.66557262400045,89.06451612903221,0.5161290322580645,23.0,294.0,86.3125,95.42616173644416,6.18139997800007,1.0,845.0,846.0,0.8739389787068158,0.1044900630390004,0.2493502167060984,0.3381636273524997,0.1172086008148851,88.29410326795539,138.96774193548387,0.7741935483870968,24.0,420.0,134.625,155.42919408849806,6.276696973760951,0.0,1128.0,1128.0,0.6884567279797865,0.1254153858427816,0.3577222535294987,0.4151126809667489,0.1537994929839474,141.46855523065773,0.0972054329424096,0.1881583700090446,59.467741935483865,244.0,57.625,-53.0,84.69347303659238,74.98387096774195,0.6451612903225806,26.0,246.0,72.65625,76.94990634131727,5.761369713703993,1.0,744.0,745.0,0.8274509803921568,0.1012386675100147,0.3007843137254903,0.4878431372549023,0.1532663963589304,75.32156862745097,15.516129032258068,0.935483870967742,13.0,86.0,15.03125,27.94020890110702,5.215318474866869,0.0,556.0,556.0,0.3372549019607843,0.0347792354351812,0.1254901960784313,0.2088235294117647,0.0660027296602985,19.337254901960776,0.9614747728359636,0.1095873031170127,2.0813008130081303,123,256,442,919
sciver_val_375,1,256,32,-38.4193548387097,245.0,-37.1875,-576.0,224.7905188030625,117.77419354838707,0.5161290322580645,29.0,268.0,114.125,98.84734126419384,6.5158656851542665,1.0,1499.0,1500.0,0.9495000483499006,0.0778976956940513,0.2176155672670914,0.3140079074746393,0.1179046079836701,116.76864584538303,156.19354838709685,0.8709677419354839,23.0,637.0,151.3125,206.57571818524556,6.9696497364252,0.0,2019.0,2019.0,0.6921652438542899,0.0786516502787351,0.2083431856292944,0.2774770775587842,0.0948886572970462,158.79768191276628,0.0800783680647,0.1469079114273698,101.01612903225804,271.0,97.875,-411.0,145.73172055184142,159.85483870967747,0.6774193548387096,31.0,334.0,154.875,110.16486225199031,6.2971442129750645,1.0,1245.0,1246.0,0.9803921568627452,0.1286746987951807,0.421960784313726,0.5599999999999998,0.1869269047392828,160.2,58.83870967741937,0.967741935483871,23.0,452.0,57.0,93.06751581513284,6.38941114189446,0.0,1465.0,1465.0,0.6196078431372549,0.0458703071672354,0.1121568627450986,0.2313725490196078,0.0819737695501153,67.2,0.9213788888079985,0.1553412860660257,1.2673267326732671,202,256,560,709
sciver_val_376,1,256,32,7.09677419354839,64.0,6.90625,-42.0,23.4032040741754,25.193548387096776,0.6451612903225806,25.0,82.0,24.4375,16.907722902567336,4.528923239971513,1.0,286.0,287.0,0.9972421999729708,0.0857040235076037,0.233289290661964,0.4276895450190368,0.1688236458857024,24.511350723174665,18.096774193548384,0.8064516129032258,20.0,67.0,17.53125,21.820266346621437,4.4538692801521504,0.0,275.0,275.0,0.7089375204056643,0.0678603485591758,0.2348947665236491,0.3082633497926866,0.1289331474963132,18.66159585377336,0.0737578570434305,0.1769951823451249,15.91935483870968,73.0,15.4375,0.0,19.070490128730302,20.20967741935484,0.7096774193548387,20.0,76.0,19.59375,21.28212186172939,4.489015427371001,1.0,274.0,275.0,0.6980392156862745,0.0748103621010447,0.2839215686274511,0.3686274509803922,0.1383779912879043,20.498039215686273,4.290322580645162,0.8387096774193548,14.0,18.0,4.15625,6.418281385036028,3.603622878641639,0.0,80.0,80.0,0.4078431372549019,0.0566666666666666,0.1847058823529412,0.2005882352941175,0.0781044657750758,4.533333333333333,0.9272698746837444,0.1756444854371875,4.129032258064516,62,256,402,1659
sciver_val_379,1,256,32,-37.96774193548387,186.0,-36.75,-257.0,135.42571764624324,61.32258064516128,0.3548387096774194,29.0,194.0,59.4375,58.708462709817226,5.5506267268860565,1.0,619.0,620.0,0.9769183384344826,0.098830449151294,0.256095586836313,0.398381315486494,0.1573902595491481,61.17604802465099,99.29032258064518,0.6774193548387096,23.0,294.0,96.1875,106.08323309434908,5.979305367299628,0.0,795.0,795.0,0.6477083578432106,0.1258905412308415,0.3559126033687453,0.4250710724693374,0.1478081372890426,100.08298027851905,0.0753494722331555,0.1564827582189055,49.93548387096774,183.0,48.53125,-66.0,72.30706413233426,84.3548387096774,0.2580645161290322,30.0,183.0,81.875,50.37593051249773,5.387220187354327,1.0,587.0,588.0,1.0,0.1444633730834752,0.516862745098039,0.7752941176470586,0.2370179709350076,84.79999999999998,34.41935483870968,0.8387096774193548,21.0,95.0,33.34375,34.64697802027617,4.93052510547979,0.0,489.0,489.0,0.7019607843137254,0.0769317133806487,0.2878431372549018,0.5043137254901959,0.1517418140666005,37.61960784313725,0.8574224058435256,0.2016305334018859,1.2673267326732671,202,256,1311,1661
sciver_val_381,1,256,32,11.225806451612897,127.0,10.90625,-202.0,74.04658979951407,61.03225806451612,0.5483870967741935,28.0,148.0,59.15625,41.18336236804251,5.420402679002482,1.0,932.0,933.0,0.9676942031123492,0.0661397794693531,0.1450608978506922,0.3841980776018301,0.163669541202072,61.64227446543713,49.80645161290323,0.967741935483871,23.0,230.0,48.25,59.71547119465775,5.712432187864426,0.0,756.0,756.0,0.6621034504310427,0.0685157994302076,0.2214532302722876,0.3242399073651668,0.1103194657273768,51.797944369237015,0.0874479280194486,0.1770857201616294,35.080645161290334,128.0,34.0,-37.0,46.393695692410624,47.50000000000001,0.6774193548387096,21.0,133.0,46.03125,46.66602375859229,5.522925863163204,1.0,841.0,842.0,0.6705882352941177,0.0594949989508288,0.1686274509803922,0.4352941176470588,0.1279696748784128,50.035294117647055,12.41935483870968,0.935483870967742,14.0,98.0,12.03125,22.61150754455571,5.438273520587412,0.0,573.0,573.0,0.3607843137254902,0.0237347294938918,0.0470588235294118,0.1074509803921568,0.0464498892210196,13.600000000000003,0.870427532426014,0.180747880225824,1.590062111801242,161,256,1483,2354
sciver_val_384,1,256,32,-2.4193548387096833,122.0,-2.3125,-142.0,87.84945841466525,52.09677419354839,0.3870967741935484,25.0,136.0,50.5,47.18646522044219,5.311636481399527,1.0,616.0,617.0,0.9977214863190011,0.0833151667579047,0.243150483784259,0.3828291954049364,0.1584643875095146,51.32214272286935,54.516129032258064,0.6774193548387096,22.0,160.0,52.8125,55.51488398393714,5.576277134247354,0.0,677.0,677.0,0.5069141847358344,0.082705466727864,0.2886363756465359,0.3801355783096195,0.1251165849459663,55.99160097476398,0.0603348550512525,0.1636889139644488,45.596774193548384,121.0,44.1875,-34.0,42.91884602071682,54.95161290322581,0.4516129032258064,31.0,121.0,53.25,36.42286369850674,4.993600234280206,1.0,497.0,498.0,0.976470588235294,0.1119816940860851,0.4015686274509805,0.6964705882352937,0.2167795436701027,55.65490196078431,9.35483870967742,0.967741935483871,12.0,59.0,9.0625,14.926774392011156,4.431729916274223,0.0,297.0,297.0,0.384313725490196,0.039479764969961,0.0800000000000001,0.2792156862745097,0.0841380231864152,11.725490196078429,0.9709440987933634,0.1127794983396215,1.4065934065934067,182,256,814,1144
sciver_val_389,1,256,32,-13.74193548387098,281.0,-13.28125,-791.0,228.5013996640666,105.96774193548386,0.3870967741935484,29.0,281.0,102.6875,87.42691143892709,6.7185553176834985,1.0,2015.0,2016.0,0.8138921933372943,0.0532887220750098,0.1773811402819825,0.2307613223317601,0.0844894246924383,107.3767749811448,119.70967741935488,0.967741935483871,18.0,793.0,115.96875,182.755554699269,7.021822811172845,0.0,2179.0,2179.0,0.4639217869043022,0.0570564334237724,0.161529864694881,0.2223476870772474,0.0764133971147838,124.3259684304001,0.1394409158144385,0.1909209828592081,83.91935483870968,250.0,81.3125,-12.0,79.1503464537585,93.69354838709675,0.935483870967742,23.0,266.0,90.78125,81.90952874017466,6.5839280074218625,1.0,1595.0,1596.0,0.6823529411764706,0.0596988136947569,0.1764705882352941,0.2364705882352939,0.0885031437203147,95.21960784313728,9.7741935483871,0.967741935483871,12.0,181.0,9.46875,31.511887018036543,6.469192268797649,0.0,973.0,973.0,0.3921568627450981,0.0233722265884771,0.0392156862745097,0.0431372549019607,0.0291646543864375,22.74117647058823,0.9447453813514654,0.1135819215289358,2.752688172043011,93,256,504,1386
sciver_val_390,1,256,32,-2.580645161290327,195.0,-2.46875,-182.0,100.43529769676346,58.54838709677419,0.4516129032258064,29.0,208.0,56.75,56.33216221662364,5.563948196462593,1.0,632.0,633.0,0.9652730896290852,0.0892085746504006,0.2417539871328519,0.3463546919348182,0.1441051439945501,56.379819179053214,61.12903225806451,0.7741935483870968,24.0,205.0,59.21875,69.11346394471558,5.788445491792654,0.0,756.0,756.0,0.8983566875285804,0.0832454922990977,0.2791523645265864,0.3381895643070783,0.124133482673076,62.933592178117934,0.0990454314334989,0.1866319293290828,33.20967741935484,141.0,32.1875,-32.0,44.93358814684178,52.08064516129032,0.5483870967741935,26.0,145.0,50.46875,44.1269364837114,5.217883731386058,1.0,506.0,507.0,0.7490196078431373,0.1045958304270324,0.3823529411764705,0.5598039215686275,0.1734940216936207,52.92549019607843,18.87096774193549,0.967741935483871,18.0,69.0,18.28125,23.927278333264315,4.73286462757633,0.0,369.0,369.0,0.5176470588235293,0.0583771720070141,0.2109803921568625,0.3568627450980393,0.111246852037064,21.541176470588233,0.8890901548672566,0.1815071144917221,2.265486725663717,113,256,725,1643
sciver_val_392,1,256,32,-17.483870967741936,202.0,-16.90625,-224.0,127.61351793966617,68.29032258064514,0.3548387096774194,29.0,203.0,66.1875,64.41876546279042,5.7082055762321495,1.0,717.0,718.0,0.972805617045102,0.094265172255618,0.241275232094383,0.3947094938947486,0.1494731458523272,67.58812850727811,85.77419354838709,0.7419354838709677,21.0,251.0,83.09375,92.25113799264211,5.918016685895537,0.0,876.0,876.0,0.6160250580053809,0.0999430911262423,0.326399130975757,0.3924484270914901,0.137353596961443,87.55014782658827,0.1039113528247951,0.204581377372288,43.53225806451613,163.0,42.21875,-34.0,58.98343749254955,70.85483870967742,0.4193548387096774,30.0,165.0,68.6875,51.09454318956184,5.354464506375381,1.0,581.0,582.0,0.9294117647058824,0.1225068340589247,0.4352941176470588,0.6745098039215687,0.2068043205557344,71.17647058823529,27.322580645161295,0.8387096774193548,18.0,68.0,26.46875,27.64957546577343,4.503185957521554,0.0,331.0,331.0,0.603921568627451,0.0895089153486167,0.4588235294117647,0.5098039215686274,0.1712934263242448,29.627450980392155,0.939814700167632,0.1578574226291388,1.3264248704663213,193,256,361,480
sciver_val_393,1,256,32,13.645161290322577,65.0,13.25,-95.0,41.49322233811204,35.41935483870967,0.1290322580645161,30.0,65.0,34.34375,16.38522462273557,4.966622184553325,1.0,355.0,356.0,0.9775409671960148,0.0951464816965013,0.2652347958140881,0.371119247851896,0.1636892339578358,33.77700100225799,21.7741935483871,0.935483870967742,19.0,105.0,21.09375,30.53518398401261,5.3657785527830235,0.0,570.0,570.0,0.5659097923345717,0.0409287358912569,0.118405891165782,0.1980732894412799,0.0738171924367549,23.32937945801646,0.1958385605621375,0.2471913134095117,25.999999999999996,69.0,26.28125,-9.0,14.230764155079656,32.58064516129032,0.0,24.0,69.0,32.65625,14.070379736791043,4.719450931187934,1.0,337.0,338.0,1.0,0.094338744399837,0.2298039215686286,0.5066666666666664,0.1925709359804537,31.7921568627451,6.580645161290323,0.967741935483871,24.0,26.0,6.375,5.577577879330776,4.539449115166333,0.0,280.0,280.0,0.7411764705882352,0.0287955182072829,0.0588235294117646,0.1064705882352942,0.0691421617388534,8.062745098039214,0.7020156088751289,0.3556531418206051,6.7368421052631575,38,256,248,1661
sciver_val_395,1,256,32,3.12903225806451,79.0,3.0625,-179.0,59.259459951555414,49.193548387096776,0.9032258064516128,29.0,147.0,47.6875,40.06981212521466,5.825287582882509,1.0,961.0,962.0,0.9413119963002722,0.0498935204471699,0.147596522666157,0.2516675192773195,0.0944341531315969,47.94767314973028,46.06451612903227,0.967741935483871,20.0,193.0,44.625,59.98111682021268,6.2038034440475,0.0,1230.0,1230.0,0.5607015784043311,0.0402840788912335,0.1189489413705567,0.1840998568935423,0.0678788049272526,49.54941703621722,0.0457870864500881,0.104396642860373,33.43548387096772,284.0,32.40625,-240.0,79.03514225290861,67.75806451612902,0.5483870967741935,27.0,287.0,65.65625,62.01693789552576,5.844180826855688,1.0,903.0,904.0,0.8666666666666667,0.0770199552689292,0.2690196078431378,0.3917647058823528,0.1328091223135561,69.54901960784314,34.32258064516131,0.935483870967742,13.0,284.0,33.25,63.486218977034696,6.2530742299758275,0.0,958.0,958.0,0.3647058823529412,0.0342093413565843,0.0862745098039216,0.1215686274509804,0.0454070532374589,32.77254901960784,0.9295706558485464,0.1162238634138183,1.7655172413793103,145,256,1000,1761
sciver_val_397,1,256,32,-54.35483870967744,394.0,-52.625,-583.0,263.04167326680385,130.1290322580645,0.5161290322580645,30.0,437.0,126.09375,132.72253938550716,6.606199147261728,1.0,1328.0,1329.0,0.9434852280181446,0.0977416376723951,0.2479376497749622,0.3262739018417974,0.1184366486494376,129.80089482894078,184.48387096774195,0.935483870967742,23.0,627.0,178.71875,232.1758808499227,7.187130967046808,0.0,2241.0,2241.0,0.5472064070321914,0.0824008013238245,0.2203220806202401,0.2634246986412415,0.0881539025040949,184.6601957666908,0.1203748714800443,0.1699413014349302,95.0806451612903,623.0,92.125,-61.0,179.4726215192724,176.46774193548387,0.5483870967741935,27.0,623.0,170.96875,189.4357550026855,6.665580901171593,1.0,1446.0,1447.0,0.8196078431372549,0.1226995362460336,0.3686274509803922,0.4862745098039216,0.1488986867430863,177.42352941176472,81.38709677419355,0.7096774193548387,14.0,310.0,78.84375,103.84577187318462,6.580039123294188,0.0,1262.0,1262.0,0.4196078431372548,0.0676113234517261,0.1803921568627451,0.2470588235294117,0.0775209559053201,85.32549019607843,0.8934156361408201,0.1668097853919405,2.327272727272727,110,256,329,764
sciver_val_399,1,256,32,5.161290322580644,144.0,5.03125,-111.0,74.12088284307939,45.645161290322584,0.4838709677419355,28.0,154.0,44.25,44.18356594934365,5.3962569347524925,1.0,543.0,544.0,0.978724321565728,0.0834186174252349,0.2120257773320636,0.3802285273642632,0.1393174898877748,45.2963092619026,40.483870967741936,0.8064516129032258,23.0,128.0,39.21875,46.94859847149327,5.356646137224992,0.0,532.0,532.0,0.8373572052980836,0.0786955405600715,0.2495825128349246,0.3279728035069369,0.1259639424885438,41.86602757795808,0.0936951187765814,0.1816144645457046,26.370967741935484,140.0,25.5625,-19.0,37.0952637643945,34.241935483870975,0.6774193548387096,19.0,143.0,33.1875,38.972295849102856,5.248732448473044,1.0,493.0,494.0,0.5725490196078431,0.071479139323072,0.2305882352941176,0.3819607843137254,0.1197737692133305,35.239215686274505,7.870967741935484,0.935483870967742,16.0,57.0,7.625,13.513303630126869,5.091664244188098,0.0,349.0,349.0,0.2470588235294117,0.024608124051913,0.0666666666666666,0.1121568627450979,0.0387053672102105,8.588235294117649,0.93197021484375,0.1148478455000541,2.0,128,256,832,1661
sciver_val_401,1,256,32,12.516129032258064,124.0,12.15625,-213.0,101.5191205435582,75.7741935483871,0.6129032258064516,30.0,169.0,73.4375,53.356664005070634,5.828972325508133,1.0,797.0,798.0,0.9335932922267178,0.0944573354101762,0.2390038487380788,0.3672620020385821,0.1457316018265593,75.28249632191047,63.258064516129046,0.935483870967742,22.0,223.0,61.28125,76.39749438585993,6.176482440470792,0.0,1017.0,1017.0,0.5931810907151008,0.0641762070726457,0.1806793404893645,0.245710166513545,0.0892820430171342,65.26720259288075,0.0962247278246759,0.1613185292103307,75.82258064516128,182.0,73.46875,-73.0,67.85691949563802,87.79032258064518,0.8064516129032258,26.0,209.0,85.0625,71.48860813968894,5.705661487961191,1.0,709.0,710.0,0.803921568627451,0.124041040957991,0.3607843137254902,0.5929411764705884,0.1797634697936042,87.94509803921568,11.967741935483874,0.967741935483871,16.0,101.0,11.59375,21.115544296501096,5.226349349006283,0.0,425.0,425.0,0.4392156862745098,0.035838523644752,0.0901960784313725,0.1278431372549016,0.0604214519974042,15.231372549019603,0.95703076625387,0.1076989353803566,2.694736842105263,95,256,3343,9040
sciver_val_405,1,256,32,-93.6129032258065,128.0,-90.65625,-1479.0,355.3403834155886,64.99999999999999,0.4838709677419355,30.0,144.0,63.0,41.14987849313774,6.232362754827205,1.0,1477.0,1478.0,0.9358713396393856,0.0449939035156382,0.1420957388222981,0.1952202248189586,0.0854076218398452,66.45599549259771,158.6129032258065,0.8709677419354839,22.0,1541.0,153.65625,348.33888038221846,7.52150035364173,0.0,3678.0,3678.0,0.6117838181827921,0.0454021476462468,0.1281987815218668,0.1525667583705966,0.0587636651663795,166.98909904289593,0.0879446700727661,0.1569967150577966,45.30645161290321,1503.0,43.90625,-651.0,468.8723413264398,252.758064516129,0.3548387096774194,28.0,1508.0,244.875,339.8460818885514,7.632794747283665,1.0,3131.0,3132.0,0.8666666666666667,0.0798942892391706,0.1647058823529411,0.192156862745098,0.0869447897959589,250.14901960784317,207.45161290322577,0.6451612903225806,21.0,753.0,200.96875,292.80480746298804,7.440298538367406,0.0,2769.0,2769.0,0.5490196078431373,0.0748992699282674,0.2,0.2117647058823529,0.0762685411998507,207.39607843137256,0.7878337658592849,0.2666368889260169,1.5058823529411764,170,256,789,1189
sciver_val_407,1,256,32,-28.983870967741936,155.0,-28.03125,-344.0,158.1868919140821,88.91935483870968,0.6451612903225806,30.0,182.0,86.1875,64.69033810199171,6.081364597789254,1.0,836.0,837.0,0.9531575820781688,0.10588071513522,0.2648416300592064,0.3613104533287309,0.1416758044328569,88.51627785304399,117.90322580645162,0.8064516129032258,19.0,410.0,114.21875,147.50778250125484,6.557773432271345,0.0,1270.0,1270.0,0.5081428427789716,0.0933492697362002,0.2503087237912417,0.3073219658759525,0.1027792980305906,118.55357256497436,0.1402825346104533,0.2004865243879935,85.69354838709675,218.0,83.03125,-125.0,80.40696657278833,115.30645161290322,0.6451612903225806,30.0,235.0,111.71875,72.92600461040972,5.9218191135511855,1.0,708.0,709.0,0.9686274509803922,0.1637365680735571,0.4117647058823529,0.5619607843137253,0.1967778455532935,115.92549019607844,29.612903225806456,0.967741935483871,14.0,160.0,28.6875,44.14283456859109,5.745365933995436,0.0,726.0,726.0,0.4823529411764705,0.04725868308756,0.1411764705882353,0.1911764705882352,0.0726892695911316,34.30980392156862,0.913086457576858,0.1762969387165178,3.1604938271604937,81,256,1012,3188
sciver_val_408,1,256,32,-76.64516129032258,267.0,-74.21875,-461.0,220.98808429061847,117.93548387096774,0.2903225806451612,30.0,270.0,114.28125,87.08481296091472,6.428116520789914,1.0,1431.0,1432.0,0.9946622509569786,0.0823786498921236,0.1874852547678892,0.2922337634025865,0.136289611931325,117.88384799562888,194.5806451612903,0.7741935483870968,24.0,490.0,188.5,179.99895833031923,6.657602985649669,0.0,1748.0,1748.0,0.6794822804818682,0.1133481281528666,0.3411810267888967,0.427427935156926,0.1490999279866489,198.13252801121095,0.0811837845841745,0.1690059501737617,84.69354838709677,220.0,82.0625,-89.0,89.04806900629569,122.14516129032256,0.3548387096774194,30.0,222.0,118.34375,75.61771013418418,6.025326122093732,1.0,1134.0,1135.0,0.9294117647058824,0.1094857696164885,0.3164705882352943,0.6262745098039209,0.1944112313269919,124.15686274509804,37.45161290322581,0.935483870967742,22.0,135.0,36.28125,40.33472013585194,5.160614794175405,0.0,720.0,720.0,0.6941176470588235,0.0584368191721132,0.1725490196078432,0.4823529411764705,0.134288040306914,42.07450980392156,0.958665214132528,0.1257610619885649,1.1428571428571428,224,256,381,436
sciver_val_410,1,256,32,12.838709677419354,211.0,12.46875,-225.0,124.04509874814684,78.12903225806451,0.4516129032258064,29.0,216.0,75.71875,74.74967992197358,5.947146036150922,1.0,825.0,826.0,0.9362566482426248,0.0950601560373617,0.2405450609225403,0.3630550631080847,0.1391380445909498,78.42462873082344,65.29032258064515,0.7741935483870968,21.0,267.0,63.25,87.1155841396934,5.985628473029593,0.0,950.0,950.0,0.5617245651982957,0.0700624753867775,0.2215745816442088,0.2959130019394609,0.1017399457635883,66.55935161743864,0.0721699931026762,0.1619339921281114,68.08064516129033,221.0,65.96875,-49.0,88.15947353198918,84.11290322580645,0.5806451612903225,25.0,221.0,81.5,82.02591054051153,5.771549585370202,1.0,689.0,690.0,0.7568627450980392,0.1240786590398133,0.3654901960784316,0.5082352941176471,0.1650244936356642,85.49019607843137,16.03225806451613,0.935483870967742,12.0,91.0,15.53125,29.271343041232324,4.985880318025824,0.0,368.0,368.0,0.388235294117647,0.0501705029838022,0.1843137254901961,0.2182352941176469,0.0768696563421131,18.462745098039218,0.9676220652734778,0.1033668218813744,1.4970760233918128,171,256,1096,1644
sciver_val_412,1,256,32,5.548387096774192,135.0,5.40625,-193.0,86.46959703235294,51.38709677419354,0.6451612903225806,30.0,160.0,49.8125,53.47630170224938,5.7110072456099985,1.0,816.0,817.0,0.8757844285972674,0.0642480658261673,0.1748397900379533,0.2740152148846513,0.1138627397630692,52.42642171415253,45.83870967741936,0.8387096774193548,21.0,211.0,44.40625,66.77708222839254,6.0063905999904215,0.0,938.0,938.0,0.6775808592901367,0.0503710132409532,0.1598688794765038,0.209553577625039,0.075160203397026,47.248010420014154,0.0407878459890467,0.1021232988718989,56.177419354838705,166.0,54.46875,-50.0,64.21496339201245,74.91935483870968,0.6774193548387096,28.0,181.0,72.625,63.28346446742624,5.601780982806062,1.0,642.0,643.0,0.9411764705882352,0.1174760246777838,0.3682352941176469,0.5717647058823518,0.1794534605367364,75.41960784313724,18.741935483870968,0.967741935483871,20.0,80.0,18.15625,24.574007323542084,5.06886069523573,0.0,408.0,408.0,0.4549019607843136,0.0520857362552864,0.1670588235294119,0.2674509803921561,0.0885135059801798,21.25098039215686,0.9737447677934812,0.0925675350008683,1.6623376623376624,154,256,997,1661
sciver_val_414,1,256,32,16.74193548387097,76.0,16.25,-68.0,32.255813429519954,38.129032258064505,0.7096774193548387,28.0,93.0,36.96875,21.4730708897796,4.979734441967725,1.0,679.0,680.0,0.9790524097364884,0.0533430104652817,0.1516655952369873,0.2875376816673118,0.1378292950418765,36.2199041059263,21.38709677419355,0.9032258064516128,19.0,97.0,20.71875,28.696944932126485,5.4826974556581245,0.0,728.0,728.0,0.5890645940004237,0.0337155226900509,0.0939554955559551,0.2037143079300191,0.0684264534974711,24.5449005183571,0.0396322968477383,0.1029543664921713,42.93548387096775,123.0,41.71875,1.0,33.57662354134942,43.032258064516135,0.8709677419354839,24.0,123.0,41.8125,33.643756385843716,5.090764151446702,1.0,521.0,522.0,0.996078431372549,0.0847465281698091,0.2431372549019608,0.403921568627451,0.1769840946707099,44.152941176470584,0.096774193548387,0.8064516129032258,4.0,2.0,0.09375,0.3840064289826408,4.254362270654117,0.0,92.0,92.0,0.0392156862745098,0.0083546462063085,0.0156862745098039,0.0196078431372549,0.0071101993050274,0.7686274509803911,0.984100860396242,0.0611092726588016,2.6666666666666665,96,256,1800,4800
sciver_val_415,1,256,32,-89.74193548387098,332.0,-86.90625,-645.0,301.85389257211426,116.3225806451613,0.5161290322580645,30.0,389.0,112.71875,110.97838595166851,6.5897563464978415,1.0,1597.0,1598.0,0.932601864499544,0.073114358971054,0.2000853985688928,0.2863547896431495,0.1057846555161038,116.76363127677328,206.06451612903223,0.7741935483870968,23.0,688.0,199.625,251.2768331442435,6.961731860528138,0.0,2000.0,2000.0,0.6458033343417436,0.1044271591020271,0.2900678465946097,0.352762187585581,0.1186916629719185,208.8543182040544,0.1420645709161483,0.2047620606404182,82.04838709677416,301.0,79.625,-230.0,138.68303564243178,160.11290322580646,0.4838709677419355,31.0,331.0,155.25,103.7249969872258,6.668126564074016,1.0,1503.0,1504.0,0.9372549019607844,0.1074817684891654,0.2745098039215686,0.3917647058823523,0.1373488736556234,161.54509803921567,78.06451612903226,0.935483870967742,21.0,262.0,75.625,90.8916765991254,6.186304176669695,0.0,1329.0,1329.0,0.4941176470588235,0.065846353590345,0.2392156862745098,0.3592156862745095,0.1107603282134506,87.50980392156862,0.9093020379448076,0.183658234740428,1.8962962962962964,135,256,2271,4314
sciver_val_416,1,256,32,-10.709677419354843,154.0,-10.34375,-455.0,121.82405585900308,44.96774193548387,0.8709677419354839,23.0,246.0,43.59375,61.89348682161557,6.586926262941892,1.0,1447.0,1448.0,0.9291717981824033,0.0273406347550883,0.0592113244332097,0.0809628448244992,0.0480289700547203,39.56189849061285,55.677419354838726,0.9032258064516128,14.0,508.0,53.9375,134.87446420190147,6.748238992890885,0.0,1745.0,1745.0,0.8655714175547584,0.0342821974248138,0.0934416247106043,0.1149898224511039,0.049171338425066,59.82243450630024,0.0387065995433344,0.1224468226552575,-50.87096774193547,184.0,-55.59375,-405.0,120.45353340993157,36.32258064516129,0.4516129032258064,29.0,201.0,35.28125,44.46784960437709,6.052751384566403,1.0,816.0,817.0,0.5333333333333333,0.0455305651672433,0.1215686274509803,0.1656862745098039,0.0601447284774595,37.15294117647059,87.19354838709678,0.0,29.0,410.0,90.875,107.18872083852852,6.426667952001877,0.0,1901.0,1901.0,1.0,0.0438695836040886,0.188235294117647,0.2549019607843137,0.0892800614323715,83.39607843137256,0.1927434081271397,0.3066219502340635,0.984375,256,252,1435,1411
sciver_val_417,1,256,32,-16.0,166.0,-15.46875,-184.0,98.00764778035182,41.09677419354838,0.4193548387096774,25.0,170.0,39.84375,50.721118244154475,5.379754959581009,1.0,499.0,500.0,0.7721945635349157,0.0812561485058061,0.1971844898755525,0.3239897233811621,0.1206532872800083,40.54681810439729,57.09677419354838,0.7741935483870968,20.0,195.0,55.3125,70.22438923728707,5.6556759438483475,0.0,601.0,601.0,0.5061731619789066,0.096246006238059,0.2894803688371878,0.3658339514180608,0.1204391081883509,57.8438497490735,0.0580188386641949,0.1577811674783855,30.532258064516128,155.0,29.59375,-39.0,56.74992256327316,55.11290322580644,0.4193548387096774,28.0,155.0,53.40625,46.2215178346352,5.250431540760914,1.0,481.0,482.0,0.9647058823529412,0.1154702213525742,0.3607843137254902,0.6117647058823529,0.1886083287194594,55.541176470588226,24.580645161290327,0.935483870967742,18.0,61.0,23.8125,26.147941482074646,4.585290971838024,0.0,298.0,298.0,0.5372549019607843,0.0903013554415054,0.4207843137254902,0.4829411764705881,0.1567620062815084,26.909803921568628,0.8923694422944617,0.2361373092178416,1.4970760233918128,171,256,1107,1661
sciver_val_418,1,256,32,2.451612903225808,102.0,2.40625,-156.0,82.16403538615603,59.064516129032256,0.6129032258064516,30.0,154.0,57.25,41.12253032098098,5.741629129798115,1.0,1199.0,1200.0,0.985796498469642,0.0494581455398151,0.1497834855957709,0.2528092684395233,0.1133166429310042,59.300316502238346,56.61290322580645,0.7741935483870968,21.0,193.0,54.84375,68.54337558026668,6.047071715381738,0.0,1468.0,1468.0,0.5572355688756161,0.0408026489423547,0.1502401238077904,0.2474852998840232,0.0814075300830683,59.8982886473767,0.0786260649992475,0.1579740894364845,62.33870967741936,184.0,60.40625,-49.0,67.08430301447203,83.7258064516129,0.5806451612903225,30.0,184.0,81.125,54.34481921029823,5.560612115164734,1.0,710.0,711.0,0.9803921568627452,0.1184313725490196,0.4003921568627452,0.595882352941175,0.1968220970698136,84.08627450980393,21.38709677419355,0.935483870967742,20.0,92.0,20.71875,31.749246423143653,5.180179709340387,0.0,521.0,521.0,0.3568627450980391,0.0445222234767227,0.1686274509803922,0.2627450980392156,0.079638265563339,23.196078431372545,0.9135889302367288,0.1675112720638096,1.5609756097560976,164,256,851,1329
sciver_val_421,1,256,32,11.51612903225806,217.0,11.1875,-221.0,125.73072354738916,86.70967741935482,0.4193548387096774,29.0,228.0,84.03125,75.4157163556609,5.909111689696873,1.0,793.0,794.0,0.7831846917154789,0.1095867545847582,0.2780555542212164,0.3315608575207893,0.1479350103797828,86.90229638571333,75.19354838709677,0.7419354838709677,22.0,255.0,72.84375,88.8330982007129,5.86456672102072,0.0,843.0,843.0,0.6328680136851004,0.0901037065208204,0.2945341561020016,0.3551018004234451,0.1268909354783777,75.9574245970516,0.0651403470557831,0.1662545970091204,59.403225806451616,174.0,57.5625,-8.0,58.427271832167555,81.01612903225808,0.4516129032258064,27.0,175.0,78.5,60.69802303205599,5.559258896237763,1.0,653.0,654.0,0.8666666666666667,0.1261387862955289,0.410980392156863,0.6243137254901958,0.1914144976297381,82.3686274509804,21.612903225806456,0.8709677419354839,17.0,60.0,20.9375,24.21639101414577,4.645955829601861,0.0,329.0,329.0,0.5333333333333333,0.0724477024852494,0.2964705882352939,0.403921568627451,0.1315957694856419,23.835294117647056,0.9720261332625836,0.1035575256101382,1.3195876288659794,194,256,435,574
sciver_val_422,1,256,32,4.3387096774193505,61.0,4.25,-53.0,36.013886210738214,27.53225806451613,0.3870967741935484,28.0,64.0,26.71875,17.888953251587974,4.836244464298047,1.0,469.0,470.0,0.7811809118967687,0.058471448162872,0.2611348101585324,0.3244066583921227,0.1183943811985862,27.42310918838698,23.193548387096776,0.8387096774193548,22.0,59.0,22.46875,23.628616621323815,4.901428057112474,0.0,459.0,459.0,0.6969836698682779,0.0540249077543478,0.1800624857825051,0.2841514663984544,0.1086385234535788,24.797432659245676,0.0956767970995764,0.2187099042167203,-17.725806451612904,15.0,-17.21875,-56.0,15.71968188092558,7.064516129032258,0.0,10.0,85.0,8.1875,15.703179415328604,3.4233958264943944,1.0,97.0,98.0,0.5333333333333333,0.0563573883161512,0.1725490196078431,0.1968627450980391,0.1078713520804643,5.466666666666667,24.790322580645167,0.0,29.0,89.0,25.40625,16.381886672099156,4.676091641671981,0.0,407.0,407.0,1.0,0.0608565785036373,0.1670588235294123,0.3517647058823528,0.1426212798936334,24.768627450980393,0.0620494890207544,0.1930079685986623,1.4970760233918128,171,256,554,830
sciver_val_423,1,256,32,-0.0645161290322584,21.0,-0.03125,-9.0,6.885148759286178,5.064516129032257,0.2258064516129032,10.0,22.0,4.9375,4.322452284294183,3.014543267550672,1.0,80.0,81.0,0.8653417514905102,0.0544709822745378,0.0878017819831398,0.2404657177639288,0.1384624323129194,4.357678581963028,5.129032258064517,0.3225806451612903,8.0,12.0,4.96875,3.609747004638968,2.414652779338322,0.0,41.0,41.0,0.7815346612826114,0.1307608253196015,0.6946156443391001,0.716325121981253,0.247858178313586,5.361193838103662,0.0399681391714305,0.1616181010031467,-2.5806451612903225,1.0,-2.71875,-15.0,3.4208403116047377,1.290322580645161,0.6129032258064516,3.0,5.0,1.3125,1.0135796712641785,2.7645785654052832,1.0,21.0,22.0,0.0392156862745097,0.0138188608776844,0.0313725490196078,0.0392156862745097,0.0110003185621087,0.2901960784313725,3.870967741935483,0.0,10.0,18.0,4.03125,3.892977451450239,2.598525154887243,0.0,66.0,66.0,0.8627450980392157,0.0527629233511586,0.0549019607843137,0.084313725490196,0.1593448627271746,3.48235294117647,0.0790262306269813,0.205468419760405,1.532934131736527,167,256,487,748
sciver_val_425,1,256,32,5.09677419354837,116.0,4.96875,-459.0,112.07767517858989,65.83870967741936,0.8709677419354839,29.0,148.0,63.8125,44.17467989414298,5.729327136986921,1.0,843.0,844.0,0.8671963019148594,0.0779620765758307,0.2331957127443929,0.4120937702079624,0.1420922309738576,65.7220305534253,60.74193548387098,0.935483870967742,22.0,462.0,58.84375,91.8633868085512,6.27614274008086,0.0,986.0,986.0,0.5711873618939604,0.0645277943926847,0.1543963790817517,0.233442236817641,0.0846858071611285,63.62440527118714,0.1306971136093702,0.1852860014621695,36.564516129032256,187.0,35.4375,-78.0,54.18252572324402,40.983870967741936,0.935483870967742,16.0,188.0,39.71875,50.582379821806526,5.482562346719988,1.0,615.0,616.0,0.5098039215686274,0.0665008767734736,0.2274509803921568,0.3513725490196074,0.1096283012696466,40.89803921568627,4.419354838709681,0.967741935483871,8.0,128.0,4.28125,22.230657849859053,5.411167647998751,0.0,289.0,289.0,0.0627450980392156,0.0258769251645294,0.0470588235294118,0.0509803921568627,0.016972567314464,7.478431372549019,0.9559524472667856,0.0922349023666214,3.878787878787879,66,256,423,1645
sciver_val_427,1,256,32,15.258064516129034,210.0,14.8125,-158.0,115.74498841742566,74.9032258064516,0.2903225806451612,28.0,210.0,72.59375,70.75170465040047,5.701517761583805,1.0,769.0,770.0,0.9731594504188334,0.0974973840201166,0.3002460989827362,0.4264369828657225,0.1554802086523486,74.97548831146972,59.645161290322584,0.8064516129032258,22.0,171.0,57.78125,61.11451053913056,5.773896329720071,0.0,938.0,938.0,0.5469776731502224,0.065383213117652,0.2594373114924027,0.3282748460462837,0.1115753454804275,61.32945390435762,0.2753694537497759,0.2908685335599374,69.79032258064517,211.0,67.625,-19.0,80.01279194603823,77.43548387096774,0.5161290322580645,23.0,211.0,75.03125,79.26320251817674,5.597446465206753,1.0,713.0,714.0,0.6666666666666667,0.1090669086709017,0.39921568627451,0.4901960784313725,0.167881742480085,77.76470588235294,7.645161290322582,0.935483870967742,13.0,38.0,7.40625,13.195310187240768,5.331194812205668,0.0,520.0,520.0,0.192156862745098,0.0194645550527903,0.0666666666666666,0.1062745098039211,0.0346396099144079,10.121568627450973,0.8797499528657617,0.1774488612879435,4.923076923076923,52,256,339,1660
sciver_val_429,1,256,32,-10.290322580645164,77.0,-9.9375,-102.0,59.36114970037221,48.58064516129031,0.3870967741935484,29.0,97.0,47.09375,31.486464725934223,5.004171355839697,1.0,410.0,411.0,0.9259062523269824,0.1169666190792591,0.3706120523002879,0.6105185070779297,0.1965108862104892,47.95631382249623,58.87096774193549,0.6451612903225806,25.0,143.0,57.03125,50.596124095008506,5.474877486174876,0.0,474.0,474.0,0.638178397011943,0.1258406914114536,0.3413035277778263,0.4726630228757433,0.1524125361341886,59.648487729029,0.0893831218800828,0.1810015074950824,34.88709677419355,111.0,33.8125,0.0,40.75340284871927,38.822580645161295,0.6451612903225806,19.0,113.0,37.625,43.00926499023205,4.996582375042417,1.0,367.0,368.0,0.5607843137254902,0.1048244911043436,0.3780392156862746,0.4474509803921567,0.1518055735953263,38.47058823529411,3.935483870967743,0.967741935483871,11.0,30.0,3.8125,6.948189962141219,4.928056595602749,0.0,332.0,332.0,0.2627450980392156,0.0162650602409638,0.0352941176470588,0.0762745098039215,0.0314372767719251,5.399999999999997,0.9569223382950742,0.0878859695656378,3.1219512195121952,82,256,532,1661
sciver_val_430,1,256,32,-25.96774193548388,99.0,-25.125,-282.0,103.43075884377916,79.99999999999999,0.5161290322580645,31.0,181.0,77.53125,59.43956193847243,6.172046860033015,1.0,978.0,979.0,0.9691177718085744,0.0816362333188584,0.2286756088403015,0.3061415813869587,0.1169261994730438,79.84023618584358,105.96774193548389,0.8064516129032258,24.0,313.0,102.65625,109.83214732462211,6.327801987815263,0.0,1147.0,1147.0,0.6790845627330206,0.0941409040018712,0.2614135371935332,0.3455146866833323,0.1210759638011953,107.97961689014636,0.0677911060463833,0.1444536890596121,84.46774193548386,236.0,81.84375,0.0,86.00112985267984,90.1451612903226,0.8064516129032258,23.0,251.0,87.34375,90.96551866469788,6.0344873121495,1.0,844.0,845.0,0.6862745098039216,0.1066954743982901,0.3058823529411764,0.3607843137254902,0.1343972646188231,90.05098039215684,5.677419354838711,0.967741935483871,12.0,26.0,5.5,7.533259586659682,5.201888945558668,0.0,600.0,600.0,0.3333333333333333,0.0149084967320261,0.0235294117647058,0.0745098039215685,0.0378918371100945,8.94509803921568,0.9739138363678804,0.0822704595878418,1.5238095238095235,168,256,1898,2890
sciver_val_431,1,256,32,-30.48387096774194,126.0,-29.5,-219.0,104.94403270315088,56.93548387096774,0.2903225806451612,30.0,131.0,55.1875,36.20206960589408,5.780478131250489,1.0,841.0,842.0,0.991653684514324,0.0679625985765686,0.2003841553619907,0.3020889263335676,0.1196986814514974,57.15654540289425,87.41935483870968,0.8387096774193548,22.0,233.0,84.6875,84.63171594473316,6.073024175533348,0.0,990.0,990.0,0.6380444399627763,0.0894957714222204,0.2660144532862004,0.3530043643354976,0.1238235777936822,88.60081370799827,0.0802473810578681,0.1637076293502607,60.29032258064516,156.0,59.4375,-56.0,52.49460537760047,86.06451612903226,0.5161290322580645,29.0,180.0,84.40625,37.63381074163896,5.387541012197179,1.0,622.0,623.0,1.0,0.1397263728642582,0.5125490196078429,0.7801960784313723,0.244813273916512,86.90980392156862,25.7741935483871,0.935483870967742,23.0,86.0,24.96875,23.474034025652685,4.715102068672564,0.0,448.0,448.0,0.7137254901960784,0.0601278011204481,0.2011764705882353,0.3631372549019604,0.1388420445768254,26.937254901960785,0.9382977469834086,0.1568521221925069,1.641025641025641,156,256,1825,2988
sciver_val_432,1,256,32,13.548387096774198,103.0,13.15625,-89.0,59.51528657359805,45.74193548387096,0.5806451612903225,29.0,144.0,44.34375,41.05987196689123,5.2672779759854595,1.0,368.0,369.0,0.8254896217997648,0.1222055065474851,0.3227938222158404,0.4531380566503096,0.1548482693048777,44.97162640947453,32.193548387096776,0.8387096774193548,20.0,98.0,31.1875,33.959017119904985,5.23551704726012,0.0,429.0,429.0,0.4142056221716007,0.0778287547501275,0.2460472636811997,0.2943556058680757,0.1048769831653044,33.388535787804734,0.0729850273140881,0.168935265804679,37.596774193548384,131.0,36.4375,-13.0,43.295451190049974,40.7258064516129,0.7741935483870968,25.0,131.0,39.46875,41.59250561624654,4.984965343635089,1.0,348.0,349.0,0.6823529411764706,0.1178386297047554,0.4207843137254902,0.4927450980392155,0.1683105987342256,41.0078431372549,3.1290322580645165,0.9032258064516128,7.0,39.0,3.03125,8.705186582578227,4.594195087455294,0.0,157.0,157.0,0.1215686274509804,0.024178843511927,0.0588235294117647,0.0745098039215687,0.0252439213448049,3.796078431372548,0.9788584558823528,0.0720497319696562,3.4133333333333336,75,256,484,1660
sciver_val_434,1,256,32,-0.322580645161306,105.0,-0.28125,-275.0,83.24933722521459,43.19354838709677,0.5483870967741935,28.0,105.0,41.875,32.77742172593812,5.7897829881726945,1.0,866.0,867.0,0.871146998852221,0.0484927950174407,0.1264606779584877,0.2199684176660302,0.0875436537959659,41.994760485103654,43.51612903225808,0.967741935483871,13.0,284.0,42.15625,75.24173932025694,6.262719677814926,0.0,1316.0,1316.0,0.3756202404406525,0.0355222077562805,0.0990966096372818,0.167497082024621,0.0597689778572091,46.74722540726519,0.0649820940047311,0.1348727587161874,19.725806451612904,118.0,19.15625,-75.0,44.571648342163655,40.693548387096776,0.4838709677419355,29.0,119.0,39.46875,33.06053574032792,5.414789352233559,1.0,727.0,728.0,0.9215686274509804,0.0562774766027456,0.1372549019607843,0.2760784313725484,0.1226527700280712,40.91372549019608,20.967741935483872,0.8709677419354839,18.0,102.0,20.3125,30.337103417267773,5.244428290351186,0.0,597.0,597.0,0.4980392156862745,0.0367852333563241,0.0799999999999999,0.1882352941176444,0.0813346904025673,21.96078431372549,0.9018397511999592,0.1607201524005062,1.3333333333333333,192,256,1245,1660
sciver_val_436,1,256,32,-60.64516129032259,352.0,-58.71875,-566.0,198.4953139205999,75.25806451612904,0.8387096774193548,27.0,485.0,72.9375,114.89449984115863,7.136282559805766,1.0,2362.0,2363.0,0.4580467504763608,0.0329143564331208,0.0792149705219365,0.1240899467959334,0.0454499869351079,77.74370989503133,135.90322580645164,0.9032258064516128,25.0,594.0,131.65625,152.5290155542135,6.704971559298652,0.0,2512.0,2512.0,0.6410938377119586,0.056882711980574,0.1378504430476377,0.344997864862179,0.1084355881232556,142.88937249520194,0.0669206210597583,0.118684846261946,-103.0967741935484,121.0,-97.96875,-637.0,146.39639774747704,20.27419354838709,0.0,7.0,366.0,25.375,73.6574631317153,5.3648506620617225,1.0,376.0,377.0,0.3725490196078431,0.0456403838130997,0.1058823529411764,0.1137254901960784,0.0473943367849539,17.16078431372549,123.37096774193547,0.1290322580645161,30.0,643.0,123.34375,136.17213586463825,6.878544784483612,0.0,2230.0,2230.0,0.9372549019607844,0.0538538644157214,0.1529411764705882,0.2549019607843137,0.087893599073619,120.09411764705882,0.0336387645141855,0.089367721753894,1.4301675977653632,179,256,1046,1495
sciver_val_437,1,256,32,15.80645161290318,276.0,15.34375,-916.0,288.6097721594636,158.51612903225805,0.8064516129032258,30.0,360.0,153.59375,117.99784409444732,6.767636404277917,1.0,2193.0,2194.0,0.9794034376301002,0.0717774495892018,0.1831775248962497,0.3181010402619194,0.1277133386072114,157.40794694911972,142.7096774193549,0.967741935483871,21.0,935.0,138.25,269.0854882746374,7.488816304688397,0.0,3703.0,3703.0,0.4918271416660891,0.0401026663996055,0.1136162493058875,0.1564946855091487,0.0568097431376252,148.50017367773918,0.1185929370816098,0.1590972292987406,150.51612903225808,333.0,146.0,-170.0,117.37626463642468,193.99999999999997,0.8064516129032258,30.0,402.0,188.125,122.53998072057952,6.768949489464708,1.0,2089.0,2090.0,1.0,0.0932165685805198,0.2666666666666667,0.3827450980392153,0.1530019272265052,194.72941176470587,43.48387096774194,0.967741935483871,24.0,245.0,42.125,58.700910342174424,6.76334171868114,0.0,1741.0,1741.0,0.5490196078431373,0.0287484091856156,0.0666666666666666,0.1058823529411765,0.0461554900663745,50.050980392156866,0.8731467172045809,0.1881508264472053,0.8828125,256,226,1689,1494
sciver_val_439,1,256,32,-15.193548387096774,128.0,-14.6875,-115.0,61.97299689179151,31.483870967741936,0.4516129032258064,27.0,142.0,30.53125,30.86258290288582,5.521392036159134,1.0,470.0,471.0,0.7363600520392022,0.0661965840451691,0.1583004788390437,0.2115062350395921,0.0901413725414395,31.11239450122952,46.67741935483872,0.8064516129032258,20.0,128.0,45.21875,48.64137537567683,5.357658138027518,0.0,479.0,479.0,0.6084796786508655,0.0989732053115321,0.3169033224158218,0.3918196051385244,0.1318890742877944,47.4081653442239,0.0331849492185433,0.1132940798599362,18.951612903225808,131.0,18.375,-45.0,30.49462042721634,29.306451612903224,0.5806451612903225,25.0,137.0,28.40625,27.32427878165314,4.989057383198178,1.0,413.0,414.0,0.8156862745098039,0.0668565731377296,0.1796078431372549,0.3239215686274506,0.125546121676983,27.61176470588235,10.354838709677422,0.9032258064516128,15.0,68.0,10.03125,15.482821882250663,4.581182886951575,0.0,453.0,453.0,0.4980392156862745,0.0264814093407782,0.0541176470588236,0.1678431372549018,0.0749792841966883,11.996078431372544,0.8654026217228464,0.1867555129396001,1.4382022471910112,178,256,266,382
sciver_val_442,1,256,32,-3.8387096774193745,155.0,-3.6875,-307.0,112.96084429460502,67.54838709677419,0.5483870967741935,30.0,192.0,65.46875,61.38606538488601,6.026953282715615,1.0,954.0,955.0,0.7197839617586109,0.0715395713098065,0.218487788180181,0.3189708354651465,0.1105229657922404,68.24875102955548,71.38709677419357,0.967741935483871,22.0,310.0,69.15625,87.93005365594576,6.39202630653907,0.0,1077.0,1077.0,0.6016131598204181,0.0696691880377095,0.1757370774119619,0.2352818284999189,0.0846489035572455,75.03371551661317,0.1469830507167091,0.1819418292348751,62.30645161290323,233.0,60.375,-50.0,85.33747345099924,69.69354838709678,0.6774193548387096,21.0,235.0,67.53125,83.8201140743527,5.8574493468741915,1.0,726.0,727.0,0.5490196078431373,0.0955598768432993,0.3,0.3637254901960784,0.1234681187935898,69.37647058823529,7.387096774193552,0.967741935483871,10.0,87.0,7.15625,19.49055760971194,5.586182793647018,0.0,445.0,445.0,0.2666666666666667,0.0243577880590438,0.0588235294117647,0.0823529411764706,0.0296230313851878,10.83921568627451,0.932057060838034,0.1176466342947181,3.506849315068493,73,256,452,1577
sciver_val_444,1,256,32,12.161290322580651,233.0,11.8125,-332.0,176.19013832717766,118.74193548387096,0.5806451612903225,30.0,300.0,115.0625,97.68538065519324,6.299240494552437,1.0,1121.0,1122.0,0.9266907257856136,0.1059819169266593,0.3085147471641414,0.4442695416953209,0.137079171710317,118.80572887478512,106.58064516129032,0.9032258064516128,22.0,342.0,103.25,118.50632894491332,6.386238641194665,0.0,1392.0,1392.0,0.4413037375135037,0.0792312048977305,0.2706102371676759,0.3041865464149547,0.1073205348433546,110.28983721764084,0.06519105314393,0.148116299085314,89.88709677419355,224.0,87.125,-118.0,91.90475708580053,107.37096774193547,0.5806451612903225,29.0,225.0,104.0625,75.71902729004117,5.85414023517024,1.0,905.0,906.0,0.984313725490196,0.1224266060015166,0.4729411764705883,0.512941176470588,0.1900803608933591,110.79607843137254,17.483870967741936,0.9032258064516128,15.0,149.0,16.9375,32.11788588543773,5.303848961712428,0.0,625.0,625.0,0.4745098039215686,0.0314854901960784,0.0964705882352942,0.1450980392156863,0.0692330890259184,19.678431372549017,0.961450833588644,0.1216911817834253,1.3333333333333333,192,256,1246,1661
sciver_val_447,1,256,32,-47.12903225806453,144.0,-45.625,-393.0,165.6249056603505,89.61290322580645,0.7096774193548387,31.0,205.0,86.84375,54.13646493757697,6.2050551274356645,1.0,1288.0,1289.0,0.9102843094153868,0.0685890725949165,0.1537932205428352,0.2763336541316584,0.1256076572383976,88.34272550225248,136.74193548387098,0.8387096774193548,25.0,421.0,132.46875,137.1880516788452,6.384206715077474,0.0,1506.0,1506.0,0.7477820879309292,0.0935285887590251,0.2823226766345346,0.4098360643640509,0.1408756602444164,140.8540546710919,0.1158591326346787,0.1977877661521409,29.77419354838709,184.0,30.8125,-51.0,54.62911168735952,60.951612903225794,0.6451612903225806,28.0,196.0,61.09375,34.97173803140902,5.506433182849928,1.0,998.0,999.0,1.0,0.0636645840701009,0.1239215686274515,0.3372549019607843,0.1651201561300916,63.53725490196078,31.17741935483871,0.967741935483871,23.0,85.0,30.28125,31.20420081395292,5.565789918294364,0.0,1020.0,1020.0,0.9058823529411764,0.0353748558246828,0.0705882352941176,0.2392156862745098,0.0920086472977243,36.08235294117646,0.9086824148817136,0.200006309616651,1.391304347826087,184,256,596,831
sciver_val_449,1,256,32,-61.0967741935484,173.0,-59.15625,-267.0,140.65585425405337,69.54838709677422,0.3548387096774194,30.0,214.0,67.40625,51.21270556158403,5.765309265690373,1.0,654.0,655.0,0.9874049767522872,0.1061486232122179,0.2257505669188939,0.4184242704478634,0.1548683349575915,69.42119958079053,130.6451612903226,0.7096774193548387,26.0,307.0,126.5625,117.14759320511028,5.911369860428943,0.0,639.0,639.0,0.7490098251226325,0.2052719292235784,0.5136057025849127,0.5712754146990471,0.2032684864081743,131.1687627738666,0.0447913691962021,0.1403689349205357,36.258064516129025,226.0,35.5625,-123.0,69.86949329821994,70.67741935483869,0.1612903225806451,25.0,226.0,68.90625,50.12506818885636,5.239368886178845,1.0,562.0,563.0,1.0,0.1242411555369478,0.5137254901960784,0.7017647058823527,0.2267320843625186,69.82352941176471,34.419354838709666,0.8064516129032258,23.0,159.0,33.34375,35.177771190589944,5.023033271998296,0.0,585.0,585.0,0.7960784313725491,0.0614043908161555,0.0666666666666666,0.5984313725490193,0.1518949942346044,35.921568627450974,0.8114429546328337,0.1581033700412295,1.003921568627451,255,256,348,350
sciver_val_450,1,256,32,-28.2903225806452,365.0,-27.375,-879.0,288.9174568540295,150.67741935483875,0.5483870967741935,28.0,413.0,146.0,133.94121845048298,6.977455388311913,1.0,2465.0,2466.0,0.8709314004350391,0.0616428398614605,0.1808234811659663,0.2589451948569237,0.0944378644786398,151.94960025850023,178.9677419354839,0.967741935483871,21.0,884.0,173.375,250.061711133472,7.357839248939043,0.0,3076.0,3076.0,0.5275498671833558,0.0603883451202496,0.1671016004369147,0.2417488639822363,0.0797731836911855,185.7545495898881,0.1191129832112692,0.1556603876834043,111.53225806451611,413.0,108.0625,-98.0,149.99332016376596,134.72580645161293,0.7096774193548387,20.0,436.0,130.53125,159.27707469512836,6.843968526683897,1.0,1984.0,1985.0,0.607843137254902,0.0685128083491461,0.2078431372549019,0.2817647058823526,0.0956789861151508,135.9294117647059,23.19354838709678,0.967741935483871,14.0,242.0,22.46875,47.505252587871794,6.542976314362783,0.0,1204.0,1204.0,0.2901960784313725,0.029157709595466,0.0627450980392156,0.1058823529411765,0.0372193904931619,35.10588235294118,0.9516108063595808,0.0927860527971517,0.73828125,256,189,2253,1661
sciver_val_455,1,256,32,-21.709677419354833,412.0,-21.0,-388.0,232.3469926639895,99.67741935483872,0.3870967741935484,28.0,417.0,96.59375,130.10305035216314,6.279246949568957,1.0,963.0,964.0,0.9564557803664208,0.1029851645921429,0.2574873853891007,0.3284253450706624,0.1233843418430718,99.1747135022336,121.38709677419357,0.7741935483870968,23.0,399.0,117.59375,143.78539985317528,6.457250869346513,0.0,1145.0,1145.0,0.8014333482697775,0.1071542211157841,0.2876513192576875,0.3386430060024166,0.1166871636160868,122.6915831775728,0.0817707707345083,0.17974367482598,85.56451612903226,444.0,82.90625,-210.0,144.44210764502677,104.66129032258064,0.5806451612903225,24.0,444.0,101.40625,128.69267155101528,6.110301527619365,1.0,815.0,816.0,0.7803921568627451,0.1297149043666546,0.3411764705882353,0.4196078431372548,0.1454838395174268,105.71764705882352,19.096774193548395,0.967741935483871,13.0,229.0,18.5,46.94611272512347,5.848131905739812,0.0,544.0,544.0,0.3254901960784313,0.0427047289504037,0.0929411764705882,0.1170588235294118,0.0445428003290873,23.23137254901961,0.9526964203650212,0.1217587346874659,1.1428571428571428,224,256,1623,1854
sciver_val_456,1,256,32,-52.41935483870968,166.0,-50.75,-470.0,185.5171824926198,95.03225806451611,0.6774193548387096,30.0,240.0,92.09375,84.81721500342664,6.396013405662835,1.0,1232.0,1233.0,0.9851434474314869,0.0770921853787787,0.1950127886616641,0.3019788949567759,0.1066194526277929,94.9775723866554,147.4516129032258,0.8387096774193548,21.0,494.0,142.84375,166.34848762744284,6.504780864172128,0.0,1528.0,1528.0,0.6712794700018503,0.0983661909385101,0.2811424592667183,0.3849265121056776,0.1326501554543885,150.30353975404353,0.0851063398321173,0.1623467093826729,127.69354838709678,279.0,123.78125,-6.0,98.06972467809574,147.33870967741936,0.6129032258064516,30.0,296.0,142.8125,98.69917600339934,6.16443682914413,1.0,1056.0,1057.0,1.0,0.1423165478312537,0.4156862745098039,0.6303921568627451,0.1955445699114529,150.28627450980392,19.645161290322584,0.967741935483871,23.0,72.0,19.03125,22.034751494797938,5.321741245442588,0.0,724.0,724.0,0.5137254901960784,0.0331654208644783,0.0980392156862745,0.1954901960784314,0.0757629809627233,24.011764705882342,0.9513724056874212,0.1379103799409946,0.66796875,256,171,3018,2014
sciver_val_457,1,256,32,6.225806451612904,93.0,6.0625,-198.0,64.40154185848348,57.483870967741936,0.5161290322580645,30.0,129.0,55.71875,40.174801162389095,5.726895467575217,1.0,787.0,788.0,0.9814327785668024,0.071447379707748,0.1775549900083222,0.279073959664663,0.1272339985368397,56.229087829997745,51.25806451612904,0.967741935483871,24.0,201.0,49.65625,53.73639907862733,5.936674564455935,0.0,918.0,918.0,0.62290036240033,0.0584285585448492,0.1895295427963174,0.2723299962846537,0.0913347221379992,53.63741674417158,0.1000215199128941,0.1715697887234163,63.467741935483865,164.0,61.5,0.0,55.3821947921893,67.33870967741936,0.6129032258064516,25.0,164.0,65.25,56.09144319769282,5.617890296188596,1.0,674.0,675.0,0.7568627450980392,0.1009891196834816,0.3254901960784314,0.4327450980392158,0.1523939903406382,68.06666666666666,3.870967741935485,0.967741935483871,10.0,42.0,3.75,8.131727983645296,4.915372665120691,0.0,265.0,265.0,0.2274509803921568,0.0234110247872734,0.0517647058823529,0.0823529411764706,0.0342652337371254,6.20392156862745,0.9570582591589268,0.108276062643842,3.3684210526315788,76,256,493,1660
sciver_val_460,1,256,32,-47.72580645161291,405.0,-46.1875,-570.0,290.5497415998679,128.98387096774195,0.5483870967741935,30.0,484.0,125.0,153.62088074216993,6.641369444082952,1.0,1477.0,1478.0,0.9480212552374198,0.0866584128079647,0.2189837330560411,0.2884115753783794,0.113804513364788,127.99447571736398,176.70967741935485,0.8387096774193548,21.0,624.0,171.1875,226.954075406788,6.901057221709133,0.0,2095.0,2095.0,0.6393389311633253,0.0862997854999861,0.25903954967447,0.3162213349599548,0.1085145039266176,180.79805062247087,0.1139115492357877,0.1678098855003903,144.19354838709677,486.0,139.8125,-164.0,170.21520156481324,180.8709677419355,0.5161290322580645,31.0,488.0,175.34375,150.4118532095709,6.386051484455893,1.0,1284.0,1285.0,1.0,0.1421843503756643,0.4733333333333334,0.5752941176470581,0.1946141398619735,182.56470588235297,36.67741935483871,0.967741935483871,17.0,197.0,35.53125,55.61305173641795,5.771131326747348,0.0,983.0,983.0,0.5019607843137255,0.0445135938403845,0.1333333333333333,0.2937254901960783,0.0854908362613883,43.75686274509803,0.9306352259446824,0.1524610759009396,1.695364238410596,151,256,304,514
sciver_val_462,1,256,32,-5.516129032258062,192.0,-5.3125,-209.0,131.11241300407067,72.32258064516127,0.3225806451612903,28.0,195.0,70.09375,69.72013669620492,5.915663712805638,1.0,1052.0,1053.0,0.8782294199646778,0.0684682629799385,0.2164642808160362,0.330071219807323,0.1194047339511747,72.02861265489534,77.83870967741935,0.7096774193548387,24.0,217.0,75.40625,82.1484401004517,5.981486958864017,0.0,1161.0,1161.0,0.6662504266188578,0.0692537235967944,0.2561323102545988,0.3380917267904937,0.1167613483380048,80.4035730958784,0.1679096228251119,0.2386312518332494,-46.40322580645162,212.0,-44.9375,-600.0,186.73241843276705,79.0483870967742,0.6129032258064516,21.0,239.0,76.59375,81.46964901690383,6.030203528730331,1.0,1089.0,1090.0,0.6431372549019607,0.0732782369146005,0.2470588235294117,0.3803921568627451,0.1222772279857365,79.8,125.4516129032258,0.8387096774193548,17.0,704.0,121.53125,213.3307268619256,7.298849903267473,0.0,2071.0,2071.0,0.2745098039215686,0.0628681796233703,0.1490196078431372,0.176470588235294,0.0522790018879252,130.2,0.8669176798194526,0.1671245776980365,2.5346534653465347,101,256,723,1841
sciver_val_465,1,256,32,-22.322580645161324,176.0,-21.59375,-815.0,186.7764136901057,89.35483870967741,0.9032258064516128,30.0,262.0,86.59375,65.06672506694571,6.5180687186683075,1.0,2655.0,2656.0,0.9758893043295646,0.0334412897266333,0.0796732652616036,0.1547425802688866,0.0853042379698733,88.78662422421158,111.67741935483876,0.967741935483871,21.0,820.0,108.1875,166.78456116724354,7.038063823560124,0.0,2952.0,2952.0,0.5293323126941537,0.0405808487008693,0.1046937338999248,0.1996435636685071,0.0715576508984048,119.79466536496642,0.066482767046407,0.1293307367359352,-10.43548387096775,295.0,-9.78125,-882.0,290.2389892802783,142.01612903225805,0.5806451612903225,31.0,369.0,137.90625,80.34821068908442,6.430904288606239,1.0,2020.0,2021.0,1.0,0.0708250825082508,0.1807843137254907,0.3098039215686274,0.1543707271629408,143.06666666666663,152.45161290322585,0.7096774193548387,21.0,991.0,147.6875,268.28464798372266,7.035606863558453,0.0,1946.0,1946.0,0.7372549019607844,0.0819579630413316,0.1568627450980392,0.1754901960784313,0.0995610581747346,159.49019607843138,0.9180755909355268,0.1629265998003286,0.921875,256,236,719,664
sciver_val_466,1,256,32,-56.322580645161295,157.0,-54.53125,-481.0,176.42969286216393,81.22580645161288,0.4516129032258064,29.0,188.0,78.71875,65.3888533959535,6.163906551334275,1.0,1106.0,1107.0,0.9077479930380328,0.0722992715928094,0.1766100210299718,0.2853568012065986,0.1183781506054366,79.96299438164726,137.5483870967742,0.935483870967742,23.0,485.0,133.25,154.3101584472001,6.713173779067299,0.0,1410.0,1410.0,0.5781971084243838,0.100668898825081,0.2558097668105172,0.342129485868349,0.1084926360297844,141.94314734336425,0.1487479672446587,0.1910589958870657,35.62903225806452,223.0,34.53125,-103.0,68.27425593470426,43.30645161290323,0.8387096774193548,16.0,224.0,41.96875,66.24268090466674,5.90240571134491,1.0,822.0,823.0,0.4588235294117647,0.0543294690138829,0.1450980392156863,0.254705882352941,0.0811349406850939,44.65882352941176,7.677419354838715,0.967741935483871,6.0,151.0,7.4375,27.760062927702453,5.884387639292818,0.0,632.0,632.0,0.1607843137254903,0.0211901216182675,0.0509803921568627,0.0705882352941176,0.0259162666669562,13.392156862745097,0.9684503749416434,0.0637527389305269,3.047619047619047,84,256,542,1660
sciver_val_468,1,256,32,-148.4516129032258,248.0,-143.78125,-891.0,336.6842673758866,96.16129032258064,0.6129032258064516,31.0,366.0,93.1875,86.13631547582007,6.345965133011614,1.0,1332.0,1333.0,0.7626246871108686,0.0718986993213297,0.2107696365058153,0.3466455329697192,0.1101835596999138,95.7690674960112,244.61290322580643,0.7419354838709677,21.0,1000.0,236.96875,342.4316067091902,7.0678029331896,0.0,2326.0,2326.0,0.6439810921556887,0.1064944634709997,0.3153736578840069,0.3539557317499515,0.1238325569671714,247.7061220335454,0.1356820063929795,0.2089707734187929,-4.693548387096778,363.0,-4.0625,-918.0,251.55639744150812,123.08064516129032,0.1935483870967742,29.0,364.0,119.71875,95.38908296255656,6.1861067667514895,1.0,1217.0,1218.0,0.992156862745098,0.1010939790871155,0.3529411764705882,0.4470588235294118,0.1572040827379106,123.0313725490196,127.7741935483871,0.6774193548387096,24.0,967.0,123.78125,215.89345381098863,6.922761196715114,0.0,2313.0,2313.0,0.6352941176470588,0.0547815840560175,0.0698039215686281,0.3725490196078431,0.0963705925939086,126.7098039215686,0.7888109569285032,0.2659187732061476,1.5609756097560976,164,256,319,499
sciver_val_469,1,256,32,-0.741935483870992,228.0,-0.6875,-427.0,138.27134498423743,86.32258064516128,0.4193548387096774,30.0,228.0,83.65625,64.17048064287425,6.354723404015214,1.0,1185.0,1186.0,0.994283343080824,0.0717387415490774,0.1941544675231821,0.2861009072675394,0.101816056997985,85.01040873565677,87.06451612903228,0.967741935483871,18.0,432.0,84.34375,117.13656809868344,6.69306846248576,0.0,1663.0,1663.0,0.5038730019820133,0.0541807538117731,0.1287030587692165,0.2425974899097229,0.0798294204664533,90.10259358897882,0.1353330158950612,0.1849622987811482,78.95161290322581,218.0,76.5,0.0,81.05553651663777,90.85483870967742,0.935483870967742,20.0,269.0,88.03125,95.11390683510746,6.329720930612119,1.0,1171.0,1172.0,0.607843137254902,0.0771252993084509,0.192156862745098,0.3333333333333333,0.109999784112742,90.31372549019606,11.903225806451616,0.967741935483871,13.0,123.0,11.53125,24.685502292590687,5.859284303751496,0.0,680.0,680.0,0.3882352941176471,0.0271049596309111,0.0627450980392156,0.082549019607843,0.0431442549322903,18.43137254901961,0.9488568941296032,0.1002323039370409,3.1219512195121952,82,256,573,1782
sciver_val_470,1,256,32,-38.677419354838705,181.0,-37.4375,-331.0,147.73095001979104,71.45161290322581,0.3225806451612903,29.0,181.0,69.25,58.86637410270824,5.897133084843312,1.0,786.0,787.0,0.9829631768810744,0.0903098164875575,0.2113546162581882,0.3170785237998844,0.1380963002427363,70.98351575922024,110.12903225806453,0.7741935483870968,21.0,349.0,106.6875,121.01793190990334,6.086245797867427,0.0,963.0,963.0,0.5940337094577451,0.1158325522499836,0.3319991477237275,0.4138514285858439,0.1450773475210973,111.54674781673424,0.0647208403987375,0.15564145381893,55.32258064516128,132.0,53.625,-10.0,45.59999314692931,73.1290322580645,0.2903225806451612,29.0,132.0,70.875,44.623249265377346,5.427163467090615,1.0,580.0,581.0,0.9215686274509804,0.126761325219743,0.3580392156862747,0.7337254901960781,0.2101431077526996,73.52156862745097,17.806451612903224,0.967741935483871,17.0,45.0,17.25,16.471566410029133,4.423378676568904,0.0,586.0,586.0,0.6470588235294117,0.0362443953690691,0.0196078431372549,0.4078431372549019,0.119622443133229,21.239215686274505,0.9692142105533312,0.1104448338785254,1.3403141361256543,191,256,1334,1792
sciver_val_474,1,256,32,21.99999999999999,237.0,21.34375,-302.0,151.47805314941667,131.87096774193546,0.9032258064516128,31.0,322.0,127.78125,94.1460747903889,6.772290474620057,1.0,2034.0,2035.0,0.8579839664093537,0.0643514215363028,0.1572419163055055,0.233673967117961,0.1106666362738652,130.89079140484006,109.87096774193547,0.8064516129032258,21.0,338.0,106.4375,124.17727688168236,6.600977178510033,0.0,2096.0,2096.0,0.6473010265844992,0.0551633973214965,0.1983559944578427,0.2907948605414474,0.0992827990306043,115.62248078585668,0.0916468995771165,0.1675816945993371,86.11290322580642,271.0,83.4375,-130.0,93.89287030307466,126.75806451612902,0.4193548387096774,29.0,272.0,122.8125,91.13055109978212,6.388319727642201,1.0,1739.0,1740.0,0.8666666666666667,0.0728365411719604,0.2078431372549019,0.4160784313725487,0.1412177887809073,126.6627450980392,40.645161290322584,0.8387096774193548,23.0,192.0,39.375,51.54473178706045,6.211548936548405,0.0,1598.0,1598.0,0.5490196078431373,0.0308670151414758,0.0470588235294118,0.1372549019607843,0.0729051065250944,49.32549019607841,0.9057908767772512,0.1428222001437515,1.2132701421800949,211,256,1366,1660
sciver_val_475,1,256,32,-5.9193548387096815,271.0,-5.6875,-267.0,131.88096846683376,64.2741935483871,0.5806451612903225,30.0,312.0,62.3125,73.09473198357047,6.039101597135104,1.0,977.0,978.0,0.9705657703502416,0.0656213451212817,0.1712221989749537,0.2400472036251838,0.1040912799582316,64.1120541834923,70.19354838709677,0.8709677419354839,21.0,299.0,68.0,96.18569280303592,6.091963006811265,0.0,1098.0,1098.0,0.6305715929643043,0.0651395650219359,0.2019496353630726,0.2844989693171086,0.1000617932756268,71.52324239408566,0.0656924889970825,0.1611418187934092,63.82258064516129,208.0,61.90625,-19.0,57.49802136541309,89.75806451612904,0.5161290322580645,31.0,218.0,87.03125,55.37795385744674,5.864553328234946,1.0,951.0,952.0,1.0,0.0976928310756479,0.2705882352941177,0.4588235294117647,0.166282427193938,92.90588235294118,25.935483870967744,0.967741935483871,18.0,68.0,25.125,27.187715516387176,4.620261091494116,0.0,344.0,344.0,0.7215686274509804,0.0823643410852713,0.3898039215686273,0.434705882352941,0.153312683397798,28.333333333333332,0.9586166356602882,0.1391776739881855,1.0281124497991967,249,256,807,830
sciver_val_477,1,256,32,-5.096774193548386,119.0,-4.90625,-176.0,92.71035519799015,46.29032258064516,0.5161290322580645,30.0,130.0,44.875,42.48216537560203,5.395753728547168,1.0,430.0,431.0,0.9822610670096714,0.107557569061985,0.3040945590472989,0.3739081769199063,0.1377132640500145,46.24975469665358,51.38709677419355,0.8387096774193548,19.0,190.0,49.78125,67.92676864416192,5.740861631381049,0.0,591.0,591.0,0.4254175467635257,0.0876593836710905,0.2365337750549802,0.3018960034526732,0.0997214246833057,51.8066957496145,0.0785106317297376,0.1643616788697977,-52.22580645161291,1.0,-52.75,-139.0,49.03442668166928,4.951612903225806,0.0,12.0,58.0,5.71875,10.736137500865942,3.9175849531057247,1.0,100.0,101.0,0.188235294117647,0.0357647058823529,0.1098039215686274,0.1296078431372548,0.045928517081182,3.5764705882352943,57.177419354838705,0.0,24.0,197.0,58.46875,53.32681336286184,5.590160464590611,0.0,622.0,622.0,0.7764705882352941,0.0887396759346825,0.2823529411764706,0.3882352941176471,0.1296968096307653,55.196078431372555,0.0352002078005115,0.1007473839551662,3.710144927536232,69,256,401,1494
sciver_val_478,1,256,32,-5.741935483870972,207.0,-5.53125,-186.0,104.45123993250392,62.61290322580645,0.4838709677419355,28.0,218.0,60.6875,56.612408920218186,5.754619132202508,1.0,598.0,599.0,0.9443400555658223,0.1044005848401064,0.2390184615097138,0.3500616055747237,0.1379889446155008,62.43154973438364,68.35483870967744,0.8387096774193548,20.0,214.0,66.21875,81.31064443501539,5.786256436348454,0.0,707.0,707.0,0.5727820321997308,0.0988863063928372,0.2951738072926162,0.3647792126457118,0.126187749109831,69.91261861973592,0.0565438253287047,0.1379081793744406,43.11290322580645,177.0,41.78125,-2.0,57.56015026420188,47.14516129032259,0.7096774193548387,19.0,178.0,45.6875,60.74405192074365,5.796718144183888,1.0,661.0,662.0,0.5647058823529412,0.0722494141378185,0.1764705882352941,0.2705882352941176,0.0971924383983126,47.75686274509803,4.03225806451613,0.967741935483871,10.0,26.0,3.90625,7.1386245830341855,4.364837128528485,0.0,183.0,183.0,0.2784313725490196,0.0283295831993999,0.091764705882353,0.1098039215686274,0.0460860693475633,5.184313725490195,0.9837930166985496,0.0575710633963093,2.0813008130081303,123,256,703,1459
sciver_val_481,1,256,32,-8.51612903225807,191.0,-8.21875,-176.0,111.94187508898312,56.48387096774194,0.2903225806451612,21.0,195.0,54.75,60.47985201701472,5.468601276031107,1.0,688.0,689.0,0.9505977496902684,0.08159263101329,0.248606548423888,0.3510716566794902,0.1506352323976802,56.135730137143554,65.0,0.7096774193548387,24.0,189.0,62.96875,67.03006991968232,5.578556678406917,0.0,722.0,722.0,0.6060430448217066,0.0940322937896945,0.3424683390881358,0.4537737562390956,0.1478853843686801,67.89131611615943,0.145218832200636,0.2410073229707556,28.370967741935488,139.0,27.5,0.0,39.354161152284775,34.98387096774193,0.5806451612903225,21.0,139.0,33.90625,40.16400703288331,5.122679989892094,1.0,564.0,565.0,0.611764705882353,0.0641565846196634,0.2145098039215685,0.396078431372549,0.1292086933194131,36.1843137254902,6.612903225806452,0.7419354838709677,10.0,23.0,6.40625,8.999511705503805,3.966957371844801,0.0,186.0,186.0,0.3568627450980391,0.041134303183639,0.1627450980392156,0.2578431372549019,0.0814527055905239,7.65098039215686,0.9593600192834488,0.1027164003191798,1.8823529411764703,136,256,882,1660
sciver_val_483,1,256,32,-186.3548387096774,261.0,-180.5,-908.0,333.6198248006254,155.67741935483872,0.8387096774193548,31.0,373.0,150.84375,91.27571876428856,6.903904381439608,1.0,2272.0,2273.0,0.9917630116614844,0.0687345207769695,0.161940389107806,0.238848481841812,0.1174399635271201,156.16483120527482,342.03225806451616,0.8709677419354839,27.0,937.0,331.34375,293.5063467558027,7.196278341177459,0.0,2916.0,2916.0,0.8099771633452734,0.1193955168641983,0.3561413764567164,0.4810187381773144,0.1605968750693542,348.15732717600235,0.1058184384314377,0.1973864632566081,96.24193548387092,215.0,94.96875,-139.0,88.94818870239854,144.01612903225805,0.8064516129032258,31.0,276.0,141.25,53.218300423820374,6.250975312149185,1.0,1699.0,1700.0,1.0,0.0865838036215074,0.1725490196078431,0.4199999999999996,0.1918377045457036,147.1058823529412,47.7741935483871,0.967741935483871,25.0,216.0,46.28125,56.87883743922251,5.651314311448004,0.0,1416.0,1416.0,0.8823529411764706,0.040492411653927,0.1254901960784313,0.15,0.1184016692248058,57.33725490196076,0.9377951924217268,0.165981442600353,0.96875,256,248,494,478
sciver_val_485,1,256,32,-13.129032258064516,380.0,-12.6875,-614.0,268.2340905696925,151.06451612903226,0.6129032258064516,30.0,439.0,146.375,141.75082671716592,6.651594257785876,1.0,1668.0,1669.0,0.9860587728428376,0.0894861529465673,0.2314891178359104,0.3840728594101974,0.1333428050289065,149.26290311487432,164.19354838709677,0.8387096774193548,17.0,708.0,159.0625,234.6437375975545,6.977491542601087,0.0,2123.0,2123.0,0.470027199208016,0.0795648818170635,0.2277229891543041,0.2816828948201744,0.0959345334752884,168.91624409762585,0.1009345448851761,0.1702319659485306,-67.4032258064516,329.0,-65.21875,-544.0,240.04514345938665,122.04838709677416,0.3548387096774194,30.0,394.0,118.3125,111.08989532693782,6.480982840241072,1.0,1772.0,1773.0,1.0,0.0690258044527065,0.196078431372549,0.3311764705882346,0.1347728714682139,122.31372549019606,189.45161290322585,0.6774193548387096,28.0,618.0,183.53125,207.09764972939095,6.712311660535615,0.0,2147.0,2147.0,0.7215686274509805,0.0898910472433034,0.2862745098039215,0.4576470588235287,0.1423875953226091,192.99607843137255,0.6656177438080496,0.3192573586745663,1.2248803827751196,209,256,372,456
sciver_val_488,1,256,32,-59.77419354838714,217.0,-57.875,-687.0,243.67662357107628,95.03225806451611,0.7419354838709677,29.0,361.0,92.09375,89.44074832500844,6.417324286646283,1.0,1410.0,1411.0,0.9504901343269084,0.066931938022894,0.1523026237956719,0.2383161286420893,0.1154448434649487,94.37403261228066,154.80645161290326,0.8387096774193548,18.0,714.0,149.96875,222.7152728787083,6.842816264116265,0.0,1751.0,1751.0,0.4825449142915999,0.0905708705851033,0.2332751575508023,0.2896178990636582,0.0995603042382073,158.589594394516,0.0752524180461824,0.1395013490932987,43.27419354838711,283.0,41.9375,-112.0,81.24305258759053,61.53225806451614,0.8387096774193548,22.0,313.0,59.625,76.83250858197981,6.113294315435205,1.0,1088.0,1089.0,0.7098039215686274,0.0585423875432525,0.1372549019607843,0.2652941176470583,0.1014972890617698,63.69411764705882,18.258064516129036,0.967741935483871,13.0,139.0,17.6875,37.37013973415138,5.717728814153812,0.0,919.0,919.0,0.384313725490196,0.025654483773923,0.1019607843137254,0.1298039215686272,0.0500584015416569,23.57647058823529,0.9749357994602336,0.0701506958905246,0.6953125,256,178,1500,1045
sciver_val_491,1,256,32,-24.758064516129032,177.0,-23.9375,-195.0,102.47985701468362,51.66129032258064,0.4193548387096774,27.0,182.0,50.09375,49.80296136714663,5.618315735698339,1.0,715.0,716.0,0.9244974786706556,0.0694011427448839,0.173798660361684,0.3018001246275483,0.1204173302672431,49.62181706259204,76.4193548387097,0.8064516129032258,22.0,216.0,74.03125,82.77548111269121,5.909021620344061,0.0,858.0,858.0,0.5090635096310552,0.0922728951006484,0.2944469109655582,0.3807516930067275,0.126496428501311,79.17014399635634,0.0930413220181402,0.1954182529049551,46.467741935483865,118.0,45.0625,-20.0,42.3998360108857,59.20967741935483,0.3870967741935484,30.0,118.0,57.40625,37.15496213075045,5.2338576720888526,1.0,525.0,526.0,0.9882352941176472,0.1128216619981325,0.3756862745098042,0.6509803921568628,0.1953388188920842,59.2313725490196,12.74193548387097,0.967741935483871,15.0,52.0,12.34375,16.243478258596586,4.560219262849262,0.0,424.0,424.0,0.5098039215686274,0.0366629670736218,0.0968627450980391,0.2392156862745098,0.0946859651927216,15.54509803921568,0.8752127029090325,0.2880338510128821,2.098360655737705,122,256,394,829
sciver_val_492,1,256,32,-11.83870967741935,172.0,-11.4375,-281.0,131.46314538208037,74.16129032258064,0.6774193548387096,29.0,264.0,71.875,72.48566668659397,6.23562310752429,1.0,1077.0,1078.0,0.9438376681211816,0.0692687633639427,0.1786888962842882,0.2705111215720624,0.1054214527728594,74.60245814296633,86.0,0.7741935483870968,21.0,299.0,83.3125,100.5933762419276,6.051167439731365,0.0,1205.0,1205.0,0.6268130249580827,0.0736729429222406,0.2534128663771954,0.3199123126825718,0.1159504666659051,88.77589622129993,0.0610782426468187,0.1580810947539176,49.80645161290322,205.0,48.28125,-7.0,52.77501443332346,65.80645161290323,0.7096774193548387,31.0,232.0,63.78125,53.68643588875592,5.730711468395479,1.0,950.0,951.0,0.996078431372549,0.0700061919504644,0.1925490196078432,0.37078431372549,0.1444603773543877,66.50588235294117,15.999999999999998,0.7419354838709677,16.0,124.0,15.5,24.25,5.365552902357045,0.0,860.0,860.0,0.5372549019607843,0.0239717282261741,0.0274509803921568,0.066862745098039,0.0696325408234355,20.615686274509784,0.9467876359528188,0.1482013995201699,1.0,256,256,682,682
sciver_val_495,1,256,32,-20.354838709677445,126.0,-19.6875,-349.0,122.06080387966485,62.129032258064505,0.8064516129032258,29.0,163.0,60.21875,50.01420696599617,6.046808702620118,1.0,1201.0,1202.0,0.8155161222398993,0.0508093896008044,0.1232159928833465,0.2022108864814547,0.100639053969671,61.02207691056616,82.48387096774195,0.935483870967742,21.0,351.0,79.90625,102.37686487159831,6.318638922824951,0.0,1306.0,1306.0,0.5456018689331267,0.0659791409827273,0.1731649248112265,0.2955379393849606,0.0997065956576042,86.16875812344185,0.0763809873435918,0.1412851474719724,44.79032258064515,143.0,43.40625,-88.0,65.58480167643644,70.1774193548387,0.8064516129032258,29.0,184.0,68.0,48.598482486596225,5.663852621679196,1.0,932.0,933.0,0.9176470588235296,0.0739796347723638,0.2074509803921567,0.3682352941176465,0.154392576608821,68.94901960784313,25.38709677419355,0.8387096774193548,18.0,177.0,24.59375,43.907473292567175,5.958696288903193,0.0,789.0,789.0,0.4078431372549019,0.0376102785854519,0.1215686274509804,0.1411764705882353,0.0496429996156719,29.674509803921573,0.9273979620257192,0.1213082637499886,1.6623376623376624,154,256,797,1329
sciver_val_496,1,256,32,-17.774193548387107,574.0,-17.1875,-916.0,383.8892611727372,179.4193548387097,0.6129032258064516,29.0,613.0,173.84375,193.89319053524676,7.15774010804303,1.0,2761.0,2762.0,0.8280648683282446,0.0650529953170021,0.1932318858853776,0.2648687625681617,0.0937103460976774,179.61132007024304,197.1935483870968,0.8709677419354839,19.0,956.0,191.03125,307.3156443681927,7.390186792772711,0.0,3345.0,3345.0,0.6095723179365827,0.0598226412082597,0.1721694301096095,0.2240948582915307,0.0773424188291093,200.1067348416287,0.10959290068609,0.1469273726575808,159.7258064516129,462.0,154.75,-109.0,175.60342394156214,209.9516129032258,0.7741935483870968,28.0,579.0,203.40625,186.1935920243699,7.085389368813587,1.0,2557.0,2558.0,0.7686274509803922,0.0827440244772136,0.2431372549019608,0.3458823529411757,0.1159194241454235,211.57647058823528,50.22580645161291,0.9032258064516128,16.0,226.0,48.65625,72.41314166598146,6.426418019068313,0.0,1301.0,1301.0,0.4117647058823529,0.0426489427438923,0.1215686274509804,0.1686274509803922,0.0603655968295591,55.48627450980392,0.9298204759845116,0.1324087555726264,0.9296875,256,238,1400,1300
sciver_val_497,1,256,32,-33.48387096774194,173.0,-32.40625,-374.0,177.99839524820862,102.51612903225806,0.5161290322580645,31.0,261.0,99.34375,80.0982246116448,6.239372333059247,1.0,1114.0,1115.0,0.980976135138295,0.0915723925543308,0.2351337891495455,0.3093124674009571,0.1327113982323622,102.01164530552455,136.0,0.8387096774193548,23.0,399.0,131.75,142.39623414964316,6.471906019243136,0.0,1449.0,1449.0,0.6581689635205481,0.09613597842505,0.2822319205891592,0.3999106357162423,0.13093918457535,139.30103273789746,0.1219303621379589,0.1973138050932616,53.30645161290322,173.0,51.65625,-64.0,69.71397339083106,82.24193548387098,0.6451612903225806,25.0,202.0,79.6875,68.91001265237149,5.870528352711284,1.0,940.0,941.0,0.7764705882352941,0.0887692949520233,0.3141176470588236,0.4588235294117647,0.1506402211219373,83.44313725490196,28.93548387096775,0.967741935483871,16.0,117.0,28.03125,36.98182355478837,5.100243998054376,0.0,581.0,581.0,0.5372549019607843,0.0564881374236441,0.172549019607843,0.396078431372549,0.1145326983729238,32.81960784313725,0.9500064499484004,0.1190339235980341,1.924812030075188,133,256,911,1760
sciver_val_498,1,256,32,-7.903225806451622,117.0,-7.625,-247.0,107.3177961709986,72.1935483870968,0.6451612903225806,31.0,182.0,69.96875,54.64572511585421,5.905840529736998,1.0,786.0,787.0,0.8638595202830563,0.09162025625224,0.2040091604003586,0.3307654859149012,0.1353093988204675,72.01352141426071,80.0967741935484,0.8387096774193548,22.0,261.0,77.59375,89.74437982925448,6.12640562952392,0.0,1000.0,1000.0,0.6622122343790098,0.081934017689433,0.2330037607389935,0.3041855706177758,0.1108607350144532,81.93401768943299,0.0657896730986307,0.1483076036507568,59.88709677419352,149.0,58.71875,-191.0,69.28935451018071,93.46774193548384,0.5806451612903225,30.0,180.0,91.25,44.98958212742146,5.6355205725641735,1.0,760.0,761.0,1.0,0.1246646026831785,0.3219607843137255,0.744705882352938,0.2194116916543874,94.74509803921568,33.580645161290334,0.935483870967742,24.0,225.0,32.53125,41.31887006486867,4.954049662484172,0.0,502.0,502.0,0.9137254901960784,0.0668853995781579,0.1564705882352942,0.399019607843137,0.1545585430453525,33.57647058823528,0.9345196363429096,0.137715102317059,1.4883720930232558,172,256,330,490
sciver_val_500,1,256,32,3.2580645161290143,125.0,3.1875,-461.0,111.46956913772476,54.96774193548388,0.7419354838709677,31.0,142.0,53.28125,41.95625279308795,6.124822283772048,1.0,1061.0,1062.0,0.9951649114944324,0.0513276049229586,0.1309736809414877,0.1998789661542398,0.0901397729678726,54.45858882325907,51.70967741935486,0.967741935483871,12.0,474.0,50.09375,109.42444864351611,6.767077476568817,0.0,1656.0,1656.0,0.3203987429240509,0.032198847824127,0.0851115765418348,0.1260027443070222,0.042418022612385,53.32129199675447,0.1286441095536573,0.1610594328619893,46.17741935483871,165.0,44.78125,-2.0,43.449492499193816,66.4677419354839,0.6451612903225806,29.0,187.0,64.4375,49.32097519058195,5.924552284346314,1.0,861.0,862.0,1.0,0.0766550522648083,0.2392156862745098,0.3568627450980393,0.1231343382083833,66.0,20.290322580645157,0.7419354838709677,26.0,95.0,19.65625,23.74685423245572,5.976416217709084,0.0,737.0,737.0,0.4823529411764706,0.0286907707452044,0.0705882352941176,0.1058823529411765,0.041018333191231,21.14509803921568,0.702351226949113,0.257001777660624,3.047619047619047,84,256,547,1661
sciver_val_501,1,256,32,-16.580645161290345,234.0,-16.03125,-418.0,190.2913037252031,98.64516129032258,0.4516129032258064,31.0,244.0,95.59375,70.36994181422563,6.290012018674789,1.0,1177.0,1178.0,0.9865848301100668,0.0827362205124855,0.227408404245143,0.3765883150686224,0.1241880182025502,97.38053154319547,115.2258064516129,0.935483870967742,24.0,437.0,111.625,149.12866718039157,6.650119645550598,0.0,1857.0,1857.0,0.8814613795744779,0.0649727823339875,0.2027891073436966,0.2807330070071798,0.1000926893160875,120.6544567942148,0.1494739578934577,0.2640240239650775,18.564516129032256,145.0,18.0625,-113.0,72.74782535409564,69.14516129032256,0.3870967741935484,30.0,175.0,67.0625,53.842906624271315,6.047847389588768,1.0,1284.0,1285.0,0.9725490196078432,0.0513041353613096,0.1215686274509803,0.2621568627450977,0.1118689414462625,65.87450980392157,50.58064516129033,0.8709677419354839,25.0,120.0,49.0,38.66603806960315,6.398661591427533,0.0,1977.0,1977.0,0.8470588235294118,0.0292124133416644,0.0549019607843137,0.1380392156862738,0.0728929688233872,57.75294117647057,0.8040029240323072,0.2831904126352429,1.3264248704663213,193,256,1250,1660
sciver_val_503,1,256,32,-97.19354838709678,297.0,-94.125,-473.0,243.99830301663985,107.25806451612902,0.2258064516129032,29.0,300.0,103.9375,97.93554560908925,6.324247245492765,1.0,1055.0,1056.0,0.9967627490037948,0.1018866307688454,0.22645961321373,0.3479911431427051,0.140596675072353,107.49039546113194,204.4516129032258,0.7419354838709677,26.0,493.0,198.0625,179.91507328111783,6.486687402637623,0.0,1262.0,1262.0,0.7176548097255031,0.1631425375532987,0.4387888458632922,0.519191870671773,0.1802998703798537,205.88588239226303,0.0778112581611354,0.1916016080878409,82.01612903225806,205.0,80.90625,-1.0,61.366399282811926,109.1774193548387,0.1290322580645161,31.0,205.0,107.21875,47.910551013712,5.583043343158044,1.0,816.0,817.0,1.0,0.1359236831987696,0.3588235294117647,0.9392156862745098,0.2576449056707477,110.91372549019609,27.161290322580648,0.967741935483871,18.0,52.0,26.3125,18.149444722910943,4.563389763989244,0.0,773.0,773.0,0.8313725490196078,0.0410318849402632,0.0196078431372549,0.2133333333333332,0.1459184798255992,31.71764705882352,0.953852749122037,0.159822094219878,1.27363184079602,201,256,914,1162
